numerical__Customer_Age,numerical__Income,numerical__Total_Children,numerical__Family_Size,numerical__Total_Spending,numerical__Average_Spending_per_Purchase,numerical__Total_Purchases,numerical__NumWebPurchases,numerical__NumCatalogPurchases,numerical__NumStorePurchases,numerical__Total_Campaign_Acceptance,numerical__Digital_Engagement,numerical__NumWebVisitsMonth,numerical__Recency,numerical__Customer_Tenure_Years,numerical__Deal_Dependency,numerical__NumDealsPurchases
1.0172961242361769,0.3001776044322591,-1.2646182929415224,-1.2646182929415224,1.7993040015766404,1.1939439816304436,1.3125434195471086,1.2805323325064204,1.8052020693197453,-0.5520768893966107,-0.48205328198438235,1.5605322794324692,0.6928817880382651,0.3072717939961604,1.5300381493430737,-0.5478972431289095,0.6520824719662904
1.2737216910085998,-0.2632777329281526,1.3954203730765178,1.3954203730765176,-0.9902089579865183,-1.5489900618931018,-1.1859614417720366,-1.3968393760212348,-0.4057153639132397,-1.1674211851515772,-0.48205328198438235,-0.9503121529030141,-0.13157382889875557,-0.3835840310899352,-1.1914841782550116,1.3596464266010555,0.041654535569467
0.33349461284304954,0.943942287400849,-1.2646182929415224,-1.2646182929415224,0.38030282076901184,0.4704817819933861,1.034931768289426,1.2805323325064204,0.12013938270035009,1.2939559978682893,-0.48205328198438235,0.7235841353206415,-0.5438016373672659,-0.7980975261415926,-0.2067879179058861,-1.0909849017837394,-0.8186953190947202
-1.2905339767156276,-1.204344651304055,0.06540104006749757,0.06540104006749754,-0.9426344503127617,-1.2551299963505116,-0.9083497905143537,-0.6750807673414829,-1.3046699908599295,-0.5520768893966107,-0.48205328198438235,-0.3923467234951289,0.28065397956975463,-0.7980975261415926,-1.0628303954958294,0.5503863368836848,0.041654535569467
-1.034108409943205,0.3075826898393189,0.06540104006749757,0.06540104006749754,-0.2674423990967528,0.1677388774913612,0.20209681451637745,0.5587737238266683,0.49323926303345,0.06326740635835588,-0.48205328198438235,0.1656187059127562,-0.13157382889875557,1.5508122791511325,-0.9539695023919058,0.6719960514881533,1.5124323266304773
0.16254423499476775,0.5091921118895935,0.06540104006749757,0.06540104006749754,0.27051549536803476,0.3737536113926962,1.034931768289426,0.8331736116944044,0.7826380134765774,1.2939559978682893,-0.48205328198438235,0.7235841353206415,0.28065397956975463,-1.1435254386846405,-0.3008041437683655,-0.7713565969387493,0.041654535569467
-0.17935652070179586,0.18059741879438304,0.06540104006749757,0.06540104006749754,0.03996211202598296,0.33650054373555766,0.6185142914029016,1.070869606315068,0.49323926303345,0.3709395542358393,-0.48205328198438235,1.0025668500245841,0.28065397956975463,-0.5217551961071544,1.1836625803760443,0.025645203164760117,1.1255671642452045
-1.3760091656397686,-0.8790941903281618,0.06540104006749757,0.06540104006749754,-0.7303789545375394,-0.2542274823035242,-0.6307381392566709,0.23422754085689548,-1.3046699908599295,-0.5520768893966107,-0.48205328198438235,0.7235841353206415,1.1051095965067754,-0.5908407786157639,0.3127754355446575,0.10695703388637642,0.041654535569467
-0.43578208747421865,-1.0273392227030438,0.06540104006749757,0.06540104006749754,-0.9554429716095423,-1.2099438808383751,-1.0471556161431952,-0.16298488485308327,-1.3046699908599295,-1.1674211851515772,-0.48205328198438235,0.7235841353206415,1.5173374049752855,-1.039897064921726,0.16927698554403087,-0.17352148123935618,-0.8186953190947202
1.6156224467051634,-2.2075187376101364,1.3954203730765178,1.3954203730765176,-0.9499536053394935,0.7520867865302963,-1.6023789186585606,-1.3968393760212348,-1.3046699908599295,-1.782765480906544,1.4128092602512243,3.2344285676561246,6.051843298128899,0.6526997065392083,-1.2162252903240853,3.336243637438775,-0.8186953190947202
-1.205058787791487,-0.022612457198707574,0.06540104006749757,0.06540104006749754,-1.0048472680399825,-1.617198833637861,-1.324767267400878,-1.3968393760212348,-1.3046699908599295,-1.1674211851515772,-0.48205328198438235,-0.3923467234951289,0.6928817880382651,-1.3162393949561644,-0.6323350454939504,0.5503863368836848,-0.8186953190947202
-0.6067324653225005,-2.119039910681912,-1.2646182929415224,-1.2646182929415224,-0.9279961402592981,-0.8917145208583727,-1.0471556161431952,-0.6750807673414829,-1.3046699908599295,-0.859749037274094,-0.48205328198438235,0.1656187059127562,1.1051095965067754,0.3418145852504652,1.1836625803760443,-0.17352148123935618,-0.8186953190947202
0.846345746387895,0.5340349790616653,-1.2646182929415224,-1.2646182929415224,0.7288775789171141,1.084114852606923,0.3409026401452189,-0.16298488485308327,0.7826380134765774,0.6786117021133227,-0.48205328198438235,-1.2292948676069566,-1.3682572543042866,1.1362987840994752,-0.6323350454939504,-0.9827815709567269,-0.8186953190947202
1.4446720688568817,0.3582716938192576,1.3954203730765178,1.3954203730765176,-0.47237873984524326,-0.016092524341595905,-0.07551483674130527,0.8331736116944044,-0.4057153639132397,-0.2444047415191273,-0.48205328198438235,0.7235841353206415,0.28065397956975463,0.13455783772463648,-0.6323350454939504,0.10695703388637642,0.6520824719662904
-1.5469595434880503,-1.6497485948525643,-1.2646182929415224,-1.2646182929415224,-0.9554429716095423,-0.9589673627750864,-1.1859614417720366,-1.3968393760212348,-1.3046699908599295,-0.859749037274094,-0.48205328198438235,-0.11336400879118629,1.1051095965067754,-0.3835840310899352,1.3519021424457442,0.10695703388637642,-0.8186953190947202
1.957523202401727,1.4783983548123232,-1.2646182929415224,-1.2646182929415224,1.3665589606211224,0.8379003491589931,1.7289608964336327,1.070869606315068,1.2190147058053171,1.909300293623256,2.521232791480213,0.1656187059127562,-0.9560294458357763,-0.9017258999045069,1.1292321338240832,-1.1567343940151054,-0.8186953190947202
-0.9486332210190641,-0.4779774349883265,1.3954203730765178,1.3954203730765176,-0.8639535337753949,-0.5794498619416778,-0.9083497905143537,-0.16298488485308327,-1.3046699908599295,-0.859749037274094,-0.48205328198438235,0.44460142061669883,1.1051095965067754,0.06547225521602688,0.980785461409642,1.3596464266010555,0.6520824719662904
1.957523202401727,-0.6733761402455831,-1.2646182929415224,-1.2646182929415224,-0.5135489868706097,-0.002232023064030005,-0.2143206623701467,0.23422754085689548,-0.4057153639132397,0.06326740635835588,-0.48205328198438235,0.44460142061669883,0.6928817880382651,-1.0053542736674215,1.5498310389983323,-0.2784207631899799,0.041654535569467
1.7010976356293042,1.2010659626317914,0.06540104006749757,0.06540104006749754,2.1304957665362547,1.2223436441887021,1.5901550708047913,1.79262821499482,0.7826380134765774,0.986283849990806,1.4128092602512243,1.8395149941364122,-0.13157382889875557,1.4471839053882183,0.5156525545110602,-0.8762558788893728,0.041654535569467
-1.3760091656397686,-0.8619908317750816,0.06540104006749757,0.06540104006749754,-0.7962513497781256,-0.197443565025,-0.9083497905143537,-0.6750807673414829,-0.4057153639132397,-0.859749037274094,-0.48205328198438235,-0.3923467234951289,0.28065397956975463,1.2744699491166942,1.2331448045141915,0.5503863368836848,0.041654535569467
-1.119583598867346,-0.7077739563299902,-1.2646182929415224,-1.2646182929415224,-0.46140000730514563,0.1103208658408391,-0.2143206623701467,0.23422754085689548,0.12013938270035009,-0.2444047415191273,-0.48205328198438235,0.7235841353206415,1.1051095965067754,-0.2799556573270208,1.6636401545160706,-0.8283757582546424,-0.8186953190947202
-0.8631580320949233,-2.360445694952063,0.06540104006749757,0.06540104006749754,-0.013101761917822538,-0.3165412069598058,2.1453783733201575,-2.6306938671893865,3.062434502329086,-1.782765480906544,-0.48205328198438235,-2.345225726422727,-1.7804850627727968,-0.245412866072716,0.9164585700300508,1.521319050669104,3.593638054088312
1.7010976356293042,0.3225839596316854,0.06540104006749757,0.06540104006749754,0.7389414170788703,1.1749162635584078,0.20209681451637745,-0.6750807673414829,0.49323926303345,0.986283849990806,1.4128092602512243,0.1656187059127562,1.1051095965067754,0.4799857502676843,0.9857336838234564,-0.09220965051774017,0.6520824719662904
1.2737216910085998,0.6434869188524659,0.06540104006749757,0.06540104006749754,-0.044208170781432736,0.2392307550618181,0.6185142914029016,0.8331736116944044,0.12013938270035009,0.986283849990806,-0.48205328198438235,0.1656187059127562,-0.5438016373672659,-1.696210098753517,-0.9143837230813883,-0.30958076900553577,0.6520824719662904
1.5301472577810225,-0.5334439134244329,0.06540104006749757,0.06540104006749754,-0.22718704644972784,0.31726895548866796,0.06329098888753605,1.070869606315068,-0.4057153639132397,-0.2444047415191273,-0.48205328198438235,1.5605322794324692,1.1051095965067754,0.687242497793513,0.565134778649207,1.5335992496594337,2.122860263027301
-0.008406142853514067,-1.589265768237482,-1.2646182929415224,-1.2646182929415224,-0.9023790976657367,-0.8639770688922955,-0.9083497905143537,-0.6750807673414829,-0.4057153639132397,-0.859749037274094,-0.48205328198438235,-0.11336400879118629,0.6928817880382651,1.3780983228796087,0.9362514596853098,0.5503863368836848,0.041654535569467
-0.6067324653225005,0.07186210017200743,1.3954203730765178,1.3954203730765176,-0.5693575439494397,-0.022240804392228704,-0.353126487998988,0.5587737238266683,-0.4057153639132397,-0.5520768893966107,-0.48205328198438235,0.7235841353206415,0.6928817880382651,-1.5580389337362979,0.21875920968217807,0.885612309053981,1.1255671642452045
-1.4614843545639096,-0.022612457198707574,0.06540104006749757,0.06540104006749754,-0.6379746223250503,-1.346777662143062,2.0065725476913157,3.3008825940307074,-1.3046699908599295,-1.782765480906544,-0.48205328198438235,5.187307570583723,-1.7804850627727968,-1.039897064921726,0.6937885614083892,-1.4262108739540353,-2.2894731101557304
-1.7179099213363322,-0.6447112935085773,0.06540104006749757,0.06540104006749754,-0.7999109272914915,-0.3966179996433961,-0.7695439648855122,-0.6750807673414829,-0.4057153639132397,-0.5520768893966107,-0.48205328198438235,-1.2292948676069566,-0.9560294458357763,-0.7980975261415926,0.19896632002691916,0.3005126363077183,0.041654535569467
0.33349461284304954,1.5652528404254509,-1.2646182929415224,-1.2646182929415224,1.5367293149926369,0.9207201685657358,1.7289608964336327,0.8331736116944044,1.6815926404232675,1.2939559978682893,1.4128092602512243,-0.3923467234951289,-1.3682572543042866,1.6198978616597417,-0.6669726023906533,-1.1567343940151054,-0.8186953190947202
-1.7179099213363322,-1.95283157435184,-1.2646182929415224,-1.2646182929415224,-0.9847195917164695,-1.864879582939283,-0.9083497905143537,-0.16298488485308327,-1.3046699908599295,-0.859749037274094,-0.48205328198438235,-0.3923467234951289,-0.13157382889875557,-0.5217551961071544,-1.562600859291114,0.5503863368836848,0.041654535569467
0.5044449906913313,-0.6322898599225414,-1.2646182929415224,-1.2646182929415224,-0.45774042979177965,0.2317276032749132,-0.353126487998988,-0.6750807673414829,1.0190940096470398,-0.859749037274094,-0.48205328198438235,-1.2292948676069566,-0.9560294458357763,0.2381862114875508,0.2979307683032132,-0.7713565969387493,-0.8186953190947202
-0.09388133177765497,-0.5401801524076293,0.06540104006749757,0.06540104006749754,-0.820038603615004,-0.4991441675036839,-0.7695439648855122,-0.6750807673414829,-0.4057153639132397,-0.5520768893966107,1.4128092602512243,-0.6713294381990715,-0.13157382889875557,-0.6253835698700687,1.3519021424457442,0.3005126363077183,0.041654535569467
1.4446720688568817,-0.2505696508747467,1.3954203730765178,1.3954203730765176,-0.4870170498987069,0.05631317100998979,-0.2143206623701467,0.23422754085689548,-0.4057153639132397,0.06326740635835588,-0.48205328198438235,0.1656187059127562,0.28065397956975463,-1.4198677687190788,1.2578859165832652,1.5647592554749898,1.8395221608324077
1.957523202401727,0.8027201424765334,-1.2646182929415224,-1.2646182929415224,1.1488140985758513,1.1910105069438368,0.6185142914029016,-0.16298488485308327,1.0190940096470398,0.986283849990806,-0.48205328198438235,0.1656187059127562,0.6928817880382651,-1.5580389337362979,0.6937885614083892,-1.033488587128577,-0.8186953190947202
1.5301472577810225,-0.11780363573784787,1.3954203730765178,1.3954203730765176,-0.9206769852325662,-0.8190897706356915,-1.0471556161431952,-0.6750807673414829,-1.3046699908599295,-0.859749037274094,-0.48205328198438235,-0.11336400879118629,0.6928817880382651,0.20364342023324608,-0.2463736972164036,-0.17352148123935618,-0.8186953190947202
-0.09388133177765497,0.7404218755681075,0.06540104006749757,0.06540104006749754,0.6309838804345762,0.49794953775650097,1.45134924517595,0.5587737238266683,1.2190147058053171,1.909300293623256,-0.48205328198438235,-0.6713294381990715,-1.3682572543042866,-0.4181268223442399,-0.8599532765294265,-0.07465978272297287,1.5124323266304773
-0.6067324653225005,-1.3442291033806435,0.06540104006749757,0.06540104006749754,-0.891400365125639,-0.775777794440988,-0.9083497905143537,-0.16298488485308327,-0.4057153639132397,-1.1674211851515772,-0.48205328198438235,0.1656187059127562,0.6928817880382651,0.9290420365736465,-0.2661665868716626,1.3596464266010555,0.6520824719662904
-0.35030689855007774,-0.4503158578871158,0.06540104006749757,0.06540104006749754,-0.9170174077192003,-0.784319452530597,-1.0471556161431952,-1.3968393760212348,-0.4057153639132397,-0.859749037274094,-0.48205328198438235,-0.9503121529030141,-0.13157382889875557,1.7235262354226564,-1.067778617909644,0.885612309053981,0.041654535569467
2.213948769174149,-0.13887229808954718,-1.2646182929415224,-1.2646182929415224,0.5385795482220872,0.48296408319119616,1.3125434195471086,1.070869606315068,1.8052020693197453,-0.2444047415191273,1.4128092602512243,1.0025668500245841,0.28065397956975463,0.13455783772463648,0.7878047872708686,-0.8283757582546424,0.041654535569467
-0.9486332210190641,1.3451545922298076,0.06540104006749757,0.06540104006749754,1.3354525517575122,1.1552589912020335,0.8961259426605844,1.2805323325064204,1.2190147058053171,-0.2444047415191273,-0.48205328198438235,0.7235841353206415,-0.5438016373672659,-1.5925817249906027,0.3573094372689896,-0.7385604988411333,0.041654535569467
-1.3760091656397686,-1.4951495214509791,0.06540104006749757,0.06540104006749754,-0.9426344503127617,-1.0511959957084873,-1.0471556161431952,-0.6750807673414829,-1.3046699908599295,-0.859749037274094,-0.48205328198438235,0.1656187059127562,1.1051095965067754,1.3435555316253038,0.5948241131320953,0.885612309053981,0.041654535569467
1.0172961242361769,-1.4265927630049735,0.06540104006749757,0.06540104006749754,-0.9993579017699331,-1.4594186197985801,-1.324767267400878,-2.6306938671893865,-1.3046699908599295,-0.859749037274094,-0.48205328198438235,-1.2292948676069566,-0.13157382889875557,-1.5580389337362979,0.980785461409642,0.5503863368836848,-0.8186953190947202
0.846345746387895,-0.022612457198707574,-1.2646182929415224,-1.2646182929415224,-0.6992725456739293,-0.1410350117344586,-0.6307381392566709,-1.3968393760212348,0.49323926303345,-0.5520768893966107,-0.48205328198438235,-1.7872602970148417,-1.3682572543042866,1.0672132015908653,-0.5828528213558033,-0.6169507842366649,-0.8186953190947202
-0.5212572763983596,-2.119039910681912,0.06540104006749757,0.06540104006749754,-0.9828898029597867,-1.6398465271832883,-1.0471556161431952,-0.6750807673414829,-1.3046699908599295,-0.859749037274094,-0.48205328198438235,-0.6713294381990715,-0.13157382889875557,-1.039897064921726,-0.4146132592861036,1.8030757295983642,0.6520824719662904
-0.6067324653225005,1.3418103601104905,-1.2646182929415224,-1.2646182929415224,0.32723894682520627,0.7716787005559023,0.3409026401452189,-0.6750807673414829,0.7826380134765774,0.986283849990806,-0.48205328198438235,-1.7872602970148417,-1.7804850627727968,0.7908708715564273,-1.7456850886022581,-0.9827815709567269,-0.8186953190947202
-2.3162362438053186,-2.119039910681912,-1.2646182929415224,-1.2646182929415224,-0.816379026101638,-0.4798583896904605,-0.7695439648855122,-0.16298488485308327,-0.4057153639132397,-0.859749037274094,-0.48205328198438235,0.7235841353206415,1.5173374049752855,-0.8671831086502021,1.2034554700313034,1.0244204544307594,0.6520824719662904
0.07706904607062683,-0.483805953824851,0.06540104006749757,0.06540104006749754,-0.9389748727993958,-0.7546787393270177,-1.1859614417720366,-0.6750807673414829,-1.3046699908599295,-1.1674211851515772,-0.48205328198438235,0.7235841353206415,1.9295652134437964,1.4817266966425229,0.23360387692362197,0.10695703388637642,-0.8186953190947202
1.5301472577810225,-0.022612457198707574,2.7254397060855378,2.7254397060855378,-0.8127194485882722,-0.4608693279476486,-0.7695439648855122,-0.6750807673414829,-0.4057153639132397,-0.5520768893966107,-0.48205328198438235,-0.3923467234951289,0.28065397956975463,1.6198978616597417,-0.8649014989432412,1.0244204544307594,0.6520824719662904
1.2737216910085998,0.9887072230551398,1.3954203730765178,1.3954203730765176,1.3738781156478543,1.1747844891849366,0.8961259426605844,0.5587737238266683,0.12013938270035009,1.909300293623256,-0.48205328198438235,1.0025668500245841,1.1051095965067754,-0.3490412398356304,1.208403692445118,1.2380367119965874,2.596344955306216
1.0172961242361769,0.6512264274714575,0.06540104006749757,0.06540104006749754,-0.11191035477870194,0.2274869493566192,0.4797084657740603,0.23422754085689548,0.12013938270035009,1.2939559978682893,-0.48205328198438235,-0.9503121529030141,-1.3682572543042866,-0.6944691523786782,-1.513118635152967,-1.009673071062123,-0.8186953190947202
0.41896980176719045,1.3036861139502725,-1.2646182929415224,-1.2646182929415224,1.4909845960755632,0.7617466802689549,2.1453783733201575,0.8331736116944044,1.6815926404232675,2.2169724415007392,-0.48205328198438235,-0.11336400879118629,-0.9560294458357763,-1.6271245162449075,1.6487954872746262,-1.185106503867864,-0.8186953190947202
-0.6922076542466414,-0.7674923870320857,0.06540104006749757,0.06540104006749754,-0.9078684639357857,-0.7014517832074724,-1.0471556161431952,-0.6750807673414829,-1.3046699908599295,-0.859749037274094,-0.48205328198438235,-0.11336400879118629,0.6928817880382651,0.1691006289789413,0.9362514596853098,0.885612309053981,0.041654535569467
-0.6922076542466414,1.4679834604978776,-1.2646182929415224,-1.2646182929415224,1.5733250901262958,1.2089909469339648,1.034931768289426,0.23422754085689548,1.6815926404232675,0.3709395542358393,2.521232791480213,-1.2292948676069566,-1.7804850627727968,0.1691006289789413,-1.6417724179121493,-1.0909849017837394,-0.8186953190947202
-0.7776828431707824,0.6936026258976645,1.3954203730765178,1.3954203730765176,0.06923873213291015,0.44145737961311565,0.4797084657740603,0.23422754085689548,0.12013938270035009,1.2939559978682893,-0.48205328198438235,-0.6713294381990715,-0.9560294458357763,0.2727290027418556,0.13958765106114307,1.0672291256633306,2.122860263027301
1.1882465020844588,1.458524061074666,-1.2646182929415224,-1.2646182929415224,2.2448575638289388,1.1680605610956543,1.8677667220624738,-0.16298488485308327,1.8052020693197453,2.2169724415007392,1.4128092602512243,-1.5082775823108991,-1.7804850627727968,0.20364342023324608,1.1539732458931562,-1.1669057793013276,-0.8186953190947202
0.24801942391890863,0.8805929761120661,-1.2646182929415224,-1.2646182929415224,0.8880692007485308,0.8396261914368508,1.034931768289426,0.5587737238266683,1.0190940096470398,1.2939559978682893,-0.48205328198438235,-0.3923467234951289,-0.9560294458357763,-0.6599263611243734,0.4909114424419865,-1.0909849017837394,-0.8186953190947202
-1.6324347324121913,-1.142619681330369,0.06540104006749757,0.06540104006749754,-0.9865493804731527,-1.7103951378618687,-1.0471556161431952,-1.3968393760212348,-1.3046699908599295,-0.5520768893966107,-0.48205328198438235,-1.5082775823108991,-0.9560294458357763,-0.6253835698700687,-1.4438435213595613,-0.17352148123935618,-0.8186953190947202
-1.119583598867346,-0.022612457198707574,0.06540104006749757,0.06540104006749754,-0.9554429716095423,-1.2099438808383751,-1.0471556161431952,-0.6750807673414829,-1.3046699908599295,-0.859749037274094,-0.48205328198438235,-0.3923467234951289,0.28065397956975463,0.2727290027418556,0.11484653899206947,0.885612309053981,0.041654535569467
0.07706904607062683,0.19583756230955782,0.06540104006749757,0.06540104006749754,-0.09178267845518945,0.25317739687527036,0.4797084657740603,1.2805323325064204,0.12013938270035009,0.06326740635835588,-0.48205328198438235,1.5605322794324692,0.6928817880382651,0.4799857502676843,-1.1667430661859381,-0.24546736905622968,0.6520824719662904
-1.119583598867346,1.1428763237556696,-1.2646182929415224,-1.2646182929415224,1.5916229776931254,1.2174855755633778,1.034931768289426,-0.16298488485308327,1.2190147058053171,1.6016281457457726,2.521232791480213,-1.5082775823108991,-1.7804850627727968,-1.2816966037018593,0.030726757957219346,-1.0909849017837394,-0.8186953190947202
-0.5212572763983596,0.7069795543749339,1.3954203730765178,1.3954203730765176,0.08021746467300786,0.3118555052844993,0.7573201170317431,0.23422754085689548,0.12013938270035009,1.909300293623256,-0.48205328198438235,-0.6713294381990715,-0.9560294458357763,-1.074439856176031,1.5151934821016293,-0.047448778815707984,1.1255671642452045
1.4446720688568817,0.4762275381420368,0.06540104006749757,0.06540104006749754,0.5001539843317452,0.5680823345741671,1.034931768289426,1.2805323325064204,0.12013938270035009,1.2939559978682893,-0.48205328198438235,1.5605322794324692,0.6928817880382651,-0.7980975261415926,0.7036850062360189,-0.17352148123935618,1.1255671642452045
1.5301472577810225,0.7560442170397756,0.06540104006749757,0.06540104006749754,0.06923873213291015,0.30004427000360856,0.7573201170317431,1.070869606315068,0.49323926303345,0.6786117021133227,-0.48205328198438235,0.7235841353206415,-0.13157382889875557,-1.4198677687190788,0.14453587347495767,-1.0547274587736002,-0.8186953190947202
1.7865728245534451,0.8986996043009414,-1.2646182929415224,-1.2646182929415224,0.8542181087498962,1.1673825799371913,0.3409026401452189,1.070869606315068,0.7826380134765774,-0.5520768893966107,-0.48205328198438235,0.44460142061669883,-0.5438016373672659,-0.6944691523786782,-0.7362477161840589,-0.9827815709567269,-0.8186953190947202
-0.17935652070179586,-1.2485362900236057,0.06540104006749757,0.06540104006749754,-0.9774004366897379,-1.2976950650077783,-1.1859614417720366,-1.3968393760212348,-0.4057153639132397,-1.1674211851515772,-0.48205328198438235,-0.3923467234951289,0.6928817880382651,0.8944992453193417,0.24844854416506626,0.10695703388637642,-0.8186953190947202
0.16254423499476775,-0.9259134399986048,1.3954203730765178,1.3954203730765176,-1.0194855780934458,-2.1750681023118763,-1.324767267400878,-1.3968393760212348,-1.3046699908599295,-1.1674211851515772,-0.48205328198438235,-0.3923467234951289,0.6928817880382651,-1.696210098753517,-1.5081704127391524,0.5503863368836848,-0.8186953190947202
-0.8631580320949233,1.736095326978006,0.06540104006749757,0.06540104006749754,1.144239626684144,0.46114303881906066,2.561795850206681,1.79262821499482,1.8052020693197453,1.2939559978682893,2.521232791480213,1.8395149941364122,-0.13157382889875557,-1.039897064921726,-1.2459146248069735,-1.2080728857175729,-0.8186953190947202
0.9318209353120359,0.8236932553391094,0.06540104006749757,0.06540104006749754,0.15340901494032586,0.4565392861188361,0.6185142914029016,0.5587737238266683,0.12013938270035009,1.2939559978682893,-0.48205328198438235,-0.11336400879118629,-0.5438016373672659,-1.5580389337362979,-0.38987214721703,-1.033488587128577,-0.8186953190947202
-0.09388133177765497,1.0987802345252422,2.7254397060855378,2.7254397060855378,1.8185167835218117,1.942468129235209,-0.07551483674130527,-0.6750807673414829,1.0190940096470398,-0.2444047415191273,-0.48205328198438235,-0.6713294381990715,-0.13157382889875557,1.4126411141339135,0.4612221079590982,1.731129841781491,2.122860263027301
1.2737216910085998,0.7231274180367806,-1.2646182929415224,-1.2646182929415224,1.1277715278739973,1.1097313140730019,0.7573201170317431,0.23422754085689548,1.54494875626063,0.06326740635835588,-0.48205328198438235,-0.6713294381990715,-0.9560294458357763,-1.6616673074992123,1.4954005924463707,-0.3670770836606983,0.6520824719662904
-0.35030689855007774,-0.022612457198707574,0.06540104006749757,0.06540104006749754,-0.8401662799385164,-0.4313883177484905,-0.9083497905143537,-0.16298488485308327,-1.3046699908599295,-0.859749037274094,-0.48205328198438235,0.44460142061669883,1.1051095965067754,-0.8326403173958974,1.4805559252049263,1.3596464266010555,0.6520824719662904
0.846345746387895,0.6294889186958947,0.06540104006749757,0.06540104006749754,0.49191993492667185,0.2464025629679753,1.8677667220624738,1.637741372355351,0.49323926303345,2.2169724415007392,-0.48205328198438235,2.118497708840354,0.6928817880382651,-0.6944691523786782,0.570083001063022,-0.44299796117828627,1.1255671642452045
-0.5212572763983596,0.4192800426245184,1.3954203730765178,1.3954203730765176,0.16987711375047246,0.3393867136762065,0.8961259426605844,1.4680820320250476,0.12013938270035009,0.6786117021133227,1.4128092602512243,1.8395149941364122,0.6928817880382651,1.3435555316253038,0.4760667752005426,0.1789029217032498,1.5124323266304773
1.4446720688568817,-1.1237964319730684,-1.2646182929415224,-1.2646182929415224,-0.9206769852325662,-1.1996152459374916,-0.7695439648855122,-0.6750807673414829,-0.4057153639132397,-0.5520768893966107,-0.48205328198438235,-1.5082775823108991,-1.3682572543042866,0.3072717939961604,-1.4537399661871904,-0.5087474534096523,-0.8186953190947202
-0.6922076542466414,-0.5546081252652555,0.06540104006749757,0.06540104006749754,-1.01582600058008,-2.0102550223335784,-1.324767267400878,-1.3968393760212348,-1.3046699908599295,-1.1674211851515772,-0.48205328198438235,-0.6713294381990715,0.28065397956975463,0.6526997065392083,1.0055265734787155,0.5503863368836848,-0.8186953190947202
-0.26483170962593683,1.1177468081162278,-1.2646182929415224,-1.2646182929415224,1.6886017817973218,1.3899642651397204,0.7573201170317431,1.070869606315068,1.2190147058053171,-0.2444047415191273,-0.48205328198438235,0.7235841353206415,-0.13157382889875557,-0.5217551961071544,1.5696239286535911,-1.0547274587736002,-0.8186953190947202
-0.6067324653225005,1.14516951149463,-1.2646182929415224,-1.2646182929415224,2.476325841549332,1.4546059100280857,1.3125434195471086,0.5587737238266683,1.54494875626063,0.986283849990806,1.4128092602512243,-0.11336400879118629,-0.5438016373672659,-0.3144984485813256,1.342005697618115,-1.4262108739540353,-2.2894731101557304
-0.6067324653225005,-1.2196325695637915,-1.2646182929415224,-1.2646182929415224,-1.0066770567966652,-1.674616845288383,-1.324767267400878,-2.6306938671893865,-1.3046699908599295,-0.859749037274094,-0.48205328198438235,-1.7872602970148417,-0.9560294458357763,-1.2816966037018593,-0.2760630316992919,0.5503863368836848,-0.8186953190947202
0.33349461284304954,0.20023283880923204,-1.2646182929415224,-1.2646182929415224,0.22660056520764396,0.3944097779110501,0.8961259426605844,1.637741372355351,-0.4057153639132397,0.6786117021133227,1.4128092602512243,2.397480423544297,1.1051095965067754,-1.385324977464774,0.9362514596853098,-0.7385604988411333,0.041654535569467
-1.3760091656397686,-1.0555740967389946,0.06540104006749757,0.06540104006749754,-0.7376981095642712,-0.28244047450586224,-0.6307381392566709,-0.16298488485308327,-0.4057153639132397,-0.5520768893966107,-0.48205328198438235,0.44460142061669883,1.1051095965067754,1.309012740370999,1.5597274838259618,1.3596464266010555,1.1255671642452045
-0.008406142853514067,-1.2206836139441484,0.06540104006749757,0.06540104006749754,-1.010336634310031,-1.7981463220312721,-1.324767267400878,-1.3968393760212348,-1.3046699908599295,-1.1674211851515772,-0.48205328198438235,-0.3923467234951289,0.6928817880382651,-1.523496142481993,0.08515720450918116,0.5503863368836848,-0.8186953190947202
-0.35030689855007774,-1.35182528776595,0.06540104006749757,0.06540104006749754,-0.895059942639005,-0.8044829176976727,-0.9083497905143537,-0.16298488485308327,-1.3046699908599295,-0.859749037274094,-0.48205328198438235,0.1656187059127562,0.6928817880382651,1.309012740370999,0.03567498037103415,1.3596464266010555,0.6520824719662904
0.5044449906913313,-0.6322898599225414,-1.2646182929415224,-1.2646182929415224,-0.45774042979177965,0.2317276032749132,-0.353126487998988,-0.6750807673414829,1.0190940096470398,-0.859749037274094,-0.48205328198438235,-1.2292948676069566,-0.9560294458357763,0.2381862114875508,0.2979307683032132,-0.7713565969387493,-0.8186953190947202
-1.5469595434880503,1.4096504973880708,-1.2646182929415224,-1.2646182929415224,0.38396239828237777,0.15899758976549,1.8677667220624738,-0.16298488485308327,1.8052020693197453,2.2169724415007392,-0.48205328198438235,-1.5082775823108991,-1.7804850627727968,-1.074439856176031,-1.1370537317030498,-1.1669057793013276,-0.8186953190947202
0.7608705574637541,-1.070862014998731,1.3954203730765178,1.3954203730765176,-0.9371450840427129,-0.9889509749023734,-1.0471556161431952,-1.3968393760212348,-1.3046699908599295,-0.5520768893966107,-0.48205328198438235,-0.3923467234951289,0.6928817880382651,1.5853550704054373,-0.1573056937677391,0.885612309053981,0.041654535569467
-0.09388133177765497,-0.7508667759246223,1.3954203730765178,1.3954203730765176,-0.7633151521578325,-0.38659685121427984,-0.6307381392566709,-0.16298488485308327,-0.4057153639132397,-0.5520768893966107,1.4128092602512243,0.1656187059127562,0.6928817880382651,-0.038156118546887316,-0.02865191100855686,1.9096014216657187,1.5124323266304773
1.0172961242361769,-0.07007666592073307,0.06540104006749757,0.06540104006749754,-0.35893183693090036,0.10566655094841299,0.06329098888753605,0.8331736116944044,-0.4057153639132397,0.06326740635835588,2.521232791480213,1.0025668500245841,0.6928817880382651,-1.5925817249906027,-1.592290193774002,0.4169691447109347,1.1255671642452045
-0.35030689855007774,1.3251847490030269,-1.2646182929415224,-1.2646182929415224,1.3089206147856094,1.2073798207133297,0.7573201170317431,0.5587737238266683,1.2190147058053171,0.3709395542358393,1.4128092602512243,-0.6713294381990715,-1.3682572543042866,0.7217852890478178,-1.513118635152967,-1.0547274587736002,-0.8186953190947202
0.16254423499476775,0.11098961596802043,0.06540104006749757,0.06540104006749754,-0.6846342356204657,-0.23043923916088999,-0.4919323136278294,-0.6750807673414829,0.12013938270035009,-0.2444047415191273,-0.48205328198438235,-1.5082775823108991,-1.3682572543042866,1.0326704103365607,-0.9638659472195352,-0.7023030558309941,-0.8186953190947202
1.0172961242361769,-0.022612457198707574,2.7254397060855378,2.7254397060855378,0.06374936586286126,0.3626554599640648,0.6185142914029016,1.070869606315068,0.12013938270035009,0.6786117021133227,-0.48205328198438235,1.8395149941364122,1.5173374049752855,-1.5580389337362979,1.1539732458931562,2.243346784088652,3.153051444446254
1.0172961242361769,-0.022612457198707574,1.3954203730765178,1.3954203730765176,-1.0066770567966652,-1.674616845288383,-1.324767267400878,-1.3968393760212348,-1.3046699908599295,-1.1674211851515772,-0.48205328198438235,-0.3923467234951289,0.6928817880382651,-0.14178449230980172,-1.5873419713601875,0.5503863368836848,-0.8186953190947202
-0.35030689855007774,-0.022612457198707574,-1.2646182929415224,-1.2646182929415224,0.7627286709157487,1.1910831855640815,0.20209681451637745,-0.6750807673414829,0.7826380134765774,0.6786117021133227,-0.48205328198438235,-1.7872602970148417,-1.7804850627727968,1.309012740370999,-0.6719208248044679,-0.9521767564069609,-0.8186953190947202
-0.26483170962593683,-0.4519879739467745,0.06540104006749757,0.06540104006749754,-0.9810600142031037,-1.364428325915789,-1.1859614417720366,-1.3968393760212348,-1.3046699908599295,-0.859749037274094,-0.48205328198438235,-0.3923467234951289,0.6928817880382651,0.687242497793513,-1.265707514462232,0.10695703388637642,-0.8186953190947202
-0.09388133177765497,-1.3486243798803177,0.06540104006749757,0.06540104006749754,-0.9609323378795911,-1.6496813574494804,-0.7695439648855122,-0.16298488485308327,-0.4057153639132397,-0.859749037274094,-0.48205328198438235,-0.3923467234951289,-0.13157382889875557,1.2053843666080846,-1.5724973041187433,1.0244204544307594,0.6520824719662904
-1.205058787791487,-1.0395217825662713,0.06540104006749757,0.06540104006749754,-0.9572727603662253,-1.2343855640425856,-1.0471556161431952,-0.6750807673414829,-1.3046699908599295,-0.859749037274094,-0.48205328198438235,-0.3923467234951289,0.28065397956975463,-0.6599263611243734,-1.562600859291114,-0.17352148123935618,-0.8186953190947202
0.7608705574637541,-0.18817583447719727,0.06540104006749757,0.06540104006749754,0.06923873213291015,0.36861330581045487,0.6185142914029016,1.070869606315068,0.7826380134765774,0.06326740635835588,1.4128092602512243,1.0025668500245841,0.28065397956975463,0.7908708715564273,1.1391285786517125,0.34527350800975043,1.5124323266304773
-0.26483170962593683,-0.001997654920344173,1.3954203730765178,1.3954203730765176,-0.9243365627459323,-0.854868063209177,-1.0471556161431952,-0.6750807673414829,-1.3046699908599295,-0.859749037274094,-0.48205328198438235,-0.11336400879118629,0.6928817880382651,-0.4181268223442399,0.4463774407176543,0.885612309053981,0.041654535569467
1.5301472577810225,1.2728236289634296,-1.2646182929415224,-1.2646182929415224,0.5733455345990632,0.40453074366923497,1.5901550708047913,0.5587737238266683,1.3921938899801396,1.909300293623256,1.4128092602512243,-0.6713294381990715,-1.3682572543042866,-0.1763272835641065,-0.7115066041149856,-1.1457323588283026,-0.8186953190947202
-1.205058787791487,-0.08144705512641207,-1.2646182929415224,-1.2646182929415224,-0.28939986417694824,0.1332920463932156,0.20209681451637745,0.5587737238266683,0.12013938270035009,0.3709395542358393,-0.48205328198438235,0.1656187059127562,-0.13157382889875557,-0.5908407786157639,0.10000187175062517,-0.5087474534096523,0.041654535569467
0.7608705574637541,-0.19261888572143318,0.06540104006749757,0.06540104006749754,-0.9078684639357857,-0.7014517832074724,-1.0471556161431952,-0.6750807673414829,-1.3046699908599295,-0.859749037274094,-0.48205328198438235,0.1656187059127562,1.1051095965067754,-1.696210098753517,-0.06328946790525966,0.885612309053981,0.041654535569467
0.846345746387895,-0.8265419713103177,0.06540104006749757,0.06540104006749754,-0.9389748727993958,-1.0093525082865913,-1.0471556161431952,-0.6750807673414829,-1.3046699908599295,-0.859749037274094,-0.48205328198438235,-0.3923467234951289,0.28065397956975463,-0.2108700748184113,-1.3003450713589348,0.885612309053981,0.041654535569467
-0.8631580320949233,1.616610690829253,0.06540104006749757,0.06540104006749754,0.7215584238903823,0.46114303881906066,1.7289608964336327,1.4680820320250476,1.0190940096470398,1.6016281457457726,-0.48205328198438235,1.2815495647285267,-0.13157382889875557,0.3418145852504652,0.4018434389933222,-0.8974292993623978,0.041654535569467
2.042998391325868,0.668425335513661,-1.2646182929415224,-1.2646182929415224,1.009750153067947,1.2634608110150995,0.3409026401452189,0.8331736116944044,0.49323926303345,0.06326740635835588,-0.48205328198438235,0.1656187059127562,-0.5438016373672659,0.6526997065392083,0.2682414338203249,-0.9827815709567269,-0.8186953190947202
0.846345746387895,1.6883683571608912,-1.2646182929415224,-1.2646182929415224,0.7224733182687237,0.7929771403201151,0.8961259426605844,-0.16298488485308327,1.9180486365937297,-0.2444047415191273,-0.48205328198438235,-1.5082775823108991,-1.7804850627727968,-0.4872124048528495,-1.4933257454977082,-1.0737864710114289,-0.8186953190947202
-0.8631580320949233,-1.302378427144615,0.06540104006749757,0.06540104006749754,-0.9865493804731527,-1.4718233942435652,-1.1859614417720366,-1.3968393760212348,-1.3046699908599295,-0.859749037274094,-0.48205328198438235,-0.9503121529030141,-0.13157382889875557,1.5508122791511325,-0.7560406058393178,0.10695703388637642,-0.8186953190947202
0.41896980176719045,-0.13180163589441907,1.3954203730765178,1.3954203730765176,-0.6974427569172462,-0.27375121535559344,-0.4919323136278294,0.23422754085689548,-0.4057153639132397,-0.5520768893966107,-0.48205328198438235,0.44460142061669883,0.6928817880382651,-1.1780682299389453,-0.37502747997558583,1.1003413319483477,1.1255671642452045
-0.008406142853514067,0.026667191816661526,1.3954203730765178,1.3954203730765176,0.5486433863838435,0.4906152270762495,1.3125434195471086,0.8331736116944044,0.7826380134765774,1.909300293623256,-0.48205328198438235,0.7235841353206415,0.28065397956975463,0.2381862114875508,0.7828565648570539,-0.2784207631899799,1.1255671642452045
-0.7776828431707824,-0.6352996688299271,0.06540104006749757,0.06540104006749754,-0.7742938846979303,-0.27735491037678933,-0.7695439648855122,-0.16298488485308327,-0.4057153639132397,-0.859749037274094,-0.48205328198438235,0.1656187059127562,0.6928817880382651,-1.108982647430336,1.0055265734787155,0.3005126363077183,0.041654535569467
0.7608705574637541,1.7773727062792943,-1.2646182929415224,-1.2646182929415224,0.3089410592583768,0.9287111017894853,0.06329098888753605,0.5587737238266683,0.7826380134765774,-0.5520768893966107,-0.48205328198438235,-0.6713294381990715,-1.3682572543042866,-1.074439856176031,1.064905242444492,-0.9170320787253607,-0.8186953190947202
-0.8631580320949233,1.2155417102339796,0.06540104006749757,0.06540104006749754,0.6712392330816012,0.5266243466447501,1.45134924517595,0.8331736116944044,1.2190147058053171,1.6016281457457726,-0.48205328198438235,-0.11336400879118629,-0.9560294458357763,-0.10724170105549691,-0.5680081541143592,-1.1337935730163102,-0.8186953190947202
-1.8888602991846144,0.7773517531142833,-1.2646182929415224,-1.2646182929415224,2.092985097024254,1.7026041550657793,0.4797084657740603,1.070869606315068,0.7826380134765774,-0.2444047415191273,1.4128092602512243,1.8395149941364122,1.5173374049752855,-0.3144984485813256,1.198507247617489,-1.009673071062123,-0.8186953190947202
0.5044449906913313,0.2595690715548341,0.06540104006749757,0.06540104006749754,0.07289830964627605,0.3725692856968876,0.6185142914029016,1.2805323325064204,-0.4057153639132397,0.6786117021133227,1.4128092602512243,1.2815495647285267,0.28065397956975463,-0.7635547348872878,-1.730840421360814,-0.30958076900553577,0.6520824719662904
-1.8888602991846144,1.63304520295847,-1.2646182929415224,-1.2646182929415224,0.29613253796159605,0.1785431662200142,1.5901550708047913,0.8331736116944044,1.3921938899801396,1.6016281457457726,2.521232791480213,-0.11336400879118629,-0.9560294458357763,1.5853550704054373,0.9362514596853098,-1.1457323588283026,-0.8186953190947202
-0.9486332210190641,-0.3765038775393258,0.06540104006749757,0.06540104006749754,-0.031399649484652035,0.32718818280559225,0.4797084657740603,0.8331736116944044,0.7826380134765774,0.06326740635835588,-0.48205328198438235,1.0025668500245841,0.6928817880382651,-1.039897064921726,1.0401641303754183,0.4421830060566723,1.5124323266304773
0.5899201796154723,-0.05111009232974757,1.3954203730765178,1.3954203730765176,-0.8310173361551016,-0.3788584893898945,-0.9083497905143537,-0.6750807673414829,-0.4057153639132397,-0.859749037274094,-0.48205328198438235,-0.3923467234951289,0.28065397956975463,-0.7635547348872878,-0.3057523661821801,0.5503863368836848,0.041654535569467
-0.09388133177765497,1.858924195246076,-1.2646182929415224,-1.2646182929415224,1.555942096937808,1.551644769942972,0.3409026401452189,0.23422754085689548,1.2190147058053171,-0.2444047415191273,2.521232791480213,-1.2292948676069566,-1.7804850627727968,-0.8326403173958974,-0.9787106144609794,-1.4262108739540353,-2.2894731101557304
-0.7776828431707824,-0.7311835811652116,0.06540104006749757,0.06540104006749754,-0.04512306515977424,0.3882026198816288,0.3409026401452189,1.4680820320250476,-0.4057153639132397,-0.2444047415191273,-0.48205328198438235,2.397480423544297,1.5173374049752855,0.859956454065037,0.6987367838222043,0.5503863368836848,1.5124323266304773
0.16254423499476775,-1.00813377538925,1.3954203730765178,1.3954203730765176,-0.891400365125639,-0.5650138533070599,-1.0471556161431952,-1.3968393760212348,-0.4057153639132397,-0.859749037274094,-0.48205328198438235,-0.9503121529030141,-0.13157382889875557,1.2399271578623894,-0.003910798939483458,0.885612309053981,0.041654535569467
-0.008406142853514067,-1.430223643591661,0.06540104006749757,0.06540104006749754,-0.9792302254464207,-1.573113266275278,-1.0471556161431952,-0.6750807673414829,-1.3046699908599295,-0.859749037274094,-0.48205328198438235,-0.3923467234951289,0.28065397956975463,-0.4181268223442399,-0.6273868230801357,0.885612309053981,0.041654535569467
1.3591968799327403,0.20419814260785113,0.06540104006749757,0.06540104006749754,0.16804732499378955,0.40248443537854955,0.7573201170317431,0.8331736116944044,0.12013938270035009,1.2939559978682893,-0.48205328198438235,0.1656187059127562,-0.5438016373672659,0.5490713327762939,0.10000187175062517,-0.047448778815707984,1.1255671642452045
0.16254423499476775,-0.9219481361999856,0.06540104006749757,0.06540104006749754,-0.8932301538823221,-0.7900469090630542,-0.9083497905143537,-0.6750807673414829,-0.4057153639132397,-0.859749037274094,-0.48205328198438235,-0.6713294381990715,-0.13157382889875557,-1.247153812447555,-1.1321055092892351,1.3596464266010555,0.6520824719662904
-1.3760091656397686,-1.545265228496178,1.3954203730765178,1.3954203730765176,-0.9847195917164695,-1.4349769365943694,-1.1859614417720366,-1.3968393760212348,-1.3046699908599295,-0.859749037274094,-0.48205328198438235,-0.3923467234951289,0.6928817880382651,0.4799857502676843,-0.2760630316992919,1.3596464266010555,0.041654535569467
-0.6067324653225005,-0.9967156114390092,0.06540104006749757,0.06540104006749754,-0.9609323378795911,-1.0353379873993207,-1.1859614417720366,-1.3968393760212348,-1.3046699908599295,-0.859749037274094,-0.48205328198438235,-0.3923467234951289,0.6928817880382651,1.1708415753537798,0.3919469941656925,0.10695703388637642,-0.8186953190947202
-1.205058787791487,2.3942402080596605,-1.2646182929415224,-1.2646182929415224,0.961260751015849,0.5221067715749412,2.0065725476913157,0.8331736116944044,1.54494875626063,2.2169724415007392,3.3076718024868312,-0.3923467234951289,-1.3682572543042866,0.687242497793513,0.5948241131320953,-1.4262108739540353,-2.2894731101557304
0.33349461284304954,0.9379704443306396,-1.2646182929415224,-1.2646182929415224,-0.10001672786026275,0.40287447003749055,0.20209681451637745,-0.16298488485308327,0.7826380134765774,0.3709395542358393,-0.48205328198438235,-1.5082775823108991,-1.7804850627727968,1.309012740370999,0.7036850062360189,-0.5087474534096523,0.041654535569467
-1.2905339767156276,1.3258535954268904,-1.2646182929415224,-1.2646182929415224,1.4013249469980986,1.4766564903995028,0.3409026401452189,-0.16298488485308327,1.2190147058053171,0.06326740635835588,-0.48205328198438235,-1.5082775823108991,-1.7804850627727968,-0.4181268223442399,0.3968952165795071,-0.9827815709567269,-0.8186953190947202
1.3591968799327403,0.11911132254350543,1.3954203730765178,1.3954203730765176,-0.8749322663154925,-0.6542766906573937,-0.9083497905143537,-0.6750807673414829,-1.3046699908599295,-0.5520768893966107,-0.48205328198438235,-0.3923467234951289,0.28065397956975463,0.06547225521602688,-1.646720640325964,0.5503863368836848,0.041654535569467
0.6753953685396131,-0.022612457198707574,0.06540104006749757,0.06540104006749754,-0.3003785967170459,0.11570127831892889,0.20209681451637745,0.8331736116944044,-0.4057153639132397,0.3709395542358393,-0.48205328198438235,0.7235841353206415,0.28065397956975463,-0.9017258999045069,-0.003910798939483458,-0.09220965051774017,0.6520824719662904
1.1027713131603178,1.2192681403097902,1.3954203730765178,1.3954203730765176,0.16987711375047246,0.3393867136762065,0.8961259426605844,0.8331736116944044,0.49323926303345,1.2939559978682893,-0.48205328198438235,0.1656187059127562,-0.5438016373672659,0.7908708715564273,-1.5032221903253375,-0.11351437923447527,1.1255671642452045
1.4446720688568817,0.5323628630020065,0.06540104006749757,0.06540104006749754,-0.20705937012621534,0.25779147577380057,0.20209681451637745,0.5587737238266683,0.7826380134765774,-0.2444047415191273,-0.48205328198438235,0.1656187059127562,-0.13157382889875557,-1.3507821862104692,-0.40471681445847413,0.6719960514881533,1.5124323266304773
0.9318209353120359,0.452722363817692,1.3954203730765178,1.3954203730765176,0.11681323980666686,0.3504294155151135,0.7573201170317431,1.79262821499482,-0.4057153639132397,0.06326740635835588,-0.48205328198438235,2.67646313824824,1.1051095965067754,-0.245412866072716,0.6047205579597249,0.2579690359459598,1.5124323266304773
-0.008406142853514067,1.0316089436715252,-1.2646182929415224,-1.2646182929415224,0.23483461461271726,0.46720397886618537,0.7573201170317431,1.070869606315068,0.12013938270035009,0.986283849990806,-0.48205328198438235,0.44460142061669883,-0.5438016373672659,-1.3507821862104692,-1.0628303954958294,-1.0547274587736002,-0.8186953190947202
0.5044449906913313,-0.022612457198707574,0.06540104006749757,0.06540104006749754,0.28698359417818137,0.5154798312633855,0.7573201170317431,0.8331736116944044,1.0190940096470398,0.3709395542358393,-0.48205328198438235,0.1656187059127562,-0.5438016373672659,1.6198978616597417,-0.1573056937677391,-1.0547274587736002,-0.8186953190947202
0.41896980176719045,-0.4922620836122678,1.3954203730765178,1.3954203730765176,-0.5291021913024148,-0.03788870721651501,-0.2143206623701467,0.5587737238266683,-0.4057153639132397,-0.2444047415191273,-0.48205328198438235,1.0025668500245841,1.1051095965067754,0.06547225521602688,-0.17215036100918318,1.1482214525830776,1.5124323266304773
0.16254423499476775,0.5315506923444581,-1.2646182929415224,-1.2646182929415224,1.609920865259955,1.1099645682866688,1.3125434195471086,0.23422754085689548,1.0190940096470398,2.2169724415007392,1.4128092602512243,-0.6713294381990715,-0.9560294458357763,-0.9708114824131165,0.570083001063022,-1.1207930591923674,-0.8186953190947202
-0.6067324653225005,-2.0211972338195987,0.06540104006749757,0.06540104006749754,-0.9865493804731527,-1.4718233942435652,-1.1859614417720366,-1.3968393760212348,-1.3046699908599295,-0.859749037274094,-0.48205328198438235,-0.11336400879118629,1.1051095965067754,-0.6253835698700687,1.6636401545160706,1.3596464266010555,0.041654535569467
0.846345746387895,-0.8643795690031655,2.7254397060855378,2.7254397060855378,-0.8456556462085653,-0.46401395300649323,-0.9083497905143537,-0.6750807673414829,0.12013938270035009,-1.1674211851515772,-0.48205328198438235,0.1656187059127562,1.1051095965067754,0.4109001677590748,0.015882090715775447,1.3596464266010555,0.6520824719662904
-0.35030689855007774,-0.7641481549127683,1.3954203730765178,1.3954203730765176,-0.9499536053394935,-0.8870481082377739,-1.1859614417720366,-1.3968393760212348,-0.4057153639132397,-1.1674211851515772,1.4128092602512243,-0.9503121529030141,-0.13157382889875557,-0.4181268223442399,-1.54775619204967,1.3596464266010555,0.041654535569467
0.33349461284304954,-0.7134591509328296,1.3954203730765178,1.3954203730765176,-0.9700812816630059,-1.4205409279597514,-1.0471556161431952,-0.6750807673414829,-1.3046699908599295,-0.859749037274094,-0.48205328198438235,-0.11336400879118629,0.6928817880382651,0.859956454065037,-0.08803057997433336,0.885612309053981,0.041654535569467
-1.974335488108755,1.9589645103582265,-1.2646182929415224,-1.2646182929415224,2.092985097024254,1.370532188730245,1.1737375939182673,0.5587737238266683,0.7826380134765774,1.909300293623256,-0.48205328198438235,-0.6713294381990715,-1.3682572543042866,-0.10724170105549691,1.3073681407214122,-1.1065825691090452,-0.8186953190947202
-0.6067324653225005,0.6329764750488971,0.06540104006749757,0.06540104006749754,0.8871543063701893,1.1883620878896606,0.3409026401452189,-0.16298488485308327,1.0190940096470398,0.3709395542358393,-0.48205328198438235,0.1656187059127562,0.6928817880382651,-1.5580389337362979,-0.6273868230801357,-0.5662437680648147,0.041654535569467
0.5899201796154723,1.6365805340560338,-1.2646182929415224,-1.2646182929415224,1.1286864222523387,0.8666608137554948,1.3125434195471086,0.5587737238266683,1.3921938899801396,1.2939559978682893,-0.48205328198438235,-0.6713294381990715,-1.3682572543042866,0.8254136628107321,0.4067916614071368,-1.1207930591923674,-0.8186953190947202
-0.43578208747421865,0.7881488453852221,0.06540104006749757,0.06540104006749754,0.5541327526538923,0.49476867351265097,1.3125434195471086,1.2805323325064204,1.0190940096470398,0.986283849990806,-0.48205328198438235,1.2815495647285267,0.28065397956975463,-0.0726989098011921,-0.241425474802589,-0.5478972431289095,0.6520824719662904
-1.6324347324121913,-0.4764008684177912,0.06540104006749757,0.06540104006749754,-0.46871916233187744,0.33514420879912415,-0.4919323136278294,0.23422754085689548,0.12013938270035009,-0.859749037274094,-0.48205328198438235,0.44460142061669883,0.6928817880382651,-1.247153812447555,0.5601865562353924,0.5503863368836848,0.6520824719662904
-0.6067324653225005,0.3800092025948204,1.3954203730765178,1.3954203730765176,0.56511148519399,1.2373596394743012,-0.07551483674130527,-0.16298488485308327,0.49323926303345,0.06326740635835588,-0.48205328198438235,0.44460142061669883,1.1051095965067754,-0.4526696135985448,1.3123163631352268,0.10695703388637642,0.6520824719662904
-0.5212572763983596,-1.3328109394304029,0.06540104006749757,0.06540104006749754,-0.9151876189625174,-0.7672948423690338,-1.0471556161431952,-0.6750807673414829,-1.3046699908599295,-0.859749037274094,-0.48205328198438235,-0.3923467234951289,0.28065397956975463,-0.0726989098011921,1.26283413899708,-0.17352148123935618,-0.8186953190947202
-1.034108409943205,-0.6357774162755437,0.06540104006749757,0.06540104006749754,-0.9993579017699331,-1.4594186197985801,-1.324767267400878,-1.3968393760212348,-1.3046699908599295,-1.1674211851515772,-0.48205328198438235,-0.11336400879118629,1.1051095965067754,-0.0036133272925826148,-0.241425474802589,0.5503863368836848,-0.8186953190947202
-0.35030689855007774,-0.7723654109773767,2.7254397060855378,2.7254397060855378,-0.6535278267568554,-0.1311777400884725,-0.4919323136278294,0.23422754085689548,-0.4057153639132397,-0.5520768893966107,-0.48205328198438235,0.7235841353206415,1.1051095965067754,1.5508122791511325,1.5943650407226648,2.526983547721405,2.122860263027301
0.24801942391890863,-0.10748429091252577,-1.2646182929415224,-1.2646182929415224,-0.8072300823182234,-0.43292251890059313,-0.7695439648855122,-0.6750807673414829,-0.4057153639132397,-0.5520768893966107,-0.48205328198438235,-1.2292948676069566,-0.9560294458357763,0.5490713327762939,-1.7110475317055553,-0.5087474534096523,-0.8186953190947202
1.3591968799327403,0.3582716938192576,1.3954203730765178,1.3954203730765176,-0.19974021509948353,0.1857248375515615,0.3409026401452189,0.23422754085689548,0.7826380134765774,0.3709395542358393,-0.48205328198438235,-0.6713294381990715,-0.9560294458357763,0.3418145852504652,-1.4240506317043025,-0.9827815709567269,-0.8186953190947202
-0.008406142853514067,0.663695635802055,0.06540104006749757,0.06540104006749754,-0.19791042634280065,0.1883260285416101,0.3409026401452189,1.2805323325064204,-0.4057153639132397,0.06326740635835588,1.4128092602512243,1.2815495647285267,0.28065397956975463,1.6198978616597417,-1.1865359558411968,0.19796193394107872,1.1255671642452045
-0.26483170962593683,-0.2632777329281526,0.06540104006749757,0.06540104006749754,-0.25463387779997215,0.27607721271101376,0.06329098888753605,1.070869606315068,-0.4057153639132397,-0.2444047415191273,-0.48205328198438235,1.2815495647285267,0.6928817880382651,-0.729011943632983,1.030267685547789,0.4169691447109347,1.1255671642452045
-1.6324347324121913,-0.8446008247546315,0.06540104006749757,0.06540104006749754,-0.8767620550721754,-0.8445394283082934,-0.7695439648855122,-0.16298488485308327,-1.3046699908599295,-0.5520768893966107,-0.48205328198438235,-0.11336400879118629,0.28065397956975463,-1.2816966037018593,-1.513118635152967,1.6792747314460454,1.1255671642452045
1.4446720688568817,0.4373866708133938,0.06540104006749757,0.06540104006749754,0.8286010661563349,0.5813822172373279,1.5901550708047913,1.2805323325064204,1.0190940096470398,1.6016281457457726,-0.48205328198438235,1.0025668500245841,-0.13157382889875557,0.2727290027418556,1.3568503648595591,-0.8762558788893728,0.041654535569467
1.7010976356293042,0.8368790848381321,-1.2646182929415224,-1.2646182929415224,1.4873250185621971,1.1682638828435727,1.034931768289426,1.637741372355351,0.7826380134765774,0.06326740635835588,2.521232791480213,1.2815495647285267,-0.5438016373672659,-1.3507821862104692,0.6987367838222043,-1.0909849017837394,-0.8186953190947202
0.9318209353120359,-0.09018983338119888,0.06540104006749757,0.06540104006749754,-0.4796978948719751,-0.03152103358508221,-0.07551483674130527,0.8331736116944044,-0.4057153639132397,-0.2444047415191273,-0.48205328198438235,1.0025668500245841,0.6928817880382651,-1.5580389337362979,0.010933868301960544,0.10695703388637642,0.6520824719662904
-0.7776828431707824,0.3986413529738742,2.7254397060855378,2.7254397060855378,-1.0066770567966652,-1.674616845288383,-1.324767267400878,-2.6306938671893865,-1.3046699908599295,-0.859749037274094,-0.48205328198438235,-1.5082775823108991,-0.5438016373672659,-0.0036133272925826148,-0.3156488110098096,0.5503863368836848,-0.8186953190947202
-0.6922076542466414,0.16817598520834712,0.06540104006749757,0.06540104006749754,-0.74318747583432,-0.30403166067417864,-0.6307381392566709,-1.3968393760212348,-0.4057153639132397,0.06326740635835588,-0.48205328198438235,-1.7872602970148417,-1.3682572543042866,-1.5925817249906027,-0.4888365954933239,-0.6169507842366649,-0.8186953190947202
1.1882465020844588,1.3597736640656806,-1.2646182929415224,-1.2646182929415224,1.142409837927461,1.1874440018097647,0.6185142914029016,-0.16298488485308327,0.7826380134765774,1.2939559978682893,-0.48205328198438235,-1.5082775823108991,-1.7804850627727968,0.5145285415219891,-0.2018396954920714,-1.033488587128577,-0.8186953190947202
0.9318209353120359,-1.0191219666384357,2.7254397060855378,2.7254397060855378,-1.01582600058008,-2.0102550223335784,-1.324767267400878,-1.3968393760212348,-1.3046699908599295,-1.1674211851515772,-0.48205328198438235,-0.3923467234951289,0.6928817880382651,-1.696210098753517,0.045571425198663446,0.5503863368836848,-0.8186953190947202
2.042998391325868,0.8838894334868217,-1.2646182929415224,-1.2646182929415224,1.8532827698987877,1.0613972943645675,1.7289608964336327,1.637741372355351,1.2190147058053171,0.986283849990806,-0.48205328198438235,1.8395149941364122,0.28065397956975463,-1.0053542736674215,1.223248359686562,-0.8974292993623978,0.041654535569467
-1.2905339767156276,-1.367638728215865,0.06540104006749757,0.06540104006749754,-0.8182088148583211,-0.4894636106790957,-0.7695439648855122,-0.16298488485308327,-1.3046699908599295,-0.5520768893966107,-0.48205328198438235,0.44460142061669883,1.1051095965067754,1.4471839053882183,-0.8846943885985,1.6792747314460454,1.1255671642452045
-0.5212572763983596,1.0658634355222472,-1.2646182929415224,-1.2646182929415224,1.3263036079740975,1.1505641788927976,0.8961259426605844,0.5587737238266683,0.7826380134765774,1.2939559978682893,-0.48205328198438235,-0.6713294381990715,-1.3682572543042866,-1.385324977464774,0.34741299244136037,-1.0737864710114289,-0.8186953190947202
-0.35030689855007774,3.1322644620484383,0.06540104006749757,0.06540104006749754,0.02532380197251936,0.012155904517702196,1.3125434195471086,-2.6306938671893865,2.761806959817541,-1.782765480906544,-0.48205328198438235,-2.6242084411266697,-2.1927128712413078,1.6889834441683516,-1.1568466213583086,2.145733578649078,3.593638054088312
0.24801942391890863,-0.4000090518636706,2.7254397060855378,2.7254397060855378,-0.8785918438288585,-0.6802621697701228,-0.9083497905143537,-0.6750807673414829,-1.3046699908599295,-0.5520768893966107,-0.48205328198438235,-0.3923467234951289,0.28065397956975463,1.1708415753537798,-0.6224386006663208,1.3596464266010555,0.6520824719662904
1.3591968799327403,0.5110075521829373,-1.2646182929415224,-1.2646182929415224,-0.29397433606865553,-0.10489321903525671,0.6185142914029016,0.8331736116944044,1.3921938899801396,-0.5520768893966107,1.4128092602512243,-0.11336400879118629,-0.9560294458357763,-0.7635547348872878,-0.6471797127353944,-1.033488587128577,-0.8186953190947202
0.846345746387895,0.022797437507165726,-1.2646182929415224,-1.2646182929415224,-0.5656979664360738,-0.1260879816678224,-0.2143206623701467,-0.16298488485308327,0.12013938270035009,0.06326740635835588,1.4128092602512243,-0.6713294381990715,-0.5438016373672659,0.4799857502676843,-0.241425474802589,-0.8283757582546424,-0.8186953190947202
-1.6324347324121913,0.7212164282543135,-1.2646182929415224,-1.2646182929415224,0.7599839877807243,1.1892285425885976,0.20209681451637745,-0.16298488485308327,0.7826380134765774,0.3709395542358393,-0.48205328198438235,-1.5082775823108991,-1.7804850627727968,-0.10724170105549691,-0.5680081541143592,-0.9521767564069609,-0.8186953190947202
1.0172961242361769,-1.2308596345357854,1.3954203730765178,1.3954203730765176,-0.8767620550721754,-0.6672010461110816,-0.9083497905143537,-0.6750807673414829,-0.4057153639132397,-0.859749037274094,-0.48205328198438235,-0.6713294381990715,-0.13157382889875557,1.2053843666080846,-1.1370537317030498,1.3596464266010555,0.6520824719662904
0.33349461284304954,-0.8789986408390384,1.3954203730765178,1.3954203730765176,-0.9737408591763719,-1.2343855640425856,-1.1859614417720366,-1.3968393760212348,-1.3046699908599295,-0.859749037274094,-0.48205328198438235,-0.3923467234951289,0.6928817880382651,0.3072717939961604,-1.4092059644628583,1.3596464266010555,0.041654535569467
-1.119583598867346,-1.1053553805722611,0.06540104006749757,0.06540104006749754,-0.9353152952860299,-0.9688811885079093,-1.0471556161431952,-0.6750807673414829,-1.3046699908599295,-0.859749037274094,-0.48205328198438235,0.1656187059127562,1.1051095965067754,0.9981276190822559,-0.013807243767112759,0.885612309053981,0.041654535569467
-0.09388133177765497,-0.06725795599159418,1.3954203730765178,1.3954203730765176,-0.7688045184278813,-0.25323170599461314,-0.7695439648855122,-0.16298488485308327,-0.4057153639132397,-0.859749037274094,-0.48205328198438235,-0.11336400879118629,0.28065397956975463,-1.5580389337362979,-1.4092059644628583,-0.5087474534096523,-0.8186953190947202
0.846345746387895,0.08036600470398583,1.3954203730765178,1.3954203730765176,-0.8694429000454437,-0.6162963195908736,-0.9083497905143537,-0.6750807673414829,-0.4057153639132397,-0.859749037274094,-0.48205328198438235,-0.6713294381990715,-0.13157382889875557,-1.108982647430336,-1.0083999489438678,0.5503863368836848,0.041654535569467
0.16254423499476775,0.010471553410253227,0.06540104006749757,0.06540104006749754,-0.821868392371687,-0.3284733438783896,-0.9083497905143537,-0.6750807673414829,0.12013938270035009,-1.1674211851515772,1.4128092602512243,-0.9503121529030141,-0.5438016373672659,0.9635848278279513,-1.3250861834280085,-0.3670770836606983,-0.8186953190947202
-0.5212572763983596,1.365028885967465,0.06540104006749757,0.06540104006749754,2.318049114096257,1.1489603772286028,2.0065725476913157,1.79262821499482,1.54494875626063,0.6786117021133227,-0.48205328198438235,1.8395149941364122,-0.13157382889875557,0.2381862114875508,1.4904523700325565,-1.1763371733780685,-0.8186953190947202
1.7865728245534451,1.5279407649227816,-1.2646182929415224,-1.2646182929415224,1.3574100168377077,0.8827465265057985,1.5901550708047913,1.4680820320250476,1.8052020693197453,-0.2444047415191273,2.521232791480213,1.0025668500245841,-0.5438016373672659,1.0326704103365607,1.0203712407201595,-1.1457323588283026,-0.8186953190947202
-0.09388133177765497,-0.6211583444396708,1.3954203730765178,1.3954203730765176,-0.9572727603662253,-1.2343855640425856,-1.0471556161431952,-0.6750807673414829,-1.3046699908599295,-0.859749037274094,-0.48205328198438235,-0.11336400879118629,0.6928817880382651,1.4126411141339135,-1.567549081704929,0.885612309053981,0.041654535569467
0.846345746387895,-0.648294399350703,2.7254397060855378,2.7254397060855378,-1.0213153668501287,-2.266536953954465,-1.324767267400878,-2.6306938671893865,-1.3046699908599295,-0.859749037274094,-0.48205328198438235,-2.0662430117187847,-1.3682572543042866,1.6198978616597417,-1.725892198946999,0.5503863368836848,-0.8186953190947202
1.5301472577810225,1.2728236289634296,-1.2646182929415224,-1.2646182929415224,0.5733455345990632,0.40453074366923497,1.5901550708047913,0.5587737238266683,1.3921938899801396,1.909300293623256,1.4128092602512243,-0.6713294381990715,-1.3682572543042866,-0.1763272835641065,-0.7115066041149856,-1.1457323588283026,-0.8186953190947202
-0.6067324653225005,-0.009784938283897471,0.06540104006749757,0.06540104006749754,-0.6901236018905145,-0.2488157275166911,-0.4919323136278294,0.23422754085689548,-0.4057153639132397,-0.5520768893966107,-0.48205328198438235,-0.11336400879118629,-0.13157382889875557,1.1017559928451703,-1.5081704127391524,-0.7023030558309941,-0.8186953190947202
-1.6324347324121913,-1.7011064452563665,0.06540104006749757,0.06540104006749754,-0.9353152952860299,-1.1741655882648891,-0.9083497905143537,-0.6750807673414829,-0.4057153639132397,-0.859749037274094,-0.48205328198438235,-0.3923467234951289,0.28065397956975463,0.9635848278279513,-1.5032221903253375,1.3596464266010555,0.6520824719662904
1.957523202401727,0.715674557885159,-1.2646182929415224,-1.2646182929415224,0.8240265942646275,0.6297712064972583,1.45134924517595,0.8331736116944044,0.7826380134765774,2.2169724415007392,-0.48205328198438235,-0.3923467234951289,-1.3682572543042866,-0.9708114824131165,-0.3948203696308446,-1.1337935730163102,-0.8186953190947202
-1.2905339767156276,-1.0213196048882724,0.06540104006749757,0.06540104006749754,-0.9188471964758833,-0.8015821768373852,-1.0471556161431952,-1.3968393760212348,-0.4057153639132397,-0.859749037274094,-0.48205328198438235,-0.6713294381990715,0.28065397956975463,-1.1435254386846405,-0.9688141696333499,-0.17352148123935618,-0.8186953190947202
0.6753953685396131,-1.1277617357716876,-1.2646182929415224,-1.2646182929415224,-0.9609323378795911,-1.2847707095540901,-1.0471556161431952,-0.6750807673414829,-1.3046699908599295,-0.859749037274094,-0.48205328198438235,-0.3923467234951289,0.28065397956975463,1.0672132015908653,-1.681358197222667,-0.17352148123935618,-0.8186953190947202
-1.205058787791487,-1.27003492507636,0.06540104006749757,0.06540104006749754,-0.9481238165828105,-0.8639770688922955,-1.1859614417720366,-1.3968393760212348,-0.4057153639132397,-1.1674211851515772,-0.48205328198438235,0.1656187059127562,1.5173374049752855,-0.14178449230980172,1.074801687272121,0.10695703388637642,-0.8186953190947202
-0.09388133177765497,-0.9340829213186514,0.06540104006749757,0.06540104006749754,-0.9682514929063231,-1.3921657778818661,-1.0471556161431952,-1.3968393760212348,-1.3046699908599295,-0.5520768893966107,-0.48205328198438235,-0.9503121529030141,-0.13157382889875557,0.4799857502676843,-1.1914841782550116,0.885612309053981,0.041654535569467
0.24801942391890863,0.4505725003124165,0.06540104006749757,0.06540104006749754,0.07289830964627605,0.4454197093979044,0.4797084657740603,1.070869606315068,-0.4057153639132397,0.6786117021133227,-0.48205328198438235,0.7235841353206415,-0.13157382889875557,-0.5217551961071544,-0.11277169204340666,-0.6169507842366649,0.041654535569467
-0.6067324653225005,1.061229285299765,-1.2646182929415224,-1.2646182929415224,1.81760188914347,1.1476772003417477,1.45134924517595,0.23422754085689548,1.8052020693197453,0.986283849990806,-0.48205328198438235,-0.9503121529030141,-1.3682572543042866,-1.2126110211932501,0.5601865562353924,-1.1337935730163102,-0.8186953190947202
0.41896980176719045,-0.2912259584967334,1.3954203730765178,1.3954203730765176,-0.9151876189625174,-0.7672948423690338,-1.0471556161431952,-0.6750807673414829,-1.3046699908599295,-0.859749037274094,-0.48205328198438235,-0.11336400879118629,0.6928817880382651,-1.247153812447555,0.6789438941669453,0.885612309053981,0.041654535569467
-0.7776828431707824,-1.2886193007108522,0.06540104006749757,0.06540104006749754,-0.8932301538823221,-0.3186385136121975,-1.1859614417720366,-1.3968393760212348,-0.4057153639132397,-1.1674211851515772,1.4128092602512243,-0.6713294381990715,0.28065397956975463,0.10001504647033169,1.505297037274,0.10695703388637642,-0.8186953190947202
-1.7179099213363322,0.7222674726346704,-1.2646182929415224,-1.2646182929415224,1.1991332893846325,0.6575900997998341,2.0065725476913157,1.2805323325064204,1.3921938899801396,1.909300293623256,-0.48205328198438235,0.44460142061669883,-0.9560294458357763,1.6889834441683516,0.2682414338203249,-1.1763371733780685,-0.8186953190947202
-1.6324347324121913,-0.6202506242929989,0.06540104006749757,0.06540104006749754,-0.8731024775588095,-0.641486268757952,-0.9083497905143537,-0.16298488485308327,-1.3046699908599295,-0.859749037274094,-0.48205328198438235,0.44460142061669883,1.1051095965067754,1.5162694878968277,0.20391454244073376,0.5503863368836848,0.041654535569467
-0.35030689855007774,-0.033767860053859074,1.3954203730765178,1.3954203730765176,-0.46322979606182857,0.002925797513063395,-0.07551483674130527,0.5587737238266683,-0.4057153639132397,0.06326740635835588,-0.48205328198438235,0.44460142061669883,0.28065397956975463,-0.3835840310899352,0.7036850062360189,0.5503863368836848,1.1255671642452045
-0.6922076542466414,-0.979468928652244,1.3954203730765178,1.3954203730765176,-0.9828898029597867,-1.3991986440208835,-1.1859614417720366,-1.3968393760212348,-0.4057153639132397,-1.1674211851515772,-0.48205328198438235,-0.11336400879118629,1.1051095965067754,-0.8671831086502021,-0.850056831701797,1.3596464266010555,0.041654535569467
-0.9486332210190641,0.8506859860164566,-1.2646182929415224,-1.2646182929415224,0.48643056865662304,0.4425392771269004,1.3125434195471086,1.070869606315068,0.49323926303345,1.909300293623256,-0.48205328198438235,0.1656187059127562,-0.9560294458357763,1.0672132015908653,-1.5180668575667817,-1.1207930591923674,-0.8186953190947202
1.2737216910085998,1.3478299779252616,-1.2646182929415224,-1.2646182929415224,1.2494524801934137,1.3195960682231662,0.4797084657740603,0.23422754085689548,1.2190147058053171,0.06326740635835588,1.4128092602512243,-0.9503121529030141,-1.3682572543042866,1.1362987840994752,-0.3502863679065125,-1.009673071062123,-0.8186953190947202
1.2737216910085998,1.6655798040049714,-1.2646182929415224,-1.2646182929415224,1.0033458924195566,1.181081551504413,0.4797084657740603,0.5587737238266683,1.2190147058053171,-0.2444047415191273,-0.48205328198438235,-0.6713294381990715,-1.3682572543042866,-1.0053542736674215,0.8620281234780893,-1.009673071062123,-0.8186953190947202
-0.35030689855007774,-0.23891261320169757,1.3954203730765178,1.3954203730765176,-0.558378811409342,0.1307017733167175,-0.4919323136278294,0.5587737238266683,-0.4057153639132397,-0.859749037274094,1.4128092602512243,1.0025668500245841,1.1051095965067754,1.1017559928451703,-1.3052932937727497,2.083554244724097,1.8395221608324077
1.4446720688568817,0.8258908935889465,0.06540104006749757,0.06540104006749754,-0.06067626959157934,0.29185798051400996,0.4797084657740603,1.2805323325064204,-0.4057153639132397,0.3709395542358393,1.4128092602512243,1.0025668500245841,-0.13157382889875557,0.030929463961722085,-1.7506333110160723,-0.24546736905622968,0.6520824719662904
0.07706904607062683,1.1498036617171128,-1.2646182929415224,-1.2646182929415224,1.0362820900398495,1.1267902478864429,0.6185142914029016,0.23422754085689548,0.7826380134765774,0.986283849990806,-0.48205328198438235,-1.2292948676069566,-1.7804850627727968,0.37635737650476997,-0.7510923834255031,-1.033488587128577,-0.8186953190947202
-0.7776828431707824,0.5655663104723717,0.06540104006749757,0.06540104006749754,1.053665083228338,0.622044024657093,1.8677667220624738,1.79262821499482,1.2190147058053171,0.986283849990806,-0.48205328198438235,2.118497708840354,0.28065397956975463,0.4799857502676843,-0.4739919282518798,-0.6759277086391895,0.6520824719662904
-0.6922076542466414,2.403317409526379,-1.2646182929415224,-1.2646182929415224,1.0554948719850208,0.6230985011568975,1.8677667220624738,1.070869606315068,1.6815926404232675,1.2939559978682893,3.3076718024868312,0.44460142061669883,-0.5438016373672659,0.1691006289789413,1.2380930269280064,-1.4262108739540353,-2.2894731101557304
0.33349461284304954,-0.53592820014164,1.3954203730765178,1.3954203730765176,-0.9700812816630059,-1.1741655882648891,-1.1859614417720366,-1.3968393760212348,-1.3046699908599295,-0.859749037274094,-0.48205328198438235,-0.3923467234951289,0.6928817880382651,0.7908708715564273,-0.03360013342237147,1.3596464266010555,0.041654535569467
-1.2905339767156276,-1.574885570124417,-1.2646182929415224,-1.2646182929415224,-0.9755706479330547,-0.9426192473785806,-1.324767267400878,-2.6306938671893865,-0.4057153639132397,-1.1674211851515772,1.4128092602512243,-0.9503121529030141,0.28065397956975463,-1.523496142481993,1.198507247617489,0.5503863368836848,-0.8186953190947202
-1.6324347324121913,-1.063026956890616,0.06540104006749757,0.06540104006749754,-0.9426344503127617,-0.7972438079842848,-1.1859614417720366,-1.3968393760212348,-1.3046699908599295,-0.859749037274094,1.4128092602512243,0.1656187059127562,1.5173374049752855,1.3435555316253038,-0.7461441610116885,0.10695703388637642,-0.8186953190947202
0.5044449906913313,-0.14971716510504776,1.3954203730765178,1.3954203730765176,-0.5034851487088534,0.020302895601886594,-0.2143206623701467,0.23422754085689548,0.12013938270035009,-0.2444047415191273,-0.48205328198438235,0.1656187059127562,0.28065397956975463,0.030929463961722085,0.2880343234755839,1.5647592554749898,1.8395221608324077
0.24801942391890863,-0.3373285869987511,0.06540104006749757,0.06540104006749754,-0.9206769852325662,-0.8190897706356915,-1.0471556161431952,-0.6750807673414829,-1.3046699908599295,-0.859749037274094,-0.48205328198438235,-0.3923467234951289,0.28065397956975463,1.7235262354226564,-1.646720640325964,-0.17352148123935618,-0.8186953190947202
1.2737216910085998,0.6039772050999596,0.06540104006749757,0.06540104006749754,2.1414744990763523,1.2265525644410606,1.5901550708047913,1.79262821499482,0.7826380134765774,0.986283849990806,1.4128092602512243,2.67646313824824,1.1051095965067754,-1.108982647430336,1.5003488148601851,-0.12597271357452688,1.5124323266304773
1.1027713131603178,-0.2750780948348867,0.06540104006749757,0.06540104006749754,-0.5986341640563669,-0.098513077315709,-0.353126487998988,-0.16298488485308327,-0.4057153639132397,0.06326740635835588,-0.48205328198438235,-0.6713294381990715,-0.5438016373672659,-1.3162393949561644,0.5008078872696163,1.3596464266010555,1.5124323266304773
1.2737216910085998,1.2477418880685494,-1.2646182929415224,-1.2646182929415224,0.9365586028006291,0.9319117057986241,0.8961259426605844,0.23422754085689548,1.2190147058053171,0.986283849990806,-0.48205328198438235,-1.2292948676069566,-1.7804850627727968,-1.074439856176031,-1.2409664023931584,-1.0737864710114289,-0.8186953190947202
0.07706904607062683,-0.3572506554809702,1.3954203730765178,1.3954203730765176,-0.556549022652659,-0.10344028812239531,-0.2143206623701467,0.5587737238266683,-0.4057153639132397,-0.2444047415191273,-0.48205328198438235,1.0025668500245841,1.1051095965067754,0.7217852890478178,1.376643254514818,2.3289649574808835,2.372782181294665
-0.43578208747421865,-0.2790433986335059,1.3954203730765178,1.3954203730765176,-0.049697537051481534,0.3052255985574674,0.4797084657740603,1.070869606315068,-0.4057153639132397,0.6786117021133227,-0.48205328198438235,1.2815495647285267,0.6928817880382651,-0.9708114824131165,0.8422352338228304,1.9096014216657187,2.7985820842302505
-1.3760091656397686,0.9123154065010192,-1.2646182929415224,-1.2646182929415224,0.8972181445319456,1.1161936150107912,0.4797084657740603,-0.16298488485308327,0.7826380134765774,0.986283849990806,-0.48205328198438235,-1.5082775823108991,-1.7804850627727968,0.5836141240305986,0.33256832519991597,-1.009673071062123,-0.8186953190947202
-0.6922076542466414,-0.4974217560249288,0.06540104006749757,0.06540104006749754,-0.15765507369577575,0.32687716739057926,0.20209681451637745,1.2805323325064204,-0.4057153639132397,-0.2444047415191273,-0.48205328198438235,1.8395149941364122,1.1051095965067754,1.0326704103365607,-1.3102415161865644,1.0244204544307594,1.8395221608324077
-0.7776828431707824,0.01625229750221613,2.7254397060855378,2.7254397060855378,-1.008506845553348,-1.7348368210660796,-1.324767267400878,-1.3968393760212348,-1.3046699908599295,-1.1674211851515772,-0.48205328198438235,-0.11336400879118629,1.1051095965067754,-1.6271245162449075,-1.513118635152967,0.5503863368836848,-0.8186953190947202
1.7865728245534451,1.525695351928383,-1.2646182929415224,-1.2646182929415224,1.915495587626008,1.136886993487166,1.5901550708047913,1.2805323325064204,1.8052020693197453,0.06326740635835588,2.521232791480213,0.44460142061669883,-0.9560294458357763,1.1017559928451703,-0.6323350454939504,-1.1457323588283026,-0.8186953190947202
1.2737216910085998,-0.3489378499272385,0.06540104006749757,0.06540104006749754,-0.518123458762317,0.10084833532567389,-0.353126487998988,0.23422754085689548,-0.4057153639132397,-0.2444047415191273,-0.48205328198438235,0.44460142061669883,0.6928817880382651,-0.8671831086502021,-0.25627014204403314,-0.17352148123935618,0.041654535569467
-0.9486332210190641,0.8433764500985201,0.06540104006749757,0.06540104006749754,1.0371969844181912,0.6125129759991161,1.8677667220624738,1.79262821499482,0.7826380134765774,1.6016281457457726,-0.48205328198438235,2.118497708840354,0.28065397956975463,-0.038156118546887316,1.17871435796223,-0.9170320787253607,0.041654535569467
-1.6324347324121913,-0.3177409417284638,0.06540104006749757,0.06540104006749754,-0.8310173361551016,-0.3788584893898945,-0.9083497905143537,-1.3968393760212348,-0.4057153639132397,-0.5520768893966107,-0.48205328198438235,-1.5082775823108991,-0.9560294458357763,1.5162694878968277,-1.3597237403247113,-0.3670770836606983,-0.8186953190947202
-0.008406142853514067,0.984407496044589,-1.2646182929415224,-1.2646182929415224,0.8761755738300917,1.1814084657343593,0.3409026401452189,-0.16298488485308327,1.0190940096470398,0.3709395542358393,-0.48205328198438235,-1.5082775823108991,-1.7804850627727968,0.2381862114875508,-0.6273868230801357,-0.9827815709567269,-0.8186953190947202
-0.09388133177765497,1.231020727471963,1.3954203730765178,1.3954203730765176,0.26685591785466883,0.37039506600623917,1.034931768289426,0.8331736116944044,0.49323926303345,1.6016281457457726,-0.48205328198438235,-0.11336400879118629,-0.9560294458357763,-1.5925817249906027,-1.3745684075661555,-0.7713565969387493,0.041654535569467
-0.9486332210190641,-1.009137045025045,0.06540104006749757,0.06540104006749754,-0.7011023344306122,-0.2864104511287544,-0.4919323136278294,0.23422754085689548,-0.4057153639132397,-0.5520768893966107,-0.48205328198438235,0.7235841353206415,1.1051095965067754,-0.1763272835641065,0.9214067924438656,1.1003413319483477,1.1255671642452045
0.5899201796154723,0.5748346109173369,0.06540104006749757,0.06540104006749754,1.238473747653316,0.6786306016733136,2.0065725476913157,1.4680820320250476,1.2190147058053171,1.909300293623256,-0.48205328198438235,1.5605322794324692,0.28065397956975463,-0.3835840310899352,1.5102452596878146,-0.25887375283368547,1.5124323266304773
-0.7776828431707824,-0.4702857011138966,0.06540104006749757,0.06540104006749754,-0.6937831794038803,-0.12209451727549551,-0.6307381392566709,-0.16298488485308327,-0.4057153639132397,-0.5520768893966107,-0.48205328198438235,0.44460142061669883,1.1051095965067754,-0.10724170105549691,0.5255489993386895,1.3596464266010555,1.1255671642452045
-0.6067324653225005,-0.023209641505728573,0.06540104006749757,0.06540104006749754,-0.08720820656348205,0.41914561467110506,0.20209681451637745,1.2805323325064204,0.12013938270035009,-0.5520768893966107,-0.48205328198438235,1.8395149941364122,1.1051095965067754,1.2053843666080846,1.2776788062385238,-0.5087474534096523,0.041654535569467
1.4446720688568817,-0.015183484419366872,0.06540104006749757,0.06540104006749754,0.9786437442043369,1.2448341820066335,0.3409026401452189,-0.6750807673414829,0.12013938270035009,1.6016281457457726,-0.48205328198438235,0.1656187059127562,1.1051095965067754,-0.7635547348872878,1.0550087976168625,-0.17352148123935618,0.6520824719662904
-0.26483170962593683,1.341284837920312,-1.2646182929415224,-1.2646182929415224,1.822176361035177,1.5920883147392513,0.4797084657740603,-0.16298488485308327,1.0190940096470398,0.6786117021133227,-0.48205328198438235,-1.2292948676069566,-1.3682572543042866,0.7908708715564273,1.6636401545160706,-1.009673071062123,-0.8186953190947202
-1.4614843545639096,-0.8377212615377501,0.06540104006749757,0.06540104006749754,-1.008506845553348,-1.7348368210660796,-1.324767267400878,-1.3968393760212348,-1.3046699908599295,-1.1674211851515772,-0.48205328198438235,-0.11336400879118629,1.1051095965067754,0.5836141240305986,-1.0925197299787177,0.5503863368836848,-0.8186953190947202
0.24801942391890863,-0.7063407139931399,1.3954203730765178,1.3954203730765176,-0.24731472277324035,0.1984922495113497,0.20209681451637745,0.5587737238266683,-0.4057153639132397,0.6786117021133227,-0.48205328198438235,0.7235841353206415,0.6928817880382651,-0.6599263611243734,0.5552383338215777,1.9846925462077138,2.596344955306216
0.5899201796154723,1.4389841905489402,0.06540104006749757,0.06540104006749754,1.6529209010420045,1.7714177546896948,0.06329098888753605,0.8331736116944044,0.49323926303345,-0.5520768893966107,1.4128092602512243,1.0025668500245841,0.6928817880382651,-1.6271245162449075,0.9214067924438656,-0.9170320787253607,-0.8186953190947202
-0.17935652070179586,-0.6337231022593917,0.06540104006749757,0.06540104006749754,-0.9993579017699331,-1.4594186197985801,-1.324767267400878,-1.3968393760212348,-1.3046699908599295,-1.1674211851515772,-0.48205328198438235,-0.11336400879118629,1.1051095965067754,0.5490713327762939,0.2781378786479546,0.5503863368836848,-0.8186953190947202
1.5301472577810225,-1.7591527598988033,-1.2646182929415224,-1.2646182929415224,-1.0048472680399825,-1.9174094112978792,-1.1859614417720366,-1.3968393760212348,-1.3046699908599295,-0.859749037274094,-0.48205328198438235,-1.5082775823108991,-0.9560294458357763,-0.4181268223442399,-1.384464852393785,0.10695703388637642,-0.8186953190947202
0.33349461284304954,0.5202758526279024,0.06540104006749757,0.06540104006749754,1.004260786797898,0.5932271981858932,1.8677667220624738,1.070869606315068,1.54494875626063,1.6016281457457726,-0.48205328198438235,0.7235841353206415,-0.13157382889875557,1.3780983228796087,0.5403936665801338,-0.6759277086391895,0.6520824719662904
-0.5212572763983596,-1.4161778686905282,0.06540104006749757,0.06540104006749754,-0.9133578302058345,-0.9589673627750864,-0.9083497905143537,-0.6750807673414829,-1.3046699908599295,-0.5520768893966107,-0.48205328198438235,-0.3923467234951289,0.28065397956975463,-0.0036133272925826148,-0.7510923834255031,0.5503863368836848,0.041654535569467
-1.119583598867346,-1.346952263820659,0.06540104006749757,0.06540104006749754,-0.9975281130132503,-1.719504143544987,-1.1859614417720366,-1.3968393760212348,-1.3046699908599295,-0.859749037274094,-0.48205328198438235,-0.3923467234951289,0.6928817880382651,-0.10724170105549691,-0.7263512713564297,0.10695703388637642,-0.8186953190947202
0.9318209353120359,1.3332109060893886,0.06540104006749757,0.06540104006749754,0.06740894337622716,0.298064695131875,0.7573201170317431,0.5587737238266683,0.12013938270035009,1.6016281457457726,-0.48205328198438235,-0.3923467234951289,-0.9560294458357763,-0.5908407786157639,-0.4245097041137329,-1.0547274587736002,-0.8186953190947202
-0.35030689855007774,-2.119039910681912,0.06540104006749757,0.06540104006749754,-0.9353152952860299,-1.3449906853317874,-0.7695439648855122,-0.16298488485308327,-0.4057153639132397,-0.859749037274094,-0.48205328198438235,0.1656187059127562,0.6928817880382651,0.1691006289789413,-0.835212164460353,1.6792747314460454,1.1255671642452045
0.07706904607062683,1.031943366883457,-1.2646182929415224,-1.2646182929415224,2.1433042878330357,1.3899642651397204,1.1737375939182673,0.8331736116944044,1.0190940096470398,1.2939559978682893,1.4128092602512243,-0.11336400879118629,-0.9560294458357763,1.6889834441683516,-0.5432670420452859,-1.1065825691090452,-0.8186953190947202
0.9318209353120359,0.6261446865765774,0.06540104006749757,0.06540104006749754,0.6675796555682353,1.1251047216968233,0.20209681451637745,0.8331736116944044,0.7826380134765774,-0.5520768893966107,-0.48205328198438235,-0.11336400879118629,-0.9560294458357763,1.6544406529140467,0.9857336838234564,-0.5087474534096523,0.041654535569467
-0.17935652070179586,-1.387895219910016,0.06540104006749757,0.06540104006749754,-0.9920387467432015,-1.5894613816717837,-1.1859614417720366,-0.6750807673414829,-1.3046699908599295,-1.1674211851515772,-0.48205328198438235,0.44460142061669883,1.5173374049752855,0.8944992453193417,-0.10287524721577747,0.10695703388637642,-0.8186953190947202
-1.8033851102604728,1.043027107621766,-1.2646182929415224,-1.2646182929415224,1.5275803712092222,1.1281421121119635,1.1737375939182673,-0.16298488485308327,1.6815926404232675,0.986283849990806,1.4128092602512243,-1.2292948676069566,-1.3682572543042866,-1.4198677687190788,-0.6966619368735415,-1.1065825691090452,-0.8186953190947202
0.9318209353120359,0.4404442544653411,0.06540104006749757,0.06540104006749754,0.9301543421522387,0.6452526201289868,1.5901550708047913,1.79262821499482,1.0190940096470398,0.6786117021133227,-0.48205328198438235,2.397480423544297,0.6928817880382651,-0.4181268223442399,1.6191061527917383,0.3322483486472228,2.122860263027301
0.41896980176719045,-0.9635599387132058,1.3954203730765178,1.3954203730765176,-1.008506845553348,-2.02969266291758,-1.1859614417720366,-1.3968393760212348,-1.3046699908599295,-0.859749037274094,-0.48205328198438235,-0.6713294381990715,0.28065397956975463,-0.6253835698700687,-1.6318759730845198,1.3596464266010555,0.041654535569467
-0.26483170962593683,1.351030885810894,0.06540104006749757,0.06540104006749754,2.052729744377229,1.8501545107372885,0.20209681451637745,0.5587737238266683,0.49323926303345,0.06326740635835588,3.3076718024868312,0.44460142061669883,0.28065397956975463,-0.3144984485813256,0.253396766578881,-0.5087474534096523,0.041654535569467
1.3591968799327403,1.1070452653344125,0.06540104006749757,0.06540104006749754,1.4809207579138068,1.2276025557148873,0.8961259426605844,1.4680820320250476,0.7826380134765774,0.06326740635835588,-0.48205328198438235,1.2815495647285267,-0.13157382889875557,0.859956454065037,0.9016139027886068,-0.7385604988411333,0.041654535569467
-1.6324347324121913,0.749642401268511,-1.2646182929415224,-1.2646182929415224,2.2283894650187923,1.5443043602177953,0.8961259426605844,0.23422754085689548,1.8052020693197453,-0.2444047415191273,-0.48205328198438235,-0.6713294381990715,-0.9560294458357763,1.4126411141339135,1.5498310389983323,-1.0737864710114289,-0.8186953190947202
-0.008406142853514067,0.6364162566573378,0.06540104006749757,0.06540104006749754,1.5797293507746863,1.1526007904716387,1.1737375939182673,1.4680820320250476,1.2190147058053171,0.06326740635835588,-0.48205328198438235,1.5605322794324692,0.28065397956975463,0.2727290027418556,1.2578859165832652,-0.2282689382839196,1.1255671642452045
-0.5212572763983596,-0.9886894543526475,0.06540104006749757,0.06540104006749754,-0.9225067739892493,-0.8368492808891931,-1.0471556161431952,-0.6750807673414829,-1.3046699908599295,-0.859749037274094,-0.48205328198438235,0.1656187059127562,1.1051095965067754,0.3418145852504652,-0.3354417006650684,0.885612309053981,0.041654535569467
-1.3760091656397686,-1.0470701922070162,0.06540104006749757,0.06540104006749754,-0.9920387467432015,-1.5894613816717837,-1.1859614417720366,-1.3968393760212348,-1.3046699908599295,-0.859749037274094,-0.48205328198438235,-0.6713294381990715,0.28065397956975463,0.10001504647033169,-0.538318819631471,1.3596464266010555,0.041654535569467
-0.43578208747421865,2.4287335736331905,-1.2646182929415224,-1.2646182929415224,0.6666647611898938,0.2870485264433651,2.1453783733201575,0.8331736116944044,1.6815926404232675,2.2169724415007392,3.917681290782164,-0.3923467234951289,-1.3682572543042866,-1.523496142481993,0.4760667752005426,-1.185106503867864,-0.8186953190947202
0.9318209353120359,-1.2117975114556765,-1.2646182929415224,-1.2646182929415224,-0.6553576155135384,-0.136800823472337,-0.4919323136278294,-0.16298488485308327,-0.4057153639132397,-0.2444047415191273,-0.48205328198438235,-0.11336400879118629,0.28065397956975463,1.4817266966425229,1.4409701458944089,-0.047448778815707984,0.041654535569467
0.16254423499476775,1.139293217913544,1.3954203730765178,1.3954203730765176,1.0609842382550696,0.8845956124965025,1.1737375939182673,0.23422754085689548,1.2190147058053171,1.6016281457457726,-0.48205328198438235,0.7235841353206415,1.1051095965067754,0.9635848278279513,1.5597274838259618,0.04120754165501022,1.5124323266304773
-0.43578208747421865,-1.0011586626832452,0.06540104006749757,0.06540104006749754,-0.9792302254464207,-1.3306107401373888,-1.1859614417720366,-1.3968393760212348,-1.3046699908599295,-0.859749037274094,-0.48205328198438235,-0.6713294381990715,0.28065397956975463,-0.4872124048528495,1.3370574752043003,1.3596464266010555,0.041654535569467
0.6753953685396131,0.5487973751312233,0.06540104006749757,0.06540104006749754,0.9749841666909709,1.1640720781726215,0.4797084657740603,1.2805323325064204,0.49323926303345,-0.2444047415191273,1.4128092602512243,1.2815495647285267,0.28065397956975463,-0.038156118546887316,1.3222128079628563,-0.24546736905622968,0.6520824719662904
0.41896980176719045,-0.2802377672475478,0.06540104006749757,0.06540104006749754,-0.45042127476504795,0.029068537843810794,-0.07551483674130527,-0.16298488485308327,0.12013938270035009,0.3709395542358393,-0.48205328198438235,-0.9503121529030141,-0.9560294458357763,1.6544406529140467,1.2925234734799682,0.5503863368836848,1.1255671642452045
0.41896980176719045,-1.5839149968465742,1.3954203730765178,1.3954203730765176,-0.9591025491229083,-1.4594186197985801,-0.9083497905143537,-0.6750807673414829,-1.3046699908599295,-0.5520768893966107,-0.48205328198438235,-0.6713294381990715,-0.13157382889875557,1.5853550704054373,0.17917343037166056,2.083554244724097,1.1255671642452045
1.0172961242361769,-0.5311507256854724,2.7254397060855378,2.7254397060855378,-1.008506845553348,-1.7348368210660796,-1.324767267400878,-1.3968393760212348,-1.3046699908599295,-1.1674211851515772,-0.48205328198438235,-0.11336400879118629,1.1051095965067754,-0.8671831086502021,-0.7461441610116885,0.5503863368836848,-0.8186953190947202
-0.8631580320949233,-1.7470179747801375,0.06540104006749757,0.06540104006749754,-0.9828898029597867,-1.3991986440208835,-1.1859614417720366,-1.3968393760212348,-0.4057153639132397,-1.1674211851515772,1.4128092602512243,-0.3923467234951289,0.6928817880382651,0.37635737650476997,1.3519021424457442,1.3596464266010555,0.041654535569467
0.07706904607062683,0.8513070576957584,1.3954203730765178,1.3954203730765176,0.5065582449801356,0.4582991097545048,1.3125434195471086,1.637741372355351,0.12013938270035009,1.2939559978682893,-0.48205328198438235,1.5605322794324692,-0.13157382889875557,-0.10724170105549691,0.24350032175125166,-0.5478972431289095,0.6520824719662904
-0.09388133177765497,-0.3676655497954156,0.06540104006749757,0.06540104006749754,-0.5364213463291466,-0.05503154762558901,-0.2143206623701467,0.23422754085689548,-0.4057153639132397,0.06326740635835588,-0.48205328198438235,-0.11336400879118629,-0.13157382889875557,1.2399271578623894,-1.691254642050296,0.7047921495857696,1.1255671642452045
-0.7776828431707824,-0.6754304542617352,0.06540104006749757,0.06540104006749754,-0.9938685354998843,-1.319541027659185,-1.324767267400878,-1.3968393760212348,-1.3046699908599295,-1.1674211851515772,-0.48205328198438235,0.1656187059127562,1.5173374049752855,-0.6253835698700687,1.1341803562378978,0.5503863368836848,-0.8186953190947202
1.4446720688568817,-0.3859632769625377,1.3954203730765178,1.3954203730765176,-0.5364213463291466,-0.05503154762558901,-0.2143206623701467,0.5587737238266683,0.12013938270035009,-0.5520768893966107,-0.48205328198438235,1.0025668500245841,1.1051095965067754,-1.385324977464774,0.7779083424432393,1.5647592554749898,1.8395221608324077
0.24801942391890863,-0.6533585222742407,1.3954203730765178,1.3954203730765176,-0.8749322663154925,-0.8317490064088524,-0.7695439648855122,-0.16298488485308327,-0.4057153639132397,-0.859749037274094,-0.48205328198438235,0.1656187059127562,0.6928817880382651,-0.6599263611243734,0.584927668304466,1.6792747314460454,1.1255671642452045
0.5044449906913313,1.3505531383652771,-1.2646182929415224,-1.2646182929415224,1.3208142417040487,1.2135286897949533,0.7573201170317431,-0.16298488485308327,1.3921938899801396,0.6786117021133227,1.4128092602512243,-1.5082775823108991,-1.7804850627727968,-0.0726989098011921,-1.7357886437746286,-1.0547274587736002,-0.8186953190947202
-0.09388133177765497,-0.6572760513282981,1.3954203730765178,1.3954203730765176,-0.7029321231872951,0.004542385390460095,-0.7695439648855122,-0.16298488485308327,0.12013938270035009,-1.1674211851515772,1.4128092602512243,0.1656187059127562,0.6928817880382651,0.7217852890478178,1.327161030376671,1.6792747314460454,1.1255671642452045
-0.09388133177765497,1.0073393734341936,-1.2646182929415224,-1.2646182929415224,0.5550476470322337,1.229699862367279,-0.07551483674130527,-0.16298488485308327,0.49323926303345,0.06326740635835588,-0.48205328198438235,-1.5082775823108991,-1.7804850627727968,-1.247153812447555,0.10495009416443976,-0.8762558788893728,-0.8186953190947202
-0.09388133177765497,-1.4229618824182864,0.06540104006749757,0.06540104006749754,-0.9170174077192003,-0.9923278981250286,-0.9083497905143537,-0.6750807673414829,0.12013938270035009,-1.1674211851515772,-0.48205328198438235,-0.3923467234951289,0.28065397956975463,-1.3162393949561644,-0.4245097041137329,0.5503863368836848,0.041654535569467
1.3591968799327403,0.8318627366591561,-1.2646182929415224,-1.2646182929415224,1.9164104820043493,1.9837233580068663,-0.07551483674130527,-0.16298488485308327,0.7826380134765774,-0.2444047415191273,-0.48205328198438235,0.1656187059127562,0.6928817880382651,-0.6253835698700687,1.4409701458944089,-0.3670770836606983,0.041654535569467
-1.205058787791487,-0.9586869147679148,0.06540104006749757,0.06540104006749754,-0.929825929015981,-1.2884495935532847,-0.7695439648855122,-0.16298488485308327,-1.3046699908599295,-0.5520768893966107,-0.48205328198438235,-0.3923467234951289,-0.13157382889875557,-1.1780682299389453,-1.250862847220788,1.0244204544307594,0.6520824719662904
-0.5212572763983596,0.4801450671960942,0.06540104006749757,0.06540104006749754,-0.6169320516231964,-0.1486933486184363,-0.353126487998988,0.23422754085689548,0.12013938270035009,-0.5520768893966107,-0.48205328198438235,-0.11336400879118629,-0.13157382889875557,-1.6271245162449075,-1.0331410610129412,-0.17352148123935618,0.041654535569467
0.7608705574637541,-1.0768338580689405,1.3954203730765178,1.3954203730765176,-0.9517833940961765,-1.364428325915789,-0.9083497905143537,-0.6750807673414829,-1.3046699908599295,-0.5520768893966107,-0.48205328198438235,-0.3923467234951289,0.28065397956975463,0.20364342023324608,-1.3349826282556378,2.083554244724097,1.1255671642452045
0.5044449906913313,-0.8827250709148492,1.3954203730765178,1.3954203730765176,-0.8584641675053459,-0.5436715693681918,-0.9083497905143537,-0.6750807673414829,-1.3046699908599295,-0.5520768893966107,-0.48205328198438235,-0.11336400879118629,0.6928817880382651,-0.3835840310899352,0.763063675201795,1.3596464266010555,0.6520824719662904
0.5044449906913313,0.690736141223964,0.06540104006749757,0.06540104006749754,0.36932408822891416,0.40248443537854955,1.1737375939182673,0.8331736116944044,0.49323926303345,1.909300293623256,-0.48205328198438235,0.1656187059127562,-0.5438016373672659,1.2744699491166942,-0.3354417006650684,-0.8011647543473774,0.041654535569467
1.1027713131603178,0.4232453464231376,-1.2646182929415224,-1.2646182929415224,0.47819651925154977,0.49200126278388956,1.1737375939182673,1.070869606315068,0.7826380134765774,1.2939559978682893,-0.48205328198438235,0.7235841353206415,-0.13157382889875557,0.2381862114875508,0.8620281234780893,-0.8011647543473774,0.041654535569467
-1.034108409943205,1.2434421610579984,-1.2646182929415224,-1.2646182929415224,0.24581334715281494,1.0733216419349536,-0.2143206623701467,-0.16298488485308327,0.49323926303345,-0.2444047415191273,-0.48205328198438235,-1.5082775823108991,-1.7804850627727968,-0.6944691523786782,-1.4537399661871904,-0.8283757582546424,-0.8186953190947202
-1.4614843545639096,0.860527583396162,-1.2646182929415224,-1.2646182929415224,0.5632816964373071,0.8864419324637496,0.4797084657740603,-0.16298488485308327,1.0190940096470398,0.6786117021133227,1.4128092602512243,-1.5082775823108991,-1.7804850627727968,-0.6599263611243734,0.4909114424419865,-1.009673071062123,-0.8186953190947202
0.07706904607062683,0.5726369726674998,0.06540104006749757,0.06540104006749754,0.6136008872460882,0.5949742841857677,1.1737375939182673,1.4680820320250476,0.49323926303345,0.986283849990806,-0.48205328198438235,1.5605322794324692,0.28065397956975463,0.5145285415219891,0.3968952165795071,-1.1065825691090452,-0.8186953190947202
-1.034108409943205,-1.307824748024646,0.06540104006749757,0.06540104006749754,-0.8529748012352971,-0.6877881971613304,-0.7695439648855122,-0.16298488485308327,-1.3046699908599295,-0.5520768893966107,-0.48205328198438235,0.1656187059127562,0.6928817880382651,-0.10724170105549691,0.7383225631327218,1.0244204544307594,0.6520824719662904
-0.6067324653225005,-0.023209641505728573,0.06540104006749757,0.06540104006749754,-0.08720820656348205,0.41914561467110506,0.20209681451637745,1.2805323325064204,0.12013938270035009,-0.5520768893966107,-0.48205328198438235,1.8395149941364122,1.1051095965067754,1.2053843666080846,1.2776788062385238,-0.5087474534096523,0.041654535569467
1.957523202401727,-0.6733761402455831,-1.2646182929415224,-1.2646182929415224,-0.5135489868706097,-0.002232023064030005,-0.2143206623701467,0.23422754085689548,-0.4057153639132397,0.06326740635835588,-0.48205328198438235,0.44460142061669883,0.6928817880382651,-1.0053542736674215,1.5498310389983323,-0.2784207631899799,0.041654535569467
-0.43578208747421865,0.6585837381339557,0.06540104006749757,0.06540104006749754,-0.19608063758611766,0.2734814921582094,0.20209681451637745,0.5587737238266683,-0.4057153639132397,0.6786117021133227,-0.48205328198438235,-0.6713294381990715,-1.3682572543042866,0.859956454065037,-1.1568466213583086,-0.9521767564069609,-0.8186953190947202
-0.5212572763983596,-0.3600215906655474,1.3954203730765178,1.3954203730765176,-0.9719110704196889,-1.4495837895323882,-1.0471556161431952,-0.6750807673414829,-1.3046699908599295,-0.859749037274094,-0.48205328198438235,-0.6713294381990715,-0.13157382889875557,-1.074439856176031,-1.3894130748075997,0.885612309053981,0.041654535569467
-0.43578208747421865,-1.0139622942257744,0.06540104006749757,0.06540104006749754,-0.9115280414491514,-0.9426192473785806,-0.9083497905143537,-0.16298488485308327,-0.4057153639132397,-1.1674211851515772,-0.48205328198438235,0.1656187059127562,0.6928817880382651,0.8944992453193417,-0.008859021353298059,-0.3670770836606983,-0.8186953190947202
1.4446720688568817,1.1190367262193932,-1.2646182929415224,-1.2646182929415224,0.5770051121124291,0.5119258119970107,1.3125434195471086,0.8331736116944044,0.49323926303345,2.2169724415007392,-0.48205328198438235,-0.11336400879118629,-0.9560294458357763,-1.108982647430336,0.8026494545123128,-1.1207930591923674,-0.8186953190947202
1.1027713131603178,-0.045711546194278176,1.3954203730765178,1.3954203730765176,0.45623905417135435,0.5332096770412997,1.034931768289426,0.8331736116944044,0.12013938270035009,1.909300293623256,-0.48205328198438235,0.44460142061669883,-0.13157382889875557,1.3435555316253038,0.9065621252024216,2.014500703616341,3.3102999518934184
0.24801942391890863,1.3420492338332988,-1.2646182929415224,-1.2646182929415224,1.2686652621385843,0.9989658049376978,1.1737375939182673,0.5587737238266683,1.9180486365937297,-0.2444047415191273,-0.48205328198438235,-0.3923467234951289,-0.9560294458357763,-1.039897064921726,-1.513118635152967,-1.1065825691090452,-0.8186953190947202
1.7010976356293042,-0.7853601414981527,-1.2646182929415224,-1.2646182929415224,-0.32599563931060727,0.1620640874122815,0.06329098888753605,1.070869606315068,-0.4057153639132397,-0.2444047415191273,-0.48205328198438235,1.5605322794324692,1.1051095965067754,0.4454429590133795,0.13463942864732797,0.00043134181902221833,0.6520824719662904
-1.2905339767156276,-0.9287799246723052,-1.2646182929415224,-1.2646182929415224,-0.9444642390694447,-0.8190897706356915,-1.1859614417720366,-1.3968393760212348,-1.3046699908599295,-0.859749037274094,1.4128092602512243,-0.3923467234951289,0.6928817880382651,-1.3162393949561644,0.030726757957219346,0.10695703388637642,-0.8186953190947202
-0.008406142853514067,-0.6446635187640156,0.06540104006749757,0.06540104006749754,-0.7889321947513939,-0.3440881712848,-0.7695439648855122,-0.16298488485308327,-0.4057153639132397,-0.859749037274094,-0.48205328198438235,0.1656187059127562,0.6928817880382651,0.859956454065037,-0.8401603868741678,1.0244204544307594,0.6520824719662904
-0.9486332210190641,1.4639226072101352,-1.2646182929415224,-1.2646182929415224,2.038091434323765,1.5370652505044073,0.7573201170317431,-0.6750807673414829,1.3921938899801396,0.986283849990806,1.4128092602512243,-0.9503121529030141,-0.5438016373672659,-0.5908407786157639,1.2479894717556357,-1.0547274587736002,-0.8186953190947202
-0.17935652070179586,-1.6830475918120529,1.3954203730765178,1.3954203730765176,-0.9151876189625174,-0.9755349225081912,-0.9083497905143537,-0.16298488485308327,-1.3046699908599295,-0.859749037274094,-0.48205328198438235,0.7235841353206415,1.5173374049752855,0.9290420365736465,-0.934176612736647,1.3596464266010555,0.6520824719662904
0.33349461284304954,-1.059778274260422,1.3954203730765178,1.3954203730765176,-0.9938685354998843,-1.319541027659185,-1.324767267400878,-2.6306938671893865,-1.3046699908599295,-0.859749037274094,-0.48205328198438235,-0.9503121529030141,0.28065397956975463,-1.4889533512276882,0.5948241131320953,0.5503863368836848,-0.8186953190947202
1.4446720688568817,0.19569423807587272,0.06540104006749757,0.06540104006749754,1.4434100884018064,1.1469369648847978,1.034931768289426,-0.16298488485308327,1.2190147058053171,1.6016281457457726,2.521232791480213,0.44460142061669883,1.1051095965067754,0.4454429590133795,1.5894168183088502,-0.4659387821770814,0.6520824719662904
-1.6324347324121913,-0.7866978343458796,0.06540104006749757,0.06540104006749754,-0.9810600142031037,-1.364428325915789,-1.1859614417720366,-1.3968393760212348,-1.3046699908599295,-0.859749037274094,-0.48205328198438235,-0.3923467234951289,0.6928817880382651,-1.0053542736674215,0.6195652252011689,0.10695703388637642,-0.8186953190947202
-1.4614843545639096,-0.4523701719032679,0.06540104006749757,0.06540104006749754,-0.856634378748663,-0.5319722906085756,-0.9083497905143537,-0.16298488485308327,-1.3046699908599295,-0.859749037274094,-0.48205328198438235,0.44460142061669883,1.1051095965067754,-0.2108700748184113,0.8818210131333479,-0.3670770836606983,-0.8186953190947202
-1.119583598867346,0.8012869001396832,-1.2646182929415224,-1.2646182929415224,0.46996246984647644,1.268886158950296,-0.2143206623701467,-0.6750807673414829,0.49323926303345,0.06326740635835588,-0.48205328198438235,-1.7872602970148417,-1.7804850627727968,-0.14178449230980172,0.8867692355471626,-0.8283757582546424,-0.8186953190947202
0.33349461284304954,0.2893805121613202,0.06540104006749757,0.06540104006749754,0.6364732467046251,0.5018991880643042,1.45134924517595,1.2805323325064204,0.49323926303345,1.909300293623256,1.4128092602512243,1.0025668500245841,-0.13157382889875557,-0.5217551961071544,-1.2360181799793437,-0.07465978272297287,1.5124323266304773
0.9318209353120359,-0.7934818480736376,1.3954203730765178,1.3954203730765176,-0.9261663515026151,-1.2521450742960878,-0.7695439648855122,-0.16298488485308327,-0.4057153639132397,-0.859749037274094,-0.48205328198438235,-0.3923467234951289,-0.13157382889875557,0.13455783772463648,-1.384464852393785,1.6792747314460454,1.1255671642452045
1.1027713131603178,0.3328077549678841,0.06540104006749757,0.06540104006749754,0.29247296044823023,0.3937152001392324,1.034931768289426,1.4680820320250476,0.12013938270035009,0.986283849990806,-0.48205328198438235,1.5605322794324692,0.28065397956975463,-0.1763272835641065,-0.4640954834242506,-1.0909849017837394,-0.8186953190947202
-0.7776828431707824,-0.2617011663576173,0.06540104006749757,0.06540104006749754,-0.8749322663154925,-0.6542766906573937,-0.9083497905143537,-0.6750807673414829,-0.4057153639132397,-0.859749037274094,-0.48205328198438235,-0.9503121529030141,-0.5438016373672659,1.3780983228796087,-1.1568466213583086,-0.3670770836606983,-0.8186953190947202
-1.6324347324121913,-0.5784477228015321,0.06540104006749757,0.06540104006749754,-0.5400809238425125,0.049591226042157495,-0.353126487998988,0.5587737238266683,-0.4057153639132397,-0.5520768893966107,-0.48205328198438235,1.0025668500245841,1.1051095965067754,-0.2108700748184113,-1.3696201851523409,0.37643351382530593,0.6520824719662904
-1.2905339767156276,-1.331903219283731,0.06540104006749757,0.06540104006749754,-0.9188471964758833,-1.1825906357759284,-0.7695439648855122,-0.16298488485308327,-0.4057153639132397,-0.859749037274094,-0.48205328198438235,0.1656187059127562,0.6928817880382651,0.6526997065392083,-0.8401603868741678,1.0244204544307594,0.6520824719662904
0.6753953685396131,1.3900150773732218,-1.2646182929415224,-1.2646182929415224,0.7581541990240414,0.6399905305427912,1.3125434195471086,0.8331736116944044,1.3921938899801396,0.986283849990806,1.4128092602512243,-0.3923467234951289,-1.3682572543042866,-0.1763272835641065,0.5156525545110602,-1.1207930591923674,-0.8186953190947202
0.24801942391890863,-1.185616951435878,-1.2646182929415224,-1.2646182929415224,-0.8438258574518823,-0.453042639274142,-0.9083497905143537,-0.16298488485308327,-1.3046699908599295,-0.859749037274094,-0.48205328198438235,0.7235841353206415,1.5173374049752855,0.5145285415219891,1.460763035549668,-0.3670770836606983,-0.8186953190947202
1.872048013477586,1.223137894619286,-1.2646182929415224,-1.2646182929415224,1.0774523370652165,1.1506748504613948,0.6185142914029016,-0.6750807673414829,1.0190940096470398,1.2939559978682893,1.4128092602512243,-1.7872602970148417,-1.7804850627727968,1.2399271578623894,-1.1766395110135675,-1.033488587128577,-0.8186953190947202
0.41896980176719045,0.585010631508974,0.06540104006749757,0.06540104006749754,-0.04054859326806684,0.24362316065100031,0.6185142914029016,1.2805323325064204,0.49323926303345,0.06326740635835588,1.4128092602512243,1.5605322794324692,0.6928817880382651,1.5162694878968277,-0.3057523661821801,-1.033488587128577,-0.8186953190947202
-1.974335488108755,-0.4388021444477518,-1.2646182929415224,-1.2646182929415224,-0.5986341640563669,-0.098513077315709,-0.353126487998988,0.23422754085689548,0.12013938270035009,-0.5520768893966107,-0.48205328198438235,-0.3923467234951289,-0.5438016373672659,-1.2816966037018593,0.36720588209661886,-0.7713565969387493,-0.8186953190947202
-0.6067324653225005,-1.8767741810096508,0.06540104006749757,0.06540104006749754,-0.9426344503127617,-1.4246483016934859,-0.7695439648855122,-0.16298488485308327,-0.4057153639132397,-0.859749037274094,-0.48205328198438235,-0.11336400879118629,0.28065397956975463,1.2744699491166942,-0.949021279978091,1.6792747314460454,1.1255671642452045
0.16254423499476775,-1.3988834111592017,2.7254397060855378,2.7254397060855378,-0.9719110704196889,-1.4495837895323882,-1.0471556161431952,-0.6750807673414829,-1.3046699908599295,-0.859749037274094,-0.48205328198438235,-0.11336400879118629,0.6928817880382651,-0.729011943632983,-0.5432670420452859,0.885612309053981,0.041654535569467
-1.7179099213363322,-0.022612457198707574,-1.2646182929415224,-1.2646182929415224,1.803878473468348,1.1418211178650424,1.45134924517595,0.8331736116944044,1.0190940096470398,1.909300293623256,2.521232791480213,-0.11336400879118629,-0.9560294458357763,0.687242497793513,0.18412165278547515,-1.1337935730163102,-0.8186953190947202
-0.6067324653225005,0.909544471316442,-1.2646182929415224,-1.2646182929415224,1.7105592468775173,1.1553015895097893,1.3125434195471086,0.8331736116944044,1.2190147058053171,1.2939559978682893,-0.48205328198438235,-0.11336400879118629,-0.9560294458357763,-0.245412866072716,0.763063675201795,-1.1207930591923674,-0.8186953190947202
0.24801942391890863,0.11194511085925403,1.3954203730765178,1.3954203730765176,-0.6096128965964646,-0.1283757759612971,-0.353126487998988,-0.16298488485308327,-0.4057153639132397,0.06326740635835588,-0.48205328198438235,-0.6713294381990715,-0.5438016373672659,-1.247153812447555,-0.7906781627360208,1.8030757295983642,1.8395221608324077
1.1027713131603178,-1.0995746364802983,1.3954203730765178,1.3954203730765176,-0.9810600142031037,-1.606028941404888,-1.0471556161431952,-0.6750807673414829,-1.3046699908599295,-0.859749037274094,-0.48205328198438235,-0.6713294381990715,-0.13157382889875557,1.2744699491166942,-1.2063288454964558,0.885612309053981,0.041654535569467
-0.26483170962593683,-0.5510250194231298,1.3954203730765178,1.3954203730765176,-0.8529748012352971,-0.5089012512630978,-0.9083497905143537,-0.16298488485308327,-1.3046699908599295,-0.859749037274094,-0.48205328198438235,0.1656187059127562,0.6928817880382651,0.3418145852504652,-0.09297880238814797,0.5503863368836848,0.041654535569467
-1.3760091656397686,0.6998133426906824,0.06540104006749757,0.06540104006749754,-0.30586796298709473,0.1953021090226865,0.06329098888753605,0.23422754085689548,0.49323926303345,0.06326740635835588,-0.48205328198438235,-0.6713294381990715,-0.9560294458357763,-0.6599263611243734,1.6339508200331825,-0.44299796117828627,0.041654535569467
1.5301472577810225,-1.0043117958243155,1.3954203730765178,1.3954203730765176,-0.9883791692298355,-1.5098037653100853,-1.1859614417720366,-1.3968393760212348,-1.3046699908599295,-0.859749037274094,-0.48205328198438235,-0.9503121529030141,-0.13157382889875557,-0.5562979873614591,-0.02865191100855686,1.3596464266010555,0.041654535569467
-0.09388133177765497,-0.022612457198707574,2.7254397060855378,2.7254397060855378,0.8853245176135064,1.1872058679756492,0.3409026401452189,-0.6750807673414829,0.49323926303345,1.2939559978682893,2.521232791480213,-0.11336400879118629,0.6928817880382651,0.6181569152849035,-0.2166843627335156,0.885612309053981,1.8395221608324077
-0.17935652070179586,0.6182140789793391,0.06540104006749757,0.06540104006749754,0.20464310012744855,0.4383667492464335,0.7573201170317431,-0.16298488485308327,0.49323926303345,1.909300293623256,-0.48205328198438235,-1.2292948676069566,-1.3682572543042866,-0.9017258999045069,0.8620281234780893,-0.3670770836606983,0.6520824719662904
-0.43578208747421865,-0.8328960123370207,0.06540104006749757,0.06540104006749754,-0.9847195917164695,-1.116747576614367,-1.324767267400878,-1.3968393760212348,-1.3046699908599295,-1.1674211851515772,-0.48205328198438235,-0.3923467234951289,0.6928817880382651,1.1017559928451703,0.045571425198663446,0.5503863368836848,-0.8186953190947202
0.33349461284304954,-0.23074313188165096,1.3954203730765178,1.3954203730765176,-1.003017479283299,-1.5623335936686813,-1.324767267400878,-1.3968393760212348,-1.3046699908599295,-1.1674211851515772,-0.48205328198438235,-0.3923467234951289,0.6928817880382651,-1.4889533512276882,-1.057882173082015,0.5503863368836848,-0.8186953190947202
0.6753953685396131,0.5957599490353512,0.06540104006749757,0.06540104006749754,1.3519206505676589,1.229467004208312,0.7573201170317431,1.637741372355351,0.49323926303345,-0.2444047415191273,-0.48205328198438235,2.118497708840354,0.6928817880382651,-0.2799556573270208,0.7581154527879803,0.2579690359459598,1.5124323266304773
1.3591968799327403,-0.5441932309508101,0.06540104006749757,0.06540104006749754,0.11315366229330096,0.3466258233895937,0.7573201170317431,1.2805323325064204,0.12013938270035009,0.6786117021133227,-0.48205328198438235,1.8395149941364122,1.1051095965067754,0.9981276190822559,0.8917174579609772,0.5503863368836848,1.8395221608324077
1.0172961242361769,0.493617545162487,-1.2646182929415224,-1.2646182929415224,1.308005720407268,1.276505100846385,0.6185142914029016,0.23422754085689548,1.54494875626063,-0.2444047415191273,-0.48205328198438235,-0.6713294381990715,-0.9560294458357763,-0.0036133272925826148,0.025778535543404747,-1.033488587128577,-0.8186953190947202
-0.6067324653225005,-1.767943312898152,0.06540104006749757,0.06540104006749754,-0.9206769852325662,-1.0266152325933795,-0.9083497905143537,-0.6750807673414829,-1.3046699908599295,-0.5520768893966107,-0.48205328198438235,0.1656187059127562,1.1051095965067754,-0.3490412398356304,0.04062320278484885,1.3596464266010555,0.6520824719662904
-1.2905339767156276,-1.175249831865994,0.06540104006749757,0.06540104006749754,-0.9719110704196889,-1.2039083447629704,-1.1859614417720366,-1.3968393760212348,-1.3046699908599295,-0.859749037274094,-0.48205328198438235,-0.3923467234951289,0.6928817880382651,-1.5925817249906027,-0.5927492661834328,0.10695703388637642,-0.8186953190947202
1.6156224467051634,0.12312440108668622,2.7254397060855378,2.7254397060855378,-0.9700812816630059,-1.1741655882648891,-1.1859614417720366,-1.3968393760212348,-1.3046699908599295,-0.859749037274094,-0.48205328198438235,-1.2292948676069566,-0.5438016373672659,-0.4181268223442399,0.30782721313084277,0.10695703388637642,-0.8186953190947202
-1.4614843545639096,-1.044155932788754,0.06540104006749757,0.06540104006749754,-0.746847053347686,-0.3186385136121975,-0.6307381392566709,-0.16298488485308327,-0.4057153639132397,-0.5520768893966107,-0.48205328198438235,0.44460142061669883,1.1051095965067754,-0.9362686911588117,0.7284261183050921,1.3596464266010555,1.1255671642452045
-1.205058787791487,-1.32731684380581,0.06540104006749757,0.06540104006749754,-0.9975281130132503,-1.411009879301774,-1.324767267400878,-1.3968393760212348,-1.3046699908599295,-1.1674211851515772,-0.48205328198438235,-0.11336400879118629,1.1051095965067754,1.0326704103365607,0.4216363286485807,0.5503863368836848,-0.8186953190947202
-1.7179099213363322,-0.8532002787757332,-1.2646182929415224,-1.2646182929415224,-0.9096982526924687,-0.7175861916225864,-1.0471556161431952,-1.3968393760212348,-0.4057153639132397,-0.859749037274094,-0.48205328198438235,-1.2292948676069566,-0.5438016373672659,-0.10724170105549691,-0.3107005885959948,-0.17352148123935618,-0.8186953190947202
1.1027713131603178,0.6917394108597591,0.06540104006749757,0.06540104006749754,1.084771492091948,1.1548730336515638,0.6185142914029016,1.4680820320250476,0.49323926303345,-0.2444047415191273,-0.48205328198438235,1.2815495647285267,-0.13157382889875557,1.1362987840994752,0.4859632200281719,-0.662005171948142,0.041654535569467
-0.17935652070179586,-0.7967305307038317,0.06540104006749757,0.06540104006749754,-0.9316557177726639,-0.6737143312413951,-1.1859614417720366,-1.3968393760212348,-0.4057153639132397,-1.1674211851515772,1.4128092602512243,-0.3923467234951289,0.6928817880382651,-1.3507821862104692,0.8966656803747922,0.10695703388637642,-0.8186953190947202
-1.205058787791487,-1.425828367091987,0.06540104006749757,0.06540104006749754,-0.9792302254464207,-1.573113266275278,-1.0471556161431952,-0.6750807673414829,-1.3046699908599295,-0.859749037274094,-0.48205328198438235,0.1656187059127562,1.1051095965067754,0.06547225521602688,0.05051964761247835,0.885612309053981,0.041654535569467
0.7608705574637541,0.4944297158200355,1.3954203730765178,1.3954203730765176,0.6126859928677467,0.5943065726910157,1.1737375939182673,0.23422754085689548,1.0190940096470398,1.909300293623256,-0.48205328198438235,-0.6713294381990715,-0.9560294458357763,-0.3835840310899352,1.4904523700325565,-1.1065825691090452,-0.8186953190947202
0.07706904607062683,1.138863245212489,-1.2646182929415224,-1.2646182929415224,1.4379207221317576,1.0849229994483176,1.1737375939182673,1.79262821499482,0.7826380134765774,0.06326740635835588,3.3076718024868312,1.5605322794324692,-0.5438016373672659,-1.3507821862104692,1.069853464858307,-1.1065825691090452,-0.8186953190947202
-0.26483170962593683,-1.0118602054650607,0.06540104006749757,0.06540104006749754,-0.9261663515026151,-0.6162963195908736,-1.1859614417720366,-1.3968393760212348,-1.3046699908599295,-0.859749037274094,-0.48205328198438235,-0.11336400879118629,1.1051095965067754,-1.2126110211932501,1.1886108027898592,0.10695703388637642,-0.8186953190947202
0.33349461284304954,1.4880966279583436,-1.2646182929415224,-1.2646182929415224,1.9978360816767409,1.332930122697023,1.1737375939182673,1.070869606315068,1.2190147058053171,0.6786117021133227,1.4128092602512243,0.1656187059127562,-0.9560294458357763,-1.074439856176031,0.6393581148564278,-1.1065825691090452,-0.8186953190947202
-1.6324347324121913,0.8026245929874102,-1.2646182929415224,-1.2646182929415224,1.201877972519657,1.0225580285984346,1.034931768289426,0.23422754085689548,1.0190940096470398,1.6016281457457726,-0.48205328198438235,-0.6713294381990715,-0.9560294458357763,1.5853550704054373,1.6537437096884413,-1.0909849017837394,-0.8186953190947202
-1.4614843545639096,-0.4989505478509025,-1.2646182929415224,-1.2646182929415224,-0.7852726172380279,-0.3270635611232368,-0.7695439648855122,-0.6750807673414829,-0.4057153639132397,-0.5520768893966107,-0.48205328198438235,-0.3923467234951289,0.28065397956975463,-1.3162393949561644,-0.7411959385978738,-0.5087474534096523,-0.8186953190947202
-0.008406142853514067,0.16038870184479392,0.06540104006749757,0.06540104006749754,1.12319705598229,1.1766822321457568,0.6185142914029016,0.23422754085689548,0.12013938270035009,1.6016281457457726,2.521232791480213,0.7235841353206415,1.1051095965067754,0.5490713327762939,1.1341803562378978,-0.30958076900553577,0.6520824719662904
1.6156224467051634,0.3553096596564337,0.06540104006749757,0.06540104006749754,-0.11191035477870194,0.2274869493566192,0.4797084657740603,-0.16298488485308327,1.0190940096470398,0.6786117021133227,-0.48205328198438235,-0.9503121529030141,-0.9560294458357763,0.7563280803021226,0.13463942864732797,-0.6169507842366649,0.041654535569467
-0.35030689855007774,-1.178355190262503,0.06540104006749757,0.06540104006749754,-1.0066770567966652,-1.674616845288383,-1.324767267400878,-1.3968393760212348,-1.3046699908599295,-1.1674211851515772,1.4128092602512243,-0.11336400879118629,1.1051095965067754,-1.247153812447555,-0.1770985834229979,0.5503863368836848,-0.8186953190947202
1.4446720688568817,1.4699422250249066,-1.2646182929415224,-1.2646182929415224,0.36932408822891416,0.808382229055735,0.3409026401452189,-0.6750807673414829,1.6815926404232675,-0.5520768893966107,-0.48205328198438235,-1.7872602970148417,-1.7804850627727968,0.3072717939961604,-0.6075939334248768,-0.9827815709567269,-0.8186953190947202
0.33349461284304954,-0.3609293108122193,1.3954203730765178,1.3954203730765176,-0.9627621266362743,-1.0618823366451877,-1.1859614417720366,-1.3968393760212348,-1.3046699908599295,-0.859749037274094,-0.48205328198438235,-0.6713294381990715,0.28065397956975463,0.5490713327762939,0.08515720450918116,1.3596464266010555,0.041654535569467
-0.09388133177765497,1.5756199599953349,-1.2646182929415224,-1.2646182929415224,0.7307073676737971,1.1692703162235223,0.20209681451637745,0.23422754085689548,0.7826380134765774,0.06326740635835588,-0.48205328198438235,-1.2292948676069566,-1.7804850627727968,-1.696210098753517,-1.6863064196364816,-0.9521767564069609,-0.8186953190947202
-0.17935652070179586,-1.026335953067249,1.3954203730765178,1.3954203730765176,-0.9591025491229083,-1.259321051881488,-1.0471556161431952,-0.6750807673414829,-1.3046699908599295,-0.859749037274094,-0.48205328198438235,-0.11336400879118629,0.6928817880382651,-0.5562979873614591,0.9758372389958272,1.8030757295983642,0.6520824719662904
-0.6067324653225005,-0.8921366955934995,0.06540104006749757,0.06540104006749754,-1.010336634310031,-1.7981463220312721,-1.324767267400878,-1.3968393760212348,-1.3046699908599295,-1.1674211851515772,1.4128092602512243,-0.6713294381990715,0.28065397956975463,1.4126411141339135,-0.8747979437708706,0.5503863368836848,-0.8186953190947202
1.0172961242361769,0.9200549151200108,0.06540104006749757,0.06540104006749754,0.488260357413306,0.44398033352871646,1.3125434195471086,0.8331736116944044,1.3921938899801396,0.986283849990806,-0.48205328198438235,0.1656187059127562,-0.5438016373672659,1.5853550704054373,-0.7906781627360208,-0.2784207631899799,1.1255671642452045
-1.4614843545639096,0.9601379258072572,0.06540104006749757,0.06540104006749754,1.5531974138027835,1.1995788310656417,1.034931768289426,1.2805323325064204,0.7826380134765774,0.6786117021133227,2.521232791480213,0.7235841353206415,-0.5438016373672659,1.5162694878968277,0.8966656803747922,-0.7713565969387493,0.041654535569467
0.24801942391890863,0.855367910983501,-1.2646182929415224,-1.2646182929415224,0.8432393762097985,1.1603094106203893,0.3409026401452189,0.23422754085689548,1.2190147058053171,-0.2444047415191273,-0.48205328198438235,-0.6713294381990715,-0.9560294458357763,-0.3835840310899352,-0.5432670420452859,-0.17352148123935618,0.6520824719662904
-0.43578208747421865,0.9671608132578238,-1.2646182929415224,-1.2646182929415224,1.1158779009555582,1.17255770143056,0.6185142914029016,-0.16298488485308327,0.7826380134765774,1.2939559978682893,-0.48205328198438235,-1.5082775823108991,-1.7804850627727968,-1.074439856176031,1.2677823614108945,-1.033488587128577,-0.8186953190947202
-0.6067324653225005,0.3891341788061006,0.06540104006749757,0.06540104006749754,1.2970269878671703,1.1354196371342749,0.8961259426605844,1.79262821499482,0.49323926303345,-0.2444047415191273,-0.48205328198438235,2.118497708840354,0.28065397956975463,0.2727290027418556,0.9906819062372711,0.1789029217032498,1.5124323266304773
-0.7776828431707824,-0.6311910407976229,1.3954203730765178,1.3954203730765176,-0.9499536053394935,-1.1393952701597947,-1.0471556161431952,-0.6750807673414829,-1.3046699908599295,-0.859749037274094,-0.48205328198438235,-0.11336400879118629,0.6928817880382651,-0.14178449230980172,-0.701610159287356,0.885612309053981,0.041654535569467
1.1882465020844588,-0.05340328006870807,0.06540104006749757,0.06540104006749754,-0.8584641675053459,-0.5436715693681918,-0.9083497905143537,-0.6750807673414829,-1.3046699908599295,-0.5520768893966107,1.4128092602512243,-0.3923467234951289,0.28065397956975463,0.4109001677590748,0.2979307683032132,-0.3670770836606983,-0.8186953190947202
-0.008406142853514067,0.7934040672870066,-1.2646182929415224,-1.2646182929415224,1.5111122723990755,1.6146467273220046,0.20209681451637745,-0.16298488485308327,0.49323926303345,0.6786117021133227,-0.48205328198438235,-1.5082775823108991,-1.7804850627727968,-1.4889533512276882,1.0401641303754183,-0.9521767564069609,-0.8186953190947202
2.213948769174149,0.6314954579674852,-1.2646182929415224,-1.2646182929415224,0.6071966265976979,1.1714448918915465,0.06329098888753605,0.5587737238266683,0.49323926303345,-0.2444047415191273,-0.48205328198438235,-0.6713294381990715,-1.3682572543042866,0.5490713327762939,-0.2018396954920714,-0.9170320787253607,-0.8186953190947202
1.7865728245534451,-0.24717764401086767,1.3954203730765178,1.3954203730765176,-0.26195303282670396,0.1762024398064524,0.20209681451637745,0.23422754085689548,1.2190147058053171,-0.5520768893966107,-0.48205328198438235,-0.11336400879118629,-0.13157382889875557,0.10001504647033169,-0.4443025937689916,-0.5087474534096523,0.041654535569467
1.0172961242361769,1.2786043730553924,-1.2646182929415224,-1.2646182929415224,1.953006257138008,1.3148087578664616,1.1737375939182673,0.23422754085689548,1.3921938899801396,1.2939559978682893,1.4128092602512243,-0.9503121529030141,-1.3682572543042866,1.309012740370999,1.4112808114115207,-1.1065825691090452,-0.8186953190947202
-0.008406142853514067,0.493617545162487,0.06540104006749757,0.06540104006749754,0.12413239483339865,0.358001615142261,0.7573201170317431,0.8331736116944044,0.12013938270035009,1.2939559978682893,-0.48205328198438235,0.1656187059127562,-0.5438016373672659,-0.3835840310899352,-1.2607592920484174,-0.3670770836606983,0.6520824719662904
-0.7776828431707824,-1.1185412100712842,1.3954203730765178,1.3954203730765176,-0.9353152952860299,-1.3449906853317874,-0.7695439648855122,-0.6750807673414829,-0.4057153639132397,-0.5520768893966107,-0.48205328198438235,-0.9503121529030141,-0.5438016373672659,0.13455783772463648,-1.1321055092892351,1.0244204544307594,0.6520824719662904
-0.7776828431707824,-0.6754304542617352,0.06540104006749757,0.06540104006749754,-0.9938685354998843,-1.319541027659185,-1.324767267400878,-1.3968393760212348,-1.3046699908599295,-1.1674211851515772,-0.48205328198438235,0.1656187059127562,1.5173374049752855,-0.6253835698700687,1.1341803562378978,0.5503863368836848,-0.8186953190947202
0.16254423499476775,-0.01795441960394417,1.3954203730765178,1.3954203730765176,-0.13569760861558033,0.2736547101316806,0.3409026401452189,0.8331736116944044,0.49323926303345,0.06326740635835588,-0.48205328198438235,1.0025668500245841,0.6928817880382651,0.6181569152849035,0.9609925717543834,1.2052406138989715,2.122860263027301
-0.008406142853514067,0.14084883131906822,0.06540104006749757,0.06540104006749754,0.20006862823574115,0.5027107847940907,0.6185142914029016,0.8331736116944044,0.12013938270035009,0.986283849990806,-0.48205328198438235,0.1656187059127562,-0.5438016373672659,0.5490713327762939,1.5993132631364797,-0.662005171948142,0.041654535569467
0.7608705574637541,1.3221749400956413,-1.2646182929415224,-1.2646182929415224,0.9374734971789705,0.6004625189580135,1.7289608964336327,0.23422754085689548,1.8052020693197453,1.6016281457457726,-0.48205328198438235,-0.9503121529030141,-1.3682572543042866,0.5145285415219891,0.2682414338203249,-1.1567343940151054,-0.8186953190947202
-0.6067324653225005,-0.9669519455770847,0.06540104006749757,0.06540104006749754,-0.9462940278261275,-1.0945079719031907,-1.0471556161431952,-0.6750807673414829,-1.3046699908599295,-0.859749037274094,-0.48205328198438235,-0.11336400879118629,0.6928817880382651,1.1362987840994752,0.5750312234768367,0.885612309053981,0.041654535569467
0.5899201796154723,0.9636254821602596,-1.2646182929415224,-1.2646182929415224,2.1497085484814256,1.8035060939656078,0.3409026401452189,0.23422754085689548,0.49323926303345,0.6786117021133227,-0.48205328198438235,-0.6713294381990715,-0.9560294458357763,-0.7635547348872878,1.163869690720786,-0.9827815709567269,-0.8186953190947202
-0.5212572763983596,0.036269915473558526,0.06540104006749757,0.06540104006749754,0.7718776146991635,1.1972452785827785,0.20209681451637745,-0.6750807673414829,0.7826380134765774,0.6786117021133227,-0.48205328198438235,0.1656187059127562,1.1051095965067754,0.4799857502676843,1.0945945769273802,-0.5087474534096523,0.041654535569467
-1.2905339767156276,-0.7725565099556234,0.06540104006749757,0.06540104006749754,-0.9847195917164695,-1.4349769365943694,-1.1859614417720366,-1.3968393760212348,-1.3046699908599295,-0.859749037274094,-0.48205328198438235,-0.6713294381990715,0.28065397956975463,0.5836141240305986,-1.4141541868766732,0.10695703388637642,-0.8186953190947202
-0.5212572763983596,-0.17565885140203807,1.3954203730765178,1.3954203730765176,-0.5748469102194885,-0.036187446205681005,-0.353126487998988,0.5587737238266683,-0.4057153639132397,-0.5520768893966107,-0.48205328198438235,1.0025668500245841,1.1051095965067754,0.687242497793513,1.26283413899708,1.8030757295983642,1.8395221608324077
-0.09388133177765497,-1.06570234258607,0.06540104006749757,0.06540104006749754,-0.9865493804731527,-1.4718233942435652,-1.1859614417720366,-1.3968393760212348,-0.4057153639132397,-1.1674211851515772,1.4128092602512243,-1.2292948676069566,-0.5438016373672659,0.10001504647033169,-0.2463736972164036,0.10695703388637642,-0.8186953190947202
0.24801942391890863,0.5711559555860878,0.06540104006749757,0.06540104006749754,1.4690271309953675,1.2218442676163779,0.8961259426605844,0.23422754085689548,0.49323926303345,1.909300293623256,1.4128092602512243,0.7235841353206415,1.1051095965067754,-0.14178449230980172,1.1935590252036743,-0.11351437923447527,1.1255671642452045
-0.26483170962593683,-0.6342963991941318,1.3954203730765178,1.3954203730765176,-0.9060386751791026,-0.8948352928571244,-0.9083497905143537,-0.16298488485308327,-1.3046699908599295,-0.859749037274094,-0.48205328198438235,0.44460142061669883,1.1051095965067754,-1.6271245162449075,0.09010542692299586,1.3596464266010555,0.6520824719662904
-0.5212572763983596,-0.2750303200903251,1.3954203730765178,1.3954203730765176,-0.820038603615004,-0.4991441675036839,-0.7695439648855122,-0.16298488485308327,0.12013938270035009,-1.1674211851515772,-0.48205328198438235,0.44460142061669883,1.1051095965067754,1.2744699491166942,1.6141579303779234,1.6792747314460454,1.1255671642452045
-0.09388133177765497,-1.398357888969023,-1.2646182929415224,-1.2646182929415224,-0.891400365125639,-0.30403166067417864,-1.1859614417720366,-1.3968393760212348,-0.4057153639132397,-1.1674211851515772,1.4128092602512243,0.1656187059127562,1.5173374049752855,-0.9017258999045069,0.565134778649207,0.10695703388637642,-0.8186953190947202
-1.7179099213363322,-1.0307790043114844,0.06540104006749757,0.06540104006749754,-0.9719110704196889,-1.2039083447629704,-1.1859614417720366,-1.3968393760212348,-1.3046699908599295,-0.859749037274094,-0.48205328198438235,-0.11336400879118629,1.1051095965067754,-1.247153812447555,0.9510961269267536,0.10695703388637642,-0.8186953190947202
0.6753953685396131,0.6961346873594334,0.06540104006749757,0.06540104006749754,1.4241973064566351,1.2657242715209727,0.7573201170317431,-0.16298488485308327,1.0190940096470398,1.2939559978682893,-0.48205328198438235,-0.11336400879118629,0.28065397956975463,-1.2126110211932501,-0.4146132592861036,-0.7023030558309941,0.041654535569467
-0.008406142853514067,-1.0048373180144945,0.06540104006749757,0.06540104006749754,-0.9462940278261275,-0.8413293753468678,-1.1859614417720366,-1.3968393760212348,-1.3046699908599295,-0.859749037274094,-0.48205328198438235,-0.3923467234951289,0.6928817880382651,1.4817266966425229,0.12969120623351335,0.10695703388637642,-0.8186953190947202
-0.008406142853514067,-0.873026797768829,1.3954203730765178,1.3954203730765176,-1.008506845553348,-1.7348368210660796,-1.324767267400878,-1.3968393760212348,-1.3046699908599295,-1.1674211851515772,-0.48205328198438235,-0.11336400879118629,1.1051095965067754,-0.3835840310899352,0.9065621252024216,0.5503863368836848,-0.8186953190947202
-1.3760091656397686,-1.52252445008482,0.06540104006749757,0.06540104006749754,-0.9993579017699331,-1.4594186197985801,-1.324767267400878,-2.6306938671893865,-1.3046699908599295,-0.859749037274094,-0.48205328198438235,-0.6713294381990715,0.6928817880382651,0.859956454065037,-0.6273868230801357,0.5503863368836848,-0.8186953190947202
1.2737216910085998,-1.1673192242687558,-1.2646182929415224,-1.2646182929415224,-0.446761697251682,0.140153488345582,-0.2143206623701467,0.23422754085689548,-0.4057153639132397,0.06326740635835588,-0.48205328198438235,0.44460142061669883,0.6928817880382651,-1.2126110211932501,1.0401641303754183,0.2307580320386946,0.6520824719662904
-0.35030689855007774,-0.7723654109773767,2.7254397060855378,2.7254397060855378,-0.6535278267568554,-0.1311777400884725,-0.4919323136278294,0.23422754085689548,-0.4057153639132397,-0.5520768893966107,-0.48205328198438235,0.7235841353206415,1.1051095965067754,1.5508122791511325,1.5943650407226648,2.526983547721405,2.122860263027301
-1.034108409943205,-0.7506279022018139,0.06540104006749757,0.06540104006749754,-1.0048472680399825,-1.617198833637861,-1.324767267400878,-2.6306938671893865,-0.4057153639132397,-1.1674211851515772,-0.48205328198438235,-1.7872602970148417,-0.9560294458357763,-0.5562979873614591,-1.3003450713589348,0.5503863368836848,-0.8186953190947202
-0.17935652070179586,-1.98789823686011,0.06540104006749757,0.06540104006749754,-0.9645919153929571,-1.337300537912687,-1.0471556161431952,-1.3968393760212348,0.12013938270035009,-1.1674211851515772,-0.48205328198438235,-0.9503121529030141,-0.13157382889875557,-0.5908407786157639,0.2781378786479546,1.8030757295983642,0.6520824719662904
0.07706904607062683,-0.3850555568158659,0.06540104006749757,0.06540104006749754,-0.13935718612894624,0.3515140066815193,0.20209681451637745,1.070869606315068,0.49323926303345,-0.5520768893966107,1.4128092602512243,1.2815495647285267,0.6928817880382651,-1.3162393949561644,-0.4838883730795093,-0.09220965051774017,0.6520824719662904
0.7608705574637541,0.5506605901691286,0.06540104006749757,0.06540104006749754,0.7398563114572118,0.6276416064413959,1.3125434195471086,0.23422754085689548,1.0190940096470398,2.2169724415007392,-0.48205328198438235,-0.9503121529030141,-1.3682572543042866,0.9981276190822559,1.376643254514818,-0.2784207631899799,1.1255671642452045
1.7010976356293042,-0.622591586776521,0.06540104006749757,0.06540104006749754,-0.8310173361551016,-0.3788584893898945,-0.9083497905143537,-0.6750807673414829,-0.4057153639132397,-0.859749037274094,-0.48205328198438235,-0.3923467234951289,0.28065397956975463,0.2381862114875508,1.5547792614121472,-0.3670770836606983,-0.8186953190947202
0.07706904607062683,1.5196757341136116,1.3954203730765178,1.3954203730765176,1.1067289571721437,1.2411717754115101,0.4797084657740603,-0.6750807673414829,0.12013938270035009,1.909300293623256,-0.48205328198438235,-0.6713294381990715,-0.13157382889875557,0.2727290027418556,0.3127754355446575,-0.24546736905622968,0.6520824719662904
-0.8631580320949233,1.8367089390248963,-1.2646182929415224,-1.2646182929415224,1.5257505824525393,1.2490685692581847,0.8961259426605844,0.5587737238266683,1.2190147058053171,0.6786117021133227,1.4128092602512243,-0.9503121529030141,-1.7804850627727968,-1.4544105599733836,-0.8747979437708706,-1.4262108739540353,-2.2894731101557304
-0.8631580320949233,0.50852326546573,0.06540104006749757,0.06540104006749754,-0.633400150433343,-0.1956689210557955,-0.353126487998988,-0.16298488485308327,-0.4057153639132397,0.06326740635835588,-0.48205328198438235,-0.6713294381990715,-0.5438016373672659,-1.696210098753517,-0.7510923834255031,-0.17352148123935618,0.041654535569467
-2.059810677032896,1.0719786028261418,-1.2646182929415224,-1.2646182929415224,0.8743457850734088,1.1802457104265596,0.3409026401452189,0.5587737238266683,0.7826380134765774,0.06326740635835588,-0.48205328198438235,-0.6713294381990715,-1.3682572543042866,0.5836141240305986,-1.4735328558424494,-0.9827815709567269,-0.8186953190947202
1.957523202401727,-0.04026522531424697,-1.2646182929415224,-1.2646182929415224,-0.6571874042702214,-0.1424496418812323,-0.4919323136278294,0.23422754085689548,-0.4057153639132397,-0.5520768893966107,-0.48205328198438235,0.1656187059127562,0.28065397956975463,1.2744699491166942,0.4117398838209514,-0.7023030558309941,-0.8186953190947202
0.07706904607062683,0.9040026009472876,0.06540104006749757,0.06540104006749754,0.40043049709252426,0.48742142573713115,1.034931768289426,0.5587737238266683,0.49323926303345,1.909300293623256,-0.48205328198438235,-0.3923467234951289,-0.9560294458357763,1.0672132015908653,-1.1370537317030498,-0.4659387821770814,0.6520824719662904
-1.8888602991846144,0.8039145110905754,-1.2646182929415224,-1.2646182929415224,1.8843891787623976,1.1757867667544657,1.45134924517595,0.23422754085689548,1.6815926404232675,1.2939559978682893,-0.48205328198438235,-0.9503121529030141,-1.3682572543042866,0.2381862114875508,-0.4344061489413623,-1.1337935730163102,-0.8186953190947202
-0.17935652070179586,-0.3836700892235772,1.3954203730765178,1.3954203730765176,-0.6992725456739293,-0.1410350117344586,-0.6307381392566709,-0.16298488485308327,-0.4057153639132397,-0.5520768893966107,-0.48205328198438235,0.44460142061669883,1.1051095965067754,-1.074439856176031,1.475607702791112,1.3596464266010555,1.1255671642452045
-1.2905339767156276,-1.7442470395955605,0.06540104006749757,0.06540104006749754,-0.9536131828528595,-0.9345256795708758,-1.1859614417720366,-1.3968393760212348,-0.4057153639132397,-1.1674211851515772,-0.48205328198438235,-0.11336400879118629,1.1051095965067754,0.06547225521602688,1.5498310389983323,1.3596464266010555,0.041654535569467
-1.5469595434880503,-1.3574149328796663,0.06540104006749757,0.06540104006749754,-0.9902089579865183,-1.5489900618931018,-1.1859614417720366,-1.3968393760212348,-1.3046699908599295,-0.859749037274094,-0.48205328198438235,-0.3923467234951289,0.6928817880382651,0.7563280803021226,0.980785461409642,0.10695703388637642,-0.8186953190947202
-0.9486332210190641,-1.7839000775817515,0.06540104006749757,0.06540104006749754,-0.8639535337753949,-0.757670897563198,-0.7695439648855122,-0.6750807673414829,0.12013938270035009,-0.859749037274094,-0.48205328198438235,-0.11336400879118629,0.6928817880382651,0.7563280803021226,1.2034554700313034,1.6792747314460454,1.1255671642452045
1.1027713131603178,-0.9774623893806536,1.3954203730765178,1.3954203730765176,-0.9225067739892493,-1.0441228263916857,-0.9083497905143537,-0.6750807673414829,-0.4057153639132397,-0.859749037274094,-0.48205328198438235,-0.3923467234951289,0.28065397956975463,1.0672132015908653,0.5403936665801338,2.083554244724097,1.1255671642452045
0.33349461284304954,1.1189411767302695,-1.2646182929415224,-1.2646182929415224,0.7892606078876515,0.66070424408448,1.3125434195471086,1.4680820320250476,0.7826380134765774,0.986283849990806,-0.48205328198438235,1.2815495647285267,-0.13157382889875557,-1.6271245162449075,1.4162290338253354,-1.1207930591923674,-0.8186953190947202
-0.43578208747421865,-0.4529912435825697,1.3954203730765178,1.3954203730765176,-0.741357687077637,-0.2967925509607908,-0.6307381392566709,-0.6750807673414829,-0.4057153639132397,-0.2444047415191273,-0.48205328198438235,-0.6713294381990715,-0.13157382889875557,1.1708415753537798,-0.1770985834229979,1.9096014216657187,1.5124323266304773
0.7608705574637541,-1.0198863625514225,-1.2646182929415224,-1.2646182929415224,-0.41199571087470593,0.32238983382271386,-0.353126487998988,0.5587737238266683,-0.4057153639132397,-0.5520768893966107,-0.48205328198438235,0.7235841353206415,0.6928817880382651,-0.6944691523786782,0.5997723355459103,-0.7713565969387493,-0.8186953190947202
1.1882465020844588,0.17515109791435193,2.7254397060855378,2.7254397060855378,-0.22352746893636194,0.151400827412982,0.3409026401452189,0.8331736116944044,0.49323926303345,0.06326740635835588,1.4128092602512243,1.0025668500245841,0.6928817880382651,-1.3162393949561644,-0.5135777075623976,1.8030757295983642,2.596344955306216
0.33349461284304954,-0.18387610746664637,1.3954203730765178,1.3954203730765176,-0.9645919153929571,-1.0890101246482897,-1.1859614417720366,-1.3968393760212348,-1.3046699908599295,-0.859749037274094,-0.48205328198438235,-0.6713294381990715,0.28065397956975463,0.20364342023324608,-1.6516688627397786,0.10695703388637642,-0.8186953190947202
-0.26483170962593683,-1.1772563711375843,0.06540104006749757,0.06540104006749754,-0.9115280414491514,-0.9426192473785806,-0.9083497905143537,-0.6750807673414829,-1.3046699908599295,-0.5520768893966107,-0.48205328198438235,0.1656187059127562,1.1051095965067754,-1.039897064921726,1.5547792614121472,1.3596464266010555,0.6520824719662904
-0.17935652070179586,0.6666098952203173,1.3954203730765178,1.3954203730765176,-0.5419107125991954,-0.0680467613860609,-0.2143206623701467,0.5587737238266683,-0.4057153639132397,-0.2444047415191273,-0.48205328198438235,0.44460142061669883,0.28065397956975463,-1.6616673074992123,-1.6021866386016317,0.2307580320386946,0.6520824719662904
-0.43578208747421865,-1.0273392227030438,0.06540104006749757,0.06540104006749754,-0.9554429716095423,-1.2099438808383751,-1.0471556161431952,-0.16298488485308327,-1.3046699908599295,-1.1674211851515772,-0.48205328198438235,0.7235841353206415,1.5173374049752855,-1.039897064921726,0.16927698554403087,-0.17352148123935618,-0.8186953190947202
0.5044449906913313,-0.06773570343721097,1.3954203730765178,1.3954203730765176,-0.14301676364231214,0.18670092670322141,0.4797084657740603,1.070869606315068,-0.4057153639132397,0.6786117021133227,-0.48205328198438235,1.2815495647285267,0.6928817880382651,-0.729011943632983,1.3172645855490417,-0.24546736905622968,0.6520824719662904
-1.119583598867346,-1.3491021273259345,0.06540104006749757,0.06540104006749754,-0.895059942639005,-0.8044829176976727,-0.9083497905143537,-0.16298488485308327,-1.3046699908599295,-0.859749037274094,-0.48205328198438235,0.44460142061669883,1.1051095965067754,0.9290420365736465,1.163869690720786,0.5503863368836848,0.041654535569467
-0.6067324653225005,0.09570169770828403,0.06540104006749757,0.06540104006749754,0.5083880337368185,1.0961955289661147,0.06329098888753605,0.23422754085689548,0.49323926303345,0.06326740635835588,-0.48205328198438235,-0.3923467234951289,-0.5438016373672659,0.030929463961722085,1.2034554700313034,0.4169691447109347,1.1255671642452045
1.1882465020844588,0.6979979023973387,0.06540104006749757,0.06540104006749754,1.6776230492572242,0.6863388297151088,2.7006016758355225,1.79262821499482,1.6815926404232675,1.909300293623256,1.4128092602512243,2.118497708840354,0.28065397956975463,-1.6616673074992123,0.5057561096834309,-0.8105063866580066,0.6520824719662904
-1.5469595434880503,-0.23561615582694198,0.06540104006749757,0.06540104006749754,-0.36442120320094923,0.0960112370330499,0.06329098888753605,0.5587737238266683,-0.4057153639132397,0.3709395542358393,-0.48205328198438235,0.7235841353206415,0.6928817880382651,1.4126411141339135,1.5943650407226648,0.00043134181902221833,0.6520824719662904
0.5899201796154723,1.1091951288396875,0.06540104006749757,0.06540104006749754,0.9237500815038485,1.0590442447175383,0.6185142914029016,0.5587737238266683,0.7826380134765774,0.6786117021133227,-0.48205328198438235,-0.3923467234951289,-0.9560294458357763,1.1708415753537798,0.8323387889952011,-0.662005171948142,0.041654535569467
2.213948769174149,1.1470805012770973,-1.2646182929415224,-1.2646182929415224,1.103984274037119,1.0963152616788194,0.7573201170317431,-0.16298488485308327,1.0190940096470398,1.2939559978682893,-0.48205328198438235,-1.5082775823108991,-1.7804850627727968,0.8254136628107321,-1.3052932937727497,-1.0547274587736002,-0.8186953190947202
-0.5212572763983596,-1.5319360747634705,0.06540104006749757,0.06540104006749754,-0.896889731395688,-0.8190897706356915,-0.9083497905143537,-0.6750807673414829,-0.4057153639132397,-0.859749037274094,1.4128092602512243,-0.6713294381990715,-0.13157382889875557,-0.8671831086502021,-0.6570761575630237,1.3596464266010555,0.6520824719662904
-2.1452858659570366,1.351030885810894,-1.2646182929415224,-1.2646182929415224,1.4818356522921483,1.1656180840427561,1.034931768289426,-0.6750807673414829,1.3921938899801396,1.6016281457457726,3.917681290782164,-0.6713294381990715,-0.13157382889875557,-1.3162393949561644,-1.0826232851510884,-1.0909849017837394,-0.8186953190947202
-1.034108409943205,1.873256618614579,-1.2646182929415224,-1.2646182929415224,1.3876015313229764,0.8484477242718204,1.7289608964336327,1.070869606315068,1.6815926404232675,0.986283849990806,2.521232791480213,0.1656187059127562,-0.9560294458357763,-0.5562979873614591,0.68389211658076,-1.1567343940151054,-0.8186953190947202
-0.17935652070179586,-0.11226176536869337,1.3954203730765178,1.3954203730765176,0.3345581018519381,0.43109539386937096,1.034931768289426,1.637741372355351,0.12013938270035009,0.6786117021133227,-0.48205328198438235,2.397480423544297,1.1051095965067754,-1.5580389337362979,0.6294616700287982,1.1267166791401526,2.596344955306216
-0.35030689855007774,-0.690527273543225,0.06540104006749757,0.06540104006749754,-0.9517833940961765,-1.162466309505273,-1.0471556161431952,-0.6750807673414829,-1.3046699908599295,-0.859749037274094,-0.48205328198438235,-0.11336400879118629,0.6928817880382651,-1.2126110211932501,-1.483429300670079,0.885612309053981,0.041654535569467
-1.205058787791487,-1.0395217825662713,0.06540104006749757,0.06540104006749754,-0.9572727603662253,-1.2343855640425856,-1.0471556161431952,-0.6750807673414829,-1.3046699908599295,-0.859749037274094,-0.48205328198438235,-0.3923467234951289,0.28065397956975463,-0.6599263611243734,-1.562600859291114,-0.17352148123935618,-0.8186953190947202
-1.119583598867346,-1.5938999184599645,0.06540104006749757,0.06540104006749754,-1.0213153668501287,-2.266536953954465,-1.324767267400878,-1.3968393760212348,-1.3046699908599295,-1.1674211851515772,-0.48205328198438235,-0.11336400879118629,1.1051095965067754,0.8944992453193417,-1.6318759730845198,0.5503863368836848,-0.8186953190947202
-0.43578208747421865,1.4680790099870011,-1.2646182929415224,-1.2646182929415224,1.567835723856247,1.557228715671483,0.3409026401452189,-0.16298488485308327,0.7826380134765774,0.6786117021133227,2.521232791480213,-1.5082775823108991,-1.7804850627727968,-0.7980975261415926,0.17917343037166056,-0.9827815709567269,-0.8186953190947202
2.3848991470224314,1.966990667444588,-1.2646182929415224,-1.2646182929415224,2.433325805767283,1.4395907282432645,1.3125434195471086,1.070869606315068,1.8052020693197453,-0.2444047415191273,1.4128092602512243,-0.11336400879118629,-1.3682572543042866,0.9635848278279513,0.4364809958900251,-1.4262108739540353,-2.2894731101557304
1.3591968799327403,-0.15138928116470637,2.7254397060855378,2.7254397060855378,-1.003017479283299,-1.5623335936686813,-1.324767267400878,-1.3968393760212348,-1.3046699908599295,-1.1674211851515772,-0.48205328198438235,-0.11336400879118629,1.1051095965067754,-1.4198677687190788,-0.7263512713564297,0.5503863368836848,-0.8186953190947202
-1.4614843545639096,1.961401022330872,-1.2646182929415224,-1.2646182929415224,1.5632612519645397,0.88559012796621,1.8677667220624738,0.8331736116944044,1.3921938899801396,2.2169724415007392,3.3076718024868312,-0.6713294381990715,-1.7804850627727968,-0.245412866072716,-1.4240506317043025,-1.1669057793013276,-0.8186953190947202
-1.7179099213363322,1.126441811626453,0.06540104006749757,0.06540104006749754,1.1341757885223878,1.1828432998535379,0.6185142914029016,-0.6750807673414829,1.0190940096470398,1.2939559978682893,2.521232791480213,-0.3923467234951289,0.28065397956975463,-0.729011943632983,-1.3300344058418232,-0.662005171948142,0.041654535569467
-1.7179099213363322,-1.9803020524748036,0.06540104006749757,0.06540104006749754,-0.9609323378795911,-1.2847707095540901,-1.0471556161431952,-1.3968393760212348,-1.3046699908599295,-0.5520768893966107,-0.48205328198438235,-0.9503121529030141,-0.13157382889875557,0.10001504647033169,-1.4735328558424494,0.885612309053981,0.041654535569467
0.07706904607062683,0.4519101931601434,0.06540104006749757,0.06540104006749754,0.5550476470322337,0.4954595577556823,1.3125434195471086,0.5587737238266683,1.0190940096470398,1.909300293623256,-0.48205328198438235,-0.3923467234951289,-0.9560294458357763,-1.6616673074992123,0.3771023269242486,-0.8283757582546424,0.041654535569467
0.6753953685396131,1.577053202332185,-1.2646182929415224,-1.2646182929415224,2.005155236703472,1.746756553230444,0.3409026401452189,-0.6750807673414829,0.7826380134765774,0.986283849990806,3.917681290782164,-0.9503121529030141,-0.5438016373672659,-1.6616673074992123,0.30782721313084277,-0.9827815709567269,-0.8186953190947202
-1.7179099213363322,-0.4523223971587063,0.06540104006749757,0.06540104006749754,0.09394088034812996,0.4679595079593964,0.4797084657740603,1.2805323325064204,-0.4057153639132397,0.3709395542358393,-0.48205328198438235,1.8395149941364122,1.1051095965067754,-0.245412866072716,1.2578859165832652,0.4421830060566723,1.5124323266304773
0.16254423499476775,0.7383197868073936,1.3954203730765178,1.3954203730765176,0.8624521581549696,0.6030416740327953,1.5901550708047913,1.4680820320250476,1.2190147058053171,0.986283849990806,-0.48205328198438235,1.8395149941364122,0.6928817880382651,0.9290420365736465,0.8323387889952011,1.9096014216657187,3.593638054088312
0.41896980176719045,1.1170301869478028,0.06540104006749757,0.06540104006749754,0.9146011377204337,0.6356824470488047,1.5901550708047913,1.2805323325064204,0.49323926303345,2.2169724415007392,-0.48205328198438235,0.7235841353206415,-0.5438016373672659,-0.7635547348872878,-0.6818172696320973,-1.1457323588283026,-0.8186953190947202
-0.09388133177765497,-1.0433915368757671,0.06540104006749757,0.06540104006749754,-0.9353152952860299,-0.9688811885079093,-1.0471556161431952,-1.3968393760212348,-1.3046699908599295,-0.5520768893966107,-0.48205328198438235,-0.9503121529030141,-0.13157382889875557,-0.729011943632983,-1.0232446161853122,0.885612309053981,0.041654535569467
1.1027713131603178,-0.04356168268900267,0.06540104006749757,0.06540104006749754,-0.9554429716095423,-0.9589673627750864,-1.1859614417720366,-1.3968393760212348,-1.3046699908599295,-0.859749037274094,-0.48205328198438235,-0.9503121529030141,-0.13157382889875557,-0.0036133272925826148,0.09505364933681046,0.10695703388637642,-0.8186953190947202
0.24801942391890863,0.7365521212586116,0.06540104006749757,0.06540104006749754,0.301621904231645,0.4019381797077843,1.034931768289426,0.8331736116944044,0.12013938270035009,1.909300293623256,-0.48205328198438235,0.44460142061669883,-0.13157382889875557,-1.2816966037018593,-0.8104710523912796,-0.4659387821770814,0.6520824719662904
1.7010976356293042,-0.015565682375860273,0.06540104006749757,0.06540104006749754,-0.18510190504601995,0.2063824690107613,0.3409026401452189,1.4680820320250476,-0.4057153639132397,-0.2444047415191273,-0.48205328198438235,2.118497708840354,1.1051095965067754,-1.2126110211932501,-0.29090769894073604,-0.5662437680648147,0.041654535569467
-0.17935652070179586,-0.9480331467306607,0.06540104006749757,0.06540104006749754,-0.816379026101638,-0.4798583896904605,-0.7695439648855122,-0.6750807673414829,-0.4057153639132397,-0.5520768893966107,-0.48205328198438235,-0.11336400879118629,0.6928817880382651,1.3780983228796087,-0.2117361403197007,1.0244204544307594,0.6520824719662904
-1.4614843545639096,-2.119039910681912,0.06540104006749757,0.06540104006749754,-0.9737408591763719,-1.4793265460304694,-1.0471556161431952,-0.6750807673414829,-1.3046699908599295,-0.859749037274094,-0.48205328198438235,0.1656187059127562,1.1051095965067754,1.6198978616597417,0.7581154527879803,0.885612309053981,0.041654535569467
-1.7179099213363322,-1.1066452986754267,0.06540104006749757,0.06540104006749754,-0.9774004366897379,-1.2976950650077783,-1.1859614417720366,-1.3968393760212348,-1.3046699908599295,-0.859749037274094,-0.48205328198438235,-0.11336400879118629,1.1051095965067754,0.2381862114875508,0.030726757957219346,0.10695703388637642,-0.8186953190947202
1.7865728245534451,0.20868896859664873,0.06540104006749757,0.06540104006749754,-0.7541662083744177,-0.3483812701102787,-0.6307381392566709,-0.6750807673414829,-0.4057153639132397,-0.2444047415191273,-0.48205328198438235,-0.9503121529030141,-0.5438016373672659,0.7908708715564273,-0.8055228299774647,0.10695703388637642,0.041654535569467
1.957523202401727,-1.6126276183281416,-1.2646182929415224,-1.2646182929415224,-1.013996211823397,-1.9354281936178632,-1.324767267400878,-2.6306938671893865,-1.3046699908599295,-0.859749037274094,-0.48205328198438235,-1.2292948676069566,-0.13157382889875557,-1.2126110211932501,-0.1325645816986657,0.5503863368836848,-0.8186953190947202
-1.7179099213363322,-1.0307790043114844,0.06540104006749757,0.06540104006749754,-0.9719110704196889,-1.2039083447629704,-1.1859614417720366,-1.3968393760212348,-1.3046699908599295,-0.859749037274094,-0.48205328198438235,-0.11336400879118629,1.1051095965067754,-1.247153812447555,0.9510961269267536,0.10695703388637642,-0.8186953190947202
-0.43578208747421865,-1.5156448868679386,-1.2646182929415224,-1.2646182929415224,-0.9774004366897379,-1.2976950650077783,-1.1859614417720366,-1.3968393760212348,-1.3046699908599295,-0.859749037274094,-0.48205328198438235,-0.11336400879118629,1.1051095965067754,1.7235262354226564,-1.2360181799793437,0.10695703388637642,-0.8186953190947202
0.846345746387895,-1.3644378203302328,-1.2646182929415224,-1.2646182929415224,-1.003017479283299,-1.5623335936686813,-1.324767267400878,-1.3968393760212348,-1.3046699908599295,-1.1674211851515772,-0.48205328198438235,-0.11336400879118629,1.1051095965067754,0.7908708715564273,-0.013807243767112759,0.5503863368836848,-0.8186953190947202
-0.26483170962593683,-0.441286431164959,0.06540104006749757,0.06540104006749754,-0.6882938131338315,-0.24265978124969328,-0.4919323136278294,0.5587737238266683,-1.3046699908599295,-0.5520768893966107,-0.48205328198438235,1.0025668500245841,1.1051095965067754,1.4817266966425229,-0.44925081618280643,-0.047448778815707984,0.041654535569467
0.41896980176719045,1.404156401763478,-1.2646182929415224,-1.2646182929415224,1.1469843098191683,1.2638005948212232,0.4797084657740603,0.23422754085689548,1.0190940096470398,0.3709395542358393,2.521232791480213,-1.2292948676069566,-1.7804850627727968,1.309012740370999,-0.850056831701797,-1.009673071062123,-0.8186953190947202
-0.6067324653225005,-1.3294667073110855,0.06540104006749757,0.06540104006749754,-0.9517833940961765,-1.162466309505273,-1.0471556161431952,-0.6750807673414829,-1.3046699908599295,-0.859749037274094,-0.48205328198438235,0.1656187059127562,1.1051095965067754,-1.4544105599733836,0.15443231830258697,0.885612309053981,0.041654535569467
1.3591968799327403,0.18403720040282373,0.06540104006749757,0.06540104006749754,-0.25646366655665503,0.1846083610684241,0.20209681451637745,-0.16298488485308327,0.12013938270035009,0.986283849990806,-0.48205328198438235,-0.9503121529030141,-0.9560294458357763,1.4471839053882183,-0.8154192748050942,-0.5087474534096523,0.041654535569467
1.1882465020844588,0.291625925155719,0.06540104006749757,0.06540104006749754,0.5486433863838435,0.4906152270762495,1.3125434195471086,0.23422754085689548,1.3921938899801396,1.6016281457457726,-0.48205328198438235,-0.6713294381990715,-0.9560294458357763,0.7563280803021226,0.34246477002754566,-0.019115668537272083,1.5124323266304773
-0.008406142853514067,0.23606389723048932,0.06540104006749757,0.06540104006749754,0.7920052910226759,0.5575309500539178,1.5901550708047913,1.2805323325064204,1.6815926404232675,0.3709395542358393,-0.48205328198438235,1.5605322794324692,0.6928817880382651,-0.8671831086502021,0.7135814510636482,-0.6169507842366649,0.6520824719662904
-0.17935652070179586,-0.7464714994249481,0.06540104006749757,0.06540104006749754,-0.9316557177726639,-1.135591678034275,-0.9083497905143537,-0.6750807673414829,-1.3046699908599295,-0.5520768893966107,-0.48205328198438235,-0.6713294381990715,-0.13157382889875557,-1.108982647430336,-0.4888365954933239,-0.3670770836606983,-0.8186953190947202
-0.9486332210190641,0.9064868876644948,1.3954203730765178,1.3954203730765176,-0.2509743002866062,0.192957421097574,0.20209681451637745,0.23422754085689548,0.12013938270035009,0.6786117021133227,-0.48205328198438235,-0.6713294381990715,-0.9560294458357763,1.309012740370999,-0.7115066041149856,-0.5087474534096523,0.041654535569467
-0.6067324653225005,0.6753526734751041,0.06540104006749757,0.06540104006749754,0.7371116283221874,0.5208669275048909,1.5901550708047913,1.4680820320250476,1.0190940096470398,1.2939559978682893,-0.48205328198438235,1.8395149941364122,0.6928817880382651,-0.9708114824131165,1.5151934821016293,-0.6169507842366649,0.6520824719662904
-0.26483170962593683,-0.6147087539238445,2.7254397060855378,2.7254397060855378,-0.40284676709129114,0.1215927676335995,-0.07551483674130527,0.5587737238266683,-0.4057153639132397,0.06326740635835588,-0.48205328198438235,1.0025668500245841,1.1051095965067754,1.4126411141339135,1.604261485550294,1.731129841781491,2.122860263027301
0.24801942391890863,1.801928924983996,-1.2646182929415224,-1.2646182929415224,1.616325125908345,1.0588719181153692,1.45134924517595,1.070869606315068,1.3921938899801396,0.986283849990806,2.521232791480213,0.44460142061669883,-0.5438016373672659,-0.1763272835641065,1.475607702791112,-1.1337935730163102,-0.8186953190947202
-1.2905339767156276,-0.460921851179808,0.06540104006749757,0.06540104006749754,-0.5547192338959761,0.014197699305823794,-0.353126487998988,0.23422754085689548,-0.4057153639132397,-0.2444047415191273,1.4128092602512243,0.1656187059127562,0.28065397956975463,0.7563280803021226,0.4958596648558011,0.885612309053981,1.1255671642452045
1.4446720688568817,-0.07428084344216067,0.06540104006749757,0.06540104006749754,-0.5455702901125613,-0.07680044820548511,-0.2143206623701467,-0.6750807673414829,-0.4057153639132397,0.6786117021133227,-0.48205328198438235,-1.5082775823108991,-1.3682572543042866,0.10001504647033169,-1.5774455265325582,-0.2784207631899799,0.041654535569467
-1.119583598867346,0.7075050765651124,-1.2646182929415224,-1.2646182929415224,1.0820268089569236,1.0838004303232343,0.7573201170317431,0.5587737238266683,1.3921938899801396,0.06326740635835588,-0.48205328198438235,-0.3923467234951289,-0.9560294458357763,0.9981276190822559,1.4261254786529651,-1.0547274587736002,-0.8186953190947202
0.41896980176719045,0.4176557013094215,0.06540104006749757,0.06540104006749754,0.5943881053009172,1.2593760924454689,-0.07551483674130527,-0.6750807673414829,0.12013938270035009,0.6786117021133227,1.4128092602512243,-0.11336400879118629,0.6928817880382651,-1.6271245162449075,-0.8649014989432412,0.5503863368836848,1.1255671642452045
1.7010976356293042,0.8747644572755415,-1.2646182929415224,-1.2646182929415224,0.30985595363671825,0.3507006526699127,1.1737375939182673,-0.16298488485308327,1.3921938899801396,1.6016281457457726,-0.48205328198438235,-1.5082775823108991,-1.7804850627727968,0.37635737650476997,-0.36513103514795664,-1.1065825691090452,-0.8186953190947202
0.9318209353120359,-0.06377039963859187,0.06540104006749757,0.06540104006749754,-0.7925917722647597,-0.36135089559158823,-0.7695439648855122,-0.16298488485308327,-0.4057153639132397,-0.859749037274094,-0.48205328198438235,-0.11336400879118629,0.28065397956975463,-0.8326403173958974,-0.998503504116238,0.3005126363077183,0.041654535569467
0.5044449906913313,1.3505531383652771,-1.2646182929415224,-1.2646182929415224,1.3208142417040487,1.2135286897949533,0.7573201170317431,-0.16298488485308327,1.3921938899801396,0.6786117021133227,1.4128092602512243,-1.5082775823108991,-1.7804850627727968,-0.0726989098011921,-1.7357886437746286,-1.0547274587736002,-0.8186953190947202
-0.5212572763983596,-0.8920411461043761,0.06540104006749757,0.06540104006749754,-0.820038603615004,-0.4991441675036839,-0.7695439648855122,0.23422754085689548,-1.3046699908599295,-0.859749037274094,-0.48205328198438235,0.44460142061669883,0.6928817880382651,-0.10724170105549691,-1.1321055092892351,0.3005126363077183,0.041654535569467
-0.008406142853514067,0.7035875475110549,-1.2646182929415224,-1.2646182929415224,1.3171546641906828,1.1458514405671618,0.8961259426605844,-0.6750807673414829,1.54494875626063,0.986283849990806,-0.48205328198438235,-1.7872602970148417,-1.7804850627727968,1.1708415753537798,-1.1667430661859381,-1.0737864710114289,-0.8186953190947202
1.1882465020844588,1.1182245555618446,-1.2646182929415224,-1.2646182929415224,2.122261717131181,1.713979946818446,0.4797084657740603,0.5587737238266683,1.2190147058053171,-0.2444047415191273,2.521232791480213,-0.6713294381990715,-1.3682572543042866,-1.108982647430336,0.3869987717518778,-1.009673071062123,-0.8186953190947202
-0.09388133177765497,-0.9542916382682404,0.06540104006749757,0.06540104006749754,-1.012166423066714,-1.864879582939283,-1.324767267400878,-1.3968393760212348,-1.3046699908599295,-1.1674211851515772,-0.48205328198438235,-0.11336400879118629,1.1051095965067754,-1.247153812447555,1.2479894717556357,0.5503863368836848,-0.8186953190947202
1.5301472577810225,0.09245301507809003,1.3954203730765178,1.3954203730765176,-0.04786774829479864,0.234822662276528,0.6185142914029016,1.070869606315068,0.12013938270035009,0.6786117021133227,-0.48205328198438235,1.0025668500245841,0.28065397956975463,1.2744699491166942,-1.1815877334273825,-0.30958076900553577,0.6520824719662904
-0.17935652070179586,-0.12353660508524907,0.06540104006749757,0.06540104006749754,0.5888987390308683,0.52075415262538,1.3125434195471086,1.070869606315068,0.49323926303345,1.909300293623256,-0.48205328198438235,1.2815495647285267,0.6928817880382651,1.4817266966425229,1.6290025976193676,-0.5478972431289095,0.6520824719662904
-0.5212572763983596,0.4586942068879015,0.06540104006749757,0.06540104006749754,1.2970269878671703,0.6229894591483203,2.2841841989489984,0.8331736116944044,1.8052020693197453,2.2169724415007392,-0.48205328198438235,0.1656187059127562,-0.5438016373672659,-0.0726989098011921,0.5206007769248748,-0.5384268494778461,1.1255671642452045
-0.9486332210190641,-0.6902883998204166,0.06540104006749757,0.06540104006749754,-1.008506845553348,-1.7348368210660796,-1.324767267400878,-1.3968393760212348,-1.3046699908599295,-1.1674211851515772,-0.48205328198438235,-0.11336400879118629,1.1051095965067754,-1.074439856176031,-0.45419903859662114,0.5503863368836848,-0.8186953190947202
-1.034108409943205,0.24280013621368574,0.06540104006749757,0.06540104006749754,0.6181753591377955,0.48868423668657796,1.45134924517595,1.2805323325064204,1.2190147058053171,0.986283849990806,1.4128092602512243,1.2815495647285267,0.28065397956975463,1.1017559928451703,1.6834330441713294,0.3993743348241014,2.122860263027301
-0.7776828431707824,-0.6420836825576851,1.3954203730765178,1.3954203730765176,-0.9591025491229083,-1.0093525082865913,-1.1859614417720366,-1.3968393760212348,-1.3046699908599295,-0.859749037274094,-0.48205328198438235,-0.3923467234951289,0.6928817880382651,1.4471839053882183,0.9362514596853098,1.3596464266010555,0.041654535569467
-1.6324347324121913,-1.497108285978008,0.06540104006749757,0.06540104006749754,-0.9938685354998843,-1.6313048690936798,-1.1859614417720366,-1.3968393760212348,-0.4057153639132397,-1.1674211851515772,-0.48205328198438235,-0.9503121529030141,-0.13157382889875557,0.3072717939961604,-1.5428079696358552,0.10695703388637642,-0.8186953190947202
1.1027713131603178,0.5087143644439768,0.06540104006749757,0.06540104006749754,0.7407712058355533,0.6282619958326667,1.3125434195471086,1.2805323325064204,0.49323926303345,1.6016281457457726,-0.48205328198438235,1.0025668500245841,-0.13157382889875557,-0.3144984485813256,0.7036850062360189,-0.2784207631899799,1.1255671642452045
-0.26483170962593683,-0.4878190323680318,1.3954203730765178,1.3954203730765176,-0.9828898029597867,-1.3991986440208835,-1.1859614417720366,-1.3968393760212348,-1.3046699908599295,-0.859749037274094,-0.48205328198438235,-1.5082775823108991,-0.9560294458357763,0.6181569152849035,-1.4982739679115233,1.3596464266010555,0.041654535569467
-0.6922076542466414,0.19048679091865003,0.06540104006749757,0.06540104006749754,-0.09178267845518945,0.25317739687527036,0.4797084657740603,1.070869606315068,-0.4057153639132397,0.6786117021133227,-0.48205328198438235,0.7235841353206415,-0.13157382889875557,-1.039897064921726,-1.567549081704929,-1.009673071062123,-0.8186953190947202
-0.26483170962593683,0.4851614153750702,0.06540104006749757,0.06540104006749754,-0.06982521337499405,0.358001615142261,0.3409026401452189,0.8331736116944044,0.12013938270035009,0.3709395542358393,-0.48205328198438235,0.44460142061669883,-0.13157382889875557,1.5162694878968277,1.2875752510661531,0.19796193394107872,1.1255671642452045
-0.6922076542466414,-0.5126618995401037,0.06540104006749757,0.06540104006749754,-0.11374014353538485,0.3851997336202079,0.20209681451637745,1.070869606315068,0.49323926303345,-0.5520768893966107,-0.48205328198438235,1.5605322794324692,1.1051095965067754,-0.2799556573270208,1.2479894717556357,1.3596464266010555,2.122860263027301
-0.35030689855007774,-0.6159986720270098,0.06540104006749757,0.06540104006749754,-0.9115280414491514,-0.7339343070190921,-1.0471556161431952,-0.6750807673414829,-0.4057153639132397,-1.1674211851515772,-0.48205328198438235,-0.11336400879118629,0.6928817880382651,0.37635737650476997,-0.8550050541156118,-0.17352148123935618,-0.8186953190947202
-0.26483170962593683,-0.6733761402455831,0.06540104006749757,0.06540104006749754,-0.9408046615560787,-1.0300969405945168,-1.0471556161431952,-0.6750807673414829,-1.3046699908599295,-0.859749037274094,-0.48205328198438235,-0.3923467234951289,0.28065397956975463,0.1691006289789413,-0.1573056937677391,-0.17352148123935618,-0.8186953190947202
-0.43578208747421865,-0.9374271534379688,0.06540104006749757,0.06540104006749754,-0.49799578243880466,0.1460344508378105,-0.353126487998988,0.8331736116944044,0.12013938270035009,-1.1674211851515772,1.4128092602512243,1.5605322794324692,1.5173374049752855,-0.7980975261415926,1.6092097079641088,-0.17352148123935618,0.041654535569467
-0.5212572763983596,-0.4203133183023831,0.06540104006749757,0.06540104006749754,-0.5528894451392932,-0.0944963021156972,-0.2143206623701467,0.23422754085689548,0.12013938270035009,-0.2444047415191273,-0.48205328198438235,-0.11336400879118629,-0.13157382889875557,-0.6599263611243734,-0.5531634868729151,0.7047921495857696,1.1255671642452045
0.7608705574637541,1.4951672901534716,-1.2646182929415224,-1.2646182929415224,0.32723894682520627,0.551495413978513,0.7573201170317431,0.5587737238266683,1.6815926404232675,-0.5520768893966107,-0.48205328198438235,-0.3923467234951289,-0.9560294458357763,1.5162694878968277,1.3519021424457442,-1.0547274587736002,-0.8186953190947202
0.41896980176719045,1.2884937451796594,-1.2646182929415224,-1.2646182929415224,0.50930292811516,0.1712724174597357,2.1453783733201575,0.5587737238266683,1.8052020693197453,2.2169724415007392,-0.48205328198438235,-0.3923467234951289,-0.9560294458357763,-0.4872124048528495,1.4805559252049263,-1.185106503867864,-0.8186953190947202
-0.6067324653225005,0.6329764750488971,0.06540104006749757,0.06540104006749754,0.8871543063701893,1.1883620878896606,0.3409026401452189,-0.16298488485308327,1.0190940096470398,0.3709395542358393,-0.48205328198438235,0.1656187059127562,0.6928817880382651,-1.5580389337362979,-0.6273868230801357,-0.5662437680648147,0.041654535569467
-0.43578208747421865,0.3935772300503365,0.06540104006749757,0.06540104006749754,0.30528148174501085,0.4668857229412012,0.8961259426605844,1.070869606315068,0.12013938270035009,1.2939559978682893,-0.48205328198438235,1.0025668500245841,0.28065397956975463,1.4817266966425229,0.07031253726773685,-0.7385604988411333,0.041654535569467
-0.008406142853514067,-1.80635420752574,0.06540104006749757,0.06540104006749754,-1.003017479283299,-1.864879582939283,-1.1859614417720366,-1.3968393760212348,-1.3046699908599295,-0.859749037274094,-0.48205328198438235,-0.3923467234951289,0.6928817880382651,-0.8671831086502021,-0.9886070592886088,0.10695703388637642,-0.8186953190947202
1.4446720688568817,-1.1178245889028589,-1.2646182929415224,-1.2646182929415224,-0.6645065592969531,-0.1653070482243692,-0.4919323136278294,0.23422754085689548,-0.4057153639132397,-0.5520768893966107,-0.48205328198438235,0.7235841353206415,1.1051095965067754,1.6198978616597417,1.26283413899708,-0.7023030558309941,-0.8186953190947202
0.9318209353120359,1.2945611377389925,0.06540104006749757,0.06540104006749754,2.705049436134701,1.710697722873484,0.8961259426605844,-0.6750807673414829,1.0190940096470398,1.909300293623256,-0.48205328198438235,-0.3923467234951289,0.28065397956975463,-1.3162393949561644,1.4310737010667798,-0.7385604988411333,0.041654535569467
-0.6067324653225005,-0.2649020742432497,0.06540104006749757,0.06540104006749754,-0.47420852860192625,-0.019931608830073406,-0.07551483674130527,0.8331736116944044,-0.4057153639132397,-0.2444047415191273,-0.48205328198438235,1.2815495647285267,1.1051095965067754,1.7235262354226564,1.0846981320997506,-0.3670770836606983,0.041654535569467
1.1882465020844588,1.153768965515732,-1.2646182929415224,-1.2646182929415224,1.8926232281674709,1.2899721063880658,1.1737375939182673,-0.16298488485308327,1.0190940096470398,2.2169724415007392,1.4128092602512243,-0.11336400879118629,0.28065397956975463,0.7908708715564273,0.68389211658076,-1.1065825691090452,-0.8186953190947202
0.41896980176719045,0.3082993110077441,0.06540104006749757,0.06540104006749754,0.6007923659493075,1.3701760309820084,-0.2143206623701467,-0.6750807673414829,1.2190147058053171,-0.859749037274094,-0.48205328198438235,0.1656187059127562,1.1051095965067754,0.9635848278279513,0.8867692355471626,0.7047921495857696,1.1255671642452045
2.128473580250009,0.17959414915858782,-1.2646182929415224,-1.2646182929415224,0.20830267764081445,0.37692698323407037,0.8961259426605844,1.4680820320250476,0.7826380134765774,0.06326740635835588,1.4128092602512243,1.8395149941364122,0.6928817880382651,1.2399271578623894,-0.6917137144597268,-1.0737864710114289,-0.8186953190947202
0.5899201796154723,0.3619981238950684,0.06540104006749757,0.06540104006749754,0.17353669126383836,0.3430115758056928,0.8961259426605844,0.5587737238266683,0.49323926303345,1.6016281457457726,-0.48205328198438235,0.1656187059127562,-0.13157382889875557,1.3435555316253038,0.4364809958900251,-0.41893219399614307,0.6520824719662904
-0.7776828431707824,0.17715763718594232,0.06540104006749757,0.06540104006749754,-0.9609323378795911,-1.2847707095540901,-1.0471556161431952,-0.6750807673414829,-1.3046699908599295,-0.859749037274094,-0.48205328198438235,-1.2292948676069566,-0.9560294458357763,-0.9362686911588117,-1.3300344058418232,-0.17352148123935618,-0.8186953190947202
-0.17935652070179586,1.2797509669248726,0.06540104006749757,0.06540104006749754,1.9685594615698132,1.578968527846114,0.6185142914029016,0.23422754085689548,1.6815926404232675,-0.5520768893966107,-0.48205328198438235,0.1656187059127562,0.28065397956975463,1.1708415753537798,0.3968952165795071,-1.033488587128577,-0.8186953190947202
1.7010976356293042,0.7670801830335229,0.06540104006749757,0.06540104006749754,0.7462605721056021,0.527053730774302,1.5901550708047913,0.8331736116944044,1.3921938899801396,1.6016281457457726,-0.48205328198438235,-0.11336400879118629,-0.9560294458357763,0.4799857502676843,-1.562600859291114,-0.6169507842366649,0.6520824719662904
2.128473580250009,0.6411459563689438,-1.2646182929415224,-1.2646182929415224,0.32540915806852333,0.4230650163684992,1.034931768289426,0.23422754085689548,0.49323926303345,2.2169724415007392,-0.48205328198438235,-0.9503121529030141,-1.3682572543042866,-1.385324977464774,0.4859632200281719,-1.0909849017837394,-0.8186953190947202
1.6156224467051634,-1.177734118583201,1.3954203730765178,1.3954203730765176,-0.9225067739892493,-0.5794498619416778,-1.1859614417720366,-1.3968393760212348,-0.4057153639132397,-1.1674211851515772,-0.48205328198438235,-0.11336400879118629,1.1051095965067754,1.4817266966425229,1.6735365993437,1.3596464266010555,0.041654535569467
0.6753953685396131,-0.16839709022866317,0.06540104006749757,0.06540104006749754,-0.9810600142031037,-1.364428325915789,-1.1859614417720366,-1.3968393760212348,-1.3046699908599295,-0.859749037274094,-0.48205328198438235,-0.9503121529030141,-0.13157382889875557,-1.6271245162449075,-0.6323350454939504,0.10695703388637642,-0.8186953190947202
-1.8033851102604728,-1.317427471681543,-1.2646182929415224,-1.2646182929415224,-0.558378811409342,0.2715311130302985,-0.6307381392566709,0.23422754085689548,-0.4057153639132397,-0.859749037274094,-0.48205328198438235,0.7235841353206415,1.1051095965067754,-1.4889533512276882,0.9560443493405684,-0.6169507842366649,-0.8186953190947202
-1.3760091656397686,0.5971931913722015,0.06540104006749757,0.06540104006749754,1.555942096937808,1.2633177161603868,0.8961259426605844,0.23422754085689548,0.49323926303345,1.909300293623256,-0.48205328198438235,0.7235841353206415,1.1051095965067754,0.5836141240305986,1.584468595895035,-0.7385604988411333,0.041654535569467
1.1027713131603178,-0.04356168268900267,0.06540104006749757,0.06540104006749754,-0.9554429716095423,-0.9589673627750864,-1.1859614417720366,-1.3968393760212348,-1.3046699908599295,-0.859749037274094,-0.48205328198438235,-0.9503121529030141,-0.13157382889875557,-0.0036133272925826148,0.09505364933681046,0.10695703388637642,-0.8186953190947202
1.3591968799327403,0.08590787507314032,-1.2646182929415224,-1.2646182929415224,1.1744311411694126,0.6897762857555767,1.8677667220624738,1.637741372355351,0.7826380134765774,1.909300293623256,-0.48205328198438235,1.8395149941364122,0.28065397956975463,-0.6944691523786782,1.213351914858933,-0.9170320787253607,0.041654535569467
-0.6067324653225005,0.6597781067479976,0.06540104006749757,0.06540104006749754,0.5413242313571116,0.43158251662683655,1.45134924517595,0.5587737238266683,1.8052020693197453,0.6786117021133227,-0.48205328198438235,-0.3923467234951289,-0.9560294458357763,0.9635848278279513,-0.7164548265288002,-1.1337935730163102,-0.8186953190947202
-1.7179099213363322,1.4027709341711894,-1.2646182929415224,-1.2646182929415224,1.030792723769801,0.8670503099262776,1.1737375939182673,-0.16298488485308327,1.3921938899801396,1.6016281457457726,-0.48205328198438235,-1.5082775823108991,-1.7804850627727968,0.9635848278279513,-0.043496578250000965,-1.1065825691090452,-0.8186953190947202
-1.974335488108755,-0.808339793632319,-1.2646182929415224,-1.2646182929415224,-0.7889321947513939,-0.3440881712848,-0.7695439648855122,-0.6750807673414829,-0.4057153639132397,-0.5520768893966107,-0.48205328198438235,-0.11336400879118629,0.6928817880382651,0.7563280803021226,0.09505364933681046,-0.5087474534096523,-0.8186953190947202
0.846345746387895,0.4488526095081961,0.06540104006749757,0.06540104006749754,0.19183457883066785,0.3609778998445223,0.8961259426605844,0.5587737238266683,0.12013938270035009,1.909300293623256,-0.48205328198438235,0.1656187059127562,-0.13157382889875557,-0.0036133272925826148,1.0203712407201595,0.4593814368289823,1.8395221608324077
-1.034108409943205,-0.5823652518555895,0.06540104006749757,0.06540104006749754,-0.6443788829734407,-0.10344028812239531,-0.4919323136278294,0.23422754085689548,0.12013938270035009,-0.859749037274094,1.4128092602512243,0.44460142061669883,0.6928817880382651,1.6544406529140467,0.22865565450980735,0.5503863368836848,0.6520824719662904
-0.8631580320949233,0.3963959399794755,0.06540104006749757,0.06540104006749754,0.6822179656216989,0.5879147165211962,1.3125434195471086,0.8331736116944044,0.7826380134765774,1.909300293623256,-0.48205328198438235,-0.11336400879118629,-0.9560294458357763,-1.4889533512276882,0.5156525545110602,-1.1207930591923674,-0.8186953190947202
0.41896980176719045,-0.14020999093727407,1.3954203730765178,1.3954203730765176,-0.40467655584797413,0.022798881625288796,0.06329098888753605,0.8331736116944044,0.12013938270035009,-0.2444047415191273,1.4128092602512243,1.0025668500245841,0.6928817880382651,1.5162694878968277,-0.5036812627347681,0.00043134181902221833,0.6520824719662904
0.846345746387895,1.780334740442118,-1.2646182929415224,-1.2646182929415224,2.3729427767967457,1.6632539999139264,0.7573201170317431,0.5587737238266683,1.2190147058053171,0.3709395542358393,1.4128092602512243,-0.9503121529030141,-1.7804850627727968,0.9981276190822559,-1.2360181799793437,-1.0547274587736002,-0.8186953190947202
1.957523202401727,-0.3693376658550743,0.06540104006749757,0.06540104006749754,-0.31318711801382654,0.1833188627781075,0.06329098888753605,0.8331736116944044,0.12013938270035009,-0.2444047415191273,-0.48205328198438235,1.2815495647285267,1.1051095965067754,0.4454429590133795,0.2979307683032132,0.4169691447109347,1.1255671642452045
-0.5212572763983596,1.4004777464322289,-1.2646182929415224,-1.2646182929415224,2.5614110187350896,1.5405866927446095,1.1737375939182673,0.5587737238266683,1.3921938899801396,0.986283849990806,-0.48205328198438235,-0.6713294381990715,-1.3682572543042866,-0.0726989098011921,0.43153277347621,-1.1065825691090452,-0.8186953190947202
0.6753953685396131,-0.736295478833311,1.3954203730765178,1.3954203730765176,-0.7871024059947108,-0.335546513195191,-0.7695439648855122,-0.16298488485308327,-0.4057153639132397,-0.859749037274094,-0.48205328198438235,0.44460142061669883,1.1051095965067754,-1.385324977464774,0.7779083424432393,1.6792747314460454,1.1255671642452045
-1.8033851102604728,-1.2306685355575386,0.06540104006749757,0.06540104006749754,-0.9627621266362743,-1.0618823366451877,-1.1859614417720366,-1.3968393760212348,-1.3046699908599295,-0.859749037274094,-0.48205328198438235,-0.3923467234951289,0.6928817880382651,0.9635848278279513,0.05051964761247835,0.10695703388637642,-0.8186953190947202
0.846345746387895,0.9321897002386766,-1.2646182929415224,-1.2646182929415224,0.38213260952569483,0.7412394440496218,0.4797084657740603,0.23422754085689548,1.0190940096470398,0.3709395542358393,-0.48205328198438235,-0.9503121529030141,-1.3682572543042866,-0.8671831086502021,-0.2166843627335156,-1.009673071062123,-0.8186953190947202
2.128473580250009,1.3534196230389777,-1.2646182929415224,-1.2646182929415224,2.135070238427962,1.5089282392568442,0.8961259426605844,0.8331736116944044,0.49323926303345,1.2939559978682893,2.521232791480213,-0.11336400879118629,-0.9560294458357763,-1.039897064921726,-1.1568466213583086,-1.0737864710114289,-0.8186953190947202
0.33349461284304954,-1.014010068970336,1.3954203730765178,1.3954203730765176,-0.9444642390694447,-1.072662009251784,-1.0471556161431952,-0.6750807673414829,-1.3046699908599295,-0.859749037274094,-0.48205328198438235,-0.11336400879118629,0.6928817880382651,0.6181569152849035,-0.9935552817024235,0.885612309053981,0.041654535569467
-1.5469595434880503,1.0318955921388953,-1.2646182929415224,-1.2646182929415224,1.8926232281674709,1.9738248221137813,-0.07551483674130527,-0.6750807673414829,0.7826380134765774,0.06326740635835588,1.4128092602512243,-0.6713294381990715,-0.13157382889875557,1.5853550704054373,-1.1568466213583086,-0.8762558788893728,-0.8186953190947202
-1.8888602991846144,-0.4377988748119567,-1.2646182929415224,-1.2646182929415224,-0.38454887952446165,0.1554103534119996,-0.07551483674130527,0.5587737238266683,-0.4057153639132397,0.06326740635835588,-0.48205328198438235,0.1656187059127562,-0.13157382889875557,-0.038156118546887316,-0.18204680583681268,-0.8762558788893728,-0.8186953190947202
1.3591968799327403,0.8909123209373881,-1.2646182929415224,-1.2646182929415224,1.8368146710886408,1.6772021147102847,0.3409026401452189,-0.6750807673414829,0.7826380134765774,0.986283849990806,2.521232791480213,-0.3923467234951289,0.28065397956975463,0.8254136628107321,1.4013843665838914,-0.9827815709567269,-0.8186953190947202
-1.5469595434880503,-1.2569446450664608,0.06540104006749757,0.06540104006749754,-0.6553576155135384,0.1620640874122815,-0.7695439648855122,-0.6750807673414829,0.12013938270035009,-0.859749037274094,-0.48205328198438235,-0.3923467234951289,0.28065397956975463,-0.4872124048528495,1.5102452596878146,1.0244204544307594,0.6520824719662904
-1.4614843545639096,-0.906516893706564,0.06540104006749757,0.06540104006749754,-0.9627621266362743,-1.0618823366451877,-1.1859614417720366,-1.3968393760212348,-1.3046699908599295,-0.859749037274094,-0.48205328198438235,-0.11336400879118629,1.1051095965067754,0.9290420365736465,1.079749909685936,0.10695703388637642,-0.8186953190947202
0.9318209353120359,1.2425344409113266,-1.2646182929415224,-1.2646182929415224,1.3226440304607316,1.1486812423446295,0.8961259426605844,0.23422754085689548,1.0190940096470398,1.2939559978682893,-0.48205328198438235,-0.9503121529030141,-1.3682572543042866,-1.0053542736674215,-0.6917137144597268,-1.0737864710114289,-0.8186953190947202
-0.6922076542466414,-0.07174878198039177,-1.2646182929415224,-1.2646182929415224,-0.23084662396309374,0.2230963466467046,0.20209681451637745,0.23422754085689548,0.7826380134765774,0.06326740635835588,-0.48205328198438235,-0.6713294381990715,-0.9560294458357763,0.7908708715564273,-1.646720640325964,-0.9521767564069609,-0.8186953190947202
0.41896980176719045,0.4769919340550236,-1.2646182929415224,-1.2646182929415224,2.10304893518601,1.706526420780924,0.4797084657740603,0.23422754085689548,1.54494875626063,-0.5520768893966107,-0.48205328198438235,0.7235841353206415,1.1051095965067754,-1.0053542736674215,1.6438472648608116,-1.009673071062123,-0.8186953190947202
0.7608705574637541,-0.12903070070984188,1.3954203730765178,1.3954203730765176,-0.28757007542026525,0.22476089803580482,0.06329098888753605,0.23422754085689548,-0.4057153639132397,0.6786117021133227,-0.48205328198438235,0.1656187059127562,0.28065397956975463,0.687242497793513,-0.5729563765281739,1.1811748467168282,1.8395221608324077
-0.5212572763983596,-0.19935512470462957,0.06540104006749757,0.06540104006749754,-0.08629331218514065,0.33744909213549906,0.3409026401452189,0.23422754085689548,0.49323926303345,0.6786117021133227,-0.48205328198438235,-0.11336400879118629,-0.13157382889875557,1.0672132015908653,0.7185296734774628,0.19796193394107872,1.1255671642452045
-0.008406142853514067,0.994870165103596,0.06540104006749757,0.06540104006749754,1.0856863864702897,1.2291758697175295,0.4797084657740603,0.23422754085689548,1.3921938899801396,-0.2444047415191273,-0.48205328198438235,-1.2292948676069566,-1.7804850627727968,0.5490713327762939,-0.34533814549269765,-1.009673071062123,-0.8186953190947202
-0.6922076542466414,0.2913870514329106,1.3954203730765178,1.3954203730765176,-0.13752739737226324,0.19399709376998212,0.4797084657740603,1.2805323325064204,0.12013938270035009,0.06326740635835588,1.4128092602512243,1.5605322794324692,0.6928817880382651,0.10001504647033169,-1.696202864464111,1.0672291256633306,2.122860263027301
0.5899201796154723,0.6431047208959725,1.3954203730765178,1.3954203730765176,-0.5638681776793908,-0.008449994239603804,-0.353126487998988,-0.16298488485308327,0.12013938270035009,-0.2444047415191273,-0.48205328198438235,-0.6713294381990715,-0.5438016373672659,0.5490713327762939,0.3820505493380632,-0.17352148123935618,0.041654535569467
-1.119583598867346,-1.1125693670010746,0.06540104006749757,0.06540104006749754,-0.9554429716095423,-1.2099438808383751,-1.0471556161431952,-0.6750807673414829,-1.3046699908599295,-0.859749037274094,-0.48205328198438235,-0.3923467234951289,0.28065397956975463,0.2727290027418556,0.11484653899206947,0.885612309053981,0.041654535569467
1.5301472577810225,-0.21512079040998278,0.06540104006749757,0.06540104006749754,-0.45591064103509676,0.017932239728175297,-0.07551483674130527,0.8331736116944044,-0.4057153639132397,-0.2444047415191273,-0.48205328198438235,1.0025668500245841,0.6928817880382651,0.7217852890478178,0.4463774407176543,0.5503863368836848,1.1255671642452045
0.16254423499476775,-0.3307834469938014,0.06540104006749757,0.06540104006749754,-0.8639535337753949,-0.5794498619416778,-0.9083497905143537,-0.6750807673414829,-0.4057153639132397,-0.859749037274094,-0.48205328198438235,-0.6713294381990715,-0.13157382889875557,-1.696210098753517,-0.949021279978091,-0.3670770836606983,-0.8186953190947202
0.16254423499476775,1.20044489095249,-1.2646182929415224,-1.2646182929415224,0.7755371922125294,1.115772357731614,0.3409026401452189,1.2805323325064204,0.49323926303345,-0.5520768893966107,1.4128092602512243,0.7235841353206415,-0.5438016373672659,-1.039897064921726,-1.087571507564903,-0.9827815709567269,-0.8186953190947202
1.4446720688568817,0.2576103070278054,0.06540104006749757,0.06540104006749754,-0.6151022628665135,-0.1435825145334567,-0.353126487998988,-0.6750807673414829,-0.4057153639132397,0.3709395542358393,-0.48205328198438235,-1.5082775823108991,-1.3682572543042866,0.030929463961722085,-0.142461026526295,-0.17352148123935618,0.041654535569467
-1.034108409943205,-1.3812067556713812,0.06540104006749757,0.06540104006749754,-0.9005493089090538,-0.8488325271337727,-0.9083497905143537,-0.16298488485308327,-1.3046699908599295,-0.859749037274094,-0.48205328198438235,0.1656187059127562,0.6928817880382651,0.6181569152849035,-0.8203674972189088,1.3596464266010555,0.6520824719662904
-0.6922076542466414,-1.2679328363156463,0.06540104006749757,0.06540104006749754,-0.9408046615560787,-1.2343855640425856,-0.9083497905143537,-0.16298488485308327,-1.3046699908599295,-0.859749037274094,-0.48205328198438235,0.44460142061669883,1.1051095965067754,-0.10724170105549691,-0.5927492661834328,1.3596464266010555,0.6520824719662904
-0.008406142853514067,-0.3925561917120491,0.06540104006749757,0.06540104006749754,-0.671825714323685,-0.1885957517389941,-0.4919323136278294,0.23422754085689548,-0.4057153639132397,-0.5520768893966107,-0.48205328198438235,0.44460142061669883,0.6928817880382651,-0.4181268223442399,1.6735365993437,-0.047448778815707984,0.041654535569467
-1.2905339767156276,-0.4368911546652848,0.06540104006749757,0.06540104006749754,-0.29671901920368005,0.3059640159698287,-0.07551483674130527,0.23422754085689548,1.0190940096470398,-0.859749037274094,-0.48205328198438235,0.1656187059127562,0.28065397956975463,-0.3835840310899352,1.109439244168824,-0.3670770836606983,0.041654535569467
-1.119583598867346,1.5438019801172582,-1.2646182929415224,-1.2646182929415224,2.006985025460155,1.4586603691188844,0.8961259426605844,1.070869606315068,1.2190147058053171,0.06326740635835588,2.521232791480213,0.1656187059127562,-0.9560294458357763,-1.385324977464774,-0.1375128041124803,-1.0737864710114289,-0.8186953190947202
-0.6067324653225005,0.10525664662061933,0.06540104006749757,0.06540104006749754,0.12230260607671575,0.35611291597043,0.7573201170317431,0.23422754085689548,1.2190147058053171,0.6786117021133227,-0.48205328198438235,-0.6713294381990715,-0.9560294458357763,0.2381862114875508,0.17917343037166056,-0.7023030558309941,0.041654535569467
-1.8033851102604728,-1.298126474878626,0.06540104006749757,0.06540104006749754,-0.9645919153929571,-1.5357892444228143,-0.9083497905143537,-0.6750807673414829,-1.3046699908599295,-0.5520768893966107,-0.48205328198438235,-0.6713294381990715,-0.13157382889875557,1.6889834441683516,-1.1914841782550116,0.5503863368836848,0.041654535569467
0.41896980176719045,1.6131231344762509,-1.2646182929415224,-1.2646182929415224,1.165282197385998,1.5271964635304778,0.06329098888753605,-0.16298488485308327,1.2190147058053171,-0.5520768893966107,-0.48205328198438235,-1.5082775823108991,-1.7804850627727968,0.6526997065392083,-0.8945908334261294,-0.9170320787253607,-0.8186953190947202
-0.9486332210190641,-0.19132896761826787,0.06540104006749757,0.06540104006749754,-0.7944215610214427,-0.3700736503975291,-0.7695439648855122,-0.16298488485308327,-1.3046699908599295,-0.5520768893966107,-0.48205328198438235,-0.11336400879118629,0.28065397956975463,0.7908708715564273,-0.7214030489426149,-0.5087474534096523,-0.8186953190947202
0.07706904607062683,-1.545074129517931,1.3954203730765178,1.3954203730765176,-0.9133578302058345,-0.9589673627750864,-0.9083497905143537,-0.16298488485308327,-0.4057153639132397,-1.1674211851515772,1.4128092602512243,0.44460142061669883,1.1051095965067754,-0.0726989098011921,-0.9886070592886088,2.083554244724097,1.1255671642452045
-0.35030689855007774,-1.179836207343915,1.3954203730765178,1.3954203730765176,-1.0011876905266162,-1.8144944374277778,-1.1859614417720366,-1.3968393760212348,-1.3046699908599295,-0.859749037274094,-0.48205328198438235,-0.6713294381990715,0.28065397956975463,-0.5562979873614591,-1.29539684894512,1.3596464266010555,0.041654535569467
0.5044449906913313,-0.5879548969693057,1.3954203730765178,1.3954203730765176,-0.9408046615560787,-1.0300969405945168,-1.0471556161431952,-1.3968393760212348,-0.4057153639132397,-0.859749037274094,-0.48205328198438235,-1.5082775823108991,-0.9560294458357763,1.309012740370999,-1.3052932937727497,0.885612309053981,0.041654535569467
-1.7179099213363322,-1.4514356301770457,0.06540104006749757,0.06540104006749754,-0.8731024775588095,-0.641486268757952,-0.9083497905143537,-0.16298488485308327,-0.4057153639132397,-1.1674211851515772,1.4128092602512243,0.1656187059127562,0.6928817880382651,-1.696210098753517,-1.3448790730832672,0.5503863368836848,0.041654535569467
-0.17935652070179586,0.4132126500651855,0.06540104006749757,0.06540104006749754,-0.07714436840172584,0.2715311130302985,0.4797084657740603,0.8331736116944044,0.12013938270035009,0.6786117021133227,-0.48205328198438235,0.7235841353206415,0.28065397956975463,0.8254136628107321,-1.0479857282543852,-0.6169507842366649,0.041654535569467
0.5044449906913313,-1.4062884965662612,-1.2646182929415224,-1.2646182929415224,-0.74318747583432,-0.1465003992681788,-0.7695439648855122,-0.16298488485308327,0.12013938270035009,-1.1674211851515772,-0.48205328198438235,0.44460142061669883,1.1051095965067754,0.859956454065037,0.4117398838209514,-0.5087474534096523,-0.8186953190947202
1.7010976356293042,1.425750586305356,-1.2646182929415224,-1.2646182929415224,0.7279626845387727,0.5146489563293172,1.5901550708047913,-0.16298488485308327,1.54494875626063,2.2169724415007392,-0.48205328198438235,-1.5082775823108991,-1.7804850627727968,-1.5580389337362979,-0.587801043769618,-1.1457323588283026,-0.8186953190947202
1.4446720688568817,-0.4009645467549041,1.3954203730765178,1.3954203730765176,-0.6004639528130499,-0.10344028812239531,-0.353126487998988,0.23422754085689548,-0.4057153639132397,-0.2444047415191273,-0.48205328198438235,0.7235841353206415,1.1051095965067754,0.030929463961722085,1.4904523700325565,1.8030757295983642,1.8395221608324077
-0.7776828431707824,0.14452748665031734,0.06540104006749757,0.06540104006749754,0.40774965211925607,0.5553107637490823,0.8961259426605844,0.8331736116944044,0.12013938270035009,1.6016281457457726,-0.48205328198438235,0.44460142061669883,-0.13157382889875557,0.2727290027418556,0.6492545596840571,-0.7385604988411333,0.041654535569467
-1.119583598867346,1.340233793539955,-1.2646182929415224,-1.2646182929415224,1.5495378362894177,1.3261811317064387,0.7573201170317431,0.5587737238266683,1.2190147058053171,0.3709395542358393,1.4128092602512243,-0.6713294381990715,-1.3682572543042866,-0.6599263611243734,0.4760667752005426,-1.0547274587736002,-0.8186953190947202
-0.09388133177765497,-1.7456802819324106,-1.2646182929415224,-1.2646182929415224,-0.9225067739892493,-1.0441228263916857,-0.9083497905143537,-0.6750807673414829,-1.3046699908599295,-0.5520768893966107,-0.48205328198438235,-0.6713294381990715,-0.13157382889875557,-0.7635547348872878,-0.11771991445722156,0.5503863368836848,0.041654535569467
0.846345746387895,1.7158866100284167,0.06540104006749757,0.06540104006749754,2.050899955620546,1.4761266700425957,0.8961259426605844,0.5587737238266683,1.8052020693197453,-0.5520768893966107,3.917681290782164,0.44460142061669883,0.28065397956975463,0.4109001677590748,0.24350032175125166,-1.0737864710114289,-0.8186953190947202
-0.7776828431707824,-0.8989207093212576,0.06540104006749757,0.06540104006749754,-0.896889731395688,-0.8190897706356915,-0.9083497905143537,-0.6750807673414829,-1.3046699908599295,-0.5520768893966107,-0.48205328198438235,-0.6713294381990715,-0.13157382889875557,-1.5580389337362979,-0.3008041437683655,-0.3670770836606983,-0.8186953190947202
-0.9486332210190641,1.427804900321508,-1.2646182929415224,-1.2646182929415224,0.9054521939370189,0.9126701429324398,0.8961259426605844,0.8331736116944044,1.2190147058053171,0.3709395542358393,-0.48205328198438235,-0.3923467234951289,-1.3682572543042866,0.8944992453193417,0.11979476140588406,-1.4262108739540353,-2.2894731101557304
-0.17935652070179586,0.938495966520818,0.06540104006749757,0.06540104006749754,0.3867070814174022,0.25702365947037825,1.5901550708047913,1.2805323325064204,0.49323926303345,2.2169724415007392,-0.48205328198438235,0.7235841353206415,-0.5438016373672659,-1.2816966037018593,0.07526075968155196,-0.8762558788893728,0.041654535569467
-0.09388133177765497,0.5069466988951947,0.06540104006749757,0.06540104006749754,0.33913257374364547,0.3764657561348767,1.1737375939182673,0.8331736116944044,0.49323926303345,1.909300293623256,-0.48205328198438235,0.1656187059127562,-0.5438016373672659,-1.247153812447555,-0.934176612736647,0.04120754165501022,1.5124323266304773
0.5044449906913313,-0.14599073502923698,0.06540104006749757,0.06540104006749754,-0.43395317595490135,0.061886961689602595,-0.07551483674130527,-0.16298488485308327,0.12013938270035009,0.3709395542358393,-0.48205328198438235,-0.9503121529030141,-0.9560294458357763,-1.385324977464774,-0.5828528213558033,0.10695703388637642,0.6520824719662904
1.6156224467051634,0.014436857208872427,0.06540104006749757,0.06540104006749754,-0.5547192338959761,0.014197699305823794,-0.353126487998988,-0.16298488485308327,0.12013938270035009,-0.2444047415191273,-0.48205328198438235,-0.6713294381990715,-0.5438016373672659,-0.038156118546887316,-1.6417724179121493,-0.17352148123935618,0.041654535569467
0.5899201796154723,0.7027753768535064,0.06540104006749757,0.06540104006749754,0.9091117714503849,1.2021528980422853,0.3409026401452189,0.23422754085689548,0.12013938270035009,0.986283849990806,-0.48205328198438235,0.7235841353206415,1.1051095965067754,1.0672132015908653,1.074801687272121,0.19796193394107872,1.1255671642452045
1.5301472577810225,-1.077646028726489,1.3954203730765178,1.3954203730765176,-1.0194855780934458,-2.1750681023118763,-1.324767267400878,-1.3968393760212348,-1.3046699908599295,-1.1674211851515772,-0.48205328198438235,-0.9503121529030141,-0.13157382889875557,0.37635737650476997,-0.29090769894073604,0.5503863368836848,-0.8186953190947202
-0.8631580320949233,-0.19892515200357447,0.06540104006749757,0.06540104006749754,-1.0011876905266162,-1.5098037653100853,-1.324767267400878,-1.3968393760212348,-1.3046699908599295,-1.1674211851515772,-0.48205328198438235,-0.6713294381990715,0.28065397956975463,-0.2108700748184113,0.025778535543404747,0.5503863368836848,-0.8186953190947202
-0.09388133177765497,-0.6523552526384455,1.3954203730765178,1.3954203730765176,-1.008506845553348,-1.7348368210660796,-1.324767267400878,-1.3968393760212348,-1.3046699908599295,-1.1674211851515772,-0.48205328198438235,-0.3923467234951289,0.6928817880382651,-1.039897064921726,1.064905242444492,0.5503863368836848,-0.8186953190947202
-0.43578208747421865,-0.3280125118092242,0.06540104006749757,0.06540104006749754,-0.36442120320094923,0.2957210968693858,-0.2143206623701467,0.5587737238266683,-0.4057153639132397,-0.2444047415191273,-0.48205328198438235,0.44460142061669883,0.28065397956975463,-0.7980975261415926,1.4904523700325565,1.1482214525830776,1.5124323266304773
0.07706904607062683,-0.6407459897099581,1.3954203730765178,1.3954203730765176,-0.9700812816630059,-1.1741655882648891,-1.1859614417720366,-1.3968393760212348,-1.3046699908599295,-0.859749037274094,-0.48205328198438235,-0.3923467234951289,0.6928817880382651,0.3072717939961604,-0.9935552817024235,1.3596464266010555,0.041654535569467
-0.7776828431707824,-0.6335797780257066,0.06540104006749757,0.06540104006749754,-0.7157406444840758,-0.199665464217198,-0.6307381392566709,0.23422754085689548,-0.4057153639132397,-0.859749037274094,-0.48205328198438235,0.7235841353206415,1.1051095965067754,-0.245412866072716,-0.3205970334236242,0.7618113109016623,0.6520824719662904
-0.09388133177765497,0.5999641265567788,0.06540104006749757,0.06540104006749754,-0.5291021913024148,-0.03788870721651501,-0.2143206623701467,0.5587737238266683,-0.4057153639132397,-0.2444047415191273,-0.48205328198438235,0.1656187059127562,-0.13157382889875557,-0.7635547348872878,-0.10782346962959206,-0.8283757582546424,-0.8186953190947202
-1.034108409943205,-0.711643710639486,0.06540104006749757,0.06540104006749754,-0.9261663515026151,-0.8731538001463901,-1.0471556161431952,-0.6750807673414829,-1.3046699908599295,-0.859749037274094,-0.48205328198438235,0.1656187059127562,1.1051095965067754,0.2381862114875508,-0.4146132592861036,0.885612309053981,0.041654535569467
-0.6922076542466414,0.4844925689512068,0.06540104006749757,0.06540104006749754,1.2110269163030716,1.1555713446562996,0.7573201170317431,0.8331736116944044,0.7826380134765774,0.6786117021133227,3.3076718024868312,0.44460142061669883,-0.13157382889875557,-0.7635547348872878,0.7927530096846832,-0.3670770836606983,0.6520824719662904
0.07706904607062683,-0.027127170559785974,1.3954203730765178,1.3954203730765176,-0.706591700700661,-0.1667497890875875,-0.6307381392566709,0.23422754085689548,-0.4057153639132397,-0.859749037274094,-0.48205328198438235,0.44460142061669883,0.6928817880382651,-1.3507821862104692,-1.3102415161865644,0.7618113109016623,0.6520824719662904
-0.09388133177765497,-1.843857382006656,1.3954203730765178,1.3954203730765176,-0.9499536053394935,-1.3417806323703618,-0.9083497905143537,-0.16298488485308327,-1.3046699908599295,-0.859749037274094,-0.48205328198438235,0.44460142061669883,1.1051095965067754,-0.038156118546887316,-0.2166843627335156,2.083554244724097,1.1255671642452045
0.24801942391890863,-0.20938782106258158,1.3954203730765178,1.3954203730765176,-0.9023790976657367,-0.8639770688922955,-0.9083497905143537,-0.6750807673414829,-1.3046699908599295,-0.5520768893966107,-0.48205328198438235,-0.6713294381990715,-0.13157382889875557,-0.3490412398356304,-0.3354417006650684,0.5503863368836848,0.041654535569467
1.1027713131603178,0.13129388240673293,1.3954203730765178,1.3954203730765176,-0.6242512066499282,-0.169350980077636,-0.353126487998988,0.23422754085689548,0.12013938270035009,-0.5520768893966107,-0.48205328198438235,0.44460142061669883,0.6928817880382651,1.2399271578623894,0.0059856458881459434,1.8030757295983642,1.8395221608324077
-0.43578208747421865,-0.3175976174947787,1.3954203730765178,1.3954203730765176,-0.6462086717301236,-0.23348304999559868,-0.353126487998988,-0.16298488485308327,-0.4057153639132397,0.06326740635835588,1.4128092602512243,-0.11336400879118629,0.28065397956975463,0.5145285415219891,1.198507247617489,1.3596464266010555,1.5124323266304773
1.5301472577810225,-0.5334439134244329,0.06540104006749757,0.06540104006749754,-0.22718704644972784,0.31726895548866796,0.06329098888753605,1.070869606315068,-0.4057153639132397,-0.2444047415191273,-0.48205328198438235,1.5605322794324692,1.1051095965067754,0.687242497793513,0.565134778649207,1.5335992496594337,2.122860263027301
0.16254423499476775,-0.19271443521055656,1.3954203730765178,1.3954203730765176,-0.9536131828528595,-0.9345256795708758,-1.1859614417720366,-1.3968393760212348,-1.3046699908599295,-0.859749037274094,-0.48205328198438235,-0.11336400879118629,1.1051095965067754,0.1691006289789413,-0.5036812627347681,0.10695703388637642,-0.8186953190947202
1.5301472577810225,-1.1659337566764671,-1.2646182929415224,-1.2646182929415224,-0.7779534622112961,-0.11169626986124391,-0.9083497905143537,-0.6750807673414829,-0.4057153639132397,-0.859749037274094,-0.48205328198438235,-0.11336400879118629,0.6928817880382651,0.2727290027418556,0.4265845510623954,-0.3670770836606983,-0.8186953190947202
-1.205058787791487,-0.5924934977026649,0.06540104006749757,0.06540104006749754,-0.9389748727993958,-1.0093525082865913,-1.0471556161431952,-0.6750807673414829,-1.3046699908599295,-0.859749037274094,-0.48205328198438235,-0.3923467234951289,0.28065397956975463,0.5145285415219891,-1.3201379610141941,0.885612309053981,0.041654535569467
-0.17935652070179586,-1.194598603413473,1.3954203730765178,1.3954203730765176,-0.9243365627459323,-1.2343855640425856,-0.7695439648855122,-0.6750807673414829,-0.4057153639132397,-0.5520768893966107,-0.48205328198438235,-0.9503121529030141,-0.5438016373672659,-1.3507821862104692,-1.394361297221414,1.6792747314460454,1.1255671642452045
1.1882465020844588,1.3350741211272938,-1.2646182929415224,-1.2646182929415224,2.198197950533524,1.4108196979882202,1.1737375939182673,0.5587737238266683,1.9180486365937297,-0.2444047415191273,3.3076718024868312,-0.3923467234951289,-0.9560294458357763,0.5490713327762939,1.4360219234805944,-1.1065825691090452,-0.8186953190947202
0.6753953685396131,0.4748420705497481,0.06540104006749757,0.06540104006749754,0.07838767591632485,0.30989479848941387,0.7573201170317431,0.23422754085689548,0.7826380134765774,1.2939559978682893,-0.48205328198438235,-0.9503121529030141,-1.3682572543042866,0.859956454065037,-0.3255452558374388,-0.7023030558309941,0.041654535569467
1.1882465020844588,0.09594057143109243,0.06540104006749757,0.06540104006749754,-0.17412317250592224,0.2216519173795157,0.3409026401452189,1.070869606315068,-0.4057153639132397,0.3709395542358393,1.4128092602512243,1.2815495647285267,0.6928817880382651,-1.5580389337362979,-1.5378597472220406,-0.17352148123935618,0.6520824719662904
0.846345746387895,-1.3201984068661203,-1.2646182929415224,-1.2646182929415224,-0.9389748727993958,-1.0093525082865913,-1.0471556161431952,-1.3968393760212348,-0.4057153639132397,-0.859749037274094,-0.48205328198438235,-1.2292948676069566,-0.5438016373672659,1.5508122791511325,-0.2018396954920714,-0.17352148123935618,-0.8186953190947202
-1.2905339767156276,-0.5814575317089177,0.06540104006749757,0.06540104006749754,-0.891400365125639,-0.5650138533070599,-1.0471556161431952,-0.6750807673414829,-0.4057153639132397,-1.1674211851515772,-0.48205328198438235,-0.11336400879118629,0.6928817880382651,-0.2799556573270208,1.342005697618115,0.885612309053981,0.041654535569467
-0.5212572763983596,1.9257132881433,-1.2646182929415224,-1.2646182929415224,1.999665870433424,1.3336641486882959,1.1737375939182673,0.5587737238266683,1.9180486365937297,-0.2444047415191273,2.521232791480213,-0.6713294381990715,-1.3682572543042866,-0.8326403173958974,1.0401641303754183,-1.4262108739540353,-2.2894731101557304
0.33349461284304954,0.8612442045645871,-1.2646182929415224,-1.2646182929415224,1.260431212733511,1.1162238432578067,0.8961259426605844,-0.16298488485308327,1.3921938899801396,0.986283849990806,-0.48205328198438235,-1.5082775823108991,-1.7804850627727968,1.5508122791511325,-0.6075939334248768,-1.0737864710114289,-0.8186953190947202
-0.6922076542466414,-0.8922800198271845,0.06540104006749757,0.06540104006749754,-0.9499536053394935,-0.8870481082377739,-1.1859614417720366,-1.3968393760212348,-1.3046699908599295,-0.859749037274094,-0.48205328198438235,-1.2292948676069566,-0.5438016373672659,-1.385324977464774,-1.0083999489438678,0.10695703388637642,-0.8186953190947202
-0.26483170962593683,0.3878442607029354,-1.2646182929415224,-1.2646182929415224,-0.3406339493640708,0.04896801741091769,0.20209681451637745,-0.16298488485308327,0.7826380134765774,0.3709395542358393,-0.48205328198438235,-1.5082775823108991,-1.7804850627727968,-0.0726989098011921,-0.3107005885959948,-0.9521767564069609,-0.8186953190947202
-0.5212572763983596,-1.6432512295921764,0.06540104006749757,0.06540104006749754,-0.9133578302058345,-0.9589673627750864,-0.9083497905143537,-0.16298488485308327,-0.4057153639132397,-1.1674211851515772,-0.48205328198438235,0.1656187059127562,0.6928817880382651,-1.2816966037018593,-0.3502863679065125,1.3596464266010555,0.6520824719662904
-0.008406142853514067,-1.3350563524248016,0.06540104006749757,0.06540104006749754,-0.9170174077192003,-0.784319452530597,-1.0471556161431952,-0.6750807673414829,-1.3046699908599295,-0.859749037274094,-0.48205328198438235,-0.11336400879118629,0.6928817880382651,1.0672132015908653,1.2727305838247092,-0.17352148123935618,-0.8186953190947202
-0.008406142853514067,-0.4627372914731517,1.3954203730765178,1.3954203730765176,-0.9847195917164695,-1.4349769365943694,-1.1859614417720366,-1.3968393760212348,-1.3046699908599295,-0.859749037274094,-0.48205328198438235,-0.11336400879118629,1.1051095965067754,-1.0053542736674215,-0.4987330403209535,1.3596464266010555,0.041654535569467
-0.7776828431707824,-1.2245055935090825,0.06540104006749757,0.06540104006749754,-0.9243365627459323,-1.0618823366451877,-0.9083497905143537,-0.6750807673414829,-0.4057153639132397,-0.859749037274094,-0.48205328198438235,-0.3923467234951289,0.28065397956975463,-0.3490412398356304,0.17917343037166056,1.3596464266010555,0.6520824719662904
-1.034108409943205,-0.9920814612165266,0.06540104006749757,0.06540104006749754,-0.895059942639005,-0.9803096467139546,-0.7695439648855122,-0.16298488485308327,-1.3046699908599295,-0.5520768893966107,-0.48205328198438235,0.44460142061669883,1.1051095965067754,0.2727290027418556,1.6191061527917383,1.0244204544307594,0.6520824719662904
0.6753953685396131,-1.0402384037346963,0.06540104006749757,0.06540104006749754,-0.9627621266362743,-1.0618823366451877,-1.1859614417720366,-1.3968393760212348,-1.3046699908599295,-0.859749037274094,-0.48205328198438235,-0.3923467234951289,0.6928817880382651,-0.7635547348872878,0.6888403389945745,0.10695703388637642,-0.8186953190947202
0.7608705574637541,0.5232378867907264,0.06540104006749757,0.06540104006749754,0.45898373730637876,0.5354183230251381,1.034931768289426,0.5587737238266683,0.49323926303345,1.909300293623256,-0.48205328198438235,0.1656187059127562,-0.13157382889875557,1.1708415753537798,1.5498310389983323,-0.4659387821770814,0.6520824719662904
1.1882465020844588,1.0057150321190966,-1.2646182929415224,-1.2646182929415224,1.0664736045251184,1.2181203221281254,0.4797084657740603,-0.16298488485308327,0.7826380134765774,0.986283849990806,-0.48205328198438235,-1.5082775823108991,-1.7804850627727968,1.0326704103365607,-0.340389923078883,-1.009673071062123,-0.8186953190947202
1.7865728245534451,0.4592197290780799,1.3954203730765178,1.3954203730765176,0.047281267052714765,0.34460740156945946,0.6185142914029016,0.5587737238266683,0.12013938270035009,1.2939559978682893,-0.48205328198438235,0.1656187059127562,-0.13157382889875557,0.687242497793513,1.0550087976168625,-0.30958076900553577,0.6520824719662904
0.24801942391890863,-0.10686321923322398,1.3954203730765178,1.3954203730765176,-0.8035705048048575,-0.4146367819633805,-0.7695439648855122,-0.16298488485308327,-0.4057153639132397,-0.859749037274094,-0.48205328198438235,0.1656187059127562,0.6928817880382651,0.9635848278279513,0.8174941217537568,1.6792747314460454,1.1255671642452045
-1.4614843545639096,-1.4316568859285117,0.06540104006749757,0.06540104006749754,-0.6498682492434895,0.019795281090126196,-0.6307381392566709,0.5587737238266683,-0.4057153639132397,-1.1674211851515772,-0.48205328198438235,1.5605322794324692,1.9295652134437964,-1.1780682299389453,0.9560443493405684,1.3596464266010555,1.1255671642452045
-0.35030689855007774,-0.4503158578871158,0.06540104006749757,0.06540104006749754,-0.9170174077192003,-0.784319452530597,-1.0471556161431952,-1.3968393760212348,-0.4057153639132397,-0.859749037274094,-0.48205328198438235,-0.9503121529030141,-0.13157382889875557,1.7235262354226564,-1.067778617909644,0.885612309053981,0.041654535569467
1.1027713131603178,-1.2280409246066464,2.7254397060855378,2.7254397060855378,-0.9883791692298355,-1.5098037653100853,-1.1859614417720366,-1.3968393760212348,-1.3046699908599295,-0.859749037274094,-0.48205328198438235,-0.3923467234951289,0.6928817880382651,0.4109001677590748,0.5997723355459103,0.10695703388637642,-0.8186953190947202
-0.5212572763983596,-1.0058405876502894,0.06540104006749757,0.06540104006749754,-0.9572727603662253,-0.9839028506139886,-1.1859614417720366,-1.3968393760212348,-1.3046699908599295,-0.859749037274094,-0.48205328198438235,-0.3923467234951289,0.6928817880382651,-0.9017258999045069,1.2727305838247092,1.3596464266010555,0.041654535569467
0.33349461284304954,1.4004299716876674,-1.2646182929415224,-1.2646182929415224,1.028962935013118,1.1224952816805869,0.6185142914029016,0.8331736116944044,0.7826380134765774,0.3709395542358393,1.4128092602512243,-0.11336400879118629,-0.9560294458357763,1.2053843666080846,-1.4883775230838936,-1.033488587128577,-0.8186953190947202
-0.008406142853514067,-1.1933086853103076,-1.2646182929415224,-1.2646182929415224,-0.5492298676259272,0.027589490730994197,-0.353126487998988,-0.16298488485308327,-0.4057153639132397,0.06326740635835588,-0.48205328198438235,-0.11336400879118629,0.28065397956975463,0.859956454065037,-0.1968914730782566,-0.17352148123935618,0.041654535569467
2.128473580250009,-0.3272003411516757,-1.2646182929415224,-1.2646182929415224,-0.5528894451392932,-0.0944963021156972,-0.2143206623701467,-0.16298488485308327,-0.4057153639132397,0.3709395542358393,-0.48205328198438235,-0.9503121529030141,-0.9560294458357763,1.4126411141339135,-0.038548355836186265,-0.8283757582546424,-0.8186953190947202
-0.35030689855007774,-1.57068139260299,0.06540104006749757,0.06540104006749754,-0.9719110704196889,-1.2039083447629704,-1.1859614417720366,-1.3968393760212348,-1.3046699908599295,-0.859749037274094,-0.48205328198438235,-0.11336400879118629,1.1051095965067754,-0.2799556573270208,1.045112352789233,0.10695703388637642,-0.8186953190947202
0.16254423499476775,-1.3988834111592017,2.7254397060855378,2.7254397060855378,-0.9719110704196889,-1.4495837895323882,-1.0471556161431952,-0.6750807673414829,-1.3046699908599295,-0.859749037274094,-0.48205328198438235,-0.11336400879118629,0.6928817880382651,-0.729011943632983,-0.5432670420452859,0.885612309053981,0.041654535569467
-0.008406142853514067,-0.17269681723921407,-1.2646182929415224,-1.2646182929415224,0.5559625414105752,0.49615005549002517,1.3125434195471086,0.8331736116944044,0.49323926303345,2.2169724415007392,-0.48205328198438235,0.44460142061669883,-0.13157382889875557,0.8254136628107321,1.2034554700313034,-0.5478972431289095,0.6520824719662904
-0.43578208747421865,-0.2874995284209226,1.3954203730765178,1.3954203730765176,-0.3571020481742174,0.10886827691485529,0.06329098888753605,0.8331736116944044,0.12013938270035009,-0.2444047415191273,-0.48205328198438235,1.0025668500245841,0.6928817880382651,1.3435555316253038,-0.07813413514670386,0.8096914315363931,1.5124323266304773
0.33349461284304954,-0.767444612287524,2.7254397060855378,2.7254397060855378,-0.9755706479330547,-1.2656344399074781,-1.1859614417720366,-1.3968393760212348,-1.3046699908599295,-0.859749037274094,-0.48205328198438235,-0.11336400879118629,1.1051095965067754,1.5508122791511325,0.3226718803722868,1.3596464266010555,0.041654535569467
-0.6067324653225005,3.1322644620484383,1.3954203730765178,1.3954203730765176,-0.8438258574518823,1.7026041550657793,-1.6023789186585606,-2.6306938671893865,-1.3046699908599295,-1.4750933330290608,-0.48205328198438235,-2.345225726422727,-1.7804850627727968,-0.6253835698700687,0.18412165278547515,-1.4262108739540353,-2.2894731101557304
-0.7776828431707824,0.11022522005503363,1.3954203730765178,1.3954203730765176,-0.9627621266362743,-1.0618823366451877,-1.1859614417720366,-1.3968393760212348,-1.3046699908599295,-0.859749037274094,-0.48205328198438235,-1.2292948676069566,-0.5438016373672659,-0.6253835698700687,0.565134778649207,0.10695703388637642,-0.8186953190947202
0.7608705574637541,-1.0191697413829972,0.06540104006749757,0.06540104006749754,-0.44310211973831615,0.04376233838272149,-0.07551483674130527,-1.3968393760212348,0.12013938270035009,0.986283849990806,-0.48205328198438235,-1.7872602970148417,-1.3682572543042866,-1.4889533512276882,1.6191061527917383,0.9669241397755971,1.5124323266304773
0.6753953685396131,0.12427099495616653,0.06540104006749757,0.06540104006749754,-0.3003785967170459,0.11570127831892889,0.20209681451637745,0.8331736116944044,-0.4057153639132397,0.3709395542358393,-0.48205328198438235,0.7235841353206415,0.28065397956975463,-0.9017258999045069,-0.003910798939483458,-0.09220965051774017,0.6520824719662904
-0.17935652070179586,-0.9661397749195364,-1.2646182929415224,-1.2646182929415224,-0.8657833225320778,-0.3788584893898945,-1.0471556161431952,-0.6750807673414829,-0.4057153639132397,-1.1674211851515772,-0.48205328198438235,-0.11336400879118629,0.6928817880382651,1.4817266966425229,-0.01875546618092756,-0.17352148123935618,-0.8186953190947202
1.7010976356293042,0.9766679874255974,-1.2646182929415224,-1.2646182929415224,0.6785583881083329,1.2230731390062946,0.06329098888753605,0.23422754085689548,0.49323926303345,0.06326740635835588,2.521232791480213,-1.2292948676069566,-1.7804850627727968,0.10001504647033169,-1.201380623082641,-0.9170320787253607,-0.8186953190947202
-0.7776828431707824,-0.7108793147264991,0.06540104006749757,0.06540104006749754,-0.9792302254464207,-1.3306107401373888,-1.1859614417720366,-1.3968393760212348,-1.3046699908599295,-0.859749037274094,-0.48205328198438235,-0.3923467234951289,0.6928817880382651,0.030929463961722085,-0.8451086092879825,0.10695703388637642,-0.8186953190947202
1.1882465020844588,0.9927680763428824,-1.2646182929415224,-1.2646182929415224,0.755409515889017,0.7533204344770233,1.034931768289426,0.8331736116944044,1.54494875626063,0.06326740635835588,1.4128092602512243,-0.11336400879118629,-0.9560294458357763,0.1691006289789413,0.18412165278547515,-1.0909849017837394,-0.8186953190947202
-0.6067324653225005,-1.8264673749862053,0.06540104006749757,0.06540104006749754,-0.9737408591763719,-1.4793265460304694,-1.0471556161431952,-0.6750807673414829,-1.3046699908599295,-0.859749037274094,-0.48205328198438235,-0.3923467234951289,0.28065397956975463,1.5162694878968277,0.847183456236645,0.885612309053981,0.041654535569467
-0.5212572763983596,1.5450918982204236,0.06540104006749757,0.06540104006749754,0.9054521939370189,0.9126701429324398,0.8961259426605844,1.2805323325064204,0.7826380134765774,0.3709395542358393,-0.48205328198438235,0.44460142061669883,-0.9560294458357763,0.2381862114875508,0.18412165278547515,-1.0737864710114289,-0.8186953190947202
0.7608705574637541,0.9132709013922528,0.06540104006749757,0.06540104006749754,2.18996390112845,1.1016647569045939,2.0065725476913157,1.79262821499482,1.9180486365937297,-0.2444047415191273,-0.48205328198438235,2.397480423544297,0.6928817880382651,-0.729011943632983,1.4459183683082235,0.1576640500582265,2.122860263027301
-0.6922076542466414,-0.82974287919595,1.3954203730765178,1.3954203730765176,-0.8511450124786142,-0.49752545951043003,-0.9083497905143537,-0.16298488485308327,-1.3046699908599295,-0.859749037274094,-0.48205328198438235,0.7235841353206415,1.5173374049752855,1.5508122791511325,1.5201417045154444,1.3596464266010555,0.6520824719662904
-0.6922076542466414,-1.102918868599616,0.06540104006749757,0.06540104006749754,-0.6901236018905145,-0.2488157275166911,-0.4919323136278294,0.23422754085689548,-0.4057153639132397,-0.5520768893966107,-0.48205328198438235,1.0025668500245841,1.5173374049752855,0.9290420365736465,1.0104747958925302,0.5503863368836848,0.6520824719662904
-0.09388133177765497,0.8231199584043694,0.06540104006749757,0.06540104006749754,1.8148572060084451,1.1465082045151855,1.45134924517595,1.070869606315068,0.49323926303345,2.2169724415007392,-0.48205328198438235,1.5605322794324692,1.1051095965067754,-0.2108700748184113,-0.6521279351492091,-0.8533150578905775,0.041654535569467
0.9318209353120359,0.6513219769605809,-1.2646182929415224,-1.2646182929415224,0.7224733182687237,1.2538033072913959,0.06329098888753605,-0.16298488485308327,0.7826380134765774,0.06326740635835588,-0.48205328198438235,-1.5082775823108991,-1.7804850627727968,-0.10724170105549691,-1.6714617523950375,-0.9170320787253607,-0.8186953190947202
-0.09388133177765497,0.5069466988951947,0.06540104006749757,0.06540104006749754,0.33913257374364547,0.3764657561348767,1.1737375939182673,0.8331736116944044,0.49323926303345,1.909300293623256,-0.48205328198438235,0.1656187059127562,-0.5438016373672659,-1.247153812447555,-0.934176612736647,0.04120754165501022,1.5124323266304773
0.7608705574637541,-0.938143774606394,-1.2646182929415224,-1.2646182929415224,-0.8694429000454437,-0.6162963195908736,-0.9083497905143537,-0.6750807673414829,-0.4057153639132397,-0.859749037274094,1.4128092602512243,-0.11336400879118629,0.6928817880382651,-0.7635547348872878,-1.087571507564903,-0.3670770836606983,-0.8186953190947202
-0.35030689855007774,1.5317627444877158,-1.2646182929415224,-1.2646182929415224,1.3281333967307805,1.0891347463306449,1.034931768289426,0.8331736116944044,1.3921938899801396,0.3709395542358393,-0.48205328198438235,-0.11336400879118629,-0.9560294458357763,-1.2816966037018593,0.4117398838209514,-1.0909849017837394,-0.8186953190947202
0.5899201796154723,-0.2748392211120783,2.7254397060855378,2.7254397060855378,-1.010336634310031,-1.7981463220312721,-1.324767267400878,-1.3968393760212348,-1.3046699908599295,-1.1674211851515772,-0.48205328198438235,-0.3923467234951289,0.6928817880382651,-1.5925817249906027,-1.201380623082641,0.5503863368836848,-0.8186953190947202
1.4446720688568817,1.5631507516647372,-1.2646182929415224,-1.2646182929415224,1.1222821616039484,0.44898768738355616,2.561795850206681,1.4680820320250476,1.9180486365937297,1.6016281457457726,-0.48205328198438235,1.2815495647285267,-0.13157382889875557,0.7908708715564273,0.17917343037166056,-1.2080728857175729,-0.8186953190947202
0.5899201796154723,0.20668242932505831,0.06540104006749757,0.06540104006749754,-0.36076162568758324,0.10245649798698739,0.06329098888753605,0.23422754085689548,0.12013938270035009,0.3709395542358393,-0.48205328198438235,-0.3923467234951289,-0.5438016373672659,-1.4889533512276882,0.9065621252024216,-0.9170320787253607,-0.8186953190947202
1.6156224467051634,0.5381913818385311,0.06540104006749757,0.06540104006749754,1.6629847392037604,1.1906712834518163,1.1737375939182673,1.2805323325064204,0.7826380134765774,0.986283849990806,-0.48205328198438235,1.5605322794324692,0.6928817880382651,0.13455783772463648,1.4112808114115207,0.04120754165501022,1.5124323266304773
-0.17935652070179586,1.0432182066000126,0.06540104006749757,0.06540104006749754,1.117707689712241,1.2473845301462752,0.4797084657740603,0.8331736116944044,0.12013938270035009,0.6786117021133227,1.4128092602512243,-0.3923467234951289,-1.3682572543042866,0.3072717939961604,-0.587801043769618,-0.6169507842366649,0.041654535569467
0.7608705574637541,0.5506605901691286,0.06540104006749757,0.06540104006749754,0.7398563114572118,0.6276416064413959,1.3125434195471086,0.23422754085689548,1.0190940096470398,2.2169724415007392,-0.48205328198438235,-0.9503121529030141,-1.3682572543042866,0.9981276190822559,1.376643254514818,-0.2784207631899799,1.1255671642452045
1.7865728245534451,1.160218556031558,-1.2646182929415224,-1.2646182929415224,1.2494524801934137,1.0480683813445884,1.034931768289426,0.5587737238266683,1.6815926404232675,0.06326740635835588,-0.48205328198438235,-0.6713294381990715,-1.3682572543042866,0.2727290027418556,-1.5180668575667817,-1.0909849017837394,-0.8186953190947202
0.846345746387895,0.5257221735079336,0.06540104006749757,0.06540104006749754,1.3372823405141951,1.1561958145243887,0.8961259426605844,1.4680820320250476,0.7826380134765774,0.06326740635835588,-0.48205328198438235,1.5605322794324692,0.28065397956975463,-0.4181268223442399,0.9510961269267536,-0.11351437923447527,1.1255671642452045
0.41896980176719045,-0.2842030710461669,0.06540104006749757,0.06540104006749754,-0.18235722191099554,0.38172576218510995,0.06329098888753605,0.5587737238266683,0.7826380134765774,-0.5520768893966107,1.4128092602512243,0.1656187059127562,-0.13157382889875557,-1.0053542736674215,0.31772365795847207,-0.44299796117828627,0.041654535569467
1.872048013477586,1.2314984749175797,-1.2646182929415224,-1.2646182929415224,2.6300280971107,2.2488607205540188,-0.07551483674130527,0.23422754085689548,0.12013938270035009,0.06326740635835588,2.521232791480213,-0.9503121529030141,-1.3682572543042866,0.8254136628107321,0.6047205579597249,-0.8762558788893728,-0.8186953190947202
-0.17935652070179586,-0.2575925383253131,1.3954203730765178,1.3954203730765176,-0.6096128965964646,-0.1283757759612971,-0.353126487998988,-0.16298488485308327,-0.4057153639132397,0.06326740635835588,-0.48205328198438235,-0.11336400879118629,0.28065397956975463,0.2381862114875508,-0.19194325066444198,2.219613532490276,2.122860263027301
-0.09388133177765497,2.561499588770089,-1.2646182929415224,-1.2646182929415224,1.6355379078535162,0.7454864249832864,2.42299002457784,1.4680820320250476,1.54494875626063,2.2169724415007392,2.521232791480213,0.7235841353206415,-0.9560294458357763,-0.4526696135985448,0.8422352338228304,-1.4262108739540353,-2.2894731101557304
-0.09388133177765497,0.16373293396411123,0.06540104006749757,0.06540104006749754,-0.6096128965964646,-0.1283757759612971,-0.353126487998988,-0.16298488485308327,-0.4057153639132397,0.06326740635835588,-0.48205328198438235,-0.6713294381990715,-0.5438016373672659,-1.385324977464774,-0.7708852730807618,-0.7713565969387493,-0.8186953190947202
-0.6922076542466414,1.2829996495550666,0.06540104006749757,0.06540104006749754,0.9585160678808246,0.613235675637623,1.7289608964336327,1.070869606315068,1.2190147058053171,1.909300293623256,-0.48205328198438235,0.44460142061669883,-0.5438016373672659,-0.245412866072716,-1.567549081704929,-0.6475555987864309,0.6520824719662904
0.9318209353120359,0.7181110698578045,0.06540104006749757,0.06540104006749754,0.020749330080811958,0.46530231712051706,0.3409026401452189,1.070869606315068,-0.4057153639132397,0.3709395542358393,-0.48205328198438235,0.7235841353206415,-0.13157382889875557,-0.729011943632983,-0.3354417006650684,-0.5662437680648147,0.041654535569467
0.7608705574637541,2.2416954486742275,-1.2646182929415224,-1.2646182929415224,2.2805384445842565,1.563640494599351,0.8961259426605844,0.23422754085689548,1.2190147058053171,0.986283849990806,1.4128092602512243,-1.2292948676069566,-1.7804850627727968,-0.9017258999045069,-1.0974679523925324,-1.4262108739540353,-2.2894731101557304
-1.3760091656397686,-1.086962103916016,0.06540104006749757,0.06540104006749754,-0.9517833940961765,-0.9105586222782807,-1.1859614417720366,-1.3968393760212348,-1.3046699908599295,-0.859749037274094,-0.48205328198438235,0.1656187059127562,1.5173374049752855,-0.3835840310899352,1.5696239286535911,1.3596464266010555,0.041654535569467
-0.43578208747421865,0.7448171520677817,0.06540104006749757,0.06540104006749754,1.1085587459288264,0.6077394726997786,2.0065725476913157,1.4680820320250476,1.2190147058053171,1.909300293623256,-0.48205328198438235,1.5605322794324692,0.28065397956975463,0.4799857502676843,1.6438472648608116,-0.25887375283368547,1.5124323266304773
1.6156224467051634,-0.059184024160670874,0.06540104006749757,0.06540104006749754,-0.9170174077192003,-0.9923278981250286,-0.9083497905143537,-1.3968393760212348,-0.4057153639132397,-0.5520768893966107,-0.48205328198438235,-1.7872602970148417,-1.3682572543042866,0.7563280803021226,-1.3696201851523409,-0.3670770836606983,-0.8186953190947202
1.1882465020844588,-0.11579709646625747,0.06540104006749757,0.06540104006749754,-0.37174035822768103,0.08301885740298529,0.06329098888753605,1.070869606315068,-0.4057153639132397,-0.2444047415191273,-0.48205328198438235,1.5605322794324692,1.1051095965067754,-1.385324977464774,1.688381266585144,-0.44299796117828627,0.041654535569467
-0.5212572763983596,3.1322644620484383,-1.2646182929415224,-1.2646182929415224,-1.0286345218768604,-4.076384989268159,-1.741184744287402,-2.6306938671893865,-1.3046699908599295,-1.782765480906544,-0.48205328198438235,-2.6242084411266697,-2.1927128712413078,1.1017559928451703,-1.0479857282543852,-1.4262108739540353,-2.2894731101557304
1.3591968799327403,0.4501903023559231,0.06540104006749757,0.06540104006749754,-0.7376981095642712,-0.28244047450586224,-0.6307381392566709,-0.16298488485308327,-0.4057153639132397,-0.5520768893966107,-0.48205328198438235,-0.11336400879118629,0.28065397956975463,1.309012740370999,-0.8797461661846853,0.10695703388637642,0.041654535569467
0.9318209353120359,-1.2117975114556765,-1.2646182929415224,-1.2646182929415224,-0.6553576155135384,-0.136800823472337,-0.4919323136278294,-0.16298488485308327,-0.4057153639132397,-0.2444047415191273,-0.48205328198438235,-0.11336400879118629,0.28065397956975463,1.4817266966425229,1.4409701458944089,-0.047448778815707984,0.041654535569467
1.872048013477586,1.0130245680370331,0.06540104006749757,0.06540104006749754,0.9054521939370189,0.5807678848287066,1.7289608964336327,1.4680820320250476,0.49323926303345,2.2169724415007392,-0.48205328198438235,1.0025668500245841,-0.5438016373672659,-0.4526696135985448,-0.25627014204403314,-1.1567343940151054,-0.8186953190947202
0.24801942391890863,-0.24464558254909877,2.7254397060855378,2.7254397060855378,-0.63157036167666,0.0744176750835202,-0.6307381392566709,-0.16298488485308327,0.12013938270035009,-0.859749037274094,1.4128092602512243,-0.11336400879118629,0.28065397956975463,1.2744699491166942,-0.5086294851485827,1.3596464266010555,1.1255671642452045
0.5044449906913313,0.21012221093349903,0.06540104006749757,0.06540104006749754,0.05277063332276356,0.28211274878641807,0.7573201170317431,1.070869606315068,0.12013938270035009,0.986283849990806,-0.48205328198438235,1.0025668500245841,0.28065397956975463,1.1708415753537798,1.064905242444492,-0.047448778815707984,1.1255671642452045
-1.3760091656397686,-1.52252445008482,0.06540104006749757,0.06540104006749754,-0.9993579017699331,-1.4594186197985801,-1.324767267400878,-2.6306938671893865,-1.3046699908599295,-0.859749037274094,-0.48205328198438235,-0.6713294381990715,0.6928817880382651,0.859956454065037,-0.6273868230801357,0.5503863368836848,-0.8186953190947202
-0.5212572763983596,0.309350355388101,0.06540104006749757,0.06540104006749754,0.8313457492913594,0.6345024616167249,1.45134924517595,0.8331736116944044,0.7826380134765774,2.2169724415007392,-0.48205328198438235,0.1656187059127562,-0.5438016373672659,1.309012740370999,-0.8302639420465383,-1.1337935730163102,-0.8186953190947202
-0.9486332210190641,-1.2368792523505563,-1.2646182929415224,-1.2646182929415224,-0.9042088864224197,-0.6698022371011301,-1.0471556161431952,-0.6750807673414829,-1.3046699908599295,-0.859749037274094,-0.48205328198438235,0.1656187059127562,1.1051095965067754,-0.6944691523786782,1.5151934821016293,-0.17352148123935618,-0.8186953190947202
1.1027713131603178,-1.776924964875747,-1.2646182929415224,-1.2646182929415224,-0.9920387467432015,-1.5894613816717837,-1.1859614417720366,-1.3968393760212348,-1.3046699908599295,-0.859749037274094,-0.48205328198438235,-0.6713294381990715,0.28065397956975463,1.3435555316253038,0.9411996820991244,0.10695703388637642,-0.8186953190947202
0.846345746387895,-1.5844405190367523,-1.2646182929415224,-1.2646182929415224,-0.929825929015981,-0.6542766906573937,-1.1859614417720366,-1.3968393760212348,-0.4057153639132397,-1.1674211851515772,-0.48205328198438235,-0.11336400879118629,1.1051095965067754,0.9635848278279513,0.9609925717543834,0.10695703388637642,-0.8186953190947202
-0.43578208747421865,-0.3242383069888518,0.06540104006749757,0.06540104006749754,-1.003017479283299,-1.5623335936686813,-1.324767267400878,-1.3968393760212348,-1.3046699908599295,-1.1674211851515772,-0.48205328198438235,-0.3923467234951289,0.6928817880382651,-0.8326403173958974,0.27318965623414,0.5503863368836848,-0.8186953190947202
-1.5469595434880503,-1.4710710501918944,0.06540104006749757,0.06540104006749754,-0.9316557177726639,-0.9296948919248926,-1.0471556161431952,-0.6750807673414829,-1.3046699908599295,-0.859749037274094,-0.48205328198438235,-0.3923467234951289,0.28065397956975463,-0.5217551961071544,-0.3799757023894007,0.885612309053981,0.041654535569467
0.07706904607062683,-1.082949025372835,0.06540104006749757,0.06540104006749754,-0.9774004366897379,-1.2976950650077783,-1.1859614417720366,-1.3968393760212348,-1.3046699908599295,-0.859749037274094,-0.48205328198438235,-0.11336400879118629,1.1051095965067754,-0.2108700748184113,0.30782721313084277,0.10695703388637642,-0.8186953190947202
-0.17935652070179586,0.13545028518359883,1.3954203730765178,1.3954203730765176,-0.6773150805937338,-0.20635526199249618,-0.4919323136278294,-0.16298488485308327,-0.4057153639132397,-0.2444047415191273,-0.48205328198438235,-0.9503121529030141,-0.9560294458357763,0.9290420365736465,-0.5927492661834328,0.5503863368836848,0.6520824719662904
0.41896980176719045,0.3558829565911738,0.06540104006749757,0.06540104006749754,0.8780053625867746,0.5636329775020927,1.7289608964336327,1.070869606315068,1.54494875626063,1.2939559978682893,-0.48205328198438235,0.7235841353206415,-0.13157382889875557,1.1017559928451703,-0.09297880238814797,-0.6475555987864309,0.6520824719662904
0.5899201796154723,0.3531597961511583,1.3954203730765178,1.3954203730765176,0.010685491919055662,0.37626653659317305,0.4797084657740603,0.5587737238266683,0.12013938270035009,0.986283849990806,-0.48205328198438235,0.44460142061669883,0.28065397956975463,1.309012740370999,-0.5976974885972475,0.4421830060566723,1.5124323266304773
-0.09388133177765497,0.7107059844507447,0.06540104006749757,0.06540104006749754,0.6282391972995518,1.1868943928518514,0.06329098888753605,0.23422754085689548,0.49323926303345,0.06326740635835588,-0.48205328198438235,-0.6713294381990715,-0.9560294458357763,-0.5562979873614591,1.4904523700325565,0.4169691447109347,1.1255671642452045
-0.9486332210190641,1.2181693211848716,0.06540104006749757,0.06540104006749754,0.14974943742695995,0.38414435547300907,0.7573201170317431,0.8331736116944044,0.7826380134765774,0.6786117021133227,-0.48205328198438235,0.1656187059127562,-0.5438016373672659,-0.3835840310899352,-0.785729940322206,-0.7023030558309941,0.041654535569467
-0.5212572763983596,0.036269915473558526,0.06540104006749757,0.06540104006749754,0.7718776146991635,1.1972452785827785,0.20209681451637745,-0.6750807673414829,0.7826380134765774,0.6786117021133227,-0.48205328198438235,0.1656187059127562,1.1051095965067754,0.4799857502676843,1.0945945769273802,-0.5087474534096523,0.041654535569467
-0.43578208747421865,-1.199328303125079,1.3954203730765178,1.3954203730765176,-1.0194855780934458,-2.1750681023118763,-1.324767267400878,-1.3968393760212348,-1.3046699908599295,-1.1674211851515772,-0.48205328198438235,-0.11336400879118629,1.1051095965067754,-0.7980975261415926,-1.562600859291114,0.5503863368836848,-0.8186953190947202
0.5044449906913313,1.4067362379698083,0.06540104006749757,0.06540104006749754,1.231154592626584,1.1664026158778138,0.7573201170317431,1.637741372355351,0.49323926303345,-0.2444047415191273,1.4128092602512243,1.5605322794324692,-0.13157382889875557,-1.108982647430336,1.2529376941694503,-0.3670770836606983,0.6520824719662904
-0.8631580320949233,0.8829817133401499,-1.2646182929415224,-1.2646182929415224,0.01434506943242156,0.38044340916799385,0.4797084657740603,-0.6750807673414829,0.12013938270035009,1.909300293623256,-0.48205328198438235,-1.7872602970148417,-1.7804850627727968,0.8944992453193417,-0.869849721357056,-1.009673071062123,-0.8186953190947202
-1.3760091656397686,-0.7505323527126906,0.06540104006749757,0.06540104006749754,-0.7248895882674905,-0.23348304999559868,-0.6307381392566709,0.23422754085689548,-0.4057153639132397,-0.859749037274094,1.4128092602512243,1.0025668500245841,1.5173374049752855,-1.247153812447555,0.11979476140588406,1.3596464266010555,1.1255671642452045
-0.9486332210190641,0.6421014512601774,-1.2646182929415224,-1.2646182929415224,0.12230260607671575,0.2912683542342504,0.8961259426605844,-0.16298488485308327,0.49323926303345,2.2169724415007392,-0.48205328198438235,-1.2292948676069566,-1.3682572543042866,-1.039897064921726,-0.8203674972189088,-1.0737864710114289,-0.8186953190947202
0.5044449906913313,0.7769695551577899,0.06540104006749757,0.06540104006749754,0.6081115209760394,0.5909625861753438,1.1737375939182673,1.2805323325064204,1.6815926404232675,-0.5520768893966107,-0.48205328198438235,1.2815495647285267,0.28065397956975463,0.06547225521602688,-0.4937848179071388,-0.8011647543473774,0.041654535569467
0.16254423499476775,0.8068287705088376,-1.2646182929415224,-1.2646182929415224,2.4616875314958686,1.1130008912642841,2.2841841989489984,1.79262821499482,1.0190940096470398,2.2169724415007392,-0.48205328198438235,2.397480423544297,0.6928817880382651,1.1017559928451703,1.5547792614121472,-1.193281126493132,-0.8186953190947202
-1.119583598867346,-0.5167227528278461,-1.2646182929415224,-1.2646182929415224,-0.29214454731197265,0.12891780199932032,0.20209681451637745,1.2805323325064204,-0.4057153639132397,-0.2444047415191273,-0.48205328198438235,1.8395149941364122,1.1051095965067754,-0.5908407786157639,-0.07318591273288917,-0.9521767564069609,-0.8186953190947202
1.1882465020844588,-0.6167152931954348,0.06540104006749757,0.06540104006749754,-0.5693575439494397,-0.022240804392228704,-0.353126487998988,-0.16298488485308327,-0.4057153639132397,0.06326740635835588,-0.48205328198438235,-0.3923467234951289,-0.13157382889875557,1.2053843666080846,-0.5234741523900269,-0.17352148123935618,0.041654535569467
0.16254423499476775,0.6651288781389054,-1.2646182929415224,-1.2646182929415224,1.0573246607417035,1.2128207662493355,0.4797084657740603,-0.6750807673414829,1.54494875626063,0.06326740635835588,-0.48205328198438235,-1.7872602970148417,-1.7804850627727968,1.309012740370999,-0.8005746075636501,-1.009673071062123,-0.8186953190947202
-0.6067324653225005,0.6985234245875171,0.06540104006749757,0.06540104006749754,0.22111119893759507,0.454179608964158,0.7573201170317431,0.5587737238266683,0.12013938270035009,1.6016281457457726,-0.48205328198438235,-0.11336400879118629,-0.5438016373672659,1.7235262354226564,0.6195652252011689,-0.7023030558309941,0.041654535569467
-0.26483170962593683,1.6722204934990446,-1.2646182929415224,-1.2646182929415224,2.212836260586988,1.4163221408397701,1.1737375939182673,0.5587737238266683,1.2190147058053171,1.2939559978682893,-0.48205328198438235,-0.6713294381990715,-1.3682572543042866,1.6198978616597417,1.4904523700325565,-1.1065825691090452,-0.8186953190947202
-1.119583598867346,3.1322644620484383,-1.2646182929415224,-1.2646182929415224,0.15157922618364295,-0.1825305568905842,2.2841841989489984,-2.6306938671893865,3.062434502329086,-1.4750933330290608,-0.48205328198438235,-2.6242084411266697,-2.1927128712413078,-0.9708114824131165,1.6834330441713294,1.4381703613598744,3.593638054088312
-1.7179099213363322,1.2416744955092165,-1.2646182929415224,-1.2646182929415224,1.423282412078294,1.1370375962166483,1.034931768289426,-0.16298488485308327,1.0190940096470398,1.909300293623256,2.521232791480213,-1.5082775823108991,-1.7804850627727968,-0.3144984485813256,-1.5329115248082261,-1.0909849017837394,-0.8186953190947202
-0.008406142853514067,0.8418476582725465,-1.2646182929415224,-1.2646182929415224,0.8560478975065792,1.2525380435537896,0.20209681451637745,0.23422754085689548,1.2190147058053171,-0.5520768893966107,-0.48205328198438235,-0.9503121529030141,-1.3682572543042866,-1.5925817249906027,-0.40471681445847413,-0.9521767564069609,-0.8186953190947202
0.7608705574637541,-0.05942289788347927,0.06540104006749757,0.06540104006749754,-0.13752739737226324,0.19399709376998212,0.4797084657740603,0.23422754085689548,1.0190940096470398,0.3709395542358393,1.4128092602512243,0.1656187059127562,0.28065397956975463,1.6889834441683516,1.3815914769286326,0.7618113109016623,1.8395221608324077
-0.09388133177765497,0.4468938449811674,-1.2646182929415224,-1.2646182929415224,0.7114945857286261,1.3437129876660112,-0.07551483674130527,0.5587737238266683,0.49323926303345,-0.5520768893966107,-0.48205328198438235,-0.6713294381990715,-1.3682572543042866,0.8254136628107321,-0.2265808075611448,-0.8762558788893728,-0.8186953190947202
0.9318209353120359,-0.455762178767147,0.06540104006749757,0.06540104006749754,-0.5455702901125613,0.1620640874122815,-0.4919323136278294,-1.3968393760212348,0.7826380134765774,-0.5520768893966107,-0.48205328198438235,-1.5082775823108991,-0.9560294458357763,1.4126411141339135,-0.008859021353298059,0.5503863368836848,0.6520824719662904
1.4446720688568817,-1.8522657370495104,-1.2646182929415224,-1.2646182929415224,-0.9865493804731527,-1.4718233942435652,-1.1859614417720366,-1.3968393760212348,-1.3046699908599295,-0.859749037274094,-0.48205328198438235,-0.6713294381990715,0.28065397956975463,-0.6944691523786782,-0.5680081541143592,0.10695703388637642,-0.8186953190947202
1.7010976356293042,-0.20470589609553727,1.3954203730765178,1.3954203730765176,-0.8182088148583211,-0.3088814298527836,-0.9083497905143537,-0.6750807673414829,0.12013938270035009,-1.1674211851515772,-0.48205328198438235,-0.11336400879118629,0.6928817880382651,-1.5925817249906027,0.20886276485454877,1.3596464266010555,0.6520824719662904
0.6753953685396131,0.4810050125982044,1.3954203730765178,1.3954203730765176,-0.8090598710749063,-0.44216799035508725,-0.7695439648855122,-0.6750807673414829,-0.4057153639132397,-0.5520768893966107,-0.48205328198438235,-1.2292948676069566,-0.9560294458357763,1.5508122791511325,-0.07813413514670386,-0.5087474534096523,-0.8186953190947202
-2.2307610548811776,-0.8136427902786652,-1.2646182929415224,-1.2646182929415224,-0.9975281130132503,-1.411009879301774,-1.324767267400878,-1.3968393760212348,-1.3046699908599295,-1.1674211851515772,-0.48205328198438235,-0.6713294381990715,0.28065397956975463,0.5490713327762939,-1.2805521817036762,0.5503863368836848,-0.8186953190947202
1.7010976356293042,-1.2104598186079496,1.3954203730765178,1.3954203730765176,-0.9353152952860299,-0.9688811885079093,-1.0471556161431952,-0.6750807673414829,-1.3046699908599295,-0.859749037274094,-0.48205328198438235,0.1656187059127562,1.1051095965067754,-0.5562979873614591,0.4612221079590982,1.8030757295983642,0.6520824719662904
0.6753953685396131,-0.2826742792201933,-1.2646182929415224,-1.2646182929415224,0.12047281732003276,0.3542213222393484,0.7573201170317431,1.2805323325064204,0.7826380134765774,0.06326740635835588,-0.48205328198438235,1.2815495647285267,0.28065397956975463,-0.10724170105549691,-0.5729563765281739,-0.7023030558309941,0.041654535569467
0.7608705574637541,1.271438161371141,-1.2646182929415224,-1.2646182929415224,0.7974946572927247,0.41935941049501796,2.0065725476913157,1.637741372355351,1.3921938899801396,1.2939559978682893,1.4128092602512243,1.2815495647285267,-0.5438016373672659,-0.6944691523786782,-1.349827295497082,-1.1763371733780685,-0.8186953190947202
-0.35030689855007774,1.2921246257663468,0.06540104006749757,0.06540104006749754,0.30345169298832786,0.5992469315269104,0.6185142914029016,1.4680820320250476,0.49323926303345,-0.2444047415191273,-0.48205328198438235,1.0025668500245841,-0.5438016373672659,1.7235262354226564,-0.340389923078883,-0.30958076900553577,0.6520824719662904
-0.7776828431707824,0.9350561849123772,1.3954203730765178,1.3954203730765176,0.007025914405689761,0.2308910971988773,0.7573201170317431,1.2805323325064204,0.12013938270035009,0.6786117021133227,-0.48205328198438235,0.7235841353206415,-0.5438016373672659,-0.7980975261415926,-1.2112770679102705,-0.7023030558309941,0.041654535569467
-0.7776828431707824,0.9157074133648982,0.06540104006749757,0.06540104006749754,1.407729207646489,1.2575563137627785,0.7573201170317431,0.5587737238266683,0.12013938270035009,1.6016281457457726,1.4128092602512243,1.0025668500245841,1.1051095965067754,-0.6599263611243734,-1.067778617909644,-0.3670770836606983,0.6520824719662904
-1.6324347324121913,1.8341768775631275,-1.2646182929415224,-1.2646182929415224,1.9264743201661052,1.7991354104350454,0.20209681451637745,-0.16298488485308327,0.7826380134765774,0.3709395542358393,3.3076718024868312,-1.5082775823108991,-1.7804850627727968,-0.7635547348872878,-1.448791743773376,-0.9521767564069609,-0.8186953190947202
0.07706904607062683,-0.5025814284375899,0.06540104006749757,0.06540104006749754,-0.6974427569172462,-0.27375121535559344,-0.4919323136278294,0.23422754085689548,-0.4057153639132397,-0.5520768893966107,-0.48205328198438235,0.44460142061669883,0.6928817880382651,-0.8671831086502021,-0.835212164460353,0.5503863368836848,0.6520824719662904
-1.4614843545639096,0.9601379258072572,0.06540104006749757,0.06540104006749754,1.5531974138027835,1.1995788310656417,1.034931768289426,1.2805323325064204,0.7826380134765774,0.6786117021133227,2.521232791480213,0.7235841353206415,-0.5438016373672659,1.5162694878968277,0.8966656803747922,-0.7713565969387493,0.041654535569467
-0.09388133177765497,-0.7726520594447468,0.06540104006749757,0.06540104006749754,-0.9353152952860299,-0.9688811885079093,-1.0471556161431952,-1.3968393760212348,-0.4057153639132397,-0.859749037274094,-0.48205328198438235,-1.7872602970148417,-1.3682572543042866,-0.5217551961071544,-1.7407368661884433,-0.17352148123935618,-0.8186953190947202
1.5301472577810225,-0.4141981509984885,0.06540104006749757,0.06540104006749754,0.12596218359008166,0.3598874285999485,0.7573201170317431,1.4680820320250476,0.49323926303345,0.06326740635835588,-0.48205328198438235,2.118497708840354,1.1051095965067754,1.3435555316253038,0.451325663131469,-0.7023030558309941,0.041654535569467
1.7865728245534451,0.6936981753867879,0.06540104006749757,0.06540104006749754,0.5770051121124291,1.3523672418005885,-0.2143206623701467,-0.6750807673414829,0.7826380134765774,-0.2444047415191273,1.4128092602512243,-0.11336400879118629,0.6928817880382651,1.6198978616597417,-0.6620243799768386,0.2307580320386946,0.6520824719662904
-0.17935652070179586,-0.7967305307038317,0.06540104006749757,0.06540104006749754,-0.9316557177726639,-0.6737143312413951,-1.1859614417720366,-1.3968393760212348,-0.4057153639132397,-1.1674211851515772,1.4128092602512243,-0.3923467234951289,0.6928817880382651,-1.3507821862104692,0.8966656803747922,0.10695703388637642,-0.8186953190947202
-1.4614843545639096,-1.270942645223032,0.06540104006749757,0.06540104006749754,-1.0066770567966652,-1.674616845288383,-1.324767267400878,-1.3968393760212348,-1.3046699908599295,-1.1674211851515772,-0.48205328198438235,-0.11336400879118629,1.1051095965067754,-0.7980975261415926,-0.008859021353298059,0.5503863368836848,-0.8186953190947202
0.33349461284304954,0.16220414213813764,0.06540104006749757,0.06540104006749754,0.6126859928677467,0.5382236230072744,1.3125434195471086,1.070869606315068,1.0190940096470398,1.2939559978682893,-0.48205328198438235,0.7235841353206415,-0.13157382889875557,-0.0036133272925826148,1.2974716958937829,-0.2784207631899799,1.1255671642452045
-0.5212572763983596,-0.8888880129633054,0.06540104006749757,0.06540104006749754,-0.8346769136684676,-0.39960292169782,-0.9083497905143537,-0.6750807673414829,-0.4057153639132397,-0.859749037274094,-0.48205328198438235,-0.3923467234951289,0.28065397956975463,-1.3162393949561644,0.6937885614083892,0.5503863368836848,0.041654535569467
1.3591968799327403,0.312599038018295,-1.2646182929415224,-1.2646182929415224,0.05094084456608066,0.3486409498256995,0.6185142914029016,0.5587737238266683,0.7826380134765774,0.6786117021133227,-0.48205328198438235,-0.11336400879118629,-0.5438016373672659,-0.1763272835641065,0.2830861010617692,-0.30958076900553577,0.6520824719662904
-1.119583598867346,-0.07561853628988757,0.06540104006749757,0.06540104006749754,-0.6132724741098305,-0.1384927561128072,-0.353126487998988,0.23422754085689548,-0.4057153639132397,-0.2444047415191273,-0.48205328198438235,0.44460142061669883,0.6928817880382651,0.8944992453193417,-0.1375128041124803,0.37643351382530593,0.6520824719662904
-0.5212572763983596,1.1830548839320396,-1.2646182929415224,-1.2646182929415224,1.5422186812626857,2.0412861429456832,-0.353126487998988,-0.16298488485308327,0.12013938270035009,-0.2444047415191273,-0.48205328198438235,-1.5082775823108991,-1.7804850627727968,0.5145285415219891,1.064905242444492,-0.7713565969387493,-0.8186953190947202
0.7608705574637541,1.6936235790626757,-1.2646182929415224,-1.2646182929415224,0.9640054341508734,1.1574243170324694,0.4797084657740603,0.5587737238266683,0.49323926303345,0.6786117021133227,1.4128092602512243,-0.6713294381990715,-1.3682572543042866,-1.039897064921726,1.4360219234805944,-1.009673071062123,-0.8186953190947202
-0.7776828431707824,-1.2423255732305878,0.06540104006749757,0.06540104006749754,-0.9517833940961765,-1.162466309505273,-1.0471556161431952,-0.6750807673414829,-1.3046699908599295,-0.859749037274094,-0.48205328198438235,-0.11336400879118629,0.6928817880382651,-0.14178449230980172,0.7383225631327218,0.885612309053981,0.041654535569467
-0.09388133177765497,0.327504758321538,0.06540104006749757,0.06540104006749754,0.9667501172858977,0.6181981044852053,1.7289608964336327,1.79262821499482,1.0190940096470398,0.986283849990806,-0.48205328198438235,2.118497708840354,0.28065397956975463,0.9635848278279513,0.5008078872696163,0.05176983352148982,1.8395221608324077
0.9318209353120359,-0.3198430304891775,1.3954203730765178,1.3954203730765176,-1.0011876905266162,-1.5098037653100853,-1.324767267400878,-1.3968393760212348,-1.3046699908599295,-1.1674211851515772,-0.48205328198438235,-0.3923467234951289,0.6928817880382651,-1.385324977464774,-1.29539684894512,0.5503863368836848,-0.8186953190947202
0.33349461284304954,1.096487046786282,0.06540104006749757,0.06540104006749754,0.7261328957820897,1.1661224831784838,0.20209681451637745,0.5587737238266683,0.7826380134765774,-0.2444047415191273,-0.48205328198438235,-0.11336400879118629,-0.5438016373672659,-1.6616673074992123,1.0055265734787155,-0.5087474534096523,0.041654535569467
1.2737216910085998,0.3466624308907703,-1.2646182929415224,-1.2646182929415224,0.49832419557506213,0.5666488098277167,1.034931768289426,1.79262821499482,-0.4057153639132397,0.6786117021133227,-0.48205328198438235,2.397480423544297,0.6928817880382651,1.4126411141339135,0.34246477002754566,-1.0909849017837394,-0.8186953190947202
-1.2905339767156276,-1.570203645157373,0.06540104006749757,0.06540104006749754,-1.010336634310031,-2.089912638695277,-1.1859614417720366,-1.3968393760212348,-1.3046699908599295,-0.859749037274094,-0.48205328198438235,-0.3923467234951289,0.6928817880382651,-0.2108700748184113,-1.567549081704929,1.3596464266010555,0.041654535569467
0.33349461284304954,0.9715083150129364,-1.2646182929415224,-1.2646182929415224,1.8185167835218117,1.6694001628916377,0.3409026401452189,0.5587737238266683,1.2190147058053171,-0.5520768893966107,-0.48205328198438235,-0.3923467234951289,-0.9560294458357763,1.0326704103365607,0.7284261183050921,-0.9827815709567269,-0.8186953190947202
-0.6067324653225005,-2.119039910681912,0.06540104006749757,0.06540104006749754,-0.9096982526924687,-1.100821359929181,-0.7695439648855122,0.23422754085689548,-0.4057153639132397,-1.1674211851515772,1.4128092602512243,1.0025668500245841,1.5173374049752855,-1.039897064921726,1.6982777114127734,2.277109847145438,1.5124323266304773
0.24801942391890863,-0.3373285869987511,0.06540104006749757,0.06540104006749754,-0.9206769852325662,-0.8190897706356915,-1.0471556161431952,-0.6750807673414829,-1.3046699908599295,-0.859749037274094,-0.48205328198438235,-0.3923467234951289,0.28065397956975463,1.7235262354226564,-1.646720640325964,-0.17352148123935618,-0.8186953190947202
1.1882465020844588,1.3635000941414914,-1.2646182929415224,-1.2646182929415224,1.2110269163030716,0.8579604465985021,1.45134924517595,0.8331736116944044,1.0190940096470398,1.909300293623256,1.4128092602512243,-0.3923467234951289,-1.3682572543042866,0.4454429590133795,-0.6719208248044679,-1.1337935730163102,-0.8186953190947202
-0.6067324653225005,1.1063286441659872,-1.2646182929415224,-1.2646182929415224,0.6035370490843319,0.5315338252319768,1.3125434195471086,-0.16298488485308327,1.54494875626063,1.6016281457457726,-0.48205328198438235,-1.5082775823108991,-1.7804850627727968,-0.2799556573270208,-0.9836588368747943,-1.1207930591923674,-0.8186953190947202
0.33349461284304954,0.24399450482772764,2.7254397060855378,2.7254397060855378,-0.28757007542026525,0.1361996205716183,0.20209681451637745,0.8331736116944044,0.49323926303345,-0.2444047415191273,-0.48205328198438235,1.0025668500245841,0.6928817880382651,0.37635737650476997,-0.45914726101043574,1.3596464266010555,2.122860263027301
-1.8888602991846144,1.8171690684991708,-1.2646182929415224,-1.2646182929415224,0.3867070814174022,0.20817366921641592,1.7289608964336327,1.79262821499482,1.2190147058053171,0.6786117021133227,1.4128092602512243,1.5605322794324692,-0.5438016373672659,-1.108982647430336,0.4265845510623954,-1.1567343940151054,-0.8186953190947202
1.7010976356293042,-0.7600395268804642,1.3954203730765178,1.3954203730765176,-1.0194855780934458,-2.1750681023118763,-1.324767267400878,-2.6306938671893865,-1.3046699908599295,-0.859749037274094,-0.48205328198438235,-1.2292948676069566,-0.13157382889875557,-0.8671831086502021,-0.38987214721703,0.5503863368836848,-0.8186953190947202
1.3591968799327403,0.08304139039943972,1.3954203730765178,1.3954203730765176,-0.16131465120914165,0.2392307550618181,0.3409026401452189,1.070869606315068,0.12013938270035009,0.06326740635835588,-0.48205328198438235,1.5605322794324692,1.1051095965067754,0.37635737650476997,1.6685883769298853,1.5106584286606388,2.372782181294665
-0.7776828431707824,0.6936026258976645,1.3954203730765178,1.3954203730765176,0.06923873213291015,0.44145737961311565,0.4797084657740603,0.23422754085689548,0.12013938270035009,1.2939559978682893,-0.48205328198438235,-0.6713294381990715,-0.9560294458357763,0.2727290027418556,0.13958765106114307,1.0672291256633306,2.122860263027301
1.7865728245534451,-0.3240472080106051,2.7254397060855378,2.7254397060855378,-0.519953247519,-0.016789652102545103,-0.2143206623701467,0.8331736116944044,-0.4057153639132397,-0.5520768893966107,-0.48205328198438235,1.2815495647285267,1.1051095965067754,0.859956454065037,-0.4838883730795093,1.1482214525830776,1.5124323266304773
-0.35030689855007774,1.8077574438205208,1.3954203730765178,1.3954203730765176,1.6538357954203458,1.9763589266098733,-0.2143206623701467,0.23422754085689548,0.49323926303345,-0.5520768893966107,3.3076718024868312,-0.11336400879118629,-0.13157382889875557,-0.9362686911588117,-0.44925081618280643,0.2307580320386946,0.6520824719662904
1.7010976356293042,0.9636254821602596,-1.2646182929415224,-1.2646182929415224,1.9173253763826907,1.0880070489767768,1.7289608964336327,0.23422754085689548,1.54494875626063,2.2169724415007392,3.3076718024868312,-0.9503121529030141,-1.3682572543042866,-0.10724170105549691,-1.448791743773376,-1.1567343940151054,-0.8186953190947202
-0.35030689855007774,0.7441960803884798,0.06540104006749757,0.06540104006749754,1.119537478468924,1.1746216896505781,0.6185142914029016,1.2805323325064204,1.0190940096470398,-0.5520768893966107,-0.48205328198438235,0.7235841353206415,-0.5438016373672659,0.687242497793513,0.5107043320972455,-0.662005171948142,0.041654535569467
1.4446720688568817,0.8929188602089786,0.06540104006749757,0.06540104006749754,-0.42846380968485254,0.07263534312333529,-0.07551483674130527,0.23422754085689548,-0.4057153639132397,0.3709395542358393,-0.48205328198438235,-0.9503121529030141,-1.3682572543042866,-0.6944691523786782,-1.6219795282568905,-0.8762558788893728,-0.8186953190947202
-1.7179099213363322,-1.6419135367444493,0.06540104006749757,0.06540104006749754,-1.0066770567966652,-1.674616845288383,-1.324767267400878,-1.3968393760212348,-1.3046699908599295,-1.1674211851515772,-0.48205328198438235,-0.3923467234951289,0.6928817880382651,-0.4181268223442399,0.565134778649207,0.5503863368836848,-0.8186953190947202
-0.008406142853514067,0.5268209926328521,0.06540104006749757,0.06540104006749754,1.313495086677317,1.2097483968920393,0.7573201170317431,1.070869606315068,1.0190940096470398,0.06326740635835588,-0.48205328198438235,0.44460142061669883,-0.5438016373672659,-0.7980975261415926,1.658691932102256,-0.7023030558309941,0.041654535569467
1.3591968799327403,0.5853928294654674,0.06540104006749757,0.06540104006749754,0.9713245891776051,0.5736352841602872,1.8677667220624738,0.8331736116944044,1.6815926404232675,1.6016281457457726,-0.48205328198438235,0.44460142061669883,-0.13157382889875557,-1.4198677687190788,0.5403936665801338,-0.44299796117828627,1.1255671642452045
1.1027713131603178,-0.808053145164949,1.3954203730765178,1.3954203730765176,-0.8621237450187119,-0.5674081599122978,-0.9083497905143537,-0.16298488485308327,-1.3046699908599295,-0.859749037274094,-0.48205328198438235,0.44460142061669883,1.1051095965067754,-0.7980975261415926,0.6245134476149835,0.5503863368836848,0.041654535569467
1.6156224467051634,-0.14751952685521058,2.7254397060855378,2.7254397060855378,-0.9243365627459323,-1.0618823366451877,-0.9083497905143537,-0.6750807673414829,-0.4057153639132397,-0.859749037274094,-0.48205328198438235,-0.6713294381990715,-0.13157382889875557,1.0326704103365607,-0.8649014989432412,1.3596464266010555,0.6520824719662904
-0.7776828431707824,-0.6283723308684839,0.06540104006749757,0.06540104006749754,-0.8401662799385164,-0.6109647144626907,-0.7695439648855122,-0.16298488485308327,-1.3046699908599295,-0.5520768893966107,-0.48205328198438235,-0.11336400879118629,0.28065397956975463,0.7563280803021226,-0.10782346962959206,0.3005126363077183,0.041654535569467
0.41896980176719045,1.4508801019447977,-1.2646182929415224,-1.2646182929415224,0.5788349008691122,0.6281999709240913,1.034931768289426,0.8331736116944044,1.6815926404232675,-0.2444047415191273,1.4128092602512243,-0.11336400879118629,-0.9560294458357763,1.1708415753537798,-0.9836588368747943,-1.0909849017837394,-0.8186953190947202
1.4446720688568817,1.5282751881347134,-1.2646182929415224,-1.2646182929415224,1.7224528737959564,1.3390785707669344,0.8961259426605844,0.23422754085689548,0.7826380134765774,1.6016281457457726,1.4128092602512243,-1.2292948676069566,-1.7804850627727968,0.2727290027418556,0.2929825458893985,-1.0737864710114289,-0.8186953190947202
-0.5212572763983596,-1.6650365131123008,0.06540104006749757,0.06540104006749754,-0.9700812816630059,-1.617198833637861,-0.9083497905143537,-0.6750807673414829,-1.3046699908599295,-0.5520768893966107,-0.48205328198438235,-0.6713294381990715,-0.13157382889875557,-0.4181268223442399,-0.7510923834255031,1.3596464266010555,0.6520824719662904
-2.2307610548811776,0.9224436523480948,-1.2646182929415224,-1.2646182929415224,0.6392179298396495,0.5038692837227211,1.45134924517595,-0.16298488485308327,1.54494875626063,1.909300293623256,-0.48205328198438235,-1.5082775823108991,-1.7804850627727968,-0.6599263611243734,-1.1964324006688263,-1.1337935730163102,-0.8186953190947202
-0.09388133177765497,-0.8674849273996744,0.06540104006749757,0.06540104006749754,-0.9883791692298355,-1.1939142442639035,-1.324767267400878,-1.3968393760212348,-1.3046699908599295,-1.1674211851515772,1.4128092602512243,-0.3923467234951289,0.6928817880382651,-0.5217551961071544,-0.33049347825125375,0.5503863368836848,-0.8186953190947202
1.2737216910085998,0.5594033684239155,-1.2646182929415224,-1.2646182929415224,1.1835800849528273,0.6491718126601953,2.0065725476913157,1.637741372355351,1.8052020693197453,0.3709395542358393,1.4128092602512243,1.8395149941364122,0.28065397956975463,-1.696210098753517,-1.0034517265300529,-1.1763371733780685,-0.8186953190947202
-0.26483170962593683,1.5091175155654812,-1.2646182929415224,-1.2646182929415224,1.3592398055943906,1.0457077461697855,1.1737375939182673,0.8331736116944044,1.8052020693197453,-0.2444047415191273,-0.48205328198438235,-0.3923467234951289,-1.3682572543042866,1.3780983228796087,-0.8599532765294265,-1.1065825691090452,-0.8186953190947202
0.9318209353120359,-0.016091204566038773,0.06540104006749757,0.06540104006749754,-0.21803810266631304,0.1594068965734021,0.3409026401452189,-0.16298488485308327,0.12013938270035009,1.2939559978682893,-0.48205328198438235,-0.9503121529030141,-0.9560294458357763,1.4817266966425229,-0.41956148169991825,-0.5662437680648147,0.041654535569467
-0.5212572763983596,0.309350355388101,0.06540104006749757,0.06540104006749754,0.8313457492913594,0.6345024616167249,1.45134924517595,0.8331736116944044,0.7826380134765774,2.2169724415007392,-0.48205328198438235,0.1656187059127562,-0.5438016373672659,1.309012740370999,-0.8302639420465383,-1.1337935730163102,-0.8186953190947202
-0.008406142853514067,1.390110626862345,-1.2646182929415224,-1.2646182929415224,1.754474177037908,1.06877235060178,1.5901550708047913,1.2805323325064204,1.0190940096470398,1.6016281457457726,3.3076718024868312,1.8395149941364122,1.1051095965067754,-1.0053542736674215,0.6542027820978717,-1.1457323588283026,-0.8186953190947202
-0.8631580320949233,1.129977142724017,-1.2646182929415224,-1.2646182929415224,1.5733250901262958,1.2089909469339648,1.034931768289426,1.2805323325064204,1.2190147058053171,0.06326740635835588,-0.48205328198438235,0.44460142061669883,-0.9560294458357763,0.2381862114875508,-1.46363641101482,-1.0909849017837394,-0.8186953190947202
-0.7776828431707824,0.5733058190913632,-1.2646182929415224,-1.2646182929415224,0.7371116283221874,0.572155665092302,1.45134924517595,1.070869606315068,0.49323926303345,2.2169724415007392,-0.48205328198438235,0.44460142061669883,-0.5438016373672659,-0.729011943632983,0.748219007960351,-1.1337935730163102,-0.8186953190947202
-0.26483170962593683,0.4951941117330223,0.06540104006749757,0.06540104006749754,1.2037077612763398,1.1516090148715115,0.7573201170317431,1.070869606315068,1.2190147058053171,-0.2444047415191273,-0.48205328198438235,1.0025668500245841,0.28065397956975463,0.20364342023324608,1.6487954872746262,0.2579690359459598,1.5124323266304773
0.41896980176719045,0.3180453588983261,0.06540104006749757,0.06540104006749754,1.0564097663633625,1.2908840685018015,0.3409026401452189,-0.16298488485308327,0.7826380134765774,0.6786117021133227,-0.48205328198438235,0.44460142061669883,1.1051095965067754,-0.8326403173958974,-0.3502863679065125,0.5503863368836848,1.5124323266304773
-0.8631580320949233,-0.5347338315275981,0.06540104006749757,0.06540104006749754,-0.8712726888021266,-0.6288270329847911,-0.9083497905143537,-0.6750807673414829,-0.4057153639132397,-0.859749037274094,-0.48205328198438235,-0.9503121529030141,-0.5438016373672659,-1.696210098753517,0.5799794458906513,0.5503863368836848,0.041654535569467
0.846345746387895,-0.622304938309151,0.06540104006749757,0.06540104006749754,-0.8584641675053459,-0.722235028259476,-0.7695439648855122,-0.16298488485308327,0.12013938270035009,-1.1674211851515772,-0.48205328198438235,-0.3923467234951289,-0.13157382889875557,1.2744699491166942,-1.3349826282556378,-0.5087474534096523,-0.8186953190947202
-1.034108409943205,-0.7802482438300533,0.06540104006749757,0.06540104006749754,-0.9188471964758833,-1.0093525082865913,-0.9083497905143537,-0.16298488485308327,-1.3046699908599295,-0.859749037274094,-0.48205328198438235,0.1656187059127562,0.6928817880382651,-1.4198677687190788,-0.41956148169991825,0.5503863368836848,0.041654535569467
0.16254423499476775,1.3038294381839577,1.3954203730765178,1.3954203730765176,-0.007612395647773739,0.2824668628809281,0.6185142914029016,1.2805323325064204,-0.4057153639132397,0.6786117021133227,-0.48205328198438235,1.2815495647285267,0.28065397956975463,-0.5562979873614591,-1.4240506317043025,-0.662005171948142,0.041654535569467
-1.6324347324121913,1.262695383116354,-1.2646182929415224,-1.2646182929415224,1.4241973064566351,1.1374892941788526,1.034931768289426,0.8331736116944044,0.7826380134765774,1.2939559978682893,-0.48205328198438235,-0.11336400879118629,-0.9560294458357763,-1.247153812447555,-0.5432670420452859,-1.0909849017837394,-0.8186953190947202
-0.7776828431707824,-0.9664264233869064,0.06540104006749757,0.06540104006749754,-0.8822514213422243,-0.495262828871386,-1.0471556161431952,-0.6750807673414829,-0.4057153639132397,-1.1674211851515772,1.4128092602512243,-0.11336400879118629,0.6928817880382651,-1.2816966037018593,0.3028789907170278,-0.17352148123935618,-0.8186953190947202
1.4446720688568817,1.11182273979058,-1.2646182929415224,-1.2646182929415224,0.30070700985330345,0.5278762997270713,0.7573201170317431,-0.6750807673414829,1.9180486365937297,-0.2444047415191273,-0.48205328198438235,-1.7872602970148417,-1.7804850627727968,1.4817266966425229,-1.562600859291114,-1.0547274587736002,-0.8186953190947202
1.1882465020844588,-0.14947829138223936,0.06540104006749757,0.06540104006749754,-0.596804375299684,0.03152968455749369,-0.4919323136278294,-0.16298488485308327,0.12013938270035009,-0.5520768893966107,-0.48205328198438235,-0.11336400879118629,0.28065397956975463,1.4126411141339135,0.36720588209661886,0.5503863368836848,0.6520824719662904
-0.6922076542466414,1.1050387260628218,-1.2646182929415224,-1.2646182929415224,1.5230058993175148,1.4572624179924207,0.4797084657740603,-0.16298488485308327,1.2190147058053171,0.3709395542358393,-0.48205328198438235,-1.2292948676069566,-1.3682572543042866,-1.4198677687190788,1.4954005924463707,-1.009673071062123,-0.8186953190947202
-1.5469595434880503,0.7441005308993565,-1.2646182929415224,-1.2646182929415224,1.3198993473257072,0.6771221973737938,2.1453783733201575,1.79262821499482,1.0190940096470398,1.909300293623256,-0.48205328198438235,2.118497708840354,0.28065397956975463,-1.4889533512276882,1.525089926929259,-1.185106503867864,-0.8186953190947202
0.33349461284304954,-0.23714494765291558,0.06540104006749757,0.06540104006749754,-0.7047619119439781,-0.001936709109290205,-0.7695439648855122,-0.6750807673414829,-0.4057153639132397,-0.5520768893966107,-0.48205328198438235,-0.9503121529030141,-0.5438016373672659,1.4471839053882183,-0.2612183644578478,-0.5087474534096523,-0.8186953190947202
1.1027713131603178,0.4874546031140307,0.06540104006749757,0.06540104006749754,-0.21620831390963013,0.2445623601900014,0.20209681451637745,0.8331736116944044,-0.4057153639132397,0.3709395542358393,-0.48205328198438235,0.7235841353206415,0.28065397956975463,0.10001504647033169,0.22370743209599275,0.3005126363077183,1.1255671642452045
-0.8631580320949233,0.9654409224536034,0.06540104006749757,0.06540104006749754,0.34736662314871875,0.5039728859108836,0.8961259426605844,0.5587737238266683,0.12013938270035009,1.909300293623256,-0.48205328198438235,-0.6713294381990715,-1.3682572543042866,-1.5925817249906027,0.03567498037103415,-0.7385604988411333,0.041654535569467
1.5301472577810225,1.2939400660596905,-1.2646182929415224,-1.2646182929415224,1.45804839845527,1.2165049744972143,0.8961259426605844,1.2805323325064204,1.0190940096470398,0.06326740635835588,-0.48205328198438235,0.44460142061669883,-0.9560294458357763,0.2727290027418556,-0.7659370506669472,-1.0737864710114289,-0.8186953190947202
0.33349461284304954,-0.436413407219668,1.3954203730765178,1.3954203730765176,0.15706859245369176,0.4602236609978197,0.6185142914029016,1.070869606315068,0.49323926303345,0.3709395542358393,-0.48205328198438235,1.5605322794324692,1.1051095965067754,-1.385324977464774,0.3820505493380632,1.2235871388348762,2.372782181294665
-0.26483170962593683,-0.8710680332418002,1.3954203730765178,1.3954203730765176,-0.891400365125639,-0.775777794440988,-0.9083497905143537,-0.6750807673414829,-1.3046699908599295,-0.5520768893966107,-0.48205328198438235,-0.11336400879118629,0.6928817880382651,-0.9362686911588117,0.4364809958900251,1.3596464266010555,0.6520824719662904
1.0172961242361769,-2.1508101158154265,0.06540104006749757,0.06540104006749754,-0.7889321947513939,2.005150144336381,-1.6023789186585606,-2.6306938671893865,-1.3046699908599295,-1.4750933330290608,-0.48205328198438235,2.955445852952182,6.051843298128899,0.9290420365736465,1.0599570200306774,-1.4262108739540353,-2.2894731101557304
1.3591968799327403,-0.4969917833238737,1.3954203730765178,1.3954203730765176,-1.010336634310031,-1.7981463220312721,-1.324767267400878,-1.3968393760212348,-1.3046699908599295,-1.1674211851515772,-0.48205328198438235,-0.3923467234951289,0.6928817880382651,1.2744699491166942,0.6245134476149835,0.5503863368836848,-0.8186953190947202
0.33349461284304954,-0.5300519065605538,0.06540104006749757,0.06540104006749754,-0.8694429000454437,-0.6162963195908736,-0.9083497905143537,-0.6750807673414829,-0.4057153639132397,-0.859749037274094,-0.48205328198438235,-0.3923467234951289,0.28065397956975463,0.5145285415219891,-0.25132191963021844,0.5503863368836848,0.041654535569467
0.9318209353120359,1.0699242888099898,-1.2646182929415224,-1.2646182929415224,1.0792821258218992,1.1517257357253454,0.6185142914029016,-0.6750807673414829,1.9180486365937297,-0.5520768893966107,-0.48205328198438235,-1.7872602970148417,-1.7804850627727968,1.4126411141339135,-0.9886070592886088,-1.033488587128577,-0.8186953190947202
1.1882465020844588,-0.03491445392333927,1.3954203730765178,1.3954203730765176,-0.9609323378795911,-1.0353379873993207,-1.1859614417720366,-1.3968393760212348,-1.3046699908599295,-0.859749037274094,-0.48205328198438235,-1.5082775823108991,-0.9560294458357763,1.0326704103365607,-0.7956263851498354,1.3596464266010555,0.041654535569467
-0.17935652070179586,0.9747569976431304,0.06540104006749757,0.06540104006749754,1.470856919752051,1.1603094106203893,1.034931768289426,0.8331736116944044,1.6815926404232675,-0.2444047415191273,-0.48205328198438235,-0.3923467234951289,-1.3682572543042866,-0.729011943632983,-0.3156488110098096,-0.7713565969387493,0.041654535569467
-0.43578208747421865,0.9369193999502826,-1.2646182929415224,-1.2646182929415224,1.0262182518780936,1.0514087478433727,0.7573201170317431,0.23422754085689548,0.7826380134765774,1.2939559978682893,-0.48205328198438235,-1.2292948676069566,-1.7804850627727968,1.2744699491166942,-1.3300344058418232,-1.0547274587736002,-0.8186953190947202
-0.6067324653225005,-0.7439394379631792,1.3954203730765178,1.3954203730765176,-0.9865493804731527,-1.4718233942435652,-1.1859614417720366,-1.3968393760212348,-1.3046699908599295,-0.859749037274094,-0.48205328198438235,-1.2292948676069566,-0.5438016373672659,-0.245412866072716,-1.3745684075661555,1.3596464266010555,0.041654535569467
-0.09388133177765497,-1.4938118286032525,0.06540104006749757,0.06540104006749754,-0.9938685354998843,-1.6313048690936798,-1.1859614417720366,-1.3968393760212348,-0.4057153639132397,-1.1674211851515772,-0.48205328198438235,-0.3923467234951289,0.6928817880382651,-0.3490412398356304,-1.5081704127391524,0.10695703388637642,-0.8186953190947202
-0.26483170962593683,-1.0217973523338892,0.06540104006749757,0.06540104006749754,-0.9956983242565675,-1.364428325915789,-1.324767267400878,-1.3968393760212348,-1.3046699908599295,-1.1674211851515772,-0.48205328198438235,-0.3923467234951289,0.6928817880382651,-1.4198677687190788,-1.2459146248069735,0.5503863368836848,-0.8186953190947202
-0.26483170962593683,-0.9681463141911268,0.06540104006749757,0.06540104006749754,-0.9700812816630059,-1.1741655882648891,-1.1859614417720366,-1.3968393760212348,-1.3046699908599295,-0.859749037274094,-0.48205328198438235,-0.11336400879118629,1.1051095965067754,-0.3144984485813256,0.10989831657825476,0.10695703388637642,-0.8186953190947202
-1.4614843545639096,-1.501551337222244,0.06540104006749757,0.06540104006749754,-0.9353152952860299,-0.9688811885079093,-1.0471556161431952,-0.6750807673414829,-1.3046699908599295,-0.859749037274094,-0.48205328198438235,-0.11336400879118629,0.6928817880382651,-1.523496142481993,1.2578859165832652,0.885612309053981,0.041654535569467
0.7608705574637541,-1.6583002741291044,1.3954203730765178,1.3954203730765176,-0.9536131828528595,-1.5546910635666893,-0.7695439648855122,-0.16298488485308327,-1.3046699908599295,-0.5520768893966107,-0.48205328198438235,0.1656187059127562,0.6928817880382651,1.6198978616597417,-1.087571507564903,2.277109847145438,1.5124323266304773
0.07706904607062683,-0.4438662673712896,0.06540104006749757,0.06540104006749754,0.31717510866345006,0.5425895627140817,0.7573201170317431,0.8331736116944044,1.54494875626063,-0.5520768893966107,1.4128092602512243,1.0025668500245841,0.6928817880382651,-0.729011943632983,0.9362514596853098,0.5503863368836848,1.8395221608324077
-0.7776828431707824,-0.385628853750606,0.06540104006749757,0.06540104006749754,0.08845151407808116,0.4621191279707206,0.4797084657740603,1.070869606315068,-0.4057153639132397,0.6786117021133227,1.4128092602512243,1.2815495647285267,0.6928817880382651,-0.9362686911588117,-1.597238416187817,0.7618113109016623,1.8395221608324077
-0.6067324653225005,-0.5290964116693203,0.06540104006749757,0.06540104006749754,-0.3497828931474856,0.1215927676335995,0.06329098888753605,1.070869606315068,-0.4057153639132397,-0.2444047415191273,-0.48205328198438235,1.8395149941364122,1.5173374049752855,-0.6599263611243734,1.5102452596878146,0.4169691447109347,1.1255671642452045
2.042998391325868,0.5251488765731934,-1.2646182929415224,-1.2646182929415224,1.4763462860220995,1.688457700286591,0.06329098888753605,-0.16298488485308327,1.2190147058053171,-0.5520768893966107,-0.48205328198438235,-1.2292948676069566,-1.3682572543042866,-0.14178449230980172,0.8719245683057186,-0.9170320787253607,-0.8186953190947202
1.0172961242361769,1.440990729820531,-1.2646182929415224,-1.2646182929415224,0.29430274920491317,0.6641731884297486,0.4797084657740603,0.5587737238266683,0.7826380134765774,0.3709395542358393,3.3076718024868312,-0.6713294381990715,-1.3682572543042866,0.3072717939961604,1.213351914858933,-1.009673071062123,-0.8186953190947202
1.6156224467051634,-1.6741137145790193,-1.2646182929415224,-1.2646182929415224,-0.9481238165828105,-1.116747576614367,-1.0471556161431952,-0.6750807673414829,-1.3046699908599295,-0.859749037274094,1.4128092602512243,-0.11336400879118629,0.6928817880382651,-0.0036133272925826148,-0.043496578250000965,-0.17352148123935618,-0.8186953190947202
-0.7776828431707824,-0.028082665451019572,1.3954203730765178,1.3954203730765176,-0.5455702901125613,-0.07680044820548511,-0.2143206623701467,-0.16298488485308327,0.49323926303345,-0.2444047415191273,-0.48205328198438235,-0.6713294381990715,-0.5438016373672659,-0.4181268223442399,-0.5482152644591005,0.7047921495857696,1.1255671642452045
0.6753953685396131,-0.2546782789070509,0.06540104006749757,0.06540104006749754,-0.7157406444840758,-0.04154218201419841,-0.7695439648855122,-1.3968393760212348,-0.4057153639132397,-0.2444047415191273,-0.48205328198438235,-1.5082775823108991,-0.9560294458357763,0.7217852890478178,0.4760667752005426,0.3005126363077183,0.041654535569467
0.5899201796154723,-0.318744211364259,-1.2646182929415224,-1.2646182929415224,-0.46322979606182857,0.002925797513063395,-0.07551483674130527,0.23422754085689548,-0.4057153639132397,0.3709395542358393,1.4128092602512243,0.44460142061669883,0.6928817880382651,-0.5562979873614591,0.847183456236645,-0.8762558788893728,-0.8186953190947202
1.2737216910085998,0.8869947918833307,0.06540104006749757,0.06540104006749754,0.36383472195886524,0.45644703568582146,1.034931768289426,1.637741372355351,0.49323926303345,0.3709395542358393,-0.48205328198438235,1.8395149941364122,0.28065397956975463,1.6889834441683516,-1.7456850886022581,-0.4659387821770814,0.6520824719662904
0.33349461284304954,0.3968259126805305,0.06540104006749757,0.06540104006749754,0.8276861717779934,0.6321391010708951,1.45134924517595,1.79262821499482,0.7826380134765774,0.6786117021133227,-0.48205328198438235,2.67646313824824,1.1051095965067754,-1.108982647430336,1.2875752510661531,-0.5838385779516477,0.6520824719662904
-0.35030689855007774,1.0544452715720063,-1.2646182929415224,-1.2646182929415224,1.669388999852151,1.0829114123230108,1.45134924517595,0.8331736116944044,1.0190940096470398,1.909300293623256,-0.48205328198438235,-0.11336400879118629,-0.9560294458357763,0.1691006289789413,0.6443063372702424,-1.1337935730163102,-0.8186953190947202
0.07706904607062683,-1.5539124572618417,0.06540104006749757,0.06540104006749754,-0.929825929015981,-1.2884495935532847,-0.7695439648855122,0.23422754085689548,-1.3046699908599295,-0.859749037274094,-0.48205328198438235,0.7235841353206415,1.1051095965067754,-0.3490412398356304,-0.7758334954945767,1.0244204544307594,0.6520824719662904
-0.09388133177765497,0.4785685006255589,0.06540104006749757,0.06540104006749754,0.00885570316237276,0.30143970787745716,0.6185142914029016,0.23422754085689548,0.7826380134765774,0.986283849990806,-0.48205328198438235,-0.3923467234951289,-0.5438016373672659,1.1017559928451703,-0.7708852730807618,0.025645203164760117,1.1255671642452045
1.1027713131603178,-0.23270189640867966,1.3954203730765178,1.3954203730765176,-0.9645919153929571,-1.0890101246482897,-1.1859614417720366,-1.3968393760212348,-1.3046699908599295,-0.859749037274094,-0.48205328198438235,-0.9503121529030141,-0.13157382889875557,0.7563280803021226,0.5255489993386895,0.10695703388637642,-0.8186953190947202
1.5301472577810225,-0.8129739438548016,1.3954203730765178,1.3954203730765176,-0.7285491657808564,-0.0894144023252264,-0.7695439648855122,-0.6750807673414829,-0.4057153639132397,-0.5520768893966107,-0.48205328198438235,-0.3923467234951289,0.28065397956975463,0.4454429590133795,0.8521316786504597,1.0244204544307594,0.6520824719662904
2.128473580250009,1.4743852762691425,-1.2646182929415224,-1.2646182929415224,0.8505585312365304,0.45359754591731877,2.0065725476913157,0.8331736116944044,1.54494875626063,2.2169724415007392,-0.48205328198438235,-0.3923467234951289,-1.3682572543042866,-1.4198677687190788,-0.5828528213558033,-1.1763371733780685,-0.8186953190947202
0.9318209353120359,-0.17499000497817457,-1.2646182929415224,-1.2646182929415224,1.6931762536890291,1.147588678802888,1.3125434195471086,-0.6750807673414829,1.54494875626063,1.909300293623256,3.3076718024868312,0.1656187059127562,1.1051095965067754,0.9290420365736465,0.4711185527867279,-0.5478972431289095,0.6520824719662904
-0.6067324653225005,-0.10385341032583838,1.3954203730765178,1.3954203730765176,-0.20157000385616655,0.1831181530178561,0.3409026401452189,1.070869606315068,-0.4057153639132397,0.3709395542358393,-0.48205328198438235,1.2815495647285267,0.6928817880382651,0.5836141240305986,-0.5779045989419888,0.885612309053981,1.8395221608324077
-0.17935652070179586,0.23864373343681983,0.06540104006749757,0.06540104006749754,-0.9243365627459323,-0.854868063209177,-1.0471556161431952,-1.3968393760212348,-0.4057153639132397,-0.859749037274094,-0.48205328198438235,-1.7872602970148417,-1.3682572543042866,1.1708415753537798,-1.265707514462232,-0.17352148123935618,-0.8186953190947202
1.0172961242361769,0.16301631279568612,0.06540104006749757,0.06540104006749754,-0.2985488079603629,0.2071701299615181,0.06329098888753605,-0.16298488485308327,0.7826380134765774,0.06326740635835588,-0.48205328198438235,-0.9503121529030141,-0.9560294458357763,-0.729011943632983,-0.5086294851485827,0.4169691447109347,1.1255671642452045
-0.26483170962593683,0.3731774141225007,1.3954203730765178,1.3954203730765176,0.8276861717779934,1.324457298091103,0.06329098888753605,-0.16298488485308327,0.12013938270035009,0.6786117021133227,1.4128092602512243,0.44460142061669883,1.1051095965067754,1.309012740370999,0.5453418889939484,1.5335992496594337,2.122860263027301
-0.26483170962593683,0.9865095848053028,0.06540104006749757,0.06540104006749754,1.5138569555341,1.180972560849749,1.034931768289426,0.5587737238266683,1.6815926404232675,0.06326740635835588,-0.48205328198438235,-0.6713294381990715,-1.3682572543042866,-0.2108700748184113,0.4711185527867279,-0.7713565969387493,0.041654535569467
-1.034108409943205,-1.1935475590331162,-1.2646182929415224,-1.2646182929415224,-0.9078684639357857,-0.44216799035508725,-1.1859614417720366,-1.3968393760212348,-0.4057153639132397,-1.1674211851515772,-0.48205328198438235,-0.6713294381990715,0.28065397956975463,-1.696210098753517,-0.4838883730795093,0.10695703388637642,-0.8186953190947202
-0.26483170962593683,-1.4569297258016385,0.06540104006749757,0.06540104006749754,-0.9517833940961765,-1.162466309505273,-1.0471556161431952,-0.6750807673414829,-1.3046699908599295,-0.859749037274094,-0.48205328198438235,0.1656187059127562,1.1051095965067754,-1.6616673074992123,0.4018434389933222,0.885612309053981,0.041654535569467
-0.5212572763983596,1.0183275646833791,-1.2646182929415224,-1.2646182929415224,0.11864302856334985,0.5716588791455885,0.3409026401452189,0.5587737238266683,0.7826380134765774,0.06326740635835588,-0.48205328198438235,-0.6713294381990715,-1.3682572543042866,-1.6616673074992123,-1.6071348610154463,-0.9827815709567269,-0.8186953190947202
1.1882465020844588,0.042767280733946526,0.06540104006749757,0.06540104006749754,0.5340050763303799,0.5354883740860803,1.1737375939182673,0.5587737238266683,1.3921938899801396,0.986283849990806,-0.48205328198438235,-0.11336400879118629,-0.5438016373672659,0.7908708715564273,0.7729601200294246,0.3005126363077183,1.8395221608324077
-1.4614843545639096,1.9093265507586443,-1.2646182929415224,-1.2646182929415224,1.2037077612763398,0.9078905953548781,1.3125434195471086,0.5587737238266683,1.0190940096470398,1.909300293623256,-0.48205328198438235,-0.9503121529030141,-1.7804850627727968,0.7908708715564273,-0.6719208248044679,-1.4262108739540353,-2.2894731101557304
-0.09388133177765497,0.6742538543501856,0.06540104006749757,0.06540104006749754,-0.13386781985889734,0.19883735357285912,0.4797084657740603,0.5587737238266683,0.7826380134765774,0.3709395542358393,-0.48205328198438235,-0.3923467234951289,-0.9560294458357763,-1.2816966037018593,-1.513118635152967,-0.6169507842366649,0.041654535569467
-0.6067324653225005,-1.007226055242578,1.3954203730765178,1.3954203730765176,-1.003017479283299,-1.5623335936686813,-1.324767267400878,-1.3968393760212348,-1.3046699908599295,-1.1674211851515772,-0.48205328198438235,-0.6713294381990715,0.28065397956975463,1.3780983228796087,-1.2112770679102705,0.5503863368836848,-0.8186953190947202
1.2737216910085998,-1.4020843190448338,-1.2646182929415224,-1.2646182929415224,-0.13569760861558033,0.1964195963493148,0.4797084657740603,1.637741372355351,0.12013938270035009,-0.5520768893966107,-0.48205328198438235,2.67646313824824,1.5173374049752855,0.6181569152849035,1.1292321338240832,-0.24546736905622968,0.6520824719662904
-0.26483170962593683,0.6607336016392311,0.06540104006749757,0.06540104006749754,0.36749429947223117,0.4595796888089755,1.034931768289426,1.4680820320250476,0.12013938270035009,0.986283849990806,-0.48205328198438235,1.2815495647285267,-0.13157382889875557,0.1691006289789413,-1.29539684894512,-1.0909849017837394,-0.8186953190947202
-0.7776828431707824,-1.2445709862249863,0.06540104006749757,0.06540104006749754,-0.9389748727993958,-1.0093525082865913,-1.0471556161431952,-0.6750807673414829,-1.3046699908599295,-0.859749037274094,-0.48205328198438235,0.1656187059127562,1.1051095965067754,-0.5217551961071544,-0.2612183644578478,0.885612309053981,0.041654535569467
-0.9486332210190641,1.173213286552334,-1.2646182929415224,-1.2646182929415224,1.8148572060084451,1.514915717814224,0.6185142914029016,0.5587737238266683,0.7826380134765774,0.6786117021133227,2.521232791480213,-0.3923467234951289,-0.9560294458357763,-1.1780682299389453,0.3276201027861014,-1.033488587128577,-0.8186953190947202
-0.26483170962593683,-1.423296305630218,0.06540104006749757,0.06540104006749754,-0.9389748727993958,-1.0093525082865913,-1.0471556161431952,-0.6750807673414829,-1.3046699908599295,-0.859749037274094,-0.48205328198438235,-0.11336400879118629,0.6928817880382651,-0.2108700748184113,-0.142461026526295,0.885612309053981,0.041654535569467
0.6753953685396131,0.2501574468761839,-1.2646182929415224,-1.2646182929415224,0.01617485818910456,0.309779365740398,0.6185142914029016,1.070869606315068,0.49323926303345,0.3709395542358393,1.4128092602512243,0.7235841353206415,-0.13157382889875557,-1.696210098753517,-1.681358197222667,-1.033488587128577,-0.8186953190947202
0.5044449906913313,-1.4062884965662612,-1.2646182929415224,-1.2646182929415224,-0.74318747583432,-0.1465003992681788,-0.7695439648855122,-0.16298488485308327,0.12013938270035009,-1.1674211851515772,-0.48205328198438235,0.44460142061669883,1.1051095965067754,0.859956454065037,0.4117398838209514,-0.5087474534096523,-0.8186953190947202
0.846345746387895,1.7158866100284167,0.06540104006749757,0.06540104006749754,2.050899955620546,1.4761266700425957,0.8961259426605844,0.5587737238266683,1.8052020693197453,-0.5520768893966107,3.917681290782164,0.44460142061669883,0.28065397956975463,0.4109001677590748,0.24350032175125166,-1.0737864710114289,-0.8186953190947202
0.846345746387895,1.2659440657465482,0.06540104006749757,0.06540104006749754,1.637367696610199,1.0684609166454753,1.45134924517595,1.637741372355351,0.12013938270035009,1.6016281457457726,-0.48205328198438235,2.397480423544297,1.1051095965067754,0.06547225521602688,0.4216363286485807,-1.1337935730163102,-0.8186953190947202
1.2737216910085998,1.98500174614434,2.7254397060855378,2.7254397060855378,1.8166869947651283,1.7529893005772839,0.20209681451637745,-0.16298488485308327,0.7826380134765774,0.3709395542358393,2.521232791480213,-0.3923467234951289,-0.13157382889875557,1.6544406529140467,0.31772365795847207,-0.09220965051774017,0.6520824719662904
0.5899201796154723,-0.6686464405339771,2.7254397060855378,2.7254397060855378,-0.9737408591763719,-1.2343855640425856,-1.1859614417720366,-1.3968393760212348,-1.3046699908599295,-0.859749037274094,-0.48205328198438235,-0.11336400879118629,1.1051095965067754,0.8944992453193417,0.8867692355471626,1.3596464266010555,0.041654535569467
0.9318209353120359,1.3921649408784973,0.06540104006749757,0.06540104006749754,1.6721336829871754,1.1947841318690953,1.1737375939182673,1.2805323325064204,1.6815926404232675,-0.5520768893966107,-0.48205328198438235,0.7235841353206415,-0.5438016373672659,1.1708415753537798,0.2979307683032132,-1.1065825691090452,-0.8186953190947202
-1.2905339767156276,-1.6876817420345354,0.06540104006749757,0.06540104006749754,-0.9993579017699331,-1.7660856969309724,-1.1859614417720366,-1.3968393760212348,-1.3046699908599295,-0.859749037274094,-0.48205328198438235,-0.6713294381990715,0.28065397956975463,-0.9017258999045069,-1.1568466213583086,0.10695703388637642,-0.8186953190947202
-0.6067324653225005,0.16994365075712922,1.3954203730765178,1.3954203730765176,-0.9243365627459323,-0.854868063209177,-1.0471556161431952,-0.6750807673414829,-1.3046699908599295,-0.859749037274094,-0.48205328198438235,-0.6713294381990715,-0.13157382889875557,0.5490713327762939,-0.6669726023906533,-0.17352148123935618,-0.8186953190947202
-1.974335488108755,-0.14646848247485378,-1.2646182929415224,-1.2646182929415224,0.17079200812881395,0.47394293527485537,0.6185142914029016,0.8331736116944044,0.7826380134765774,0.3709395542358393,-0.48205328198438235,0.7235841353206415,0.28065397956975463,1.5508122791511325,1.5003488148601851,-1.033488587128577,-0.8186953190947202
0.16254423499476775,0.22550567868235882,1.3954203730765178,1.3954203730765176,-0.04786774829479864,0.234822662276528,0.6185142914029016,1.070869606315068,0.49323926303345,0.3709395542358393,-0.48205328198438235,0.7235841353206415,-0.13157382889875557,-0.245412866072716,0.3276201027861014,-0.30958076900553577,0.6520824719662904
-0.9486332210190641,-1.2767711640595565,0.06540104006749757,0.06540104006749754,-0.9481238165828105,-1.116747576614367,-1.0471556161431952,-0.6750807673414829,-1.3046699908599295,-0.859749037274094,-0.48205328198438235,-0.11336400879118629,0.6928817880382651,-1.3507821862104692,-0.4146132592861036,0.885612309053981,0.041654535569467
0.16254423499476775,-0.7841657728841107,1.3954203730765178,1.3954203730765176,-0.9682514929063231,-1.1451227266922521,-1.1859614417720366,-1.3968393760212348,-1.3046699908599295,-0.859749037274094,-0.48205328198438235,-0.11336400879118629,1.1051095965067754,1.5508122791511325,0.7234778958912774,1.3596464266010555,0.041654535569467
1.1027713131603178,0.9333362941081568,0.06540104006749757,0.06540104006749754,0.6886222262700892,0.538803634610029,1.45134924517595,0.8331736116944044,1.0190940096470398,1.909300293623256,-0.48205328198438235,-0.11336400879118629,-0.9560294458357763,0.030929463961722085,0.5107043320972455,-0.07465978272297287,1.5124323266304773
-0.26483170962593683,-0.11278728755887187,0.06540104006749757,0.06540104006749754,-0.33514458309402195,0.2423436562527231,-0.07551483674130527,0.8331736116944044,-0.4057153639132397,-0.2444047415191273,-0.48205328198438235,1.0025668500245841,0.6928817880382651,-0.10724170105549691,0.3771023269242486,-0.3670770836606983,0.041654535569467
-0.9486332210190641,1.4259416852836024,-1.2646182929415224,-1.2646182929415224,1.438835616510099,0.8262432442683949,1.8677667220624738,1.070869606315068,1.3921938899801396,1.909300293623256,-0.48205328198438235,0.1656187059127562,-0.9560294458357763,1.6889834441683516,1.4360219234805944,-1.1669057793013276,-0.8186953190947202
-0.9486332210190641,-0.2850152417037154,0.06540104006749757,0.06540104006749754,-0.9554429716095423,-0.9589673627750864,-1.1859614417720366,-1.3968393760212348,-1.3046699908599295,-0.859749037274094,-0.48205328198438235,-0.6713294381990715,0.28065397956975463,-0.245412866072716,0.04062320278484885,0.10695703388637642,-0.8186953190947202
-0.6922076542466414,0.22803774014412773,0.06540104006749757,0.06540104006749754,0.27143038974637623,0.5012783213868601,0.7573201170317431,1.070869606315068,1.2190147058053171,-0.2444047415191273,1.4128092602512243,0.7235841353206415,-0.13157382889875557,-0.6599263611243734,-1.2558110696346028,-0.7023030558309941,0.041654535569467
1.6156224467051634,-0.851767036438883,1.3954203730765178,1.3954203730765176,-0.9005493089090538,-0.8488325271337727,-0.9083497905143537,-0.6750807673414829,-0.4057153639132397,-0.859749037274094,-0.48205328198438235,-0.6713294381990715,-0.13157382889875557,-1.3162393949561644,-0.1276163592848509,1.3596464266010555,0.6520824719662904
-0.43578208747421865,-0.5640197499439058,0.06540104006749757,0.06540104006749754,-0.5089745149789023,0.008062153939115295,-0.2143206623701467,-0.16298488485308327,0.12013938270035009,0.06326740635835588,-0.48205328198438235,-0.3923467234951289,-0.13157382889875557,0.4109001677590748,1.1044910217550097,0.2307580320386946,0.6520824719662904
-1.6324347324121913,-0.8446008247546315,0.06540104006749757,0.06540104006749754,-0.8767620550721754,-0.8445394283082934,-0.7695439648855122,-0.16298488485308327,-1.3046699908599295,-0.5520768893966107,-0.48205328198438235,-0.11336400879118629,0.28065397956975463,-1.2816966037018593,-1.513118635152967,1.6792747314460454,1.1255671642452045
-1.034108409943205,-1.5496127302512903,0.06540104006749757,0.06540104006749754,-0.9115280414491514,-1.116747576614367,-0.7695439648855122,0.23422754085689548,-1.3046699908599295,-0.859749037274094,-0.48205328198438235,1.0025668500245841,1.5173374049752855,0.9290420365736465,1.198507247617489,1.6792747314460454,1.1255671642452045
0.7608705574637541,1.464257030422067,-1.2646182929415224,-1.2646182929415224,0.8862394119918479,1.109282175572184,0.4797084657740603,-0.16298488485308327,1.2190147058053171,0.3709395542358393,-0.48205328198438235,-1.5082775823108991,-1.7804850627727968,-1.6271245162449075,-0.08308235756051867,-1.009673071062123,-0.8186953190947202
-0.09388133177765497,1.4021976372364493,-1.2646182929415224,-1.2646182929415224,1.9475168908679596,1.5005927557933705,0.7573201170317431,0.5587737238266683,1.2190147058053171,0.3709395542358393,3.3076718024868312,-0.6713294381990715,-1.3682572543042866,-0.2108700748184113,-0.9242801679090178,-1.0547274587736002,-0.8186953190947202
-1.8888602991846144,0.4664337155068931,-1.2646182929415224,-1.2646182929415224,1.25951631835517,1.2510851126409284,0.6185142914029016,-0.16298488485308327,1.2190147058053171,0.6786117021133227,-0.48205328198438235,-0.9503121529030141,-0.9560294458357763,-0.7635547348872878,1.406332588997706,-0.662005171948142,0.041654535569467
1.1027713131603178,0.16382848345323464,0.06540104006749757,0.06540104006749754,0.3583453556888165,0.4517330974238948,1.034931768289426,1.070869606315068,1.0190940096470398,0.6786117021133227,-0.48205328198438235,0.7235841353206415,-0.13157382889875557,0.37635737650476997,0.980785461409642,-0.4659387821770814,0.6520824719662904
0.5044449906913313,-0.08956876170189708,0.06540104006749757,0.06540104006749754,-0.6828044468637826,-0.2243740443124801,-0.4919323136278294,-0.16298488485308327,-0.4057153639132397,-0.2444047415191273,-0.48205328198438235,-0.3923467234951289,-0.13157382889875557,1.0326704103365607,-0.5185259299762123,-0.047448778815707984,0.041654535569467
-0.9486332210190641,-1.7572895448608978,1.3954203730765178,1.3954203730765176,-0.9426344503127617,-1.4246483016934859,-0.7695439648855122,-0.16298488485308327,-0.4057153639132397,-0.859749037274094,-0.48205328198438235,-0.3923467234951289,-0.13157382889875557,1.6198978616597417,0.3028789907170278,1.6792747314460454,1.1255671642452045
-0.43578208747421865,-0.12845740377510168,0.06540104006749757,0.06540104006749754,-0.36625099195763217,0.2924687506714369,-0.2143206623701467,0.5587737238266683,0.49323926303345,-0.859749037274094,-0.48205328198438235,0.44460142061669883,0.28065397956975463,-1.108982647430336,0.13463942864732797,-0.2784207631899799,0.041654535569467
1.2737216910085998,0.6434869188524659,0.06540104006749757,0.06540104006749754,-0.044208170781432736,0.2392307550618181,0.6185142914029016,0.8331736116944044,0.12013938270035009,0.986283849990806,-0.48205328198438235,0.1656187059127562,-0.5438016373672659,-1.696210098753517,-0.9143837230813883,-0.30958076900553577,0.6520824719662904
1.0172961242361769,1.4567563955258838,-1.2646182929415224,-1.2646182929415224,1.5778995620180032,0.9894860453577218,1.5901550708047913,1.070869606315068,1.3921938899801396,1.2939559978682893,2.521232791480213,0.1656187059127562,-0.9560294458357763,-0.3835840310899352,1.218300137272747,-1.1457323588283026,-0.8186953190947202
0.24801942391890863,-1.003834048378699,1.3954203730765178,1.3954203730765176,-0.9755706479330547,-1.2656344399074781,-1.1859614417720366,-1.3968393760212348,-0.4057153639132397,-1.1674211851515772,1.4128092602512243,-0.9503121529030141,-0.13157382889875557,-0.2108700748184113,-1.5823937489463729,1.3596464266010555,0.041654535569467
-0.43578208747421865,-0.2618444905913024,0.06540104006749757,0.06540104006749754,-0.22352746893636194,0.151400827412982,0.3409026401452189,1.070869606315068,-0.4057153639132397,0.3709395542358393,2.521232791480213,1.5605322794324692,1.1051095965067754,-1.6616673074992123,-1.2360181799793437,-0.17352148123935618,0.6520824719662904
-0.8631580320949233,0.4117794077283352,0.06540104006749757,0.06540104006749754,0.6163455703811126,0.43615440832798136,1.5901550708047913,1.637741372355351,0.12013938270035009,1.909300293623256,-0.48205328198438235,2.118497708840354,0.6928817880382651,-0.8326403173958974,0.4958596648558011,0.3322483486472228,2.122860263027301
-0.35030689855007774,-0.6343919486832552,0.06540104006749757,0.06540104006749754,-0.9645919153929571,-1.0890101246482897,-1.1859614417720366,-1.3968393760212348,-1.3046699908599295,-0.859749037274094,-0.48205328198438235,-0.3923467234951289,0.6928817880382651,-1.6271245162449075,-1.1716912885997528,0.10695703388637642,-0.8186953190947202
-1.3760091656397686,0.16731603980623702,1.3954203730765178,1.3954203730765176,0.29064317169154724,0.4537201083192815,0.8961259426605844,0.8331736116944044,0.12013938270035009,1.6016281457457726,-0.48205328198438235,0.44460142061669883,-0.13157382889875557,0.5836141240305986,0.6987367838222043,-0.41893219399614307,0.6520824719662904
0.24801942391890863,-0.6734716897347065,1.3954203730765178,1.3954203730765176,-0.9664217041496401,-1.116747576614367,-1.1859614417720366,-1.3968393760212348,-1.3046699908599295,-0.859749037274094,-0.48205328198438235,-0.11336400879118629,1.1051095965067754,-0.0036133272925826148,1.3815914769286326,1.3596464266010555,0.041654535569467
-1.7179099213363322,1.6174228614868016,-1.2646182929415224,-1.2646182929415224,0.9036224051803361,0.5796329287322308,1.7289608964336327,0.8331736116944044,1.6815926404232675,1.2939559978682893,1.4128092602512243,-0.3923467234951289,-1.3682572543042866,-1.523496142481993,0.3276201027861014,-1.1567343940151054,-0.8186953190947202
-0.008406142853514067,-1.367638728215865,0.06540104006749757,0.06540104006749754,-0.9664217041496401,-1.364428325915789,-1.0471556161431952,-0.6750807673414829,-1.3046699908599295,-0.859749037274094,-0.48205328198438235,0.1656187059127562,1.1051095965067754,0.7563280803021226,-0.9886070592886088,0.885612309053981,0.041654535569467
-0.008406142853514067,-0.346501337954593,1.3954203730765178,1.3954203730765176,-0.5053149374655364,0.016236122011835694,-0.2143206623701467,0.8331736116944044,-0.4057153639132397,-0.5520768893966107,-0.48205328198438235,1.2815495647285267,1.1051095965067754,-0.4872124048528495,-1.087571507564903,1.5647592554749898,1.8395221608324077
-1.5469595434880503,-2.119039910681912,-1.2646182929415224,-1.2646182929415224,-1.012166423066714,-1.864879582939283,-1.324767267400878,-2.6306938671893865,-1.3046699908599295,-0.859749037274094,-0.48205328198438235,-0.9503121529030141,0.28065397956975463,1.5508122791511325,0.9016139027886068,0.5503863368836848,-0.8186953190947202
-1.7179099213363322,-0.6292800510151558,0.06540104006749757,0.06540104006749754,-0.41565528838807186,0.20125038399529802,-0.2143206623701467,0.23422754085689548,-0.4057153639132397,0.06326740635835588,-0.48205328198438235,0.44460142061669883,0.6928817880382651,1.0672132015908653,1.3815914769286326,1.5647592554749898,1.8395221608324077
-0.5212572763983596,-0.11183179266763828,0.06540104006749757,0.06540104006749754,-0.36442120320094923,0.2957210968693858,-0.2143206623701467,0.8331736116944044,-0.4057153639132397,-0.5520768893966107,-0.48205328198438235,1.0025668500245841,0.6928817880382651,0.4109001677590748,-0.7906781627360208,-0.2784207631899799,0.041654535569467
-0.35030689855007774,0.2890938636939502,0.06540104006749757,0.06540104006749754,-0.30586796298709473,0.10681097816804659,0.20209681451637745,0.23422754085689548,0.12013938270035009,0.6786117021133227,-0.48205328198438235,-0.3923467234951289,-0.5438016373672659,-0.6944691523786782,0.14453587347495767,-0.09220965051774017,0.6520824719662904
0.24801942391890863,-0.4012511952222742,0.06540104006749757,0.06540104006749754,-0.32050627304055834,0.0827856031893184,0.20209681451637745,0.5587737238266683,-0.4057153639132397,0.6786117021133227,-0.48205328198438235,0.1656187059127562,-0.13157382889875557,-1.696210098753517,0.5255489993386895,-0.09220965051774017,0.6520824719662904
-1.4614843545639096,-1.54645959711022,1.3954203730765178,1.3954203730765176,-1.0213153668501287,-2.266536953954465,-1.324767267400878,-1.3968393760212348,-1.3046699908599295,-1.1674211851515772,-0.48205328198438235,-0.3923467234951289,0.6928817880382651,1.0672132015908653,-0.37502747997558583,0.5503863368836848,-0.8186953190947202
-0.7776828431707824,0.06292822293897393,0.06540104006749757,0.06540104006749754,-0.15033591866904394,0.4257888436044427,0.06329098888753605,-0.6750807673414829,0.49323926303345,0.6786117021133227,-0.48205328198438235,-1.2292948676069566,-0.9560294458357763,0.1691006289789413,0.3226718803722868,0.00043134181902221833,0.6520824719662904
-0.8631580320949233,-1.0180709222580786,0.06540104006749757,0.06540104006749754,-0.9133578302058345,-0.7505018667521969,-1.0471556161431952,-0.6750807673414829,-1.3046699908599295,-0.859749037274094,-0.48205328198438235,-0.11336400879118629,0.6928817880382651,0.7563280803021226,1.3172645855490417,0.885612309053981,0.041654535569467
-1.205058787791487,0.8727579180039511,-1.2646182929415224,-1.2646182929415224,1.9667296728131305,1.6523082905169484,0.4797084657740603,0.5587737238266683,1.3921938899801396,-0.5520768893966107,2.521232791480213,-0.3923467234951289,-0.9560294458357763,-0.7635547348872878,-0.3948203696308446,-1.009673071062123,-0.8186953190947202
0.846345746387895,0.5061823029822079,0.06540104006749757,0.06540104006749754,0.7810265584825782,1.2033767599848504,0.20209681451637745,0.5587737238266683,1.0190940096470398,-0.5520768893966107,1.4128092602512243,-0.3923467234951289,-0.9560294458357763,0.4109001677590748,-0.8896426110123147,-0.5087474534096523,0.041654535569467
-0.6067324653225005,-1.4418329065201485,0.06540104006749757,0.06540104006749754,-0.9572727603662253,-1.6012726169526745,-0.7695439648855122,0.23422754085689548,-1.3046699908599295,-0.859749037274094,-0.48205328198438235,0.44460142061669883,0.6928817880382651,0.20364342023324608,-1.661565307567408,1.0244204544307594,0.6520824719662904
-1.034108409943205,-0.4519401992022129,1.3954203730765178,1.3954203730765176,-0.706591700700661,-0.1667497890875875,-0.6307381392566709,-0.16298488485308327,-0.4057153639132397,-0.5520768893966107,-0.48205328198438235,0.1656187059127562,0.6928817880382651,-0.4872124048528495,-1.3250861834280085,1.3596464266010555,1.1255671642452045
-0.7776828431707824,0.4534389849861171,0.06540104006749757,0.06540104006749754,0.7416861002138948,0.6288820735487725,1.3125434195471086,0.5587737238266683,1.3921938899801396,1.2939559978682893,-0.48205328198438235,-0.3923467234951289,-0.9560294458357763,-0.5217551961071544,-0.4344061489413623,-1.1207930591923674,-0.8186953190947202
1.3591968799327403,1.3834221626237104,-1.2646182929415224,-1.2646182929415224,1.7517294939028836,1.487613991723468,0.6185142914029016,0.23422754085689548,1.54494875626063,-0.2444047415191273,3.3076718024868312,-0.9503121529030141,-1.3682572543042866,1.5853550704054373,-0.340389923078883,-1.033488587128577,-0.8186953190947202
-0.17935652070179586,-0.4309193115950752,1.3954203730765178,1.3954203730765176,0.04911105580939766,0.4194342302851753,0.4797084657740603,0.8331736116944044,1.2190147058053171,-0.5520768893966107,-0.48205328198438235,0.7235841353206415,0.28065397956975463,0.5145285415219891,0.05051964761247835,1.0672291256633306,2.122860263027301
-1.205058787791487,-0.5700871425032387,0.06540104006749757,0.06540104006749754,-0.7541662083744177,-0.19111723304074948,-0.7695439648855122,-0.16298488485308327,-1.3046699908599295,-0.5520768893966107,-0.48205328198438235,0.44460142061669883,1.1051095965067754,-0.6599263611243734,0.7234778958912774,0.3005126363077183,0.041654535569467
1.1027713131603178,1.6515340291038385,-1.2646182929415224,-1.2646182929415224,1.1799205074394614,0.6471826669146825,2.0065725476913157,0.8331736116944044,1.6815926404232675,1.909300293623256,-0.48205328198438235,-0.6713294381990715,-1.7804850627727968,-1.2816966037018593,-1.3300344058418232,-1.1763371733780685,-0.8186953190947202
-0.7776828431707824,-1.6595901922322696,0.06540104006749757,0.06540104006749754,-0.8054002935615404,-0.4237457876464985,-0.7695439648855122,-0.16298488485308327,-0.4057153639132397,-0.859749037274094,-0.48205328198438235,0.7235841353206415,1.5173374049752855,1.6198978616597417,0.8620281234780893,1.6792747314460454,1.1255671642452045
-0.26483170962593683,-1.2943522700582533,0.06540104006749757,0.06540104006749754,-0.8822514213422243,-0.7068065190159898,-0.9083497905143537,-0.16298488485308327,-0.4057153639132397,-1.1674211851515772,1.4128092602512243,0.44460142061669883,1.1051095965067754,-1.1435254386846405,-1.0628303954958294,1.3596464266010555,0.6520824719662904
-0.5212572763983596,-0.767157963820154,0.06540104006749757,0.06540104006749754,-0.9151876189625174,-0.7672948423690338,-1.0471556161431952,-0.6750807673414829,-1.3046699908599295,-0.859749037274094,-0.48205328198438235,0.1656187059127562,1.1051095965067754,-1.1435254386846405,1.3222128079628563,0.885612309053981,0.041654535569467
-0.5212572763983596,-0.7275049258339625,1.3954203730765178,1.3954203730765176,-1.010336634310031,-1.7981463220312721,-1.324767267400878,-2.6306938671893865,-1.3046699908599295,-0.859749037274094,-0.48205328198438235,-1.2292948676069566,-0.13157382889875557,0.9981276190822559,-0.06328946790525966,0.5503863368836848,-0.8186953190947202
-1.034108409943205,-0.035535525602641074,1.3954203730765178,1.3954203730765176,-0.9389748727993958,-1.0093525082865913,-1.0471556161431952,-0.6750807673414829,-1.3046699908599295,-0.859749037274094,-0.48205328198438235,-0.3923467234951289,0.28065397956975463,1.1708415753537798,-1.7011510868779256,0.885612309053981,0.041654535569467
-0.26483170962593683,1.6722204934990446,-1.2646182929415224,-1.2646182929415224,2.212836260586988,1.4163221408397701,1.1737375939182673,0.5587737238266683,1.2190147058053171,1.2939559978682893,-0.48205328198438235,-0.6713294381990715,-1.3682572543042866,1.6198978616597417,1.4904523700325565,-1.1065825691090452,-0.8186953190947202
-0.09388133177765497,1.4436183407714227,-1.2646182929415224,-1.2646182929415224,2.305240592799476,1.6387598773730054,0.7573201170317431,-0.16298488485308327,0.12013938270035009,2.2169724415007392,-0.48205328198438235,-1.5082775823108991,-1.7804850627727968,0.6181569152849035,0.04062320278484885,-1.0547274587736002,-0.8186953190947202
1.3591968799327403,-0.2686762790636221,2.7254397060855378,2.7254397060855378,-0.558378811409342,-0.1079367035430903,-0.2143206623701467,0.8331736116944044,-0.4057153639132397,-0.5520768893966107,-0.48205328198438235,1.5605322794324692,1.5173374049752855,1.309012740370999,1.1193356889964534,0.7047921495857696,1.1255671642452045
0.846345746387895,-0.4592019603755877,1.3954203730765178,1.3954203730765176,-0.9389748727993958,-1.0093525082865913,-1.0471556161431952,-0.6750807673414829,-1.3046699908599295,-0.859749037274094,-0.48205328198438235,-0.11336400879118629,0.6928817880382651,-0.5217551961071544,-0.7609888282531325,0.885612309053981,0.041654535569467
0.5899201796154723,-0.03152244705946027,1.3954203730765178,1.3954203730765176,-0.007612395647773739,0.3551674814792027,0.4797084657740603,1.4680820320250476,0.12013938270035009,-0.2444047415191273,-0.48205328198438235,2.118497708840354,1.1051095965067754,-0.10724170105549691,0.4958596648558011,1.3596464266010555,2.372782181294665
-0.7776828431707824,0.7757274117991863,-1.2646182929415224,-1.2646182929415224,1.304346142893902,1.2050066904534107,0.7573201170317431,-0.6750807673414829,1.2190147058053171,1.2939559978682893,-0.48205328198438235,-0.6713294381990715,-0.13157382889875557,-1.4544105599733836,-0.785729940322206,-0.7023030558309941,0.041654535569467
-0.35030689855007774,-0.9574447714093112,0.06540104006749757,0.06540104006749754,-0.8877407876122732,-0.5366387032291745,-1.0471556161431952,-0.6750807673414829,-1.3046699908599295,-0.859749037274094,1.4128092602512243,0.44460142061669883,1.5173374049752855,0.8254136628107321,0.748219007960351,0.885612309053981,0.041654535569467
0.33349461284304954,-0.02220637186993337,1.3954203730765178,1.3954203730765176,-0.39369782330787645,0.13861737779516212,-0.07551483674130527,0.5587737238266683,0.12013938270035009,-0.2444047415191273,-0.48205328198438235,0.1656187059127562,-0.13157382889875557,0.1691006289789413,1.5102452596878146,1.3596464266010555,1.8395221608324077
-1.205058787791487,1.1836281808667797,-1.2646182929415224,-1.2646182929415224,0.7069201138369187,0.5002276150427003,1.5901550708047913,-0.16298488485308327,1.8052020693197453,1.6016281457457726,-0.48205328198438235,-1.5082775823108991,-1.7804850627727968,1.5162694878968277,-0.9292283903228322,-1.1457323588283026,-0.8186953190947202
-1.8888602991846144,-1.1937386580113627,0.06540104006749757,0.06540104006749754,-1.013996211823397,-1.9354281936178632,-1.324767267400878,-1.3968393760212348,-1.3046699908599295,-1.1674211851515772,-0.48205328198438235,-0.3923467234951289,0.6928817880382651,0.10001504647033169,-1.4537399661871904,0.5503863368836848,-0.8186953190947202
2.213948769174149,-0.13887229808954718,-1.2646182929415224,-1.2646182929415224,0.5385795482220872,0.48296408319119616,1.3125434195471086,1.070869606315068,1.8052020693197453,-0.2444047415191273,1.4128092602512243,1.0025668500245841,0.28065397956975463,0.13455783772463648,0.7878047872708686,-0.8283757582546424,0.041654535569467
-0.26483170962593683,0.16268188958375432,0.06540104006749757,0.06540104006749754,0.8331755380480423,0.6356824470488047,1.45134924517595,1.2805323325064204,1.8052020693197453,-0.2444047415191273,-0.48205328198438235,1.2815495647285267,0.28065397956975463,1.1017559928451703,1.0401641303754183,-0.8533150578905775,0.041654535569467
1.1027713131603178,0.5845328840633572,0.06540104006749757,0.06540104006749754,0.4031751802275488,0.551495413978513,0.8961259426605844,0.8331736116944044,1.6815926404232675,-0.5520768893966107,-0.48205328198438235,0.44460142061669883,-0.13157382889875557,-1.4198677687190788,-0.1375128041124803,-1.0737864710114289,-0.8186953190947202
0.9318209353120359,1.2648930213661913,0.06540104006749757,0.06540104006749754,1.6199847034217112,1.0605449304595573,1.45134924517595,1.637741372355351,1.2190147058053171,0.3709395542358393,-0.48205328198438235,1.2815495647285267,-0.5438016373672659,1.6544406529140467,-0.9737623920471644,-0.8533150578905775,0.041654535569467
-0.43578208747421865,-0.7055285433355913,0.06540104006749757,0.06540104006749754,-0.30586796298709473,0.10681097816804659,0.20209681451637745,0.23422754085689548,0.12013938270035009,0.6786117021133227,-0.48205328198438235,0.1656187059127562,0.28065397956975463,0.030929463961722085,-0.1573056937677391,-0.09220965051774017,0.6520824719662904
-1.4614843545639096,-1.4336634252001017,0.06540104006749757,0.06540104006749754,-0.8859109988555902,-0.9105586222782807,-0.7695439648855122,0.23422754085689548,-1.3046699908599295,-0.859749037274094,-0.48205328198438235,0.7235841353206415,1.1051095965067754,-0.3835840310899352,-0.5135777075623976,1.6792747314460454,1.1255671642452045
0.9318209353120359,1.407691732861042,-1.2646182929415224,-1.2646182929415224,0.6181753591377955,0.8537814133988944,0.6185142914029016,0.23422754085689548,0.49323926303345,1.2939559978682893,-0.48205328198438235,-0.9503121529030141,-1.3682572543042866,0.4109001677590748,0.763063675201795,-1.033488587128577,-0.8186953190947202
-0.09388133177765497,0.10903085144099173,0.06540104006749757,0.06540104006749754,-0.668166136810319,-0.176896472979378,-0.4919323136278294,0.23422754085689548,-0.4057153639132397,-0.5520768893966107,-0.48205328198438235,0.1656187059127562,0.28065397956975463,-0.10724170105549691,-0.18204680583681268,-0.047448778815707984,0.041654535569467
0.16254423499476775,0.7151968104395423,-1.2646182929415224,-1.2646182929415224,0.49374972368335485,0.9109197904263254,0.3409026401452189,0.23422754085689548,1.0190940096470398,0.06326740635835588,-0.48205328198438235,-0.9503121529030141,-1.3682572543042866,0.8254136628107321,-0.01875546618092756,-0.9827815709567269,-0.8186953190947202
-0.35030689855007774,0.250587419577239,-1.2646182929415224,-1.2646182929415224,-0.2912296529336311,0.31479073774500566,-0.07551483674130527,-0.16298488485308327,0.49323926303345,0.06326740635835588,-0.48205328198438235,-0.9503121529030141,-0.9560294458357763,-1.039897064921726,-0.7263512713564297,-0.8762558788893728,-0.8186953190947202
-0.008406142853514067,0.3373941304458051,2.7254397060855378,2.7254397060855378,-0.523612825032366,-0.025186042767993706,-0.2143206623701467,0.23422754085689548,-0.4057153639132397,0.06326740635835588,-0.48205328198438235,-0.11336400879118629,-0.13157382889875557,-1.3507821862104692,0.5354454441663191,1.1482214525830776,1.5124323266304773
-0.6922076542466414,1.586942574456452,-1.2646182929415224,-1.2646182929415224,1.200048183762974,1.219177508203848,0.6185142914029016,-0.16298488485308327,0.7826380134765774,1.2939559978682893,-0.48205328198438235,-1.7872602970148417,-2.1927128712413078,1.5508122791511325,-1.349827295497082,-1.033488587128577,-0.8186953190947202
0.6753953685396131,1.651772902826647,-1.2646182929415224,-1.2646182929415224,1.0317076181481424,1.0546327758008973,0.7573201170317431,1.070869606315068,0.7826380134765774,0.3709395542358393,1.4128092602512243,-0.11336400879118629,-1.3682572543042866,-1.3507821862104692,-0.6620243799768386,-1.4262108739540353,-2.2894731101557304
-0.17935652070179586,-0.2948090643388591,0.06540104006749757,0.06540104006749754,-0.9883791692298355,-1.1939142442639035,-1.324767267400878,-1.3968393760212348,-1.3046699908599295,-1.1674211851515772,-0.48205328198438235,-0.3923467234951289,0.6928817880382651,-0.4181268223442399,-0.7164548265288002,0.5503863368836848,-0.8186953190947202
-0.43578208747421865,-0.18946575258036247,0.06540104006749757,0.06540104006749754,-0.9170174077192003,-0.784319452530597,-1.0471556161431952,-0.6750807673414829,-1.3046699908599295,-0.859749037274094,-0.48205328198438235,-0.6713294381990715,-0.13157382889875557,1.5508122791511325,-0.8797461661846853,-0.17352148123935618,-0.8186953190947202
-1.4614843545639096,-0.2834864498777418,-1.2646182929415224,-1.2646182929415224,-0.6754852918370509,-0.2004069870198848,-0.4919323136278294,-0.6750807673414829,-0.4057153639132397,0.06326740635835588,-0.48205328198438235,-0.9503121529030141,-0.5438016373672659,-0.9017258999045069,-1.201380623082641,-0.7023030558309941,-0.8186953190947202
0.24801942391890863,1.2691449736321805,-1.2646182929415224,-1.2646182929415224,1.4031547357547816,1.0677487723803414,1.1737375939182673,-0.16298488485308327,1.8052020693197453,0.6786117021133227,-0.48205328198438235,-1.5082775823108991,-1.7804850627727968,0.8944992453193417,0.05546787002629295,-1.1065825691090452,-0.8186953190947202
-1.974335488108755,1.1112016681112782,-1.2646182929415224,-1.2646182929415224,1.2531120577067796,1.1781111432177924,0.7573201170317431,-0.16298488485308327,1.8052020693197453,-0.2444047415191273,-0.48205328198438235,-1.2292948676069566,-1.3682572543042866,-0.3144984485813256,-0.5927492661834328,-1.0547274587736002,-0.8186953190947202
0.5044449906913313,0.020217601300835226,0.06540104006749757,0.06540104006749754,1.065558710146777,0.6762412691966666,1.7289608964336327,1.637741372355351,1.0190940096470398,1.2939559978682893,-0.48205328198438235,2.397480423544297,1.1051095965067754,-0.8671831086502021,0.8224423441675714,0.05176983352148982,1.8395221608324077
-0.26483170962593683,-0.7746108239717755,0.06540104006749757,0.06540104006749754,-0.7139108557273929,-0.1930117302169161,-0.6307381392566709,-0.16298488485308327,-0.4057153639132397,-0.5520768893966107,-0.48205328198438235,0.1656187059127562,0.6928817880382651,-1.3162393949561644,-0.01875546618092756,0.10695703388637642,0.041654535569467
-2.1452858659570366,2.0865230783379025,-1.2646182929415224,-1.2646182929415224,1.7535592826595665,1.4884139040443682,0.6185142914029016,1.070869606315068,0.49323926303345,0.3709395542358393,1.4128092602512243,0.1656187059127562,-0.9560294458357763,-0.6944691523786782,1.0846981320997506,-1.033488587128577,-0.8186953190947202
1.2737216910085998,0.5238589584700282,-1.2646182929415224,-1.2646182929415224,0.7142392688636505,1.2480993782637844,0.06329098888753605,-0.16298488485308327,0.7826380134765774,0.06326740635835588,-0.48205328198438235,-1.5082775823108991,-1.7804850627727968,0.06547225521602688,0.2979307683032132,-0.9170320787253607,-0.8186953190947202
0.7608705574637541,1.0156044042433636,-1.2646182929415224,-1.2646182929415224,0.7920052910226759,1.2106945561318938,0.20209681451637745,-0.16298488485308327,0.7826380134765774,0.3709395542358393,-0.48205328198438235,-1.2292948676069566,-1.3682572543042866,1.2744699491166942,-0.835212164460353,-0.9521767564069609,-0.8186953190947202
-1.119583598867346,1.5438019801172582,-1.2646182929415224,-1.2646182929415224,2.006985025460155,1.4586603691188844,0.8961259426605844,1.070869606315068,1.2190147058053171,0.06326740635835588,2.521232791480213,0.1656187059127562,-0.9560294458357763,-1.385324977464774,-0.1375128041124803,-1.0737864710114289,-0.8186953190947202
1.2737216910085998,-0.4418119533551374,0.06540104006749757,0.06540104006749754,-0.39918718957792526,0.1284308165252784,-0.07551483674130527,-0.16298488485308327,0.12013938270035009,0.3709395542358393,-0.48205328198438235,-0.9503121529030141,-0.9560294458357763,-0.6599263611243734,-0.6422314903215798,-0.3670770836606983,0.041654535569467
1.2737216910085998,1.0884131149553584,-1.2646182929415224,-1.2646182929415224,1.932878580814496,1.1440204061009311,1.5901550708047913,0.8331736116944044,1.6815926404232675,0.986283849990806,1.4128092602512243,-0.11336400879118629,-0.9560294458357763,0.8254136628107321,0.2632932114065103,-1.1457323588283026,-0.8186953190947202
1.1882465020844588,-0.2789956238889442,1.3954203730765178,1.3954203730765176,-0.9554429716095423,-0.9589673627750864,-1.1859614417720366,-1.3968393760212348,-1.3046699908599295,-0.859749037274094,2.521232791480213,-0.3923467234951289,0.6928817880382651,-0.8326403173958974,-1.3696201851523409,0.10695703388637642,-0.8186953190947202
-2.059810677032896,0.9793433731210512,-1.2646182929415224,-1.2646182929415224,0.9237500815038485,0.989627467834868,0.7573201170317431,-0.6750807673414829,1.8052020693197453,0.06326740635835588,-0.48205328198438235,-1.7872602970148417,-1.7804850627727968,0.6181569152849035,0.4166881062347661,-1.0547274587736002,-0.8186953190947202
-0.008406142853514067,-0.573144726155186,0.06540104006749757,0.06540104006749754,-0.8657833225320778,-0.5916102033394334,-0.9083497905143537,-0.6750807673414829,-1.3046699908599295,-0.5520768893966107,-0.48205328198438235,-0.3923467234951289,0.28065397956975463,0.6181569152849035,0.8273905665813861,-0.3670770836606983,-0.8186953190947202
1.7865728245534451,-0.8306028245980602,1.3954203730765178,1.3954203730765176,-0.9261663515026151,-1.0799011189651717,-0.9083497905143537,-1.3968393760212348,-0.4057153639132397,-0.5520768893966107,-0.48205328198438235,-1.2292948676069566,-0.5438016373672659,0.3072717939961604,-1.4735328558424494,1.3596464266010555,0.6520824719662904
-1.4614843545639096,1.4895298702951938,0.06540104006749757,0.06540104006749754,1.812112522873421,1.043983018953376,1.7289608964336327,1.79262821499482,0.7826380134765774,1.2939559978682893,1.4128092602512243,1.8395149941364122,-0.13157382889875557,1.1362987840994752,-1.5428079696358552,-1.1567343940151054,-0.8186953190947202
-0.8631580320949233,-1.3115989528450185,-1.2646182929415224,-1.2646182929415224,-0.18510190504601995,0.37787469925448647,0.06329098888753605,0.8331736116944044,-0.4057153639132397,0.06326740635835588,-0.48205328198438235,1.2815495647285267,1.1051095965067754,1.6889834441683516,1.5498310389983323,0.00043134181902221833,0.6520824719662904
-0.7776828431707824,1.2291575124340572,-1.2646182929415224,-1.2646182929415224,0.8258563830213105,0.9275677347156438,0.7573201170317431,0.23422754085689548,1.0190940096470398,0.986283849990806,1.4128092602512243,-0.9503121529030141,-1.3682572543042866,1.5162694878968277,-1.0628303954958294,-1.0547274587736002,-0.8186953190947202
-1.119583598867346,1.0635224730387252,-1.2646182929415224,-1.2646182929415224,2.2723043951791837,1.6266657337788677,0.7573201170317431,0.23422754085689548,0.7826380134765774,1.2939559978682893,1.4128092602512243,-0.9503121529030141,-1.3682572543042866,0.13455783772463648,-0.8550050541156118,-1.0547274587736002,-0.8186953190947202
-2.059810677032896,1.0719786028261418,-1.2646182929415224,-1.2646182929415224,0.8743457850734088,1.1802457104265596,0.3409026401452189,0.5587737238266683,0.7826380134765774,0.06326740635835588,-0.48205328198438235,-0.6713294381990715,-1.3682572543042866,0.5836141240305986,-1.4735328558424494,-0.9827815709567269,-0.8186953190947202
-0.6067324653225005,0.7902987088904976,0.06540104006749757,0.06540104006749754,1.5513676250461006,1.198719614415595,1.034931768289426,0.8331736116944044,1.6815926404232675,-0.2444047415191273,-0.48205328198438235,-0.11336400879118629,-0.9560294458357763,-1.4889533512276882,-0.6422314903215798,-1.0909849017837394,-0.8186953190947202
-0.43578208747421865,1.3270479640409325,-1.2646182929415224,-1.2646182929415224,0.9969416317711665,0.9684278016600426,0.8961259426605844,0.8331736116944044,0.7826380134765774,0.986283849990806,-0.48205328198438235,-0.3923467234951289,-1.3682572543042866,-0.245412866072716,-1.3448790730832672,-1.0737864710114289,-0.8186953190947202
-1.7179099213363322,-0.2746003473892699,0.06540104006749757,0.06540104006749754,-0.8108896598315892,-0.27060659029674833,-0.9083497905143537,-1.3968393760212348,-0.4057153639132397,-0.5520768893966107,-0.48205328198438235,-1.5082775823108991,-0.9560294458357763,0.9981276190822559,-1.0628303954958294,-0.3670770836606983,-0.8186953190947202
1.5301472577810225,0.625619164386399,0.06540104006749757,0.06540104006749754,0.7279626845387727,0.5659314226131309,1.45134924517595,1.79262821499482,0.12013938270035009,1.2939559978682893,1.4128092602512243,2.397480423544297,0.6928817880382651,-0.6944691523786782,1.6438472648608116,-0.8533150578905775,0.041654535569467
-1.7179099213363322,-1.2618176690117515,0.06540104006749757,0.06540104006749754,-0.9810600142031037,-1.364428325915789,-1.1859614417720366,-1.3968393760212348,-1.3046699908599295,-0.859749037274094,-0.48205328198438235,-0.11336400879118629,1.1051095965067754,1.1362987840994752,0.9906819062372711,0.10695703388637642,-0.8186953190947202
1.4446720688568817,1.11182273979058,-1.2646182929415224,-1.2646182929415224,0.30070700985330345,0.5278762997270713,0.7573201170317431,-0.6750807673414829,1.9180486365937297,-0.2444047415191273,-0.48205328198438235,-1.7872602970148417,-1.7804850627727968,1.4817266966425229,-1.562600859291114,-1.0547274587736002,-0.8186953190947202
-0.17935652070179586,-0.905943596771824,0.06540104006749757,0.06540104006749754,-0.9554429716095423,-1.411009879301774,-0.9083497905143537,-0.16298488485308327,-1.3046699908599295,-0.859749037274094,-0.48205328198438235,0.44460142061669883,1.1051095965067754,0.9981276190822559,-1.5774455265325582,0.5503863368836848,0.041654535569467
-0.17935652070179586,0.9526850656556358,-1.2646182929415224,-1.2646182929415224,0.6318987748129177,0.9372697841019327,0.4797084657740603,1.4680820320250476,0.49323926303345,-0.5520768893966107,-0.48205328198438235,1.0025668500245841,-0.5438016373672659,0.1691006289789413,-0.5234741523900269,-1.009673071062123,-0.8186953190947202
-0.09388133177765497,0.7491646538228942,0.06540104006749757,0.06540104006749754,2.254006507612354,1.1255390925152953,2.0065725476913157,1.79262821499482,1.0190940096470398,1.6016281457457726,1.4128092602512243,2.67646313824824,1.1051095965067754,-0.14178449230980172,0.24350032175125166,-0.7023030558309941,0.6520824719662904
-0.17935652070179586,0.16167861994795912,0.06540104006749757,0.06540104006749754,0.38579218703906065,0.3072471688746133,1.45134924517595,1.070869606315068,1.0190940096470398,1.6016281457457726,-0.48205328198438235,0.7235841353206415,-0.13157382889875557,0.3418145852504652,-0.01875546618092756,-0.5838385779516477,0.6520824719662904
-0.5212572763983596,0.4156013872932694,0.06540104006749757,0.06540104006749754,0.44434542725291515,0.46485734998190636,1.1737375939182673,1.2805323325064204,0.7826380134765774,0.986283849990806,-0.48205328198438235,1.2815495647285267,0.28065397956975463,-1.4198677687190788,-0.1474092489401096,-0.8011647543473774,0.041654535569467
1.4446720688568817,0.6199339697835595,1.3954203730765178,1.3954203730765176,0.9594309622591659,1.3172279732181744,0.20209681451637745,0.8331736116944044,0.49323926303345,-0.2444047415191273,-0.48205328198438235,0.7235841353206415,0.28065397956975463,0.06547225521602688,0.14948409588877237,1.6792747314460454,2.372782181294665
0.5899201796154723,0.20123610844502723,0.06540104006749757,0.06540104006749754,0.28698359417818137,0.5154798312633855,0.7573201170317431,1.070869606315068,0.7826380134765774,0.3709395542358393,-0.48205328198438235,0.7235841353206415,-0.13157382889875557,0.06547225521602688,-0.04844480066381557,-0.7023030558309941,0.041654535569467
-1.205058787791487,1.441372927777024,-1.2646182929415224,-1.2646182929415224,1.009750153067947,1.6419165662239754,-0.2143206623701467,-0.16298488485308327,0.12013938270035009,0.06326740635835588,1.4128092602512243,-1.5082775823108991,-1.7804850627727968,0.9290420365736465,0.21381098726836345,-0.8283757582546424,-0.8186953190947202
1.3591968799327403,2.031820995814783,-1.2646182929415224,-1.2646182929415224,2.5888578500853336,1.7382736011584903,0.7573201170317431,0.5587737238266683,1.54494875626063,-0.2444047415191273,3.3076718024868312,-0.6713294381990715,-1.3682572543042866,0.4454429590133795,0.6344098924426131,-1.4262108739540353,-2.2894731101557304
-1.4614843545639096,-1.765220152458136,-1.2646182929415224,-1.2646182929415224,-0.9188471964758833,-1.0093525082865913,-0.9083497905143537,-0.6750807673414829,-0.4057153639132397,-0.859749037274094,-0.48205328198438235,-0.11336400879118629,0.6928817880382651,1.2744699491166942,0.9906819062372711,1.3596464266010555,0.6520824719662904
-1.5469595434880503,-0.013941341060763272,-1.2646182929415224,-1.2646182929415224,1.2476226914367303,1.1751944077101089,0.7573201170317431,0.23422754085689548,0.7826380134765774,1.2939559978682893,2.521232791480213,0.7235841353206415,1.1051095965067754,0.37635737650476997,1.3964361441700768,-1.0547274587736002,-0.8186953190947202
-1.119583598867346,0.2905748807753622,0.06540104006749757,0.06540104006749754,0.19823883947905815,0.5009323051377476,0.6185142914029016,0.23422754085689548,0.7826380134765774,0.986283849990806,-0.48205328198438235,-0.6713294381990715,-0.9560294458357763,0.2381862114875508,-1.0925197299787177,-0.30958076900553577,0.6520824719662904
-0.8631580320949233,0.7844224153094114,1.3954203730765178,1.3954203730765176,-0.48152768362865805,0.0680868501233429,-0.2143206623701467,0.23422754085689548,0.12013938270035009,-0.2444047415191273,-0.48205328198438235,-0.6713294381990715,-0.9560294458357763,1.1708415753537798,-0.40471681445847413,-0.2784207631899799,0.041654535569467
-0.6922076542466414,-0.5773011289320519,0.06540104006749757,0.06540104006749754,-0.9481238165828105,-1.116747576614367,-1.0471556161431952,-0.6750807673414829,-1.3046699908599295,-0.859749037274094,-0.48205328198438235,-0.9503121529030141,-0.5438016373672659,1.4817266966425229,-0.7362477161840589,-0.17352148123935618,-0.8186953190947202
-0.5212572763983596,0.7662202376314127,0.06540104006749757,0.06540104006749754,0.7810265584825782,1.2033767599848504,0.20209681451637745,-0.16298488485308327,0.12013938270035009,0.986283849990806,-0.48205328198438235,0.44460142061669883,1.1051095965067754,-0.6253835698700687,1.3964361441700768,-0.5087474534096523,0.041654535569467
-0.8631580320949233,-1.143384077243356,0.06540104006749757,0.06540104006749754,-0.9645919153929571,-1.337300537912687,-1.0471556161431952,-0.6750807673414829,-1.3046699908599295,-0.859749037274094,-0.48205328198438235,-0.9503121529030141,-0.5438016373672659,1.0672132015908653,-1.5032221903253375,-0.17352148123935618,-0.8186953190947202
-0.6067324653225005,0.016013423779407728,1.3954203730765178,1.3954203730765176,-0.8987195201523709,-0.8338715601012439,-0.9083497905143537,-0.6750807673414829,-0.4057153639132397,-0.859749037274094,1.4128092602512243,-0.6713294381990715,-0.13157382889875557,-0.3490412398356304,-1.4933257454977082,1.3596464266010555,0.6520824719662904
-0.35030689855007774,-0.3728252222080767,1.3954203730765178,1.3954203730765176,-0.7267193770241734,-0.2403591940636859,-0.6307381392566709,-0.16298488485308327,-0.4057153639132397,-0.5520768893966107,-0.48205328198438235,-0.11336400879118629,0.28065397956975463,-1.0053542736674215,0.8026494545123128,1.3596464266010555,1.1255671642452045
-0.17935652070179586,-0.4341679942252692,1.3954203730765178,1.3954203730765176,-0.7999109272914915,-0.2153317718708666,-0.9083497905143537,-0.16298488485308327,-0.4057153639132397,-1.1674211851515772,-0.48205328198438235,0.44460142061669883,1.1051095965067754,0.13455783772463648,0.2979307683032132,-0.3670770836606983,-0.8186953190947202
-0.6067324653225005,-0.2746481221338316,1.3954203730765178,1.3954203730765176,-0.9408046615560787,-0.775777794440988,-1.1859614417720366,-1.3968393760212348,-0.4057153639132397,-1.1674211851515772,-0.48205328198438235,-0.6713294381990715,0.28065397956975463,1.2053843666080846,-1.5081704127391524,0.10695703388637642,-0.8186953190947202
-0.6067324653225005,-1.6686673936989882,1.3954203730765178,1.3954203730765176,-0.9426344503127617,-1.4246483016934859,-0.7695439648855122,-0.16298488485308327,-1.3046699908599295,-0.5520768893966107,-0.48205328198438235,0.44460142061669883,1.1051095965067754,0.030929463961722085,0.7432707855465365,2.277109847145438,1.5124323266304773
0.33349461284304954,0.3773815916439282,0.06540104006749757,0.06540104006749754,-0.3122722236354851,0.1848231465328046,0.06329098888753605,0.5587737238266683,0.12013938270035009,0.06326740635835588,-0.48205328198438235,0.1656187059127562,-0.13157382889875557,1.6198978616597417,1.0945945769273802,0.00043134181902221833,0.6520824719662904
1.4446720688568817,0.08815328806753912,0.06540104006749757,0.06540104006749754,0.23026014272100986,0.46287777511017286,0.7573201170317431,0.5587737238266683,1.0190940096470398,0.6786117021133227,-0.48205328198438235,0.1656187059127562,-0.13157382889875557,1.5508122791511325,1.6191061527917383,-0.047448778815707984,1.1255671642452045
-0.35030689855007774,0.3433181987714529,1.3954203730765178,1.3954203730765176,-0.8639535337753949,-0.5794498619416778,-0.9083497905143537,-0.6750807673414829,-1.3046699908599295,-0.5520768893966107,-0.48205328198438235,-0.6713294381990715,-0.13157382889875557,-0.8326403173958974,-1.4883775230838936,0.5503863368836848,0.041654535569467
1.0172961242361769,0.11380832589715932,0.06540104006749757,0.06540104006749754,-0.37905951325441284,0.16537755159809392,-0.07551483674130527,0.5587737238266683,0.12013938270035009,-0.2444047415191273,-0.48205328198438235,0.44460142061669883,0.28065397956975463,-0.038156118546887316,0.36720588209661886,0.5503863368836848,1.1255671642452045
0.16254423499476775,0.8977918841542696,0.06540104006749757,0.06540104006749754,0.8505585312365304,0.5954748308643203,1.5901550708047913,0.23422754085689548,1.3921938899801396,2.2169724415007392,-0.48205328198438235,-0.9503121529030141,-1.3682572543042866,0.5490713327762939,1.4459183683082235,-0.8762558788893728,0.041654535569467
0.5899201796154723,0.03545774481601003,0.06540104006749757,0.06540104006749754,0.018004646945787458,0.3118555052844993,0.6185142914029016,0.8331736116944044,0.49323926303345,0.6786117021133227,-0.48205328198438235,0.44460142061669883,-0.13157382889875557,0.687242497793513,-1.4883775230838936,-0.30958076900553577,0.6520824719662904
-0.008406142853514067,-0.5175826982299563,0.06540104006749757,0.06540104006749754,-0.9225067739892493,-0.8368492808891931,-1.0471556161431952,-0.6750807673414829,-1.3046699908599295,-0.859749037274094,-0.48205328198438235,-0.3923467234951289,0.28065397956975463,-1.2816966037018593,0.9510961269267536,0.885612309053981,0.041654535569467
-0.5212572763983596,-0.5552291969445573,0.06540104006749757,0.06540104006749754,-0.7669747296711984,-0.4022206632261549,-0.6307381392566709,-0.6750807673414829,-0.4057153639132397,-0.2444047415191273,-0.48205328198438235,-0.3923467234951289,0.28065397956975463,1.2053843666080846,-0.4739919282518798,1.9096014216657187,1.5124323266304773
-0.9486332210190641,-0.07987048855587678,1.3954203730765178,1.3954203730765176,-0.6169320516231964,-0.1486933486184363,-0.353126487998988,-0.16298488485308327,-0.4057153639132397,0.06326740635835588,-0.48205328198438235,-0.3923467234951289,-0.13157382889875557,-0.0726989098011921,-1.730840421360814,2.219613532490276,2.122860263027301
0.846345746387895,0.13846009409098442,0.06540104006749757,0.06540104006749754,0.23666440336940014,0.4689302234384112,0.7573201170317431,0.5587737238266683,0.12013938270035009,1.6016281457457726,-0.48205328198438235,-0.11336400879118629,-0.5438016373672659,1.309012740370999,-0.3156488110098096,-0.3670770836606983,0.6520824719662904
-0.35030689855007774,1.9635508858361477,-1.2646182929415224,-1.2646182929415224,1.5385591037493198,1.0767765487896814,1.3125434195471086,0.8331736116944044,1.3921938899801396,0.986283849990806,2.521232791480213,-0.3923467234951289,-1.3682572543042866,-0.4872124048528495,-0.1968914730782566,-1.1207930591923674,-0.8186953190947202
-0.35030689855007774,-0.8782820196706134,0.06540104006749757,0.06540104006749754,-0.8694429000454437,-0.7941542827967891,-0.7695439648855122,-0.16298488485308327,-1.3046699908599295,-0.5520768893966107,-0.48205328198438235,0.1656187059127562,0.6928817880382651,-0.0726989098011921,1.342005697618115,1.0244204544307594,0.6520824719662904
-0.43578208747421865,-0.8245354320387274,0.06540104006749757,0.06540104006749754,-0.9975281130132503,-1.411009879301774,-1.324767267400878,-1.3968393760212348,-1.3046699908599295,-1.1674211851515772,-0.48205328198438235,-0.11336400879118629,1.1051095965067754,-0.038156118546887316,0.4364809958900251,0.5503863368836848,-0.8186953190947202
-0.9486332210190641,-0.3747839867351054,0.06540104006749757,0.06540104006749754,0.17170690250715545,0.40611997458421717,0.7573201170317431,1.637741372355351,0.12013938270035009,0.06326740635835588,-0.48205328198438235,2.67646313824824,1.5173374049752855,-0.10724170105549691,1.3370574752043003,0.5503863368836848,1.8395221608324077
-1.6324347324121913,1.546190717345342,-1.2646182929415224,-1.2646182929415224,0.9475373353407267,1.0736777409657863,0.6185142914029016,-0.16298488485308327,0.7826380134765774,1.2939559978682893,-0.48205328198438235,-1.5082775823108991,-1.7804850627727968,-0.7635547348872878,-1.0232446161853122,-1.033488587128577,-0.8186953190947202
0.07706904607062683,-0.5326317427668844,2.7254397060855378,2.7254397060855378,-0.891400365125639,-0.9519344966360697,-0.7695439648855122,-0.16298488485308327,-1.3046699908599295,-0.5520768893966107,-0.48205328198438235,0.1656187059127562,0.6928817880382651,-0.4181268223442399,0.8620281234780893,1.6792747314460454,1.1255671642452045
-1.6324347324121913,-1.7265226093631785,0.06540104006749757,0.06540104006749754,-0.8712726888021266,-0.8065590572417733,-0.7695439648855122,-0.16298488485308327,-1.3046699908599295,-0.5520768893966107,-0.48205328198438235,0.44460142061669883,1.1051095965067754,-1.4198677687190788,1.1886108027898592,1.0244204544307594,0.6520824719662904
0.846345746387895,0.3438437209616314,0.06540104006749757,0.06540104006749754,-0.14118697488562915,0.26635854306492046,0.3409026401452189,1.070869606315068,-0.4057153639132397,0.3709395542358393,-0.48205328198438235,0.7235841353206415,-0.13157382889875557,-0.6944691523786782,-0.6422314903215798,-0.17352148123935618,0.6520824719662904
-0.17935652070179586,1.3720039986734698,-1.2646182929415224,-1.2646182929415224,1.6977507255807367,1.0955706480961722,1.45134924517595,0.23422754085689548,1.2190147058053171,2.2169724415007392,-0.48205328198438235,-0.9503121529030141,-1.3682572543042866,1.2399271578623894,1.3321092527904856,-1.1337935730163102,-0.8186953190947202
0.5899201796154723,1.522112246086257,-1.2646182929415224,-1.2646182929415224,0.6007923659493075,0.47599760690001136,1.45134924517595,-0.6750807673414829,1.54494875626063,2.2169724415007392,-0.48205328198438235,-2.0662430117187847,-2.1927128712413078,-1.6271245162449075,-1.0281928385991264,-1.1337935730163102,-0.8186953190947202
0.846345746387895,1.4676968120305076,-1.2646182929415224,-1.2646182929415224,2.3683683049050384,1.6616142166676227,0.7573201170317431,-0.6750807673414829,0.7826380134765774,1.909300293623256,1.4128092602512243,-1.7872602970148417,-1.7804850627727968,0.5836141240305986,1.6982777114127734,-1.0547274587736002,-0.8186953190947202
0.33349461284304954,0.24399450482772764,2.7254397060855378,2.7254397060855378,-0.28757007542026525,0.1361996205716183,0.20209681451637745,0.8331736116944044,0.49323926303345,-0.2444047415191273,-0.48205328198438235,1.0025668500245841,0.6928817880382651,0.37635737650476997,-0.45914726101043574,1.3596464266010555,2.122860263027301
1.4446720688568817,-0.7716010150643898,1.3954203730765178,1.3954203730765176,-0.8676131112887607,-0.6038915451458888,-0.9083497905143537,-0.6750807673414829,-1.3046699908599295,-0.5520768893966107,-0.48205328198438235,-0.9503121529030141,-0.5438016373672659,0.1691006289789413,-0.8747979437708706,1.3596464266010555,0.6520824719662904
1.2737216910085998,0.05963176556421833,0.06540104006749757,0.06540104006749754,0.8203670167512617,0.6273987604656108,1.45134924517595,1.637741372355351,1.2190147058053171,0.3709395542358393,1.4128092602512243,2.118497708840354,0.6928817880382651,0.7217852890478178,-0.3156488110098096,-0.07465978272297287,1.5124323266304773
0.7608705574637541,-0.24249571904382336,1.3954203730765178,1.3954203730765176,-0.9975281130132503,-1.411009879301774,-1.324767267400878,-2.6306938671893865,-0.4057153639132397,-1.1674211851515772,-0.48205328198438235,-1.5082775823108991,-0.5438016373672659,0.20364342023324608,-0.008859021353298059,0.5503863368836848,-0.8186953190947202
0.33349461284304954,-2.245117461580176,-1.2646182929415224,-1.2646182929415224,-1.0286345218768604,-4.076384989268159,-1.741184744287402,-2.6306938671893865,-1.3046699908599295,-1.782765480906544,-0.48205328198438235,1.2815495647285267,3.578476447317837,-1.0053542736674215,-1.7159957541193696,-1.4262108739540353,-2.2894731101557304
-0.8631580320949233,-0.8787119923716684,0.06540104006749757,0.06540104006749754,-0.9408046615560787,-1.0300969405945168,-1.0471556161431952,-0.6750807673414829,-1.3046699908599295,-0.859749037274094,-0.48205328198438235,-0.11336400879118629,0.6928817880382651,0.9981276190822559,-0.1375128041124803,-0.17352148123935618,-0.8186953190947202
-0.7776828431707824,0.5655663104723717,0.06540104006749757,0.06540104006749754,1.053665083228338,0.622044024657093,1.8677667220624738,1.79262821499482,1.2190147058053171,0.986283849990806,-0.48205328198438235,2.118497708840354,0.28065397956975463,0.4799857502676843,-0.4739919282518798,-0.6759277086391895,0.6520824719662904
1.6156224467051634,1.3810812001401884,-1.2646182929415224,-1.2646182929415224,1.0683033932818014,0.8324454904813924,1.3125434195471086,0.5587737238266683,1.9180486365937297,0.06326740635835588,2.521232791480213,-0.3923467234951289,-0.9560294458357763,-1.108982647430336,-0.1770985834229979,-1.1207930591923674,-0.8186953190947202
-0.43578208747421865,0.6448246117001929,0.06540104006749757,0.06540104006749754,-0.2985488079603629,0.1186505381880226,0.20209681451637745,0.23422754085689548,0.12013938270035009,0.6786117021133227,-0.48205328198438235,-0.3923467234951289,-0.5438016373672659,-0.2108700748184113,-0.2067879179058861,-0.5087474534096523,0.041654535569467
-0.7776828431707824,1.4483002657384672,-1.2646182929415224,-1.2646182929415224,2.255836296369037,1.6205739297967294,0.7573201170317431,0.5587737238266683,1.2190147058053171,0.3709395542358393,-0.48205328198438235,-0.6713294381990715,-1.3682572543042866,-1.247153812447555,-0.6818172696320973,-1.0547274587736002,-0.8186953190947202
-0.008406142853514067,1.1420163783535595,-1.2646182929415224,-1.2646182929415224,2.8001984514822147,1.4061509353399955,1.7289608964336327,1.4680820320250476,1.3921938899801396,0.986283849990806,3.3076718024868312,1.2815495647285267,-0.13157382889875557,-0.10724170105549691,-0.5284223748038417,-1.1567343940151054,-0.8186953190947202
-0.6067324653225005,1.3297711244809478,-1.2646182929415224,-1.2646182929415224,1.103984274037119,0.6507188335453427,1.8677667220624738,0.23422754085689548,1.6815926404232675,2.2169724415007392,-0.48205328198438235,-0.9503121529030141,-1.3682572543042866,0.5490713327762939,0.2929825458893985,-1.1669057793013276,-0.8186953190947202
1.1027713131603178,-0.7889910220848401,1.3954203730765178,1.3954203730765176,-0.9572727603662253,-1.2343855640425856,-1.0471556161431952,-0.6750807673414829,-1.3046699908599295,-0.859749037274094,-0.48205328198438235,-0.6713294381990715,-0.13157382889875557,-1.6616673074992123,-1.7506333110160723,0.885612309053981,0.041654535569467
1.2737216910085998,1.6161329433836364,-1.2646182929415224,-1.2646182929415224,2.1021340408076687,1.7061703657754415,0.4797084657740603,-0.6750807673414829,0.7826380134765774,1.2939559978682893,3.917681290782164,-1.7872602970148417,-1.7804850627727968,-1.4889533512276882,-1.2558110696346028,-1.009673071062123,-0.8186953190947202
-0.26483170962593683,-1.288523751221729,0.06540104006749757,0.06540104006749754,-1.0048472680399825,-1.617198833637861,-1.324767267400878,-2.6306938671893865,-1.3046699908599295,-0.859749037274094,-0.48205328198438235,-0.6713294381990715,0.6928817880382651,-0.5908407786157639,1.1044910217550097,0.5503863368836848,-0.8186953190947202
-1.034108409943205,-0.4698079536682799,0.06540104006749757,0.06540104006749754,0.00885570316237276,0.30143970787745716,0.6185142914029016,1.637741372355351,-0.4057153639132397,0.06326740635835588,1.4128092602512243,2.67646313824824,1.5173374049752855,-0.5217551961071544,1.5498310389983323,0.34527350800975043,1.5124323266304773
-1.7179099213363322,0.6016840173609991,0.06540104006749757,0.06540104006749754,0.4031751802275488,0.48971346849041486,1.034931768289426,0.5587737238266683,0.49323926303345,1.909300293623256,-0.48205328198438235,-0.11336400879118629,-0.5438016373672659,0.7217852890478178,-1.1024161748063468,-0.17352148123935618,1.1255671642452045
1.2737216910085998,0.6082769321105104,1.3954203730765178,1.3954203730765176,-0.8419960686951994,-0.44216799035508725,-0.9083497905143537,-1.3968393760212348,-0.4057153639132397,-0.5520768893966107,-0.48205328198438235,-1.5082775823108991,-0.9560294458357763,-0.0036133272925826148,-1.7159957541193696,0.5503863368836848,0.041654535569467
-2.2307610548811776,-0.8136427902786652,-1.2646182929415224,-1.2646182929415224,-0.9975281130132503,-1.411009879301774,-1.324767267400878,-1.3968393760212348,-1.3046699908599295,-1.1674211851515772,-0.48205328198438235,-0.6713294381990715,0.28065397956975463,0.5490713327762939,-1.2805521817036762,0.5503863368836848,-0.8186953190947202
-0.7776828431707824,1.1266329106046995,-1.2646182929415224,-1.2646182929415224,1.6922613593106877,1.147181397932026,1.3125434195471086,1.2805323325064204,0.7826380134765774,1.2939559978682893,1.4128092602512243,1.2815495647285267,0.28065397956975463,-0.8326403173958974,-0.6026457110110621,-1.1207930591923674,-0.8186953190947202
1.0172961242361769,-1.2308596345357854,1.3954203730765178,1.3954203730765176,-0.8767620550721754,-0.6672010461110816,-0.9083497905143537,-0.6750807673414829,-0.4057153639132397,-0.859749037274094,-0.48205328198438235,-0.6713294381990715,-0.13157382889875557,1.2053843666080846,-1.1370537317030498,1.3596464266010555,0.6520824719662904
-0.35030689855007774,0.04730588146730583,0.06540104006749757,0.06540104006749754,0.6556860286497961,0.5691889190089746,1.3125434195471086,1.2805323325064204,1.54494875626063,0.06326740635835588,1.4128092602512243,1.2815495647285267,0.28065397956975463,-1.4544105599733836,-0.1672021385953686,-0.5478972431289095,0.6520824719662904
1.1027713131603178,-0.2756036170250652,0.06540104006749757,0.06540104006749754,-0.41199571087470593,0.1043300433268113,-0.07551483674130527,-0.16298488485308327,-0.4057153639132397,0.6786117021133227,-0.48205328198438235,-0.6713294381990715,-0.5438016373672659,-0.5217551961071544,-0.5729563765281739,0.5503863368836848,1.1255671642452045
1.1027713131603178,1.2504172737640034,0.06540104006749757,0.06540104006749754,-0.07348479088835995,0.07075641953328358,0.8961259426605844,0.8331736116944044,0.7826380134765774,0.986283849990806,2.521232791480213,1.0025668500245841,0.6928817880382651,-0.3835840310899352,1.5003488148601851,-1.0737864710114289,-0.8186953190947202
-1.5469595434880503,2.069324170295699,-1.2646182929415224,-1.2646182929415224,2.327198057879672,2.2499447621521527,-0.2143206623701467,0.23422754085689548,0.49323926303345,-0.5520768893966107,2.521232791480213,-1.2292948676069566,-1.7804850627727968,-1.6616673074992123,-0.44925081618280643,-0.8283757582546424,-0.8186953190947202
-1.034108409943205,0.21413528947667992,1.3954203730765178,1.3954203730765176,0.18360052942559454,0.48661145217555907,0.6185142914029016,1.2805323325064204,1.0190940096470398,-0.5520768893966107,2.521232791480213,1.8395149941364122,1.1051095965067754,-0.8326403173958974,0.5206007769248748,0.34527350800975043,1.5124323266304773
-1.5469595434880503,-1.405571875397836,0.06540104006749757,0.06540104006749754,-0.9334855065293469,-0.9491325325088948,-1.0471556161431952,-0.6750807673414829,-1.3046699908599295,-0.859749037274094,-0.48205328198438235,0.1656187059127562,1.1051095965067754,-0.8326403173958974,0.7284261183050921,0.885612309053981,0.041654535569467
1.2737216910085998,-0.7130291782317746,0.06540104006749757,0.06540104006749754,-0.4961659936821217,0.03643730401700009,-0.2143206623701467,0.5587737238266683,0.12013938270035009,-0.5520768893966107,-0.48205328198438235,1.0025668500245841,1.1051095965067754,0.030929463961722085,0.2682414338203249,1.1482214525830776,1.5124323266304773
1.2737216910085998,-0.7512489738811157,0.06540104006749757,0.06540104006749754,-0.14667634115567804,0.2590189892195301,0.3409026401452189,-0.16298488485308327,1.54494875626063,-0.5520768893966107,1.4128092602512243,-0.6713294381990715,-0.5438016373672659,-0.10724170105549691,0.7828565648570539,0.885612309053981,1.8395221608324077
1.3591968799327403,0.6551917312700767,0.06540104006749757,0.06540104006749754,0.5321752875736968,0.5340865969133193,1.1737375939182673,0.8331736116944044,1.0190940096470398,1.2939559978682893,-0.48205328198438235,-0.11336400879118629,-0.9560294458357763,1.6198978616597417,1.223248359686562,-0.8011647543473774,0.041654535569467
1.4446720688568817,1.5282751881347134,-1.2646182929415224,-1.2646182929415224,1.7224528737959564,1.3390785707669344,0.8961259426605844,0.23422754085689548,0.7826380134765774,1.6016281457457726,1.4128092602512243,-1.2292948676069566,-1.7804850627727968,0.2727290027418556,0.2929825458893985,-1.0737864710114289,-0.8186953190947202
0.07706904607062683,-1.545074129517931,1.3954203730765178,1.3954203730765176,-0.9133578302058345,-0.9589673627750864,-0.9083497905143537,-0.16298488485308327,-0.4057153639132397,-1.1674211851515772,1.4128092602512243,0.44460142061669883,1.1051095965067754,-0.0726989098011921,-0.9886070592886088,2.083554244724097,1.1255671642452045
0.5044449906913313,-0.7222974786767398,1.3954203730765178,1.3954203730765176,-1.008506845553348,-1.7348368210660796,-1.324767267400878,-1.3968393760212348,-1.3046699908599295,-1.1674211851515772,-0.48205328198438235,-0.6713294381990715,0.28065397956975463,0.10001504647033169,0.3028789907170278,0.5503863368836848,-0.8186953190947202
-0.8631580320949233,1.2284408912656322,0.06540104006749757,0.06540104006749754,2.5248152436014304,1.5877059349510982,1.034931768289426,1.637741372355351,0.12013938270035009,0.6786117021133227,3.3076718024868312,1.5605322794324692,-0.13157382889875557,-0.6599263611243734,1.5795203734812204,-1.0909849017837394,-0.8186953190947202
-0.6067324653225005,-0.12745413413930656,0.06540104006749757,0.06540104006749754,-0.8273577586417358,-0.538644007761179,-0.7695439648855122,-1.3968393760212348,-0.4057153639132397,-0.2444047415191273,-0.48205328198438235,-1.7872602970148417,-1.3682572543042866,0.4799857502676843,-0.9143837230813883,-0.5087474534096523,-0.8186953190947202
-0.7776828431707824,-1.0360820009578309,0.06540104006749757,0.06540104006749754,-0.5291021913024148,-0.03788870721651501,-0.2143206623701467,0.8331736116944044,-0.4057153639132397,-0.5520768893966107,-0.48205328198438235,1.5605322794324692,1.5173374049752855,0.06547225521602688,0.6195652252011689,1.9574815423004486,2.122860263027301
0.07706904607062683,-0.8504771183357176,0.06540104006749757,0.06540104006749754,-0.8511450124786142,-0.49752545951043003,-0.9083497905143537,-0.16298488485308327,-1.3046699908599295,-0.859749037274094,-0.48205328198438235,0.44460142061669883,1.1051095965067754,-1.2126110211932501,1.5003488148601851,-0.3670770836606983,-0.8186953190947202
-0.17935652070179586,-0.6525463516166922,1.3954203730765178,1.3954203730765176,-0.9591025491229083,-1.4594186197985801,-0.9083497905143537,-0.6750807673414829,-1.3046699908599295,-0.5520768893966107,-0.48205328198438235,-0.6713294381990715,-0.13157382889875557,-1.0053542736674215,-1.394361297221414,1.3596464266010555,0.6520824719662904
1.5301472577810225,0.3610426290038349,-1.2646182929415224,-1.2646182929415224,-0.29671901920368005,0.1215927676335995,0.20209681451637745,0.23422754085689548,0.12013938270035009,0.6786117021133227,-0.48205328198438235,-0.6713294381990715,-0.9560294458357763,0.2381862114875508,-1.3993095196352288,-0.9521767564069609,-0.8186953190947202
0.33349461284304954,0.911025488397854,-1.2646182929415224,-1.2646182929415224,1.2430482195450232,1.1070001902283506,0.8961259426605844,0.8331736116944044,1.2190147058053171,0.3709395542358393,1.4128092602512243,-0.11336400879118629,-0.9560294458357763,-0.2799556573270208,-1.3399308506694525,-1.0737864710114289,-0.8186953190947202
-0.008406142853514067,0.11036854428871863,-1.2646182929415224,-1.2646182929415224,-0.6077831078397816,-0.12334821435428431,-0.353126487998988,-0.6750807673414829,-0.4057153639132397,0.3709395542358393,-0.48205328198438235,-1.5082775823108991,-1.3682572543042866,0.7908708715564273,0.21381098726836345,-0.7713565969387493,-0.8186953190947202
-0.35030689855007774,-0.9342262455523364,0.06540104006749757,0.06540104006749754,-0.9682514929063231,-1.1451227266922521,-1.1859614417720366,-1.3968393760212348,-1.3046699908599295,-0.859749037274094,-0.48205328198438235,-0.11336400879118629,1.1051095965067754,-1.6616673074992123,0.9313032372714952,0.10695703388637642,-0.8186953190947202
-0.6067324653225005,-1.5132561496398549,-1.2646182929415224,-1.2646182929415224,-0.7889321947513939,-0.3440881712848,-0.7695439648855122,-0.6750807673414829,-0.4057153639132397,-0.5520768893966107,-0.48205328198438235,-0.11336400879118629,0.6928817880382651,-0.7635547348872878,0.6937885614083892,-0.5087474534096523,-0.8186953190947202
-0.35030689855007774,-0.8070976502737155,0.06540104006749757,0.06540104006749754,-0.895059942639005,-0.9803096467139546,-0.7695439648855122,-0.16298488485308327,-0.4057153639132397,-0.859749037274094,-0.48205328198438235,0.1656187059127562,0.6928817880382651,0.9635848278279513,-1.7011510868779256,1.0244204544307594,0.6520824719662904
-0.43578208747421865,-1.1186367595604074,0.06540104006749757,0.06540104006749754,-0.9243365627459323,-0.854868063209177,-1.0471556161431952,-0.6750807673414829,-1.3046699908599295,-0.859749037274094,-0.48205328198438235,0.1656187059127562,1.1051095965067754,1.309012740370999,0.015882090715775447,-0.17352148123935618,-0.8186953190947202
1.3591968799327403,0.6043116283118912,2.7254397060855378,2.7254397060855378,1.3647291718644394,1.235970483820686,0.7573201170317431,1.79262821499482,0.49323926303345,-0.5520768893966107,-0.48205328198438235,2.397480423544297,0.6928817880382651,1.1017559928451703,0.6344098924426131,0.8308648520094181,2.122860263027301
0.24801942391890863,-0.8738389684263774,0.06540104006749757,0.06540104006749754,-0.9096982526924687,-0.7175861916225864,-1.0471556161431952,-1.3968393760212348,-0.4057153639132397,-0.859749037274094,-0.48205328198438235,-0.9503121529030141,-0.13157382889875557,0.06547225521602688,-1.725892198946999,-0.17352148123935618,-0.8186953190947202
-0.7776828431707824,-1.6486975504722077,0.06540104006749757,0.06540104006749754,-0.9334855065293469,-0.9491325325088948,-1.0471556161431952,-0.6750807673414829,-0.4057153639132397,-1.1674211851515772,-0.48205328198438235,0.1656187059127562,1.1051095965067754,1.0326704103365607,1.2331448045141915,0.885612309053981,0.041654535569467
0.16254423499476775,0.21332311881913132,0.06540104006749757,0.06540104006749754,0.24489845277447345,0.47666858526279715,0.7573201170317431,0.5587737238266683,0.7826380134765774,0.986283849990806,-0.48205328198438235,-0.11336400879118629,-0.5438016373672659,-1.3162393949561644,0.4612221079590982,-0.3670770836606983,0.6520824719662904
-0.7776828431707824,-1.1087473874361404,0.06540104006749757,0.06540104006749754,-0.8676131112887607,-0.6038915451458888,-0.9083497905143537,-0.6750807673414829,0.12013938270035009,-1.1674211851515772,1.4128092602512243,-0.11336400879118629,0.6928817880382651,0.1691006289789413,-0.2067879179058861,-0.3670770836606983,-0.8186953190947202
-1.5469595434880503,-1.758913886175995,0.06540104006749757,0.06540104006749754,-0.8932301538823221,-0.5794498619416778,-1.0471556161431952,-0.6750807673414829,-0.4057153639132397,-1.1674211851515772,-0.48205328198438235,0.44460142061669883,1.5173374049752855,1.5162694878968277,0.8026494545123128,0.885612309053981,0.041654535569467
0.9318209353120359,-0.9402936381116692,0.06540104006749757,0.06540104006749754,-0.9993579017699331,-1.7660856969309724,-1.1859614417720366,-1.3968393760212348,-1.3046699908599295,-0.859749037274094,-0.48205328198438235,-1.2292948676069566,-0.5438016373672659,-1.696210098753517,-0.10782346962959206,0.10695703388637642,-0.8186953190947202
0.41896980176719045,0.7864289545810018,0.06540104006749757,0.06540104006749754,1.1762609299260955,0.6451903102787607,2.0065725476913157,1.637741372355351,1.3921938899801396,1.2939559978682893,-0.48205328198438235,1.8395149941364122,0.28065397956975463,0.1691006289789413,1.228196582100377,-0.25887375283368547,1.5124323266304773
-0.17935652070179586,1.083683415243753,-1.2646182929415224,-1.2646182929415224,1.2220056488431692,0.9741776128407138,1.1737375939182673,1.2805323325064204,1.54494875626063,-0.2444047415191273,1.4128092602512243,0.44460142061669883,-0.9560294458357763,-0.9708114824131165,0.05546787002629295,-1.1065825691090452,-0.8186953190947202
-0.17935652070179586,1.9035935814112437,-1.2646182929415224,-1.2646182929415224,1.5833889282880522,1.2761302672145278,0.8961259426605844,1.2805323325064204,1.2190147058053171,-0.2444047415191273,-0.48205328198438235,0.44460142061669883,-0.9560294458357763,0.3072717939961604,0.8620281234780893,-1.0737864710114289,-0.8186953190947202
-0.008406142853514067,0.8045355827698771,-1.2646182929415224,-1.2646182929415224,0.9566862791241415,1.231514649855153,0.3409026401452189,0.23422754085689548,0.7826380134765774,0.3709395542358393,-0.48205328198438235,-0.9503121529030141,-1.3682572543042866,-1.5925817249906027,-1.730840421360814,-0.9827815709567269,-0.8186953190947202
-0.6922076542466414,-0.993658027787062,0.06540104006749757,0.06540104006749754,-0.9389748727993958,-0.7546787393270177,-1.1859614417720366,-1.3968393760212348,-1.3046699908599295,-0.859749037274094,-0.48205328198438235,-0.11336400879118629,1.1051095965067754,1.7235262354226564,0.8372870114090157,0.10695703388637642,-0.8186953190947202
-0.35030689855007774,1.3251847490030269,-1.2646182929415224,-1.2646182929415224,1.3089206147856094,1.2073798207133297,0.7573201170317431,0.5587737238266683,1.2190147058053171,0.3709395542358393,1.4128092602512243,-0.6713294381990715,-1.3682572543042866,0.7217852890478178,-1.513118635152967,-1.0547274587736002,-0.8186953190947202
-0.9486332210190641,-1.136265640303666,-1.2646182929415224,-1.2646182929415224,-0.46688937357519444,0.0989450740881718,-0.2143206623701467,0.5587737238266683,-0.4057153639132397,-0.2444047415191273,-0.48205328198438235,1.0025668500245841,1.1051095965067754,0.5490713327762939,1.5597274838259618,-0.2784207631899799,0.041654535569467
0.9318209353120359,-0.6937281814288573,1.3954203730765178,1.3954203730765176,-0.9261663515026151,-1.2521450742960878,-0.7695439648855122,-0.16298488485308327,-1.3046699908599295,-0.5520768893966107,-0.48205328198438235,-0.6713294381990715,-0.5438016373672659,-0.1763272835641065,-1.1420019541168647,1.6792747314460454,1.1255671642452045
-0.26483170962593683,-0.2595035281077802,1.3954203730765178,1.3954203730765176,-0.8712726888021266,-0.6288270329847911,-0.9083497905143537,-0.6750807673414829,-1.3046699908599295,-0.5520768893966107,-0.48205328198438235,-0.11336400879118629,0.6928817880382651,-1.4889533512276882,-0.34533814549269765,1.3596464266010555,0.6520824719662904
-0.17935652070179586,-0.703665328297686,0.06540104006749757,0.06540104006749754,-0.9078684639357857,-0.7014517832074724,-1.0471556161431952,-1.3968393760212348,0.12013938270035009,-1.1674211851515772,1.4128092602512243,-0.6713294381990715,0.28065397956975463,-1.385324977464774,-1.3003450713589348,-0.17352148123935618,-0.8186953190947202
1.3591968799327403,-0.19835185506883438,0.06540104006749757,0.06540104006749754,0.15889838121037475,0.46206173232477826,0.6185142914029016,0.8331736116944044,0.49323926303345,0.6786117021133227,-0.48205328198438235,0.44460142061669883,-0.13157382889875557,1.5853550704054373,0.20886276485454877,0.025645203164760117,1.1255671642452045
0.846345746387895,0.4455083773888788,0.06540104006749757,0.06540104006749754,0.08113235905134936,0.4542887152332188,0.4797084657740603,0.5587737238266683,1.0190940096470398,0.06326740635835588,1.4128092602512243,-0.3923467234951289,-0.9560294458357763,0.7217852890478178,-1.4191024092904878,-0.6169507842366649,0.041654535569467
1.2737216910085998,-0.6142310064782277,1.3954203730765178,1.3954203730765176,-0.9408046615560787,-1.0300969405945168,-1.0471556161431952,-0.6750807673414829,-1.3046699908599295,-0.859749037274094,-0.48205328198438235,0.1656187059127562,1.1051095965067754,1.4817266966425229,1.2331448045141915,1.8030757295983642,0.6520824719662904
-1.8888602991846144,-2.0938148455533465,-1.2646182929415224,-1.2646182929415224,-0.7139108557273929,2.3262220298943888,-1.6023789186585606,-2.6306938671893865,-0.4057153639132397,-1.782765480906544,-0.48205328198438235,2.67646313824824,5.6396154896603905,0.4454429590133795,1.460763035549668,17.62360717161721,3.593638054088312
0.5899201796154723,1.1573998461024193,-1.2646182929415224,-1.2646182929415224,0.7160690576203335,1.2493691979930175,0.06329098888753605,0.23422754085689548,1.0190940096470398,-0.5520768893966107,1.4128092602512243,-0.9503121529030141,-1.3682572543042866,1.2399271578623894,-1.567549081704929,-0.9170320787253607,-0.8186953190947202
-1.4614843545639096,-0.8182291657565861,0.06540104006749757,0.06540104006749754,-0.9737408591763719,-1.2343855640425856,-1.1859614417720366,-1.3968393760212348,-0.4057153639132397,-1.1674211851515772,-0.48205328198438235,-0.6713294381990715,0.28065397956975463,-1.6271245162449075,-0.09792702480196257,0.10695703388637642,-0.8186953190947202
0.33349461284304954,-0.8927577672728013,0.06540104006749757,0.06540104006749754,-0.816379026101638,-0.4798583896904605,-0.7695439648855122,-0.6750807673414829,-0.4057153639132397,-0.5520768893966107,-0.48205328198438235,-0.11336400879118629,0.6928817880382651,-1.696210098753517,1.3370574752043003,1.0244204544307594,0.6520824719662904
0.24801942391890863,-0.8728356987905822,0.06540104006749757,0.06540104006749754,-0.816379026101638,-0.2992008730281959,-0.9083497905143537,-0.6750807673414829,-1.3046699908599295,-0.5520768893966107,-0.48205328198438235,-0.9503121529030141,-0.5438016373672659,1.4471839053882183,-0.3799757023894007,-0.3670770836606983,-0.8186953190947202
0.7608705574637541,1.203072501903382,0.06540104006749757,0.06540104006749754,0.9008777220453115,0.5306563185829198,1.8677667220624738,1.070869606315068,1.3921938899801396,1.909300293623256,-0.48205328198438235,0.1656187059127562,-0.9560294458357763,-1.5925817249906027,-0.4690437058380652,-1.1669057793013276,-0.8186953190947202
-1.2905339767156276,-0.7958705853017215,0.06540104006749757,0.06540104006749754,-0.24091046212485004,0.3928898810393083,-0.07551483674130527,0.8331736116944044,-0.4057153639132397,-0.2444047415191273,-0.48205328198438235,1.2815495647285267,1.1051095965067754,0.6526997065392083,1.1836625803760443,1.3596464266010555,1.8395221608324077
0.24801942391890863,-0.3499888943075954,0.06540104006749757,0.06540104006749754,0.22477077645096097,0.39267260004799825,0.8961259426605844,0.8331736116944044,0.12013938270035009,1.6016281457457726,1.4128092602512243,0.44460142061669883,-0.13157382889875557,1.6889834441683516,0.025778535543404747,0.4593814368289823,1.8395221608324077
0.33349461284304954,0.911025488397854,-1.2646182929415224,-1.2646182929415224,1.2430482195450232,1.1070001902283506,0.8961259426605844,0.8331736116944044,1.2190147058053171,0.3709395542358393,1.4128092602512243,-0.11336400879118629,-0.9560294458357763,-0.2799556573270208,-1.3399308506694525,-1.0737864710114289,-0.8186953190947202
0.24801942391890863,-1.1031577423224244,1.3954203730765178,1.3954203730765176,-1.0176557893367628,-2.089912638695277,-1.324767267400878,-1.3968393760212348,-1.3046699908599295,-1.1674211851515772,1.4128092602512243,-0.11336400879118629,1.1051095965067754,-1.1435254386846405,-1.6318759730845198,0.5503863368836848,-0.8186953190947202
1.7010976356293042,0.8237888048282328,-1.2646182929415224,-1.2646182929415224,2.7096239080264084,1.426828765351872,1.5901550708047913,1.070869606315068,1.54494875626063,0.986283849990806,-0.48205328198438235,0.7235841353206415,-0.13157382889875557,1.1362987840994752,0.7135814510636482,-1.1457323588283026,-0.8186953190947202
-0.09388133177765497,-1.2371659008179268,1.3954203730765178,1.3954203730765176,-0.9371450840427129,-0.9889509749023734,-1.0471556161431952,-1.3968393760212348,0.12013938270035009,-1.1674211851515772,-0.48205328198438235,-0.6713294381990715,0.28065397956975463,-1.6616673074992123,0.7234778958912774,0.885612309053981,0.041654535569467
-1.205058787791487,-1.1826549172730538,0.06540104006749757,0.06540104006749754,-0.9719110704196889,-1.2039083447629704,-1.1859614417720366,-1.3968393760212348,-1.3046699908599295,-0.859749037274094,-0.48205328198438235,-0.3923467234951289,0.6928817880382651,0.5145285415219891,0.4760667752005426,0.10695703388637642,-0.8186953190947202
-1.3760091656397686,0.8953553721816241,-1.2646182929415224,-1.2646182929415224,0.7316222620521385,0.7371860260619099,1.034931768289426,-0.16298488485308327,1.0190940096470398,1.909300293623256,-0.48205328198438235,-1.2292948676069566,-1.3682572543042866,0.6526997065392083,1.376643254514818,-1.0909849017837394,-0.8186953190947202
-0.43578208747421865,-0.4442006905832213,0.06540104006749757,0.06540104006749754,-0.5455702901125613,-0.07680044820548511,-0.2143206623701467,0.8331736116944044,-0.4057153639132397,-0.5520768893966107,-0.48205328198438235,1.2815495647285267,1.1051095965067754,1.6889834441683516,1.5597274838259618,0.7047921495857696,1.1255671642452045
1.5301472577810225,0.06961668717760863,-1.2646182929415224,-1.2646182929415224,-0.5309319800590977,-0.042152147268988506,-0.2143206623701467,0.5587737238266683,-0.4057153639132397,-0.2444047415191273,-0.48205328198438235,0.7235841353206415,0.6928817880382651,-0.5908407786157639,-0.1474092489401096,-0.8283757582546424,-0.8186953190947202
1.4446720688568817,0.97332375530628,-1.2646182929415224,-1.2646182929415224,1.2476226914367303,0.9878484055668914,1.1737375939182673,0.8331736116944044,1.3921938899801396,0.6786117021133227,-0.48205328198438235,-0.11336400879118629,-0.9560294458357763,1.309012740370999,1.1143874665826388,-1.1065825691090452,-0.8186953190947202
-1.5469595434880503,0.7524611111976499,-1.2646182929415224,-1.2646182929415224,0.5605370133022826,0.884364628184432,0.4797084657740603,-0.6750807673414829,1.54494875626063,0.06326740635835588,-0.48205328198438235,-1.7872602970148417,-1.7804850627727968,1.2053843666080846,0.5008078872696163,-1.009673071062123,-0.8186953190947202
1.7010976356293042,0.52505332708407,1.3954203730765178,1.3954203730765176,1.1158779009555582,1.17255770143056,0.6185142914029016,-0.16298488485308327,0.7826380134765774,1.2939559978682893,1.4128092602512243,0.44460142061669883,1.1051095965067754,-1.5925817249906027,1.3964361441700768,2.0022424140024806,2.9832101176914887
0.9318209353120359,0.6373717515485714,1.3954203730765178,1.3954203730765176,0.9393032859356535,0.6508476644695184,1.5901550708047913,1.070869606315068,1.2190147058053171,1.6016281457457726,1.4128092602512243,0.7235841353206415,-0.13157382889875557,-0.5217551961071544,-0.07318591273288917,-0.8762558788893728,0.041654535569467
-1.5469595434880503,-0.470811223304075,-1.2646182929415224,-1.2646182929415224,0.15157922618364295,0.38599067544025617,0.7573201170317431,0.5587737238266683,0.12013938270035009,1.6016281457457726,-0.48205328198438235,0.1656187059127562,-0.13157382889875557,-0.9017258999045069,0.8966656803747922,-0.7023030558309941,0.041654535569467
-0.35030689855007774,-0.7641481549127683,1.3954203730765178,1.3954203730765176,-0.9499536053394935,-0.8870481082377739,-1.1859614417720366,-1.3968393760212348,-0.4057153639132397,-1.1674211851515772,1.4128092602512243,-0.9503121529030141,-0.13157382889875557,-0.4181268223442399,-1.54775619204967,1.3596464266010555,0.041654535569467
0.41896980176719045,0.6531374172539246,0.06540104006749757,0.06540104006749754,-0.11374014353538485,0.2251247196059993,0.4797084657740603,0.23422754085689548,0.7826380134765774,0.6786117021133227,-0.48205328198438235,-0.9503121529030141,-1.3682572543042866,-0.9362686911588117,-1.3597237403247113,-1.009673071062123,-0.8186953190947202
0.6753953685396131,-1.6718683015846203,1.3954203730765178,1.3954203730765176,-0.9700812816630059,-1.4205409279597514,-1.0471556161431952,-1.3968393760212348,-0.4057153639132397,-0.859749037274094,-0.48205328198438235,-0.3923467234951289,0.6928817880382651,-1.039897064921726,1.4904523700325565,1.8030757295983642,0.6520824719662904
-1.974335488108755,1.5131783688532237,-1.2646182929415224,-1.2646182929415224,1.6282187528267844,1.1183324963924663,1.3125434195471086,0.23422754085689548,1.8052020693197453,0.6786117021133227,2.521232791480213,-1.2292948676069566,-1.7804850627727968,-1.4544105599733836,-1.4586881886010052,-1.1207930591923674,-0.8186953190947202
0.33349461284304954,0.5886415120956614,0.06540104006749757,0.06540104006749754,2.196368161776841,1.1976877642777939,1.7289608964336327,1.2805323325064204,1.6815926404232675,0.6786117021133227,-0.48205328198438235,1.2815495647285267,0.28065397956975463,0.10001504647033169,1.688381266585144,0.4813327957759298,2.372782181294665
1.1027713131603178,-1.411782592190854,-1.2646182929415224,-1.2646182929415224,-1.0066770567966652,-1.674616845288383,-1.324767267400878,-1.3968393760212348,-1.3046699908599295,-1.1674211851515772,-0.48205328198438235,-0.11336400879118629,1.1051095965067754,1.4471839053882183,1.6834330441713294,0.5503863368836848,-0.8186953190947202
-0.7776828431707824,0.7246562098627543,-1.2646182929415224,-1.2646182929415224,0.6181753591377955,0.48868423668657796,1.45134924517595,-0.16298488485308327,1.3921938899801396,2.2169724415007392,-0.48205328198438235,-1.2292948676069566,-1.3682572543042866,1.5162694878968277,-1.1716912885997528,-1.1337935730163102,-0.8186953190947202
-0.17935652070179586,-0.905943596771824,0.06540104006749757,0.06540104006749754,-0.9554429716095423,-1.411009879301774,-0.9083497905143537,-0.16298488485308327,-1.3046699908599295,-0.859749037274094,-0.48205328198438235,0.44460142061669883,1.1051095965067754,0.9981276190822559,-1.5774455265325582,0.5503863368836848,0.041654535569467
0.24801942391890863,0.9009450172953404,0.06540104006749757,0.06540104006749754,1.4864101241838557,1.230251193357796,0.8961259426605844,0.5587737238266683,1.2190147058053171,0.6786117021133227,-0.48205328198438235,-0.3923467234951289,-0.9560294458357763,-0.9017258999045069,1.0846981320997506,0.4593814368289823,1.8395221608324077
1.1882465020844588,0.3855510729639749,0.06540104006749757,0.06540104006749754,0.36200493320218236,0.4548777224827394,1.034931768289426,1.4680820320250476,0.12013938270035009,0.986283849990806,-0.48205328198438235,1.5605322794324692,0.28065397956975463,1.1708415753537798,1.0995427993411948,-0.4659387821770814,0.6520824719662904
1.3591968799327403,-0.579642091415574,0.06540104006749757,0.06540104006749754,-0.9536131828528595,-1.1859768235457797,-1.0471556161431952,-0.6750807673414829,-1.3046699908599295,-0.859749037274094,-0.48205328198438235,-0.6713294381990715,-0.13157382889875557,1.4817266966425229,-1.1321055092892351,0.885612309053981,0.041654535569467
0.9318209353120359,-0.2505696508747467,-1.2646182929415224,-1.2646182929415224,-0.18510190504601995,0.37787469925448647,0.06329098888753605,0.8331736116944044,-0.4057153639132397,0.06326740635835588,-0.48205328198438235,0.7235841353206415,0.28065397956975463,-1.5580389337362979,-0.038548355836186265,-0.9170320787253607,-0.8186953190947202
0.6753953685396131,1.7434048628959424,-1.2646182929415224,-1.2646182929415224,2.550432286194992,1.5964551894869035,1.034931768289426,0.23422754085689548,1.3921938899801396,0.986283849990806,1.4128092602512243,-1.2292948676069566,-1.7804850627727968,-0.5908407786157639,0.03567498037103415,-1.0909849017837394,-0.8186953190947202
-1.034108409943205,1.6872217632914108,-1.2646182929415224,-1.2646182929415224,1.3354525517575122,0.871593456628786,1.5901550708047913,0.8331736116944044,1.3921938899801396,1.6016281457457726,2.521232791480213,-0.3923467234951289,-1.3682572543042866,-0.7635547348872878,0.34741299244136037,-1.1457323588283026,-0.8186953190947202
-0.6067324653225005,-1.1918754429734577,1.3954203730765178,1.3954203730765176,-0.9993579017699331,-1.7660856969309724,-1.1859614417720366,-1.3968393760212348,-1.3046699908599295,-0.859749037274094,-0.48205328198438235,-0.3923467234951289,0.6928817880382651,-1.3507821862104692,-0.2018396954920714,1.3596464266010555,0.041654535569467
0.07706904607062683,-0.08794442038680007,0.06540104006749757,0.06540104006749754,-0.31501690677050953,0.180304783947061,0.06329098888753605,0.23422754085689548,-0.4057153639132397,0.6786117021133227,-0.48205328198438235,-0.11336400879118629,-0.13157382889875557,-1.385324977464774,-0.9688141696333499,-0.44299796117828627,0.041654535569467
-0.7776828431707824,-0.5179171214418881,0.06540104006749757,0.06540104006749754,-1.003017479283299,-1.5623335936686813,-1.324767267400878,-1.3968393760212348,-1.3046699908599295,-1.1674211851515772,-0.48205328198438235,-0.3923467234951289,0.6928817880382651,0.5490713327762939,0.3919469941656925,0.5503863368836848,-0.8186953190947202
0.33349461284304954,0.689828421077292,-1.2646182929415224,-1.2646182929415224,0.6602605005415034,1.3075225303872666,-0.07551483674130527,0.23422754085689548,0.49323926303345,-0.2444047415191273,-0.48205328198438235,-0.9503121529030141,-1.3682572543042866,0.6526997065392083,-1.2360181799793437,-0.8762558788893728,-0.8186953190947202
-0.17935652070179586,-0.723300748312535,0.06540104006749757,0.06540104006749754,-0.38637866828114464,0.05661646740368899,0.06329098888753605,1.070869606315068,0.12013938270035009,-0.5520768893966107,-0.48205328198438235,1.8395149941364122,1.5173374049752855,-1.1435254386846405,1.163869690720786,1.1811748467168282,1.8395221608324077
1.1027713131603178,1.3186396089980772,-1.2646182929415224,-1.2646182929415224,1.5202612161824904,1.5347397393728437,0.3409026401452189,0.5587737238266683,1.2190147058053171,-0.5520768893966107,-0.48205328198438235,-0.3923467234951289,-0.9560294458357763,-1.2816966037018593,1.5943650407226648,-0.9827815709567269,-0.8186953190947202
-1.119583598867346,-0.5434766097823849,0.06540104006749757,0.06540104006749754,-1.012166423066714,-1.864879582939283,-1.324767267400878,-2.6306938671893865,-1.3046699908599295,-0.859749037274094,-0.48205328198438235,-1.5082775823108991,-0.5438016373672659,1.5853550704054373,-0.1869950282506273,0.5503863368836848,-0.8186953190947202
-0.09388133177765497,1.1222376341050255,-1.2646182929415224,-1.2646182929415224,2.2439426694505973,1.5501030441887669,0.8961259426605844,0.5587737238266683,1.54494875626063,0.06326740635835588,1.4128092602512243,-0.3923467234951289,-0.9560294458357763,-1.1435254386846405,0.7828565648570539,-1.0737864710114289,-0.8186953190947202
-0.6922076542466414,0.11361722691891263,0.06540104006749757,0.06540104006749754,0.7270477901604312,0.6189232526583412,1.3125434195471086,1.79262821499482,1.2190147058053171,-0.2444047415191273,-0.48205328198438235,2.67646313824824,1.1051095965067754,-0.10724170105549691,0.7729601200294246,-0.2784207631899799,1.1255671642452045
-0.09388133177765497,-1.3229693420506976,1.3954203730765178,1.3954203730765176,-1.008506845553348,-2.02969266291758,-1.1859614417720366,-1.3968393760212348,-1.3046699908599295,-0.859749037274094,-0.48205328198438235,-1.2292948676069566,-0.5438016373672659,-1.5925817249906027,-0.4640954834242506,1.3596464266010555,0.041654535569467
0.9318209353120359,1.557704430784706,-1.2646182929415224,-1.2646182929415224,-0.08263373467177475,-0.11471218991515511,1.3125434195471086,1.4680820320250476,1.6815926404232675,-0.5520768893966107,3.917681290782164,1.2815495647285267,-0.13157382889875557,1.0672132015908653,0.92635501485768,-1.4262108739540353,-2.2894731101557304
-1.205058787791487,-0.3859632769625377,0.06540104006749757,0.06540104006749754,-0.9975281130132503,-1.411009879301774,-1.324767267400878,-1.3968393760212348,-1.3046699908599295,-1.1674211851515772,-0.48205328198438235,-0.6713294381990715,0.28065397956975463,0.9635848278279513,-1.4685846334286348,0.5503863368836848,-0.8186953190947202
0.9318209353120359,0.9476687174766598,-1.2646182929415224,-1.2646182929415224,0.8331755380480423,1.0753201891305075,0.4797084657740603,0.23422754085689548,1.3921938899801396,-0.2444047415191273,-0.48205328198438235,-0.9503121529030141,-1.3682572543042866,-1.696210098753517,-1.2360181799793437,-1.009673071062123,-0.8186953190947202
-0.35030689855007774,1.6238246772580662,-1.2646182929415224,-1.2646182929415224,1.992346715406692,1.4527829072128016,0.8961259426605844,0.8331736116944044,1.2190147058053171,0.3709395542358393,1.4128092602512243,-0.3923467234951289,-1.3682572543042866,0.4454429590133795,-1.597238416187817,-1.0737864710114289,-0.8186953190947202
-0.43578208747421865,-0.6050582555223858,0.06540104006749757,0.06540104006749754,-0.7962513497781256,-0.3788584893898945,-0.7695439648855122,-0.6750807673414829,-0.4057153639132397,-0.5520768893966107,-0.48205328198438235,-0.6713294381990715,-0.13157382889875557,1.4471839053882183,-1.433947076531932,0.3005126363077183,0.041654535569467
0.846345746387895,0.9321897002386766,-1.2646182929415224,-1.2646182929415224,0.38213260952569483,0.7412394440496218,0.4797084657740603,0.23422754085689548,1.0190940096470398,0.3709395542358393,-0.48205328198438235,-0.9503121529030141,-1.3682572543042866,-0.8671831086502021,-0.2166843627335156,-1.009673071062123,-0.8186953190947202
-0.26483170962593683,-0.6342963991941318,1.3954203730765178,1.3954203730765176,-0.9060386751791026,-0.8948352928571244,-0.9083497905143537,-0.16298488485308327,-1.3046699908599295,-0.859749037274094,-0.48205328198438235,0.44460142061669883,1.1051095965067754,-1.6271245162449075,0.09010542692299586,1.3596464266010555,0.6520824719662904
0.33349461284304954,0.257084784837627,1.3954203730765178,1.3954203730765176,-0.8182088148583211,-0.4894636106790957,-0.7695439648855122,-0.6750807673414829,-0.4057153639132397,-0.5520768893966107,-0.48205328198438235,-1.2292948676069566,-0.9560294458357763,-0.9362686911588117,-1.2112770679102705,1.0244204544307594,0.6520824719662904
-0.8631580320949233,0.4763230876311601,0.06540104006749757,0.06540104006749754,-0.26378282158338684,0.1733876959002566,0.20209681451637745,0.23422754085689548,0.12013938270035009,0.6786117021133227,-0.48205328198438235,-0.3923467234951289,-0.5438016373672659,0.2381862114875508,-0.1375128041124803,-0.9521767564069609,-0.8186953190947202
0.9318209353120359,1.3352174453609789,0.06540104006749757,0.06540104006749754,0.5486433863838435,1.2248005915877131,-0.07551483674130527,0.23422754085689548,0.49323926303345,-0.2444047415191273,-0.48205328198438235,-1.2292948676069566,-1.7804850627727968,0.1691006289789413,-1.6170313058430759,-0.8762558788893728,-0.8186953190947202
-1.4614843545639096,1.3881040875907549,-1.2646182929415224,-1.2646182929415224,0.34370704563535287,0.8697247739585154,0.20209681451637745,-0.16298488485308327,0.49323926303345,0.6786117021133227,-0.48205328198438235,-1.5082775823108991,-1.7804850627727968,0.7563280803021226,1.2479894717556357,-0.9521767564069609,-0.8186953190947202
-1.119583598867346,-1.1592452924378325,0.06540104006749757,0.06540104006749754,-1.0176557893367628,-2.089912638695277,-1.324767267400878,-1.3968393760212348,-1.3046699908599295,-1.1674211851515772,-0.48205328198438235,-0.3923467234951289,0.6928817880382651,-0.3835840310899352,0.3869987717518778,0.5503863368836848,-0.8186953190947202
-0.8631580320949233,0.23506062759469412,0.06540104006749757,0.06540104006749754,0.674898810594967,0.5291984136213937,1.45134924517595,0.5587737238266683,1.54494875626063,1.2939559978682893,-0.48205328198438235,0.1656187059127562,-0.13157382889875557,0.4454429590133795,0.9362514596853098,-0.8533150578905775,0.041654535569467
-0.5212572763983596,1.5275585669662883,-1.2646182929415224,-1.2646182929415224,1.9548360458946912,1.57338276781664,0.6185142914029016,0.23422754085689548,1.3921938899801396,0.06326740635835588,3.3076718024868312,-1.2292948676069566,-1.7804850627727968,0.9981276190822559,-0.4443025937689916,-1.4262108739540353,-2.2894731101557304
-0.8631580320949233,0.11251840779399412,0.06540104006749757,0.06540104006749754,-0.36808078071431505,0.1850736823436612,-0.07551483674130527,0.23422754085689548,-0.4057153639132397,0.3709395542358393,-0.48205328198438235,-0.11336400879118629,-0.13157382889875557,-1.074439856176031,0.253396766578881,-0.3670770836606983,0.041654535569467
-1.4614843545639096,-0.6376406313134492,0.06540104006749757,0.06540104006749754,-0.22901683520641083,0.2258001038460783,0.20209681451637745,1.070869606315068,0.12013938270035009,-0.2444047415191273,-0.48205328198438235,1.5605322794324692,1.1051095965067754,1.5853550704054373,-0.11277169204340666,1.0244204544307594,1.8395221608324077
-0.09388133177765497,0.06364484410739912,0.06540104006749757,0.06540104006749754,-0.5510596563826102,-0.09004849669722431,-0.2143206623701467,0.23422754085689548,-0.4057153639132397,0.06326740635835588,-0.48205328198438235,-0.11336400879118629,-0.13157382889875557,0.5836141240305986,-0.5333705972176563,-0.2784207631899799,0.041654535569467
-0.26483170962593683,-1.0430093389192736,0.06540104006749757,0.06540104006749754,-0.9279961402592981,-0.8917145208583727,-1.0471556161431952,-0.6750807673414829,-1.3046699908599295,-0.859749037274094,-0.48205328198438235,0.1656187059127562,1.1051095965067754,-0.729011943632983,-1.270655736876047,-0.17352148123935618,-0.8186953190947202
0.7608705574637541,1.155679955298199,-1.2646182929415224,-1.2646182929415224,1.3592398055943906,1.1050007488149527,1.034931768289426,0.23422754085689548,1.0190940096470398,1.6016281457457726,1.4128092602512243,-0.9503121529030141,-1.3682572543042866,0.9981276190822559,-0.6323350454939504,-1.0909849017837394,-0.8186953190947202
1.4446720688568817,-0.04704923904200507,0.06540104006749757,0.06540104006749754,-0.9243365627459323,-0.854868063209177,-1.0471556161431952,-0.6750807673414829,-1.3046699908599295,-0.859749037274094,-0.48205328198438235,-0.6713294381990715,-0.13157382889875557,-1.247153812447555,-1.7011510868779256,-0.17352148123935618,-0.8186953190947202
-0.09388133177765497,-1.7456802819324106,-1.2646182929415224,-1.2646182929415224,-0.9225067739892493,-1.0441228263916857,-0.9083497905143537,-0.6750807673414829,-1.3046699908599295,-0.5520768893966107,-0.48205328198438235,-0.6713294381990715,-0.13157382889875557,-0.7635547348872878,-0.11771991445722156,0.5503863368836848,0.041654535569467
-0.43578208747421865,0.6501276083465389,0.06540104006749757,0.06540104006749754,-0.01127197316113964,0.2782107736017463,0.6185142914029016,0.8331736116944044,0.12013938270035009,0.986283849990806,1.4128092602512243,0.44460142061669883,-0.13157382889875557,-1.108982647430336,-1.0083999489438678,-0.662005171948142,0.041654535569467
0.33349461284304954,0.6987145235657639,1.3954203730765178,1.3954203730765176,-0.46871916233187744,-0.008449994239603804,-0.07551483674130527,0.23422754085689548,-0.4057153639132397,0.3709395542358393,-0.48205328198438235,-0.3923467234951289,-0.5438016373672659,0.7563280803021226,-1.6071348610154463,1.731129841781491,2.122860263027301
1.2737216910085998,1.1904599693390994,-1.2646182929415224,-1.2646182929415224,1.075622548308533,1.3020012605504006,0.3409026401452189,-0.6750807673414829,0.12013938270035009,1.6016281457457726,-0.48205328198438235,-1.7872602970148417,-1.7804850627727968,1.0326704103365607,0.669047449339316,-0.9827815709567269,-0.8186953190947202
-1.205058787791487,1.425750586305356,-1.2646182929415224,-1.2646182929415224,0.8359202211830667,1.1555713446562996,0.3409026401452189,1.2805323325064204,0.12013938270035009,-0.2444047415191273,1.4128092602512243,1.0025668500245841,-0.13157382889875557,-1.6616673074992123,0.6492545596840571,-0.9827815709567269,-0.8186953190947202
-0.35030689855007774,0.12474874240178323,1.3954203730765178,1.3954203730765176,-1.010336634310031,-1.7981463220312721,-1.324767267400878,-1.3968393760212348,-1.3046699908599295,-1.1674211851515772,-0.48205328198438235,-0.9503121529030141,-0.13157382889875557,0.9981276190822559,-1.057882173082015,0.5503863368836848,-0.8186953190947202
0.7608705574637541,2.2416954486742275,-1.2646182929415224,-1.2646182929415224,2.2805384445842565,1.563640494599351,0.8961259426605844,0.23422754085689548,1.2190147058053171,0.986283849990806,1.4128092602512243,-1.2292948676069566,-1.7804850627727968,-0.9017258999045069,-1.0974679523925324,-1.4262108739540353,-2.2894731101557304
-1.2905339767156276,-1.7001031756205711,0.06540104006749757,0.06540104006749754,-0.9591025491229083,-1.4594186197985801,-0.9083497905143537,-0.16298488485308327,-1.3046699908599295,-0.859749037274094,-0.48205328198438235,0.44460142061669883,1.1051095965067754,0.8944992453193417,-0.25132191963021844,1.3596464266010555,0.6520824719662904
-0.17935652070179586,0.9537838847805544,0.06540104006749757,0.06540104006749754,1.7645380151996644,2.0257116187170574,-0.2143206623701467,-0.16298488485308327,0.49323926303345,-0.2444047415191273,2.521232791480213,-0.11336400879118629,0.28065397956975463,0.7217852890478178,-0.241425474802589,0.2307580320386946,0.6520824719662904
-1.205058787791487,-0.873600094703569,0.06540104006749757,0.06540104006749754,-0.9243365627459323,-0.5977355988788909,-1.1859614417720366,-1.3968393760212348,-0.4057153639132397,-1.1674211851515772,1.4128092602512243,-0.11336400879118629,1.1051095965067754,-1.3507821862104692,-0.4838883730795093,0.10695703388637642,-0.8186953190947202
-1.205058787791487,-0.7449427075989744,-1.2646182929415224,-1.2646182929415224,-0.30861264612211914,0.3910121008688914,-0.2143206623701467,-0.16298488485308327,1.0190940096470398,-0.859749037274094,1.4128092602512243,-0.11336400879118629,0.28065397956975463,-0.8671831086502021,-0.3552345903203271,-0.8283757582546424,-0.8186953190947202
0.24801942391890863,-1.396016926485501,-1.2646182929415224,-1.2646182929415224,-0.8639535337753949,-0.3665771475834391,-1.0471556161431952,-0.6750807673414829,-0.4057153639132397,-1.1674211851515772,-0.48205328198438235,0.1656187059127562,1.1051095965067754,-0.0726989098011921,0.866976345891904,-0.17352148123935618,-0.8186953190947202
-0.7776828431707824,-0.23074313188165096,0.06540104006749757,0.06540104006749754,0.12230260607671575,0.35611291597043,0.7573201170317431,1.79262821499482,-0.4057153639132397,0.06326740635835588,-0.48205328198438235,2.955445852952182,1.5173374049752855,1.6889834441683516,-0.3156488110098096,0.2579690359459598,1.5124323266304773
0.07706904607062683,0.8939221298447738,0.06540104006749757,0.06540104006749754,0.34553683439203575,0.44066338494569085,1.034931768289426,0.8331736116944044,1.0190940096470398,0.986283849990806,-0.48205328198438235,-0.11336400879118629,-0.9560294458357763,-1.5580389337362979,-0.4344061489413623,-0.7713565969387493,0.041654535569467
-0.8631580320949233,-0.9674296930227017,0.06540104006749757,0.06540104006749754,-0.8108896598315892,-0.45148323961257564,-0.7695439648855122,-0.6750807673414829,-0.4057153639132397,-0.5520768893966107,-0.48205328198438235,-0.11336400879118629,0.6928817880382651,-1.1780682299389453,1.1391285786517125,0.3005126363077183,0.041654535569467
-0.35030689855007774,0.008560563627786228,1.3954203730765178,1.3954203730765176,-0.43212338719821836,0.1692820300173783,-0.2143206623701467,0.23422754085689548,0.12013938270035009,-0.2444047415191273,-0.48205328198438235,0.44460142061669883,0.6928817880382651,0.6181569152849035,0.2682414338203249,1.1482214525830776,1.5124323266304773
-0.8631580320949233,-0.15903324029457466,0.06540104006749757,0.06540104006749754,-0.7925917722647597,-0.36135089559158823,-0.7695439648855122,-0.6750807673414829,-0.4057153639132397,-0.5520768893966107,-0.48205328198438235,-1.2292948676069566,-0.9560294458357763,-0.5908407786157639,-0.8253157196327237,-0.5087474534096523,-0.8186953190947202
1.2737216910085998,-0.24464558254909877,0.06540104006749757,0.06540104006749754,-0.43578296471158434,0.05828326666840669,-0.07551483674130527,0.8331736116944044,-0.4057153639132397,-0.2444047415191273,-0.48205328198438235,1.0025668500245841,0.6928817880382651,-0.3144984485813256,1.1589214683069713,-0.3670770836606983,0.041654535569467
0.5899201796154723,-0.5877637979910589,1.3954203730765178,1.3954203730765176,-0.33697437185070495,0.1435497702444119,0.06329098888753605,0.8331736116944044,0.12013938270035009,-0.2444047415191273,-0.48205328198438235,1.2815495647285267,1.1051095965067754,0.1691006289789413,1.0104747958925302,1.5335992496594337,2.122860263027301
0.24801942391890863,1.648380895962768,1.3954203730765178,1.3954203730765176,2.1112829845910834,1.8731182367176646,0.20209681451637745,0.5587737238266683,0.49323926303345,0.06326740635835588,-0.48205328198438235,1.0025668500245841,1.1051095965067754,0.9981276190822559,1.6636401545160706,0.3005126363077183,1.1255671642452045
-0.6922076542466414,-0.23523395787044857,2.7254397060855378,2.7254397060855378,-0.896889731395688,-0.608838504345249,-1.0471556161431952,-1.3968393760212348,-0.4057153639132397,-0.859749037274094,-0.48205328198438235,-1.5082775823108991,-0.9560294458357763,1.5508122791511325,-1.4240506317043025,0.885612309053981,0.041654535569467
-1.3760091656397686,-1.685197455317328,-1.2646182929415224,-1.2646182929415224,-0.9956983242565675,-1.364428325915789,-1.324767267400878,-2.6306938671893865,-1.3046699908599295,-0.859749037274094,-0.48205328198438235,-1.5082775823108991,-0.5438016373672659,0.06547225521602688,0.8867692355471626,0.5503863368836848,-0.8186953190947202
1.4446720688568817,0.580137607563683,-1.2646182929415224,-1.2646182929415224,0.6181753591377955,0.43748228867978056,1.5901550708047913,1.070869606315068,1.2190147058053171,1.6016281457457726,-0.48205328198438235,0.44460142061669883,-0.5438016373672659,-0.245412866072716,-0.8055228299774647,-1.1457323588283026,-0.8186953190947202
1.5301472577810225,0.7417595684158343,0.06540104006749757,0.06540104006749754,0.7114945857286261,1.2461921958066189,0.06329098888753605,-0.6750807673414829,0.12013938270035009,0.986283849990806,1.4128092602512243,-0.11336400879118629,0.6928817880382651,0.6181569152849035,0.8719245683057186,0.4169691447109347,1.1255671642452045
0.16254423499476775,-1.2385513684102152,1.3954203730765178,1.3954203730765176,-1.012166423066714,-1.864879582939283,-1.324767267400878,-1.3968393760212348,-1.3046699908599295,-1.1674211851515772,-0.48205328198438235,-0.3923467234951289,0.6928817880382651,1.309012740370999,-0.45419903859662114,0.5503863368836848,-0.8186953190947202
-0.7776828431707824,-0.4377033253228333,0.06540104006749757,0.06540104006749754,-0.9353152952860299,-0.7135327736348744,-1.1859614417720366,-1.3968393760212348,-1.3046699908599295,-0.859749037274094,-0.48205328198438235,-0.9503121529030141,-0.13157382889875557,-0.6944691523786782,-1.6417724179121493,0.10695703388637642,-0.8186953190947202
-0.6067324653225005,1.612454288052387,0.06540104006749757,0.06540104006749754,1.7956444240632743,1.1923741694405174,1.3125434195471086,0.8331736116944044,1.3921938899801396,0.986283849990806,1.4128092602512243,-0.11336400879118629,-0.9560294458357763,1.3780983228796087,1.1886108027898592,-0.8283757582546424,0.041654535569467
-1.3760091656397686,1.0055717078854116,-1.2646182929415224,-1.2646182929415224,2.1844745348584014,1.4651663248648004,1.034931768289426,1.070869606315068,1.0190940096470398,0.6786117021133227,3.3076718024868312,0.44460142061669883,-0.5438016373672659,0.859956454065037,-0.5482152644591005,-1.0909849017837394,-0.8186953190947202
-0.43578208747421865,-0.10442670726057847,0.06540104006749757,0.06540104006749754,-0.44310211973831615,0.04376233838272149,-0.07551483674130527,0.5587737238266683,-0.4057153639132397,0.06326740635835588,-0.48205328198438235,0.44460142061669883,0.28065397956975463,1.6544406529140467,-1.5724973041187433,-0.3670770836606983,0.041654535569467
0.07706904607062683,-0.7202909394051494,1.3954203730765178,1.3954203730765176,-0.8987195201523709,-0.8338715601012439,-0.9083497905143537,-0.16298488485308327,-1.3046699908599295,-0.859749037274094,-0.48205328198438235,0.7235841353206415,1.5173374049752855,0.4799857502676843,1.6784848217575143,1.3596464266010555,0.6520824719662904
0.5899201796154723,1.6167540150629385,-1.2646182929415224,-1.2646182929415224,1.3628993831077565,1.1692372229126753,0.8961259426605844,0.23422754085689548,1.2190147058053171,0.986283849990806,-0.48205328198438235,-1.2292948676069566,-1.7804850627727968,1.3435555316253038,0.33751654761373107,-1.0737864710114289,-0.8186953190947202
-1.7179099213363322,-1.95283157435184,-1.2646182929415224,-1.2646182929415224,-0.9847195917164695,-1.864879582939283,-0.9083497905143537,-0.16298488485308327,-1.3046699908599295,-0.859749037274094,-0.48205328198438235,-0.3923467234951289,-0.13157382889875557,-0.5217551961071544,-1.562600859291114,0.5503863368836848,0.041654535569467
0.6753953685396131,-0.10399673455952337,0.06540104006749757,0.06540104006749754,-0.46322979606182857,0.002925797513063395,-0.07551483674130527,0.8331736116944044,0.12013938270035009,-0.5520768893966107,-0.48205328198438235,1.0025668500245841,0.6928817880382651,1.1017559928451703,0.7828565648570539,-0.3670770836606983,0.041654535569467
1.3591968799327403,0.20419814260785113,0.06540104006749757,0.06540104006749754,0.16804732499378955,0.40248443537854955,0.7573201170317431,0.8331736116944044,0.12013938270035009,1.2939559978682893,-0.48205328198438235,0.1656187059127562,-0.5438016373672659,0.5490713327762939,0.10000187175062517,-0.047448778815707984,1.1255671642452045
-1.7179099213363322,-0.7022798607053974,0.06540104006749757,0.06540104006749754,-0.9042088864224197,-0.8793097464133879,-0.9083497905143537,-0.6750807673414829,-1.3046699908599295,-0.5520768893966107,-0.48205328198438235,-0.6713294381990715,-0.13157382889875557,0.06547225521602688,0.7927530096846832,-0.3670770836606983,-0.8186953190947202
-0.7776828431707824,-1.4606083811328874,0.06540104006749757,0.06540104006749754,-0.9554429716095423,-1.2099438808383751,-1.0471556161431952,-0.6750807673414829,-0.4057153639132397,-1.1674211851515772,-0.48205328198438235,-0.3923467234951289,0.28065397956975463,0.9290420365736465,-1.5081704127391524,0.885612309053981,0.041654535569467
0.5899201796154723,-0.8807663063878205,0.06540104006749757,0.06540104006749754,-0.8822514213422243,-0.7068065190159898,-0.9083497905143537,-0.6750807673414829,-1.3046699908599295,-0.5520768893966107,-0.48205328198438235,-0.11336400879118629,0.6928817880382651,0.9290420365736465,-0.1869950282506273,0.5503863368836848,0.041654535569467
2.042998391325868,0.5460742146912078,-1.2646182929415224,-1.2646182929415224,0.8862394119918479,0.6180375974547696,1.5901550708047913,0.8331736116944044,1.0190940096470398,2.2169724415007392,-0.48205328198438235,-0.11336400879118629,-0.9560294458357763,1.2053843666080846,-0.5828528213558033,-1.1457323588283026,-0.8186953190947202
-0.43578208747421865,-1.4618982992360523,0.06540104006749757,0.06540104006749754,-0.9279961402592981,-1.2701638566160713,-0.7695439648855122,-0.6750807673414829,-0.4057153639132397,-0.5520768893966107,-0.48205328198438235,-0.9503121529030141,-0.5438016373672659,0.2381862114875508,-0.9638659472195352,1.6792747314460454,1.1255671642452045
-1.034108409943205,-0.4630717146850835,0.06540104006749757,0.06540104006749754,-0.7742938846979303,-0.27735491037678933,-0.7695439648855122,-0.16298488485308327,-0.4057153639132397,-0.859749037274094,1.4128092602512243,-0.11336400879118629,0.28065397956975463,-0.6253835698700687,-0.6521279351492091,0.3005126363077183,0.041654535569467
1.1027713131603178,0.12398434648879643,1.3954203730765178,1.3954203730765176,0.21196225515418035,0.38044340916799385,0.8961259426605844,1.4680820320250476,0.12013938270035009,0.6786117021133227,-0.48205328198438235,2.118497708840354,1.1051095965067754,-1.696210098753517,1.4805559252049263,1.9373621443045081,3.153051444446254
1.2737216910085998,0.2813543550749586,0.06540104006749757,0.06540104006749754,-0.28757007542026525,0.1361996205716183,0.20209681451637745,1.4680820320250476,-0.4057153639132397,-0.5520768893966107,-0.48205328198438235,2.118497708840354,1.1051095965067754,1.4471839053882183,-0.6174903782525062,-0.5087474534096523,0.041654535569467
-1.4614843545639096,-1.2076888834233723,0.06540104006749757,0.06540104006749754,-0.9902089579865183,-1.2343855640425856,-1.324767267400878,-1.3968393760212348,-1.3046699908599295,-1.1674211851515772,1.4128092602512243,0.1656187059127562,1.5173374049752855,-0.3144984485813256,1.3370574752043003,0.5503863368836848,-0.8186953190947202
2.213948769174149,0.2703183890812113,-1.2646182929415224,-1.2646182929415224,0.89996282766697,0.5773598808191761,1.7289608964336327,1.4680820320250476,0.49323926303345,2.2169724415007392,-0.48205328198438235,1.5605322794324692,0.28065397956975463,0.3418145852504652,0.020830313129590047,-0.8974292993623978,0.041654535569467
0.41896980176719045,0.7781161490272701,0.06540104006749757,0.06540104006749754,1.4909845960755632,1.110684046399696,1.1737375939182673,1.637741372355351,0.7826380134765774,0.3709395542358393,-0.48205328198438235,1.8395149941364122,0.28065397956975463,1.6198978616597417,1.5597274838259618,-0.5087474534096523,0.6520824719662904
-0.8631580320949233,-2.119039910681912,0.06540104006749757,0.06540104006749754,-1.0066770567966652,-1.674616845288383,-1.324767267400878,-1.3968393760212348,-1.3046699908599295,-1.1674211851515772,-0.48205328198438235,-0.11336400879118629,1.1051095965067754,0.4109001677590748,1.5597274838259618,0.5503863368836848,-0.8186953190947202
-0.43578208747421865,1.4948806416861016,-1.2646182929415224,-1.2646182929415224,1.8917083337891292,1.07743188920919,1.7289608964336327,0.5587737238266683,1.6815926404232675,1.6016281457457726,1.4128092602512243,-0.6713294381990715,-1.3682572543042866,-1.2126110211932501,1.4409701458944089,-1.1567343940151054,-0.8186953190947202
0.7608705574637541,0.11189733611469233,0.06540104006749757,0.06540104006749754,-0.6059533190830987,-0.1183410485907817,-0.353126487998988,-1.3968393760212348,0.49323926303345,0.06326740635835588,-0.48205328198438235,-2.0662430117187847,-1.7804850627727968,-1.1435254386846405,-1.3201379610141941,-0.17352148123935618,0.041654535569467
0.5044449906913313,-1.3741838682208147,1.3954203730765178,1.3954203730765176,-0.9517833940961765,-1.364428325915789,-0.9083497905143537,-0.6750807673414829,-0.4057153639132397,-0.859749037274094,-0.48205328198438235,-0.11336400879118629,0.6928817880382651,1.6889834441683516,-1.592290193774002,2.083554244724097,1.1255671642452045
-0.6067324653225005,-0.2773712825738472,1.3954203730765178,1.3954203730765176,-0.09727204472523834,0.2462237747199697,0.4797084657740603,0.5587737238266683,0.12013938270035009,0.986283849990806,-0.48205328198438235,0.7235841353206415,0.6928817880382651,-1.3162393949561644,-0.05339302307763047,1.9096014216657187,2.7985820842302505
-0.43578208747421865,0.23219414292099352,-1.2646182929415224,-1.2646182929415224,0.4031751802275488,0.920750929439217,0.20209681451637745,1.070869606315068,0.49323926303345,-0.5520768893966107,-0.48205328198438235,0.44460142061669883,-0.5438016373672659,0.10001504647033169,1.074801687272121,-0.9521767564069609,-0.8186953190947202
0.6753953685396131,1.3164419707482402,-1.2646182929415224,-1.2646182929415224,1.4626228703469777,2.0029121298193933,-0.353126487998988,-0.16298488485308327,0.12013938270035009,-0.2444047415191273,-0.48205328198438235,-1.5082775823108991,-1.7804850627727968,-1.039897064921726,-1.597238416187817,-0.7713565969387493,-0.8186953190947202
1.5301472577810225,0.260333467467821,0.06540104006749757,0.06540104006749754,0.8057287066977981,0.6178631096137905,1.45134924517595,1.070869606315068,1.2190147058053171,1.2939559978682893,-0.48205328198438235,0.7235841353206415,-0.13157382889875557,0.4109001677590748,0.5997723355459103,-0.8533150578905775,0.041654535569467
0.33349461284304954,-0.3573462049700935,0.06540104006749757,0.06540104006749754,-0.48884683865538986,0.05236352070218659,-0.2143206623701467,0.23422754085689548,-0.4057153639132397,0.06326740635835588,-0.48205328198438235,-0.11336400879118629,-0.13157382889875557,0.8254136628107321,-1.265707514462232,-0.8283757582546424,-0.8186953190947202
1.1027713131603178,0.12398434648879643,1.3954203730765178,1.3954203730765176,0.21196225515418035,0.38044340916799385,0.8961259426605844,1.4680820320250476,0.12013938270035009,0.6786117021133227,-0.48205328198438235,2.118497708840354,1.1051095965067754,-1.696210098753517,1.4805559252049263,1.9373621443045081,3.153051444446254
0.33349461284304954,0.36973763251406,0.06540104006749757,0.06540104006749754,-0.12654866483216554,0.2084612983786949,0.4797084657740603,1.2805323325064204,-0.4057153639132397,0.3709395542358393,1.4128092602512243,1.5605322794324692,0.6928817880382651,0.859956454065037,1.3024199183075975,-1.009673071062123,-0.8186953190947202
-2.1452858659570366,1.3773547700643776,-1.2646182929415224,-1.2646182929415224,0.7096647969719431,0.7221031744030098,1.034931768289426,0.8331736116944044,0.7826380134765774,1.2939559978682893,-0.48205328198438235,-0.3923467234951289,-1.3682572543042866,0.20364342023324608,1.5943650407226648,-1.0909849017837394,-0.8186953190947202
-0.43578208747421865,-0.5499262002982113,0.06540104006749757,0.06540104006749754,-0.6407193054600748,-0.2171349345990923,-0.353126487998988,0.23422754085689548,-0.4057153639132397,-0.2444047415191273,-0.48205328198438235,0.44460142061669883,0.6928817880382651,-0.038156118546887316,-0.4690437058380652,-0.17352148123935618,0.041654535569467
-0.26483170962593683,0.5186037365682438,0.06540104006749757,0.06540104006749754,0.06923873213291015,0.30004427000360856,0.7573201170317431,0.23422754085689548,0.12013938270035009,1.909300293623256,-0.48205328198438235,-0.3923467234951289,-0.5438016373672659,0.13455783772463648,0.23855209933743707,-0.047448778815707984,1.1255671642452045
0.07706904607062683,-0.13710463254076516,0.06540104006749757,0.06540104006749754,-0.9023790976657367,-0.6542766906573937,-1.0471556161431952,-1.3968393760212348,-0.4057153639132397,-0.859749037274094,-0.48205328198438235,-1.5082775823108991,-0.9560294458357763,-1.247153812447555,0.025778535543404747,-0.17352148123935618,-0.8186953190947202
0.07706904607062683,-0.7898509674869503,2.7254397060855378,2.7254397060855378,-0.8456556462085653,-0.46401395300649323,-0.9083497905143537,-0.6750807673414829,-1.3046699908599295,-0.5520768893966107,-0.48205328198438235,0.1656187059127562,1.1051095965067754,-0.5217551961071544,1.5943650407226648,1.3596464266010555,0.6520824719662904
1.7865728245534451,1.208088850082358,-1.2646182929415224,-1.2646182929415224,0.6437924017313569,0.9458709664213983,0.4797084657740603,0.23422754085689548,0.7826380134765774,0.6786117021133227,-0.48205328198438235,-0.9503121529030141,-1.3682572543042866,0.1691006289789413,0.20886276485454877,-1.009673071062123,-0.8186953190947202
-0.008406142853514067,1.423791821778327,-1.2646182929415224,-1.2646182929415224,0.8990479332886285,1.1958512313724898,0.3409026401452189,-0.16298488485308327,0.7826380134765774,0.6786117021133227,-0.48205328198438235,-1.5082775823108991,-1.7804850627727968,0.687242497793513,-0.9688141696333499,-0.9827815709567269,-0.8186953190947202
-2.3162362438053186,-1.7883909035705492,-1.2646182929415224,-1.2646182929415224,-1.010336634310031,-1.7981463220312721,-1.324767267400878,-1.3968393760212348,-1.3046699908599295,-1.1674211851515772,1.4128092602512243,-0.9503121529030141,-0.13157382889875557,1.1017559928451703,-1.0974679523925324,0.5503863368836848,-0.8186953190947202
-0.43578208747421865,-1.5156448868679386,-1.2646182929415224,-1.2646182929415224,-0.9774004366897379,-1.2976950650077783,-1.1859614417720366,-1.3968393760212348,-1.3046699908599295,-0.859749037274094,-0.48205328198438235,-0.11336400879118629,1.1051095965067754,1.7235262354226564,-1.2360181799793437,0.10695703388637642,-0.8186953190947202
-1.8033851102604728,1.0682043980057694,-1.2646182929415224,-1.2646182929415224,2.054559533133912,1.766446865079017,0.3409026401452189,1.2805323325064204,0.12013938270035009,-0.2444047415191273,-0.48205328198438235,1.0025668500245841,-0.13157382889875557,-1.5925817249906027,1.5745721510674058,-0.9827815709567269,-0.8186953190947202
1.0172961242361769,0.7104671107279363,1.3954203730765178,1.3954203730765176,-0.23816577898982555,0.2122216977276497,0.20209681451637745,1.2805323325064204,0.12013938270035009,-0.5520768893966107,1.4128092602512243,1.5605322794324692,0.6928817880382651,0.4109001677590748,-0.919331945495203,-0.09220965051774017,0.6520824719662904
-0.8631580320949233,-1.3439424549132737,0.06540104006749757,0.06540104006749754,-0.9023790976657367,-0.6542766906573937,-1.0471556161431952,-0.6750807673414829,-1.3046699908599295,-0.859749037274094,-0.48205328198438235,0.1656187059127562,1.1051095965067754,0.5490713327762939,0.9065621252024216,0.885612309053981,0.041654535569467
0.7608705574637541,-0.21507301566542109,0.06540104006749757,0.06540104006749754,-0.6279107841632942,-0.1798109127466287,-0.353126487998988,-0.6750807673414829,0.12013938270035009,0.06326740635835588,-0.48205328198438235,-0.6713294381990715,-0.13157382889875557,1.5162694878968277,-0.6224386006663208,0.37643351382530593,0.6520824719662904
1.4446720688568817,-0.8795719377737786,1.3954203730765178,1.3954203730765176,-1.0066770567966652,-1.674616845288383,-1.324767267400878,-1.3968393760212348,-1.3046699908599295,-1.1674211851515772,-0.48205328198438235,-0.11336400879118629,1.1051095965067754,-0.8671831086502021,1.2331448045141915,0.5503863368836848,-0.8186953190947202
-1.034108409943205,0.12092676283684912,0.06540104006749757,0.06540104006749754,-0.17961253877597114,0.214040805894739,0.3409026401452189,-0.16298488485308327,0.12013938270035009,1.2939559978682893,-0.48205328198438235,-0.9503121529030141,-0.9560294458357763,-1.4198677687190788,0.2682414338203249,-0.5662437680648147,0.041654535569467
-1.034108409943205,-1.11529252744109,1.3954203730765178,1.3954203730765176,-0.8731024775588095,-0.641486268757952,-0.9083497905143537,-0.6750807673414829,-1.3046699908599295,-0.5520768893966107,-0.48205328198438235,-0.6713294381990715,-0.13157382889875557,0.7908708715564273,0.4364809958900251,1.3596464266010555,0.6520824719662904
-1.8888602991846144,1.8528568026867431,-1.2646182929415224,-1.2646182929415224,2.737070739376653,1.8572072281088718,0.6185142914029016,-0.16298488485308327,0.7826380134765774,1.2939559978682893,1.4128092602512243,-1.5082775823108991,-1.7804850627727968,-0.6944691523786782,-1.0776750627372735,-1.033488587128577,-0.8186953190947202
1.6156224467051634,-0.18081852381469907,0.06540104006749757,0.06540104006749754,-0.11739972104875074,0.2203866536419101,0.4797084657740603,1.2805323325064204,0.12013938270035009,0.06326740635835588,-0.48205328198438235,1.5605322794324692,0.6928817880382651,-0.5562979873614591,0.8818210131333479,-0.24546736905622968,0.6520824719662904
1.0172961242361769,-0.4163480145037639,0.06540104006749757,0.06540104006749754,-0.6096128965964646,-0.1283757759612971,-0.353126487998988,0.23422754085689548,-0.4057153639132397,-0.2444047415191273,-0.48205328198438235,0.1656187059127562,0.28065397956975463,0.6526997065392083,0.9214067924438656,-0.7713565969387493,-0.8186953190947202
0.6753953685396131,0.14830169147068972,0.06540104006749757,0.06540104006749754,1.2146864938164377,1.1575477496709987,0.7573201170317431,1.4680820320250476,1.0190940096470398,-0.5520768893966107,1.4128092602512243,1.8395149941364122,0.6928817880382651,0.20364342023324608,0.8521316786504597,-0.3670770836606983,0.6520824719662904
0.9318209353120359,-1.7580539407738849,1.3954203730765178,1.3954203730765176,-0.8785918438288585,-0.8574637837619818,-0.7695439648855122,-0.6750807673414829,0.12013938270035009,-0.859749037274094,-0.48205328198438235,-0.6713294381990715,-0.13157382889875557,0.9290420365736465,0.33751654761373107,2.277109847145438,1.5124323266304773
-0.17935652070179586,-1.1896300299790583,0.06540104006749757,0.06540104006749754,-1.008506845553348,-1.7348368210660796,-1.324767267400878,-1.3968393760212348,-1.3046699908599295,-1.1674211851515772,-0.48205328198438235,-0.3923467234951289,0.6928817880382651,-1.108982647430336,-1.4933257454977082,0.5503863368836848,-0.8186953190947202
-1.3760091656397686,-1.4106837730659354,0.06540104006749757,0.06540104006749754,-0.9956983242565675,-1.674616845288383,-1.1859614417720366,-1.3968393760212348,-1.3046699908599295,-0.859749037274094,-0.48205328198438235,-0.9503121529030141,-0.13157382889875557,1.5508122791511325,-0.11277169204340666,0.10695703388637642,-0.8186953190947202
0.33349461284304954,-0.3564862595679833,1.3954203730765178,1.3954203730765176,-0.929825929015981,-0.9105586222782807,-1.0471556161431952,-1.3968393760212348,-1.3046699908599295,-0.5520768893966107,-0.48205328198438235,-1.2292948676069566,-0.5438016373672659,1.2744699491166942,-0.2117361403197007,0.885612309053981,0.041654535569467
1.4446720688568817,0.4846836679294535,0.06540104006749757,0.06540104006749754,0.826771277399652,0.530997071725823,1.7289608964336327,0.8331736116944044,1.2190147058053171,2.2169724415007392,1.4128092602512243,0.1656187059127562,-0.5438016373672659,-0.8326403173958974,-0.2265808075611448,-1.1567343940151054,-0.8186953190947202
0.5899201796154723,-0.9725893654353626,0.06540104006749757,0.06540104006749754,-0.7559959971311007,-0.35593031301904693,-0.6307381392566709,-0.16298488485308327,-0.4057153639132397,-0.5520768893966107,-0.48205328198438235,0.44460142061669883,1.1051095965067754,-0.9362686911588117,1.069853464858307,0.10695703388637642,0.041654535569467
-0.43578208747421865,-0.284776367980907,1.3954203730765178,1.3954203730765176,-0.9462940278261275,-0.8413293753468678,-1.1859614417720366,-1.3968393760212348,-1.3046699908599295,-0.859749037274094,-0.48205328198438235,-0.9503121529030141,-0.13157382889875557,-1.1780682299389453,-1.1469501765306795,0.10695703388637642,-0.8186953190947202
-0.09388133177765497,1.276741158017487,-1.2646182929415224,-1.2646182929415224,2.1012191464293277,1.7847592004268744,0.3409026401452189,0.5587737238266683,1.2190147058053171,-0.5520768893966107,-0.48205328198438235,-0.3923467234951289,-0.9560294458357763,-0.4872124048528495,0.9906819062372711,-0.9827815709567269,-0.8186953190947202
-0.008406142853514067,0.7411862714810943,0.06540104006749757,0.06540104006749754,1.498303751102295,1.1141954702985117,1.1737375939182673,1.070869606315068,0.7826380134765774,1.2939559978682893,2.521232791480213,0.44460142061669883,-0.5438016373672659,1.1017559928451703,1.163869690720786,-0.2282689382839196,1.1255671642452045
0.7608705574637541,0.31274236225198,0.06540104006749757,0.06540104006749754,-0.8639535337753949,-0.3665771475834391,-1.0471556161431952,-1.3968393760212348,0.12013938270035009,-1.1674211851515772,-0.48205328198438235,-1.2292948676069566,-0.5438016373672659,0.20364342023324608,-1.4042577420490436,-0.17352148123935618,-0.8186953190947202
1.4446720688568817,0.4993505145098881,0.06540104006749757,0.06540104006749754,-0.746847053347686,-0.3186385136121975,-0.6307381392566709,0.23422754085689548,-1.3046699908599295,-0.5520768893966107,-0.48205328198438235,-0.11336400879118629,-0.13157382889875557,1.5508122791511325,-1.0974679523925324,-0.6169507842366649,-0.8186953190947202
-0.008406142853514067,-0.392412867478364,1.3954203730765178,1.3954203730765176,-0.7852726172380279,-0.3270635611232368,-0.7695439648855122,-0.6750807673414829,-0.4057153639132397,-0.5520768893966107,-0.48205328198438235,-0.3923467234951289,0.28065397956975463,0.030929463961722085,0.3919469941656925,1.0244204544307594,0.6520824719662904
0.07706904607062683,0.5726369726674998,0.06540104006749757,0.06540104006749754,0.6136008872460882,0.5949742841857677,1.1737375939182673,1.4680820320250476,0.49323926303345,0.986283849990806,-0.48205328198438235,1.5605322794324692,0.28065397956975463,0.5145285415219891,0.3968952165795071,-1.1065825691090452,-0.8186953190947202
0.33349461284304954,-0.23714494765291558,0.06540104006749757,0.06540104006749754,-0.7047619119439781,-0.001936709109290205,-0.7695439648855122,-0.6750807673414829,-0.4057153639132397,-0.5520768893966107,-0.48205328198438235,-0.9503121529030141,-0.5438016373672659,1.4471839053882183,-0.2612183644578478,-0.5087474534096523,-0.8186953190947202
-0.008406142853514067,0.8712291261779774,0.06540104006749757,0.06540104006749754,1.084771492091948,1.1548730336515638,0.6185142914029016,0.5587737238266683,0.12013938270035009,1.2939559978682893,1.4128092602512243,1.0025668500245841,1.1051095965067754,-1.3162393949561644,0.5008078872696163,-0.662005171948142,0.041654535569467
-0.26483170962593683,1.252662686758402,-1.2646182929415224,-1.2646182929415224,0.7682180371857975,1.2850205673654103,0.06329098888753605,-0.16298488485308327,1.0190940096470398,-0.2444047415191273,-0.48205328198438235,-1.5082775823108991,-1.7804850627727968,0.7908708715564273,-1.3300344058418232,-0.9170320787253607,-0.8186953190947202
0.6753953685396131,0.3501499872437726,0.06540104006749757,0.06540104006749754,0.42879222282111007,0.29185798051400996,1.5901550708047913,0.8331736116944044,1.2190147058053171,1.909300293623256,-0.48205328198438235,0.44460142061669883,-0.13157382889875557,-1.4889533512276882,1.505297037274,-0.6169507842366649,0.6520824719662904
-0.6922076542466414,0.14113547978643834,1.3954203730765178,1.3954203730765176,-0.7212300107541246,-0.2198446276038868,-0.6307381392566709,-0.6750807673414829,-0.4057153639132397,-0.2444047415191273,-0.48205328198438235,-0.9503121529030141,-0.5438016373672659,-1.696210098753517,-0.3107005885959948,1.3596464266010555,1.1255671642452045
0.846345746387895,0.2989832358182172,0.06540104006749757,0.06540104006749754,0.30528148174501085,0.4668857229412012,0.8961259426605844,1.4680820320250476,0.12013938270035009,0.6786117021133227,-0.48205328198438235,1.8395149941364122,0.6928817880382651,0.5836141240305986,0.8224423441675714,-0.41893219399614307,0.6520824719662904
0.9318209353120359,-0.02115532748957647,0.06540104006749757,0.06540104006749754,-0.6828044468637826,-0.2243740443124801,-0.4919323136278294,-0.16298488485308327,0.12013938270035009,-0.5520768893966107,-0.48205328198438235,-0.6713294381990715,-0.5438016373672659,-0.245412866072716,-0.8599532765294265,-0.047448778815707984,0.041654535569467
-0.8631580320949233,-1.7470179747801375,0.06540104006749757,0.06540104006749754,-0.9828898029597867,-1.3991986440208835,-1.1859614417720366,-1.3968393760212348,-0.4057153639132397,-1.1674211851515772,1.4128092602512243,-0.3923467234951289,0.6928817880382651,0.37635737650476997,1.3519021424457442,1.3596464266010555,0.041654535569467
1.0172961242361769,0.7061673837173854,-1.2646182929415224,-1.2646182929415224,0.7005158531885284,0.986087035518177,0.4797084657740603,-0.16298488485308327,0.7826380134765774,0.986283849990806,-0.48205328198438235,-1.5082775823108991,-1.7804850627727968,0.5145285415219891,-0.1869950282506273,-1.009673071062123,-0.8186953190947202
1.1027713131603178,-0.04251063830864577,0.06540104006749757,0.06540104006749754,0.21379204391086326,0.3821978723887093,0.8961259426605844,1.637741372355351,0.7826380134765774,-0.2444047415191273,1.4128092602512243,2.397480423544297,1.1051095965067754,1.309012740370999,0.6937885614083892,-0.41893219399614307,0.6520824719662904
0.33349461284304954,1.5652528404254509,-1.2646182929415224,-1.2646182929415224,1.5367293149926369,0.9207201685657358,1.7289608964336327,0.8331736116944044,1.6815926404232675,1.2939559978682893,1.4128092602512243,-0.3923467234951289,-1.3682572543042866,1.6198978616597417,-0.6669726023906533,-1.1567343940151054,-0.8186953190947202
-1.8033851102604728,-1.600636157443161,-1.2646182929415224,-1.2646182929415224,-0.9609323378795911,-1.2847707095540901,-1.0471556161431952,-0.6750807673414829,-1.3046699908599295,-0.859749037274094,-0.48205328198438235,-0.11336400879118629,0.6928817880382651,-1.6616673074992123,-0.5482152644591005,-0.17352148123935618,-0.8186953190947202
1.0172961242361769,-0.5448143026301119,1.3954203730765178,1.3954203730765176,-0.9499536053394935,-0.8870481082377739,-1.1859614417720366,-1.3968393760212348,-0.4057153639132397,-1.1674211851515772,1.4128092602512243,-0.9503121529030141,-0.13157382889875557,0.1691006289789413,-1.0925197299787177,0.10695703388637642,-0.8186953190947202
0.33349461284304954,-0.7423150966480823,0.06540104006749757,0.06540104006749754,-0.7962513497781256,-0.3788584893898945,-0.7695439648855122,-0.16298488485308327,-1.3046699908599295,-0.5520768893966107,-0.48205328198438235,0.1656187059127562,0.6928817880382651,0.13455783772463648,0.24350032175125166,0.3005126363077183,0.041654535569467
1.0172961242361769,-0.4606352027124379,0.06540104006749757,0.06540104006749754,-0.37539993574104685,0.07647101887425829,0.06329098888753605,0.5587737238266683,-0.4057153639132397,0.3709395542358393,1.4128092602512243,0.7235841353206415,0.6928817880382651,1.6198978616597417,-0.4640954834242506,-0.44299796117828627,0.041654535569467
1.1882465020844588,0.6637434105466168,0.06540104006749757,0.06540104006749754,-0.042378382024749736,0.3140575837775339,0.4797084657740603,-0.6750807673414829,0.7826380134765774,1.2939559978682893,-0.48205328198438235,-1.7872602970148417,-1.7804850627727968,0.3072717939961604,0.4265845510623954,-0.6169507842366649,0.041654535569467
-0.26483170962593683,1.2034069251153137,0.06540104006749757,0.06540104006749754,0.9091117714503849,0.40436622361918445,2.2841841989489984,1.070869606315068,1.9180486365937297,1.6016281457457726,1.4128092602512243,0.44460142061669883,-0.5438016373672659,-1.2816966037018593,-0.538318819631471,-0.9679898117322859,0.041654535569467
-0.008406142853514067,1.1018378181771895,-1.2646182929415224,-1.2646182929415224,2.052729744377229,1.414261598344592,1.034931768289426,0.5587737238266683,1.6815926404232675,0.06326740635835588,1.4128092602512243,-0.3923467234951289,-0.9560294458357763,0.9981276190822559,0.5948241131320953,-1.0909849017837394,-0.8186953190947202
-0.26483170962593683,0.23248079138836364,1.3954203730765178,1.3954203730765176,-0.49799578243880466,0.1460344508378105,-0.353126487998988,0.23422754085689548,-0.4057153639132397,-0.2444047415191273,-0.48205328198438235,0.1656187059127562,0.28065397956975463,0.5145285415219891,1.2479894717556357,1.3596464266010555,1.5124323266304773
-0.5212572763983596,-0.4631672641742068,1.3954203730765178,1.3954203730765176,-0.7834428284813449,-0.3186385136121975,-0.7695439648855122,-0.6750807673414829,-0.4057153639132397,-0.5520768893966107,-0.48205328198438235,-0.3923467234951289,0.28065397956975463,-0.7980975261415926,0.060416092440107545,1.6792747314460454,1.1255671642452045
0.33349461284304954,0.4636150055777542,0.06540104006749757,0.06540104006749754,-0.07348479088835995,0.27607721271101376,0.4797084657740603,0.23422754085689548,0.12013938270035009,1.2939559978682893,-0.48205328198438235,-0.6713294381990715,-0.9560294458357763,-1.4198677687190788,-0.03360013342237147,-1.009673071062123,-0.8186953190947202
0.5044449906913313,-0.8707336100298685,1.3954203730765178,1.3954203730765176,-0.7614853634011496,-0.3788584893898945,-0.6307381392566709,-0.16298488485308327,-0.4057153639132397,-0.5520768893966107,-0.48205328198438235,0.7235841353206415,1.5173374049752855,-0.0036133272925826148,1.6636401545160706,1.9096014216657187,1.5124323266304773
-1.8888602991846144,0.8039145110905754,-1.2646182929415224,-1.2646182929415224,1.8843891787623976,1.1757867667544657,1.45134924517595,0.23422754085689548,1.6815926404232675,1.2939559978682893,-0.48205328198438235,-0.9503121529030141,-1.3682572543042866,0.2381862114875508,-0.4344061489413623,-1.1337935730163102,-0.8186953190947202
0.5044449906913313,-0.8349981010977345,0.06540104006749757,0.06540104006749754,-0.8310173361551016,-0.3788584893898945,-0.9083497905143537,-0.6750807673414829,0.12013938270035009,-1.1674211851515772,-0.48205328198438235,-0.11336400879118629,0.6928817880382651,0.20364342023324608,0.8521316786504597,0.5503863368836848,0.041654535569467
-1.4614843545639096,-2.0502442785130977,0.06540104006749757,0.06540104006749754,-0.8548045899919801,-0.6991639889139977,-0.7695439648855122,-0.16298488485308327,-0.4057153639132397,-0.859749037274094,-0.48205328198438235,0.44460142061669883,1.1051095965067754,-0.8326403173958974,1.5943650407226648,1.0244204544307594,0.6520824719662904
-0.35030689855007774,-1.2243144945308355,0.06540104006749757,0.06540104006749754,-0.9938685354998843,-1.319541027659185,-1.324767267400878,-1.3968393760212348,-1.3046699908599295,-1.1674211851515772,-0.48205328198438235,-0.11336400879118629,1.1051095965067754,0.030929463961722085,-0.36513103514795664,0.5503863368836848,-0.8186953190947202
1.0172961242361769,1.215493935489418,-1.2646182929415224,-1.2646182929415224,0.32906873558188926,0.36766953403488906,1.1737375939182673,0.5587737238266683,1.3921938899801396,0.986283849990806,1.4128092602512243,-0.11336400879118629,-0.5438016373672659,1.2053843666080846,0.8174941217537568,-1.1065825691090452,-0.8186953190947202
-1.034108409943205,-0.5562802413249142,1.3954203730765178,1.3954203730765176,-0.8804216325855414,-0.4817734632599954,-1.0471556161431952,-0.6750807673414829,-0.4057153639132397,-1.1674211851515772,1.4128092602512243,0.1656187059127562,1.1051095965067754,-0.6599263611243734,-0.09792702480196257,0.885612309053981,0.041654535569467
0.9318209353120359,-0.8798585862411487,1.3954203730765178,1.3954203730765176,-0.8749322663154925,-0.8317490064088524,-0.7695439648855122,-0.6750807673414829,-0.4057153639132397,-0.5520768893966107,-0.48205328198438235,-0.6713294381990715,-0.13157382889875557,1.1017559928451703,-0.36513103514795664,1.6792747314460454,1.1255671642452045
0.846345746387895,1.1072841390572208,0.06540104006749757,0.06540104006749754,1.1835800849528273,1.140646559805319,0.7573201170317431,0.5587737238266683,0.7826380134765774,0.986283849990806,-0.48205328198438235,-0.3923467234951289,-0.9560294458357763,0.859956454065037,0.36225765968280427,-0.7023030558309941,0.041654535569467
1.1882465020844588,0.4504769508232932,-1.2646182929415224,-1.2646182929415224,0.44434542725291515,0.46485734998190636,1.1737375939182673,1.79262821499482,0.12013938270035009,0.6786117021133227,1.4128092602512243,2.118497708840354,0.28065397956975463,0.9290420365736465,-0.4640954834242506,-1.1065825691090452,-0.8186953190947202
-1.4614843545639096,-1.4015587968546552,0.06540104006749757,0.06540104006749754,-0.9279961402592981,-0.8917145208583727,-1.0471556161431952,-0.6750807673414829,-0.4057153639132397,-1.1674211851515772,1.4128092602512243,-0.6713294381990715,-0.13157382889875557,-0.4526696135985448,1.2925234734799682,0.885612309053981,0.041654535569467
-0.5212572763983596,0.13736127496606582,0.06540104006749757,0.06540104006749754,-0.2985488079603629,0.2071701299615181,0.06329098888753605,0.23422754085689548,-0.4057153639132397,0.6786117021133227,-0.48205328198438235,-0.3923467234951289,-0.5438016373672659,0.5145285415219891,-0.1770985834229979,0.8096914315363931,1.5124323266304773
1.1882465020844588,-0.6403160170089031,1.3954203730765178,1.3954203730765176,-0.9078684639357857,-0.9105586222782807,-0.9083497905143537,-0.16298488485308327,-1.3046699908599295,-0.859749037274094,-0.48205328198438235,0.1656187059127562,0.6928817880382651,0.4454429590133795,-1.3003450713589348,1.3596464266010555,0.6520824719662904
-0.17935652070179586,-0.3551485667202564,1.3954203730765178,1.3954203730765176,-0.6937831794038803,-0.26122050196167534,-0.4919323136278294,0.5587737238266683,-1.3046699908599295,-0.5520768893966107,-0.48205328198438235,1.0025668500245841,1.1051095965067754,0.13455783772463648,0.7185296734774628,1.6095201271770223,1.5124323266304773
-1.4614843545639096,-0.6524985768721305,0.06540104006749757,0.06540104006749754,-0.9664217041496401,-1.116747576614367,-1.1859614417720366,-1.3968393760212348,-1.3046699908599295,-0.859749037274094,-0.48205328198438235,-0.9503121529030141,-0.13157382889875557,1.2744699491166942,0.05546787002629295,0.10695703388637642,-0.8186953190947202
-0.7776828431707824,-0.4714800697279385,0.06540104006749757,0.06540104006749754,-0.9243365627459323,-1.2343855640425856,-0.7695439648855122,-0.16298488485308327,-1.3046699908599295,-0.5520768893966107,-0.48205328198438235,-0.6713294381990715,-0.5438016373672659,-1.1780682299389453,-1.057882173082015,1.0244204544307594,0.6520824719662904
-1.205058787791487,-1.1192578312397092,0.06540104006749757,0.06540104006749754,-0.9444642390694447,-1.072662009251784,-1.0471556161431952,-0.6750807673414829,-1.3046699908599295,-0.859749037274094,-0.48205328198438235,0.1656187059127562,1.1051095965067754,0.6181569152849035,0.5502901114077631,0.885612309053981,0.041654535569467
-0.6067324653225005,-0.690813922010595,0.06540104006749757,0.06540104006749754,-0.9682514929063231,-1.1451227266922521,-1.1859614417720366,-1.3968393760212348,-1.3046699908599295,-0.859749037274094,-0.48205328198438235,-0.6713294381990715,0.28065397956975463,-0.0726989098011921,-1.46363641101482,0.10695703388637642,-0.8186953190947202
-0.17935652070179586,0.6147265226263368,0.06540104006749757,0.06540104006749754,0.31260063677174266,0.353139108519908,1.1737375939182673,1.2805323325064204,0.12013938270035009,1.6016281457457726,-0.48205328198438235,1.2815495647285267,0.28065397956975463,-0.0726989098011921,-1.5823937489463729,-0.2282689382839196,1.1255671642452045
1.1027713131603178,0.16215636739357592,0.06540104006749757,0.06540104006749754,-0.8017407160481744,-0.4055945095217664,-0.7695439648855122,-0.6750807673414829,-0.4057153639132397,-0.5520768893966107,-0.48205328198438235,-1.2292948676069566,-0.9560294458357763,1.1017559928451703,-1.3894130748075997,-0.5087474534096523,-0.8186953190947202
-0.26483170962593683,1.5790119668592135,-1.2646182929415224,-1.2646182929415224,1.944772207732935,1.2006613393496508,1.45134924517595,0.5587737238266683,1.2190147058053171,1.909300293623256,3.3076718024868312,-0.6713294381990715,-1.3682572543042866,1.6889834441683516,-0.4245097041137329,-1.1337935730163102,-0.8186953190947202
-1.7179099213363322,-1.1066452986754267,0.06540104006749757,0.06540104006749754,-0.9774004366897379,-1.2976950650077783,-1.1859614417720366,-1.3968393760212348,-1.3046699908599295,-0.859749037274094,-0.48205328198438235,-0.11336400879118629,1.1051095965067754,0.2381862114875508,0.030726757957219346,0.10695703388637642,-0.8186953190947202
1.4446720688568817,-0.3650857135890851,1.3954203730765178,1.3954203730765176,-0.7614853634011496,-0.3788584893898945,-0.6307381392566709,-0.6750807673414829,-0.4057153639132397,-0.2444047415191273,-0.48205328198438235,-0.3923467234951289,0.28065397956975463,-0.038156118546887316,-0.701610159287356,1.3596464266010555,1.1255671642452045
-1.2905339767156276,-1.2492051364474692,0.06540104006749757,0.06540104006749754,-1.0011876905266162,-1.8144944374277778,-1.1859614417720366,-1.3968393760212348,-1.3046699908599295,-0.859749037274094,-0.48205328198438235,-0.3923467234951289,0.6928817880382651,-1.074439856176031,-0.949021279978091,0.10695703388637642,-0.8186953190947202
0.16254423499476775,0.3443214684072481,2.7254397060855378,2.7254397060855378,-0.9096982526924687,-0.7175861916225864,-1.0471556161431952,-0.6750807673414829,-1.3046699908599295,-0.859749037274094,-0.48205328198438235,-0.9503121529030141,-0.5438016373672659,0.859956454065037,-0.41956148169991825,0.885612309053981,0.041654535569467
0.5899201796154723,1.1833415323994096,0.06540104006749757,0.06540104006749754,0.49740930119672067,0.4511604856446857,1.3125434195471086,0.5587737238266683,1.8052020693197453,0.3709395542358393,1.4128092602512243,-0.9503121529030141,-1.7804850627727968,0.6526997065392083,-1.5724973041187433,-1.1207930591923674,-0.8186953190947202
1.872048013477586,0.6757826461761592,-1.2646182929415224,-1.2646182929415224,0.26136655158461997,1.3321956599154883,-0.4919323136278294,-1.3968393760212348,0.49323926303345,-0.2444047415191273,-0.48205328198438235,-2.0662430117187847,-1.7804850627727968,-0.4526696135985448,-1.4042577420490436,-0.7023030558309941,-0.8186953190947202
-0.7776828431707824,-1.1548022411935963,0.06540104006749757,0.06540104006749754,-0.3973574008212423,0.13183568673404242,-0.07551483674130527,0.8331736116944044,0.12013938270035009,-0.5520768893966107,-0.48205328198438235,1.2815495647285267,1.1051095965067754,1.4126411141339135,1.6834330441713294,0.5503863368836848,1.1255671642452045
-0.17935652070179586,-2.3947001868027846,-1.2646182929415224,-1.2646182929415224,-1.0249749443634946,-4.076384989268159,-1.741184744287402,-2.6306938671893865,-1.3046699908599295,-1.782765480906544,-0.48205328198438235,2.955445852952182,6.051843298128899,0.5490713327762939,-1.5428079696358552,-1.4262108739540353,3.593638054088312
-1.974335488108755,-2.119039910681912,0.06540104006749757,0.06540104006749754,-0.821868392371687,-0.5089012512630978,-0.7695439648855122,-0.16298488485308327,0.12013938270035009,-1.1674211851515772,-0.48205328198438235,0.7235841353206415,1.5173374049752855,0.4799857502676843,1.0846981320997506,1.6792747314460454,1.1255671642452045
0.07706904607062683,-0.5414700705107945,1.3954203730765178,1.3954203730765176,-1.0011876905266162,-1.5098037653100853,-1.324767267400878,-2.6306938671893865,-0.4057153639132397,-1.1674211851515772,-0.48205328198438235,-1.2292948676069566,-0.13157382889875557,1.1362987840994752,0.4760667752005426,0.5503863368836848,-0.8186953190947202
-0.35030689855007774,-1.5014557877331207,0.06540104006749757,0.06540104006749754,-1.0213153668501287,-2.266536953954465,-1.324767267400878,-1.3968393760212348,-1.3046699908599295,-1.1674211851515772,-0.48205328198438235,-0.11336400879118629,1.1051095965067754,0.4799857502676843,-1.270655736876047,0.5503863368836848,-0.8186953190947202
-0.5212572763983596,0.6330720245380205,0.06540104006749757,0.06540104006749754,0.7407712058355533,0.5233453714460168,1.5901550708047913,1.2805323325064204,0.49323926303345,2.2169724415007392,1.4128092602512243,1.2815495647285267,0.28065397956975463,0.20364342023324608,-1.5724973041187433,-0.6169507842366649,0.6520824719662904
0.33349461284304954,0.865400607341453,-1.2646182929415224,-1.2646182929415224,1.7709422758480546,1.9219097542893158,-0.07551483674130527,0.23422754085689548,0.12013938270035009,0.06326740635835588,2.521232791480213,-0.6713294381990715,-0.9560294458357763,0.5145285415219891,-0.2364772523887743,-0.8762558788893728,-0.8186953190947202
1.4446720688568817,0.7442438551330416,1.3954203730765178,1.3954203730765176,0.7755371922125294,0.5466456447999081,1.5901550708047913,0.8331736116944044,1.0190940096470398,2.2169724415007392,1.4128092602512243,0.1656187059127562,-0.5438016373672659,0.06547225521602688,-0.02865191100855686,-0.3670770836606983,1.1255671642452045
0.16254423499476775,1.237900290688844,0.06540104006749757,0.06540104006749754,1.758133754551274,0.7216288524854517,2.7006016758355225,1.79262821499482,1.8052020693197453,1.6016281457457726,1.4128092602512243,2.118497708840354,0.28065397956975463,1.6544406529140467,0.68389211658076,-1.009673071062123,0.041654535569467
-0.26483170962593683,1.092187319775731,0.06540104006749757,0.06540104006749754,0.32540915806852333,0.7700578668785283,0.3409026401452189,1.070869606315068,0.49323926303345,-0.2444047415191273,-0.48205328198438235,0.44460142061669883,-0.5438016373672659,1.4817266966425229,-0.3156488110098096,-0.5662437680648147,0.041654535569467
0.5044449906913313,0.7769695551577899,0.06540104006749757,0.06540104006749754,0.6081115209760394,0.5909625861753438,1.1737375939182673,1.2805323325064204,1.6815926404232675,-0.5520768893966107,-0.48205328198438235,1.2815495647285267,0.28065397956975463,0.06547225521602688,-0.4937848179071388,-0.8011647543473774,0.041654535569467
-0.09388133177765497,0.15780886563846333,1.3954203730765178,1.3954203730765176,-0.27476155412348463,0.1563630857386939,0.20209681451637745,1.070869606315068,0.12013938270035009,-0.2444047415191273,-0.48205328198438235,1.2815495647285267,0.6928817880382651,0.7908708715564273,1.7081741562404027,0.3005126363077183,1.1255671642452045
1.1882465020844588,0.531120719643403,0.06540104006749757,0.06540104006749754,-0.08537841780679914,0.4214526521053096,0.20209681451637745,1.070869606315068,0.7826380134765774,-0.859749037274094,-0.48205328198438235,1.0025668500245841,0.28065397956975463,-0.3490412398356304,1.688381266585144,-0.5087474534096523,0.041654535569467
-0.5212572763983596,1.0670578041362893,0.06540104006749757,0.06540104006749754,0.02806848510754376,0.3232122657491608,0.6185142914029016,0.23422754085689548,0.12013938270035009,1.6016281457457726,-0.48205328198438235,-0.9503121529030141,-1.3682572543042866,-0.0036133272925826148,-1.513118635152967,-0.662005171948142,0.041654535569467
-0.6067324653225005,-0.5971276479251475,1.3954203730765178,1.3954203730765176,-0.9975281130132503,-1.411009879301774,-1.324767267400878,-1.3968393760212348,-1.3046699908599295,-1.1674211851515772,1.4128092602512243,-0.6713294381990715,0.28065397956975463,-0.9708114824131165,-1.2459146248069735,0.5503863368836848,-0.8186953190947202
-0.008406142853514067,1.1847269999916985,-1.2646182929415224,-1.2646182929415224,2.039006328702107,1.2926473558015155,1.3125434195471086,0.23422754085689548,1.3921938899801396,1.6016281457457726,2.521232791480213,-0.9503121529030141,-1.3682572543042866,1.4471839053882183,-0.18204680583681268,-1.1207930591923674,-0.8186953190947202
-0.35030689855007774,-0.7641481549127683,1.3954203730765178,1.3954203730765176,-0.9499536053394935,-0.8870481082377739,-1.1859614417720366,-1.3968393760212348,-0.4057153639132397,-1.1674211851515772,1.4128092602512243,-0.9503121529030141,-0.13157382889875557,-0.4181268223442399,-1.54775619204967,1.3596464266010555,0.041654535569467
-1.205058787791487,1.8551977651702647,-1.2646182929415224,-1.2646182929415224,2.003325447946789,1.6670989368687459,0.4797084657740603,0.8331736116944044,0.12013938270035009,0.6786117021133227,1.4128092602512243,-0.3923467234951289,-1.3682572543042866,1.6889834441683516,0.24350032175125166,-1.009673071062123,-0.8186953190947202
-1.119583598867346,1.0317044931606485,-1.2646182929415224,-1.2646182929415224,2.2613256626390856,1.1741456909296974,1.8677667220624738,1.070869606315068,1.54494875626063,1.6016281457457726,2.521232791480213,0.1656187059127562,-0.9560294458357763,1.2399271578623894,-0.7312994937702443,-1.1669057793013276,-0.8186953190947202
0.7608705574637541,-0.9746436794515146,1.3954203730765178,1.3954203730765176,-0.9517833940961765,-1.162466309505273,-1.0471556161431952,-0.6750807673414829,-1.3046699908599295,-0.859749037274094,-0.48205328198438235,0.1656187059127562,1.1051095965067754,-0.3144984485813256,0.020830313129590047,1.8030757295983642,0.6520824719662904
1.4446720688568817,-0.22529681100161988,1.3954203730765178,1.3954203730765176,-0.8877407876122732,-0.5366387032291745,-1.0471556161431952,-0.6750807673414829,-0.4057153639132397,-1.1674211851515772,-0.48205328198438235,-0.11336400879118629,0.6928817880382651,-1.6271245162449075,-1.1815877334273825,0.885612309053981,0.041654535569467
-0.5212572763983596,1.5275585669662883,-1.2646182929415224,-1.2646182929415224,1.9548360458946912,1.57338276781664,0.6185142914029016,0.23422754085689548,1.3921938899801396,0.06326740635835588,3.3076718024868312,-1.2292948676069566,-1.7804850627727968,0.9981276190822559,-0.4443025937689916,-1.4262108739540353,-2.2894731101557304
0.5044449906913313,0.07276982031867933,1.3954203730765178,1.3954203730765176,0.40134539147086573,0.5499659656193018,0.8961259426605844,1.4680820320250476,0.7826380134765774,0.06326740635835588,-0.48205328198438235,2.118497708840354,1.1051095965067754,-0.2799556573270208,1.4310737010667798,1.4791410820827584,2.7985820842302505
-0.09388133177765497,-1.5382901157901732,0.06540104006749757,0.06540104006749754,-0.8859109988555902,-0.7339343070190921,-0.9083497905143537,-0.6750807673414829,-0.4057153639132397,-0.859749037274094,-0.48205328198438235,-0.11336400879118629,0.6928817880382651,1.5508122791511325,0.7531672303741657,1.3596464266010555,0.6520824719662904
1.7865728245534451,-0.2998254125178351,0.06540104006749757,0.06540104006749754,-0.7047619119439781,-0.2992008730281959,-0.4919323136278294,0.23422754085689548,-0.4057153639132397,-0.5520768893966107,-0.48205328198438235,0.1656187059127562,0.28065397956975463,-1.3507821862104692,-0.2018396954920714,-0.7023030558309941,-0.8186953190947202
0.9318209353120359,1.6066735439604245,-1.2646182929415224,-1.2646182929415224,1.3903462144580008,1.2488755344332767,0.7573201170317431,0.8331736116944044,1.2190147058053171,0.06326740635835588,-0.48205328198438235,-0.3923467234951289,-1.3682572543042866,0.8254136628107321,-1.7110475317055553,-1.0547274587736002,-0.8186953190947202
2.128473580250009,0.19593311179868111,-1.2646182929415224,-1.2646182929415224,0.78834571350931,1.2082601082658442,0.20209681451637745,1.070869606315068,0.49323926303345,-0.5520768893966107,1.4128092602512243,0.44460142061669883,-0.5438016373672659,-0.9362686911588117,-1.3399308506694525,-0.5087474534096523,0.041654535569467
0.5044449906913313,0.5893581332640866,0.06540104006749757,0.06540104006749754,0.41415391276764646,0.44013377126326847,1.1737375939182673,0.5587737238266683,0.49323926303345,2.2169724415007392,-0.48205328198438235,-0.3923467234951289,-0.9560294458357763,-0.6599263611243734,0.8372870114090157,-0.5087474534096523,0.6520824719662904
-0.26483170962593683,-0.6233082079449462,0.06540104006749757,0.06540104006749754,-0.5894852202729521,-0.0741678172722011,-0.353126487998988,0.5587737238266683,-0.4057153639132397,-0.5520768893966107,1.4128092602512243,1.0025668500245841,1.1051095965067754,-0.9708114824131165,1.5745721510674058,0.885612309053981,1.1255671642452045
0.24801942391890863,0.2545527233758581,1.3954203730765178,1.3954203730765176,0.07655788715964196,0.3765126266484092,0.6185142914029016,1.4680820320250476,-0.4057153639132397,0.3709395542358393,-0.48205328198438235,2.118497708840354,1.1051095965067754,0.06547225521602688,0.5601865562353924,1.2235871388348762,2.372782181294665
0.07706904607062683,-1.3427958610437931,0.06540104006749757,0.06540104006749754,-0.9005493089090538,-0.8488325271337727,-0.9083497905143537,-0.6750807673414829,-0.4057153639132397,-0.859749037274094,-0.48205328198438235,0.1656187059127562,1.1051095965067754,1.6544406529140467,1.144076801065527,1.3596464266010555,0.6520824719662904
-0.17935652070179586,0.6902583937783472,0.06540104006749757,0.06540104006749754,1.313495086677317,1.2097483968920393,0.7573201170317431,-0.16298488485308327,0.7826380134765774,1.6016281457457726,1.4128092602512243,0.44460142061669883,1.1051095965067754,0.2381862114875508,0.6640992269255009,-0.047448778815707984,1.1255671642452045
-0.5212572763983596,-0.6921038401137602,0.06540104006749757,0.06540104006749754,-0.9847195917164695,-1.116747576614367,-1.324767267400878,-1.3968393760212348,-1.3046699908599295,-1.1674211851515772,1.4128092602512243,-0.6713294381990715,0.28065397956975463,-1.5580389337362979,-0.785729940322206,0.5503863368836848,-0.8186953190947202
0.41896980176719045,-0.5281409167780868,2.7254397060855378,2.7254397060855378,-0.8584641675053459,-0.5436715693681918,-0.9083497905143537,-0.16298488485308327,-1.3046699908599295,-0.859749037274094,-0.48205328198438235,0.1656187059127562,0.6928817880382651,0.9635848278279513,0.9411996820991244,0.5503863368836848,0.041654535569467
-0.7776828431707824,0.9551215776282812,-1.2646182929415224,-1.2646182929415224,0.9887075823660931,0.7858437189919958,1.3125434195471086,0.8331736116944044,1.3921938899801396,0.986283849990806,1.4128092602512243,-0.11336400879118629,-0.9560294458357763,1.5853550704054373,1.4459183683082235,-1.4262108739540353,-2.2894731101557304
-0.5212572763983596,-0.2725938081176796,0.06540104006749757,0.06540104006749754,-0.37722972449772985,0.07318402713679319,0.06329098888753605,0.5587737238266683,-0.4057153639132397,0.3709395542358393,-0.48205328198438235,0.1656187059127562,-0.13157382889875557,-0.4526696135985448,-0.701610159287356,0.8096914315363931,1.5124323266304773
-1.205058787791487,1.281900830430148,-1.2646182929415224,-1.2646182929415224,2.173495802318304,1.589655580550129,0.7573201170317431,0.23422754085689548,1.2190147058053171,0.6786117021133227,1.4128092602512243,-0.9503121529030141,-1.3682572543042866,-1.247153812447555,1.658691932102256,-1.0547274587736002,-0.8186953190947202
-0.17935652070179586,-0.13075059151406218,-1.2646182929415224,-1.2646182929415224,1.1780907186827785,0.6917718636647459,1.8677667220624738,1.4680820320250476,1.3921938899801396,1.2939559978682893,2.521232791480213,1.8395149941364122,0.6928817880382651,1.4126411141339135,1.6141579303779234,-0.9170320787253607,0.041654535569467
1.0172961242361769,-0.679443532804916,1.3954203730765178,1.3954203730765176,-0.9700812816630059,-1.1741655882648891,-1.1859614417720366,-1.3968393760212348,-1.3046699908599295,-0.859749037274094,-0.48205328198438235,0.1656187059127562,1.5173374049752855,-0.0036133272925826148,1.4508665907220382,1.3596464266010555,0.041654535569467
1.5301472577810225,-0.5774922279102985,-1.2646182929415224,-1.2646182929415224,-0.15216570742572685,0.2516355295068028,0.3409026401452189,1.070869606315068,-0.4057153639132397,0.3709395542358393,-0.48205328198438235,1.5605322794324692,1.1051095965067754,-1.074439856176031,-0.05339302307763047,-0.5662437680648147,0.041654535569467
1.5301472577810225,-1.1875757159629066,-1.2646182929415224,-1.2646182929415224,-0.3003785967170459,0.4044687841467226,-0.2143206623701467,0.23422754085689548,0.12013938270035009,-0.2444047415191273,-0.48205328198438235,0.44460142061669883,0.6928817880382651,1.3780983228796087,1.223248359686562,-0.2784207631899799,0.041654535569467
-0.09388133177765497,-0.8536780262213499,0.06540104006749757,0.06540104006749754,-0.9591025491229083,-1.0093525082865913,-1.1859614417720366,-1.3968393760212348,-1.3046699908599295,-0.859749037274094,-0.48205328198438235,-0.3923467234951289,0.6928817880382651,-0.2108700748184113,0.584927668304466,0.10695703388637642,-0.8186953190947202
-0.26483170962593683,0.2501574468761839,0.06540104006749757,0.06540104006749754,-0.13203803110221443,0.20125038399529802,0.4797084657740603,1.4680820320250476,0.12013938270035009,-0.2444047415191273,1.4128092602512243,1.8395149941364122,0.6928817880382651,1.1362987840994752,1.1341803562378978,-0.6169507842366649,0.041654535569467
-0.008406142853514067,-0.24001143232661618,1.3954203730765178,1.3954203730765176,-0.896889731395688,-0.608838504345249,-1.0471556161431952,-1.3968393760212348,0.12013938270035009,-1.1674211851515772,-0.48205328198438235,-1.2292948676069566,-0.5438016373672659,1.2053843666080846,0.15938054071640165,0.885612309053981,0.041654535569467
-0.26483170962593683,1.4951672901534716,-1.2646182929415224,-1.2646182929415224,2.4260066507405518,1.4370166612666209,1.3125434195471086,0.5587737238266683,1.3921938899801396,1.2939559978682893,3.3076718024868312,-0.6713294381990715,-1.3682572543042866,1.0672132015908653,0.7432707855465365,-1.1207930591923674,-0.8186953190947202
-0.17935652070179586,0.03230461167493943,-1.2646182929415224,-1.2646182929415224,0.35651556693213343,0.5118899410736042,0.8961259426605844,1.070869606315068,0.12013938270035009,1.2939559978682893,-0.48205328198438235,1.0025668500245841,0.28065397956975463,0.6526997065392083,0.9510961269267536,-0.7385604988411333,0.041654535569467
1.1027713131603178,-1.7244682953470265,-1.2646182929415224,-1.2646182929415224,-1.008506845553348,-1.7348368210660796,-1.324767267400878,-1.3968393760212348,-1.3046699908599295,-1.1674211851515772,-0.48205328198438235,-0.3923467234951289,0.6928817880382651,-1.2816966037018593,-0.28101125411310673,0.5503863368836848,-0.8186953190947202
-0.17935652070179586,-1.387895219910016,0.06540104006749757,0.06540104006749754,-0.9920387467432015,-1.5894613816717837,-1.1859614417720366,-0.6750807673414829,-1.3046699908599295,-1.1674211851515772,-0.48205328198438235,0.44460142061669883,1.5173374049752855,0.8944992453193417,-0.10287524721577747,0.10695703388637642,-0.8186953190947202
-0.35030689855007774,-0.4206477415143148,0.06540104006749757,0.06540104006749754,-0.9005493089090538,-0.8488325271337727,-0.9083497905143537,-0.6750807673414829,-1.3046699908599295,-0.5520768893966107,-0.48205328198438235,-0.6713294381990715,-0.13157382889875557,-1.3507821862104692,-1.2409664023931584,0.5503863368836848,0.041654535569467
-0.6922076542466414,-0.4231798029760836,1.3954203730765178,1.3954203730765176,-1.012166423066714,-1.864879582939283,-1.324767267400878,-1.3968393760212348,-1.3046699908599295,-1.1674211851515772,-0.48205328198438235,-0.3923467234951289,0.6928817880382651,1.4471839053882183,-0.7411959385978738,0.5503863368836848,-0.8186953190947202
0.5044449906913313,-0.14030554042639748,1.3954203730765178,1.3954203730765176,-0.9261663515026151,-0.8731538001463901,-1.0471556161431952,-1.3968393760212348,-1.3046699908599295,-0.5520768893966107,-0.48205328198438235,-1.2292948676069566,-0.5438016373672659,-0.9708114824131165,-1.364671962738526,0.885612309053981,0.041654535569467
1.2737216910085998,0.3907107453766359,0.06540104006749757,0.06540104006749754,-0.6773150805937338,-0.06695690288880421,-0.6307381392566709,-0.6750807673414829,-0.4057153639132397,-0.2444047415191273,-0.48205328198438235,-1.5082775823108991,-1.3682572543042866,-0.729011943632983,-1.29539684894512,0.10695703388637642,0.041654535569467
-0.7776828431707824,-0.8509548657813344,0.06540104006749757,0.06540104006749754,-0.9499536053394935,-0.8870481082377739,-1.1859614417720366,-0.6750807673414829,-1.3046699908599295,-1.1674211851515772,-0.48205328198438235,0.44460142061669883,1.5173374049752855,1.6544406529140467,-0.5284223748038417,0.10695703388637642,-0.8186953190947202
0.24801942391890863,0.2845552629605909,0.06540104006749757,0.06540104006749754,0.42787732844276855,0.5101525409086222,1.034931768289426,1.070869606315068,0.12013938270035009,1.6016281457457726,1.4128092602512243,0.7235841353206415,-0.13157382889875557,-0.0036133272925826148,0.08020898209536656,0.10695703388637642,1.5124323266304773
1.957523202401727,1.2762634105718702,-1.2646182929415224,-1.2646182929415224,1.6858570986622974,1.6956459209662054,0.20209681451637745,0.23422754085689548,1.2190147058053171,-0.5520768893966107,1.4128092602512243,-1.2292948676069566,-1.7804850627727968,-1.2126110211932501,-1.1073643972201617,-0.9521767564069609,-0.8186953190947202
-0.7776828431707824,-2.119039910681912,1.3954203730765178,1.3954203730765176,-0.9353152952860299,-1.1741655882648891,-0.9083497905143537,-0.6750807673414829,-0.4057153639132397,-0.859749037274094,-0.48205328198438235,-0.3923467234951289,0.28065397956975463,-1.523496142481993,0.965940794168198,2.083554244724097,1.1255671642452045
-0.17935652070179586,3.1322644620484383,0.06540104006749757,0.06540104006749754,-0.9316557177726639,0.1419943010178172,-1.4635730930297193,-1.3968393760212348,-1.3046699908599295,-1.4750933330290608,-0.48205328198438235,-2.0662430117187847,-1.7804850627727968,-0.4181268223442399,0.17917343037166056,-1.4262108739540353,-2.2894731101557304
1.3591968799327403,2.031820995814783,-1.2646182929415224,-1.2646182929415224,2.5888578500853336,1.7382736011584903,0.7573201170317431,0.5587737238266683,1.54494875626063,-0.2444047415191273,3.3076718024868312,-0.6713294381990715,-1.3682572543042866,0.4454429590133795,0.6344098924426131,-1.4262108739540353,-2.2894731101557304
-1.3760091656397686,-1.3714607077807992,-1.2646182929415224,-1.2646182929415224,-0.9719110704196889,-1.4495837895323882,-1.0471556161431952,-0.6750807673414829,-1.3046699908599295,-0.859749037274094,-0.48205328198438235,-0.11336400879118629,0.6928817880382651,1.1708415753537798,-1.1024161748063468,-0.17352148123935618,-0.8186953190947202
-0.09388133177765497,-0.3625058773827546,1.3954203730765178,1.3954203730765176,-0.47237873984524326,0.08746345949770279,-0.2143206623701467,0.5587737238266683,0.12013938270035009,-0.5520768893966107,-0.48205328198438235,1.2815495647285267,1.5173374049752855,-0.038156118546887316,0.669047449339316,1.1482214525830776,1.5124323266304773
-0.8631580320949233,0.9445633590801508,-1.2646182929415224,-1.2646182929415224,1.231154592626584,1.1664026158778138,0.7573201170317431,0.5587737238266683,1.0190940096470398,0.6786117021133227,1.4128092602512243,-0.3923467234951289,-0.9560294458357763,1.5508122791511325,1.243041249341821,-1.0547274587736002,-0.8186953190947202
0.24801942391890863,0.4318448004442394,0.06540104006749757,0.06540104006749754,0.48277099114325706,0.49562399701943116,1.1737375939182673,1.637741372355351,0.49323926303345,0.6786117021133227,-0.48205328198438235,2.118497708840354,0.6928817880382651,0.4109001677590748,0.060416092440107545,0.04120754165501022,1.5124323266304773
-0.6067324653225005,-0.07905831789832828,1.3954203730765178,1.3954203730765176,-0.30586796298709473,0.1953021090226865,0.06329098888753605,1.070869606315068,-0.4057153639132397,-0.2444047415191273,-0.48205328198438235,1.5605322794324692,1.1051095965067754,0.7217852890478178,0.4859632200281719,1.1811748467168282,1.8395221608324077
0.33349461284304954,1.394840326573951,-1.2646182929415224,-1.2646182929415224,1.7068996693641514,1.1536818193718787,1.3125434195471086,0.5587737238266683,1.0190940096470398,1.909300293623256,2.521232791480213,-0.6713294381990715,-1.3682572543042866,-0.2108700748184113,-1.567549081704929,-1.1207930591923674,-0.8186953190947202
-1.119583598867346,0.6360818334454061,-1.2646182929415224,-1.2646182929415224,1.1360055772790707,0.6230594625325062,2.0065725476913157,1.637741372355351,0.7826380134765774,2.2169724415007392,3.917681290782164,1.8395149941364122,0.28065397956975463,-0.9017258999045069,-0.9292283903228322,-1.1763371733780685,-0.8186953190947202
-0.26483170962593683,0.3828279125239593,0.06540104006749757,0.06540104006749754,1.0948353302537042,0.6929278221974785,1.7289608964336327,1.79262821499482,0.12013938270035009,1.909300293623256,-0.48205328198438235,2.118497708840354,0.28065397956975463,-0.4181268223442399,-0.058341245491445065,0.2699078217579522,2.122860263027301
0.7608705574637541,0.6612113490848479,0.06540104006749757,0.06540104006749754,0.16072816996705774,0.330277707993088,0.8961259426605844,0.5587737238266683,0.7826380134765774,1.2939559978682893,-0.48205328198438235,-0.11336400879118629,-0.5438016373672659,0.030929463961722085,-1.0133481713576824,-0.7385604988411333,0.041654535569467
1.1027713131603178,0.621176113142163,-1.2646182929415224,-1.2646182929415224,1.3198993473257072,0.9691462255926242,1.3125434195471086,1.070869606315068,1.0190940096470398,1.2939559978682893,-0.48205328198438235,0.44460142061669883,-0.5438016373672659,0.9981276190822559,1.1341803562378978,-1.1207930591923674,-0.8186953190947202
0.33349461284304954,-0.3206552011467261,0.06540104006749757,0.06540104006749754,-0.4705489510885603,-0.012265344010173705,-0.07551483674130527,0.8331736116944044,-0.4057153639132397,-0.2444047415191273,-0.48205328198438235,1.0025668500245841,0.6928817880382651,0.859956454065037,-0.2315290299749597,0.10695703388637642,0.6520824719662904
1.1882465020844588,1.0964392720417202,0.06540104006749757,0.06540104006749754,0.16438774748042365,0.214040805894739,1.1737375939182673,0.23422754085689548,1.3921938899801396,1.2939559978682893,-0.48205328198438235,-0.9503121529030141,-1.3682572543042866,-1.2126110211932501,-0.587801043769618,0.04120754165501022,1.5124323266304773
-1.7179099213363322,0.3442259189181248,0.06540104006749757,0.06540104006749754,-0.5382511350858296,-0.05935472075981181,-0.2143206623701467,-0.16298488485308327,-0.4057153639132397,0.3709395542358393,-0.48205328198438235,-0.6713294381990715,-0.5438016373672659,0.9635848278279513,-0.9143837230813883,0.2307580320386946,0.6520824719662904
0.5899201796154723,-1.1760620025235424,1.3954203730765178,1.3954203730765176,-0.9353152952860299,-1.1741655882648891,-0.9083497905143537,-0.16298488485308327,-1.3046699908599295,-0.859749037274094,-0.48205328198438235,0.7235841353206415,1.5173374049752855,-0.3490412398356304,0.4018434389933222,1.3596464266010555,0.6520824719662904
0.33349461284304954,-0.23150752779463776,0.06540104006749757,0.06540104006749754,-0.21986789142299604,0.3280251426721705,0.06329098888753605,-0.16298488485308327,0.12013938270035009,0.6786117021133227,-0.48205328198438235,-0.6713294381990715,-0.5438016373672659,1.3780983228796087,-0.4096650368722887,0.4169691447109347,1.1255671642452045
-0.35030689855007774,-0.2752214190685718,1.3954203730765178,1.3954203730765176,-0.9591025491229083,-1.0093525082865913,-1.1859614417720366,-1.3968393760212348,-1.3046699908599295,-0.859749037274094,-0.48205328198438235,-0.3923467234951289,0.6928817880382651,0.4454429590133795,-1.6566170851535933,0.10695703388637642,-0.8186953190947202
-0.26483170962593683,-0.5510250194231298,1.3954203730765178,1.3954203730765176,-0.8529748012352971,-0.5089012512630978,-0.9083497905143537,-0.16298488485308327,-1.3046699908599295,-0.859749037274094,-0.48205328198438235,0.1656187059127562,0.6928817880382651,0.3418145852504652,-0.09297880238814797,0.5503863368836848,0.041654535569467
-1.2905339767156276,-0.6984578811404633,0.06540104006749757,0.06540104006749754,-0.9279961402592981,-0.6351404210107815,-1.1859614417720366,-1.3968393760212348,-0.4057153639132397,-1.1674211851515772,-0.48205328198438235,-1.2292948676069566,-0.5438016373672659,0.6526997065392083,-1.0182963937714973,0.10695703388637642,-0.8186953190947202
0.7608705574637541,1.4326779242667989,-1.2646182929415224,-1.2646182929415224,1.9365381583278616,1.0482177718879744,1.8677667220624738,0.5587737238266683,1.6815926404232675,1.909300293623256,-0.48205328198438235,-0.3923467234951289,-0.9560294458357763,-1.247153812447555,0.3919469941656925,-1.1669057793013276,-0.8186953190947202
0.9318209353120359,-0.24665212182068919,0.06540104006749757,0.06540104006749754,-0.31318711801382654,0.2790986699553716,-0.07551483674130527,0.8331736116944044,-0.4057153639132397,-0.2444047415191273,-0.48205328198438235,0.7235841353206415,0.28065397956975463,-0.4181268223442399,0.16927698554403087,0.10695703388637642,0.6520824719662904
0.07706904607062683,1.2195547887771605,0.06540104006749757,0.06540104006749754,0.9539415959891171,0.6597473130716586,1.5901550708047913,0.5587737238266683,1.3921938899801396,1.909300293623256,1.4128092602512243,-0.9503121529030141,-1.7804850627727968,-0.4526696135985448,-0.8945908334261294,-0.8762558788893728,0.041654535569467
-0.6922076542466414,-0.6727072938217197,1.3954203730765178,1.3954203730765176,-0.26469771596172836,0.35658536178211125,-0.07551483674130527,1.070869606315068,0.12013938270035009,-0.859749037274094,1.4128092602512243,1.8395149941364122,1.5173374049752855,-0.729011943632983,1.5349863717568883,0.5503863368836848,1.1255671642452045
-0.43578208747421865,-1.5986296181715705,0.06540104006749757,0.06540104006749754,-0.9481238165828105,-1.319541027659185,-0.9083497905143537,-0.16298488485308327,-1.3046699908599295,-0.859749037274094,-0.48205328198438235,0.44460142061669883,1.1051095965067754,-1.6271245162449075,-1.29539684894512,0.5503863368836848,0.041654535569467
0.5899201796154723,1.0019886020432858,0.06540104006749757,0.06540104006749754,1.887133861897422,1.2310326588987355,1.3125434195471086,0.8331736116944044,0.49323926303345,2.2169724415007392,-0.48205328198438235,1.0025668500245841,0.6928817880382651,-1.108982647430336,0.7234778958912774,0.2307580320386946,1.8395221608324077
-1.119583598867346,-1.2967887820308988,-1.2646182929415224,-1.2646182929415224,-0.9334855065293469,-1.1547279476808872,-0.9083497905143537,-0.16298488485308327,-1.3046699908599295,-0.859749037274094,-0.48205328198438235,0.1656187059127562,0.6928817880382651,1.2744699491166942,-1.394361297221414,-0.3670770836606983,-0.8186953190947202
-0.5212572763983596,-0.3034562931045225,0.06540104006749757,0.06540104006749754,-0.7285491657808564,-0.2472738601482229,-0.6307381392566709,-0.16298488485308327,-0.4057153639132397,-0.5520768893966107,-0.48205328198438235,-0.3923467234951289,-0.13157382889875557,0.1691006289789413,-0.3799757023894007,-0.6169507842366649,-0.8186953190947202
-1.119583598867346,-2.1639481705698875,-1.2646182929415224,-1.2646182929415224,-0.6050384247047572,1.8300728499623398,-1.4635730930297193,-1.3968393760212348,-1.3046699908599295,-1.4750933330290608,-0.48205328198438235,2.397480423544297,4.815159872723369,-1.6271245162449075,-0.7659370506669472,-1.4262108739540353,-2.2894731101557304
2.042998391325868,0.943512314699794,-1.2646182929415224,-1.2646182929415224,1.1488140985758513,1.2648193853602459,0.4797084657740603,1.2805323325064204,0.49323926303345,-0.2444047415191273,1.4128092602512243,0.7235841353206415,-0.5438016373672659,-1.5925817249906027,-0.6422314903215798,-1.009673071062123,-0.8186953190947202
-0.8631580320949233,-1.1757753540561724,0.06540104006749757,0.06540104006749754,-0.8548045899919801,-0.5203828658535669,-0.9083497905143537,-0.6750807673414829,0.12013938270035009,-1.1674211851515772,-0.48205328198438235,-0.11336400879118629,0.6928817880382651,1.2053843666080846,-1.1865359558411968,0.5503863368836848,0.041654535569467
-0.008406142853514067,-0.14823614802363577,1.3954203730765178,1.3954203730765176,-0.46140000730514563,0.006694547518918995,-0.07551483674130527,0.8331736116944044,-0.4057153639132397,-0.2444047415191273,-0.48205328198438235,1.5605322794324692,1.5173374049752855,-1.4198677687190788,1.0401641303754183,0.9669241397755971,1.5124323266304773
0.5899201796154723,0.935390608124309,0.06540104006749757,0.06540104006749754,1.3244738192174146,1.21541450325264,0.7573201170317431,1.070869606315068,0.7826380134765774,0.3709395542358393,2.521232791480213,0.44460142061669883,-0.5438016373672659,-1.5580389337362979,-0.34533814549269765,-0.3670770836606983,0.6520824719662904
1.7865728245534451,1.862602850577325,-1.2646182929415224,-1.2646182929415224,1.25951631835517,0.7353588389510892,1.8677667220624738,0.23422754085689548,1.6815926404232675,2.2169724415007392,-0.48205328198438235,-1.2292948676069566,-1.7804850627727968,0.2727290027418556,-0.09297880238814797,-1.1669057793013276,-0.8186953190947202
-0.7776828431707824,1.7314611767555232,0.06540104006749757,0.06540104006749754,0.42238796217271973,0.5674412266765592,0.8961259426605844,0.8331736116944044,1.0190940096470398,0.6786117021133227,3.3076718024868312,1.5605322794324692,1.5173374049752855,-0.8671831086502021,1.6141579303779234,-1.0737864710114289,-0.8186953190947202
-0.5212572763983596,0.004451935595482027,0.06540104006749757,0.06540104006749754,-0.4705489510885603,0.0913025439861797,-0.2143206623701467,0.5587737238266683,0.12013938270035009,-0.5520768893966107,-0.48205328198438235,0.1656187059127562,-0.13157382889875557,0.06547225521602688,-0.340389923078883,-0.2784207631899799,0.041654535569467
-1.119583598867346,0.9554082260956512,-1.2646182929415224,-1.2646182929415224,0.9466224409623853,1.1468249168916251,0.4797084657740603,-0.6750807673414829,1.54494875626063,0.06326740635835588,-0.48205328198438235,-1.7872602970148417,-1.7804850627727968,-0.6944691523786782,0.3127754355446575,-1.009673071062123,-0.8186953190947202
-1.205058787791487,-0.7633837589997815,-1.2646182929415224,-1.2646182929415224,-0.8035705048048575,-0.4146367819633805,-0.7695439648855122,-0.16298488485308327,-0.4057153639132397,-0.859749037274094,-0.48205328198438235,-0.11336400879118629,0.28065397956975463,-1.247153812447555,-1.4042577420490436,-0.5087474534096523,-0.8186953190947202
1.4446720688568817,-0.5640197499439058,0.06540104006749757,0.06540104006749754,-0.9810600142031037,-1.364428325915789,-1.1859614417720366,-1.3968393760212348,-1.3046699908599295,-0.859749037274094,-0.48205328198438235,-0.6713294381990715,0.28065397956975463,-0.9017258999045069,-0.4838883730795093,0.10695703388637642,-0.8186953190947202
-1.119583598867346,-0.5826041255783979,0.06540104006749757,0.06540104006749754,-0.49250641616875573,0.04442609998406289,-0.2143206623701467,1.070869606315068,-0.4057153639132397,-0.859749037274094,-0.48205328198438235,1.8395149941364122,1.5173374049752855,-0.4526696135985448,1.6636401545160706,0.2307580320386946,0.6520824719662904
0.5899201796154723,-0.08254587425133067,0.06540104006749757,0.06540104006749754,-0.4540808522784138,0.021655514551447794,-0.07551483674130527,0.5587737238266683,-0.4057153639132397,0.06326740635835588,1.4128092602512243,0.44460142061669883,0.28065397956975463,1.3435555316253038,-1.597238416187817,-0.8762558788893728,-0.8186953190947202
-0.6922076542466414,-0.4104717209226777,0.06540104006749757,0.06540104006749754,-0.23267641271977674,0.30913985035409736,0.06329098888753605,0.5587737238266683,0.12013938270035009,0.06326740635835588,-0.48205328198438235,0.1656187059127562,-0.13157382889875557,-1.6271245162449075,1.144076801065527,0.00043134181902221833,0.6520824719662904
1.7010976356293042,0.52505332708407,1.3954203730765178,1.3954203730765176,1.1158779009555582,1.17255770143056,0.6185142914029016,-0.16298488485308327,0.7826380134765774,1.2939559978682893,1.4128092602512243,0.44460142061669883,1.1051095965067754,-1.5925817249906027,1.3964361441700768,2.0022424140024806,2.9832101176914887
-1.8033851102604728,-1.573022355086512,-1.2646182929415224,-1.2646182929415224,-0.8840812100989073,-0.5089012512630978,-1.0471556161431952,-1.3968393760212348,-1.3046699908599295,-0.5520768893966107,-0.48205328198438235,-0.6713294381990715,0.28065397956975463,-1.1780682299389453,0.7135814510636482,-0.17352148123935618,-0.8186953190947202
-1.119583598867346,-1.3132232941601156,0.06540104006749757,0.06540104006749754,-0.9956983242565675,-1.364428325915789,-1.324767267400878,-1.3968393760212348,-1.3046699908599295,-1.1674211851515772,-0.48205328198438235,0.1656187059127562,1.5173374049752855,0.3072717939961604,0.5552383338215777,0.5503863368836848,-0.8186953190947202
-0.5212572763983596,-0.8888880129633054,0.06540104006749757,0.06540104006749754,-0.8346769136684676,-0.39960292169782,-0.9083497905143537,-0.6750807673414829,-0.4057153639132397,-0.859749037274094,-0.48205328198438235,-0.3923467234951289,0.28065397956975463,-1.3162393949561644,0.6937885614083892,0.5503863368836848,0.041654535569467
0.846345746387895,-1.1928309378646909,0.06540104006749757,0.06540104006749754,-0.9847195917164695,-1.4349769365943694,-1.1859614417720366,-1.3968393760212348,-1.3046699908599295,-0.859749037274094,-0.48205328198438235,-0.6713294381990715,0.28065397956975463,-0.7635547348872878,0.7432707855465365,0.10695703388637642,-0.8186953190947202
-1.205058787791487,-0.08144705512641207,-1.2646182929415224,-1.2646182929415224,-0.28939986417694824,0.1332920463932156,0.20209681451637745,0.5587737238266683,0.12013938270035009,0.3709395542358393,-0.48205328198438235,0.1656187059127562,-0.13157382889875557,-0.5908407786157639,0.10000187175062517,-0.5087474534096523,0.041654535569467
-0.6067324653225005,0.4875979273477158,0.06540104006749757,0.06540104006749754,0.42421775092940267,0.448430112519413,1.1737375939182673,1.637741372355351,0.7826380134765774,0.3709395542358393,1.4128092602512243,1.8395149941364122,0.28065397956975463,-1.2816966037018593,-0.25627014204403314,-0.5087474534096523,0.6520824719662904
0.5899201796154723,1.6167540150629385,-1.2646182929415224,-1.2646182929415224,1.3628993831077565,1.1692372229126753,0.8961259426605844,0.23422754085689548,1.2190147058053171,0.986283849990806,-0.48205328198438235,-1.2292948676069566,-1.7804850627727968,1.3435555316253038,0.33751654761373107,-1.0737864710114289,-0.8186953190947202
1.1027713131603178,1.179424003345352,-1.2646182929415224,-1.2646182929415224,1.642857062880248,1.1249862303927494,1.3125434195471086,0.23422754085689548,1.54494875626063,1.2939559978682893,-0.48205328198438235,-0.9503121529030141,-1.3682572543042866,1.4471839053882183,0.5057561096834309,-1.1207930591923674,-0.8186953190947202
-2.059810677032896,0.8914856178721283,-1.2646182929415224,-1.2646182929415224,1.1250268447389729,1.2515090608614734,0.4797084657740603,0.8331736116944044,1.2190147058053171,-0.5520768893966107,-0.48205328198438235,-0.3923467234951289,-1.3682572543042866,-1.2816966037018593,-0.5086294851485827,-1.009673071062123,-0.8186953190947202
-1.5469595434880503,-1.6065602257688087,0.06540104006749757,0.06540104006749754,-0.9883791692298355,-1.1939142442639035,-1.324767267400878,-2.6306938671893865,-0.4057153639132397,-1.1674211851515772,-0.48205328198438235,-0.3923467234951289,1.1051095965067754,-0.9708114824131165,1.208403692445118,0.5503863368836848,-0.8186953190947202
0.33349461284304954,0.8257475693552615,0.06540104006749757,0.06540104006749754,-0.6242512066499282,-0.169350980077636,-0.353126487998988,0.23422754085689548,-0.4057153639132397,-0.2444047415191273,-0.48205328198438235,-0.3923467234951289,-0.5438016373672659,-0.9017258999045069,-0.9935552817024235,-0.7713565969387493,-0.8186953190947202
-1.119583598867346,0.8243143270184112,-1.2646182929415224,-1.2646182929415224,1.7993040015766404,1.3725360023854098,0.8961259426605844,0.8331736116944044,1.2190147058053171,0.3709395542358393,1.4128092602512243,0.1656187059127562,-0.5438016373672659,-1.3507821862104692,1.2034554700313034,-1.0737864710114289,-0.8186953190947202
0.5899201796154723,0.8490616447013596,0.06540104006749757,0.06540104006749754,0.2970474323399376,0.3392570572164045,1.1737375939182673,1.2805323325064204,0.12013938270035009,1.6016281457457726,-0.48205328198438235,1.0025668500245841,-0.13157382889875557,-0.4872124048528495,0.570083001063022,-0.8011647543473774,0.041654535569467
-0.7776828431707824,-0.6554128362903928,0.06540104006749757,0.06540104006749754,-0.8511450124786142,-0.49752545951043003,-0.9083497905143537,-0.16298488485308327,-0.4057153639132397,-1.1674211851515772,1.4128092602512243,0.44460142061669883,1.1051095965067754,0.687242497793513,0.3919469941656925,0.5503863368836848,0.041654535569467
1.957523202401727,0.49227985231476,-1.2646182929415224,-1.2646182929415224,0.12047281732003276,0.3542213222393484,0.7573201170317431,0.8331736116944044,0.12013938270035009,1.2939559978682893,-0.48205328198438235,0.1656187059127562,-0.5438016373672659,0.6526997065392083,-1.4438435213595613,-1.0547274587736002,-0.8186953190947202
0.5044449906913313,1.3778325175099944,-1.2646182929415224,-1.2646182929415224,1.4662824478603431,1.2863556293321903,0.7573201170317431,0.5587737238266683,1.54494875626063,-0.2444047415191273,-0.48205328198438235,-0.6713294381990715,-1.3682572543042866,1.2399271578623894,-0.850056831701797,-1.0547274587736002,-0.8186953190947202
-0.17935652070179586,-0.8856871050776731,1.3954203730765178,1.3954203730765176,-0.7999109272914915,-0.3966179996433961,-0.7695439648855122,-0.6750807673414829,-0.4057153639132397,-0.5520768893966107,-0.48205328198438235,-0.3923467234951289,0.28065397956975463,-0.5217551961071544,-0.4245097041137329,1.0244204544307594,0.6520824719662904
0.07706904607062683,0.3200518981699165,1.3954203730765178,1.3954203730765176,0.03264295699925116,0.4011183426348331,0.4797084657740603,1.2805323325064204,0.12013938270035009,0.06326740635835588,-0.48205328198438235,1.5605322794324692,0.6928817880382651,0.20364342023324608,1.4211772562391505,0.7618113109016623,1.8395221608324077
-1.974335488108755,-1.6529495027381966,0.06540104006749757,0.06540104006749754,-0.9261663515026151,-0.8731538001463901,-1.0471556161431952,-0.6750807673414829,-0.4057153639132397,-1.1674211851515772,1.4128092602512243,0.1656187059127562,1.1051095965067754,-1.3507821862104692,-0.6719208248044679,0.885612309053981,0.041654535569467
-0.43578208747421865,0.05633530818946263,1.3954203730765178,1.3954203730765176,-0.22169768017967895,0.2365562910295813,0.20209681451637745,0.8331736116944044,-0.4057153639132397,0.3709395542358393,-0.48205328198438235,1.2815495647285267,1.1051095965067754,-0.6599263611243734,0.20391454244073376,1.6792747314460454,2.372782181294665
1.6156224467051634,0.016634495458709528,-1.2646182929415224,-1.2646182929415224,0.6291540916778933,0.3492603274163904,1.8677667220624738,1.2805323325064204,1.3921938899801396,1.6016281457457726,-0.48205328198438235,1.2815495647285267,0.28065397956975463,-0.4526696135985448,1.703225933826588,-1.1669057793013276,-0.8186953190947202
-0.6922076542466414,0.3700720557259917,0.06540104006749757,0.06540104006749754,0.41872838465935386,1.2268390142937255,-0.2143206623701467,-0.6750807673414829,0.12013938270035009,0.3709395542358393,1.4128092602512243,0.1656187059127562,1.1051095965067754,-1.2126110211932501,-0.07318591273288917,0.7047921495857696,1.1255671642452045
0.9318209353120359,1.1131126578937451,0.06540104006749757,0.06540104006749754,0.8661117356683354,1.1749997133855554,0.3409026401452189,0.8331736116944044,0.49323926303345,0.06326740635835588,-0.48205328198438235,-0.11336400879118629,-0.9560294458357763,1.0326704103365607,1.5300381493430737,-0.9827815709567269,-0.8186953190947202
-0.6067324653225005,-0.23074313188165096,0.06540104006749757,0.06540104006749754,-0.28025092039353344,0.1477619034192289,0.20209681451637745,0.8331736116944044,0.49323926303345,-0.2444047415191273,-0.48205328198438235,0.7235841353206415,0.28065397956975463,0.10001504647033169,-0.5927492661834328,-0.09220965051774017,0.6520824719662904
-0.35030689855007774,-0.6632956691430694,0.06540104006749757,0.06540104006749754,-0.9847195917164695,-1.4349769365943694,-1.1859614417720366,-1.3968393760212348,-1.3046699908599295,-0.859749037274094,-0.48205328198438235,-0.11336400879118629,1.1051095965067754,1.6544406529140467,-0.6818172696320973,0.10695703388637642,-0.8186953190947202
0.07706904607062683,-0.5025814284375899,0.06540104006749757,0.06540104006749754,-0.6974427569172462,-0.27375121535559344,-0.4919323136278294,0.23422754085689548,-0.4057153639132397,-0.5520768893966107,-0.48205328198438235,0.44460142061669883,0.6928817880382651,-0.8671831086502021,-0.835212164460353,0.5503863368836848,0.6520824719662904
0.9318209353120359,0.7363132475358033,0.06540104006749757,0.06540104006749754,-0.5803362764895375,-0.05029348166149971,-0.353126487998988,-0.16298488485308327,0.12013938270035009,-0.2444047415191273,-0.48205328198438235,-1.2292948676069566,-1.3682572543042866,-1.696210098753517,-1.5180668575667817,-0.7713565969387493,-0.8186953190947202
-0.5212572763983596,0.2619578087829179,0.06540104006749757,0.06540104006749754,-0.6059533190830987,-0.1183410485907817,-0.353126487998988,0.23422754085689548,-0.4057153639132397,-0.2444047415191273,-0.48205328198438235,-0.11336400879118629,-0.13157382889875557,1.6198978616597417,-1.448791743773376,-0.17352148123935618,0.041654535569467
0.7608705574637541,-0.06362707540490677,1.3954203730765178,1.3954203730765176,-0.8731024775588095,-0.641486268757952,-0.9083497905143537,-0.6750807673414829,-1.3046699908599295,-0.5520768893966107,-0.48205328198438235,-0.3923467234951289,0.28065397956975463,1.3780983228796087,-0.8302639420465383,0.5503863368836848,0.041654535569467
0.33349461284304954,-0.767444612287524,2.7254397060855378,2.7254397060855378,-0.9755706479330547,-1.2656344399074781,-1.1859614417720366,-1.3968393760212348,-1.3046699908599295,-0.859749037274094,-0.48205328198438235,-0.11336400879118629,1.1051095965067754,1.5508122791511325,0.3226718803722868,1.3596464266010555,0.041654535569467
0.7608705574637541,-0.05942289788347927,0.06540104006749757,0.06540104006749754,-0.13752739737226324,0.19399709376998212,0.4797084657740603,0.23422754085689548,1.0190940096470398,0.3709395542358393,1.4128092602512243,0.1656187059127562,0.28065397956975463,1.6889834441683516,1.3815914769286326,0.7618113109016623,1.8395221608324077
-0.008406142853514067,0.20959668874332063,0.06540104006749757,0.06540104006749754,0.7371116283221874,0.572155665092302,1.45134924517595,1.2805323325064204,0.7826380134765774,1.6016281457457726,-0.48205328198438235,1.2815495647285267,0.28065397956975463,0.7908708715564273,0.6393581148564278,-0.07465978272297287,1.5124323266304773
0.7608705574637541,-0.14097438685026098,0.06540104006749757,0.06540104006749754,-0.36076162568758324,0.10245649798698739,0.06329098888753605,1.070869606315068,0.12013938270035009,-0.5520768893966107,-0.48205328198438235,1.5605322794324692,1.1051095965067754,-1.6616673074992123,1.089646354513565,0.4169691447109347,1.1255671642452045
-0.5212572763983596,0.20964446348788232,2.7254397060855378,2.7254397060855378,-0.31501690677050953,0.09185001113551829,0.20209681451637745,0.23422754085689548,0.12013938270035009,0.6786117021133227,-0.48205328198438235,-0.11336400879118629,-0.13157382889875557,-0.7980975261415926,-0.8550050541156118,1.0244204544307594,1.8395221608324077
-1.3760091656397686,-1.457120824779885,0.06540104006749757,0.06540104006749754,-0.9151876189625174,-0.7672948423690338,-1.0471556161431952,-0.6750807673414829,-0.4057153639132397,-1.1674211851515772,1.4128092602512243,-0.3923467234951289,0.28065397956975463,-1.523496142481993,-0.2018396954920714,0.885612309053981,0.041654535569467
-0.17935652070179586,0.2658753378369755,0.06540104006749757,0.06540104006749754,-0.45042127476504795,0.029068537843810794,-0.07551483674130527,0.5587737238266683,-0.4057153639132397,0.06326740635835588,1.4128092602512243,0.7235841353206415,0.6928817880382651,-0.9362686911588117,0.07526075968155196,0.10695703388637642,0.6520824719662904
-0.09388133177765497,-0.022612457198707574,0.06540104006749757,0.06540104006749754,-0.45957021854846264,0.010451824904270995,-0.07551483674130527,0.23422754085689548,0.12013938270035009,0.06326740635835588,-0.48205328198438235,-0.11336400879118629,-0.13157382889875557,-0.3490412398356304,0.4958596648558011,-0.3670770836606983,0.041654535569467
1.1882465020844588,-0.2610800946783155,0.06540104006749757,0.06540104006749754,-0.633400150433343,-0.07095776431077551,-0.4919323136278294,0.23422754085689548,0.12013938270035009,-0.859749037274094,-0.48205328198438235,0.44460142061669883,0.6928817880382651,0.2381862114875508,-1.4784810782562643,-0.7023030558309941,-0.8186953190947202
1.1027713131603178,0.11882467407613542,1.3954203730765178,1.3954203730765176,-0.7157406444840758,-0.199665464217198,-0.6307381392566709,-0.16298488485308327,-0.4057153639132397,-0.5520768893966107,-0.48205328198438235,-0.11336400879118629,0.28065397956975463,0.859956454065037,0.03567498037103415,1.3596464266010555,1.1255671642452045
0.9318209353120359,-0.022612457198707574,1.3954203730765178,1.3954203730765176,-0.9572727603662253,-0.9839028506139886,-1.1859614417720366,-1.3968393760212348,-1.3046699908599295,-0.859749037274094,-0.48205328198438235,-0.9503121529030141,-0.13157382889875557,1.309012740370999,1.5349863717568883,0.10695703388637642,-0.8186953190947202
0.41896980176719045,-0.022612457198707574,1.3954203730765178,1.3954203730765176,-1.0011876905266162,-1.5098037653100853,-1.324767267400878,-1.3968393760212348,-1.3046699908599295,-1.1674211851515772,-0.48205328198438235,-0.3923467234951289,0.6928817880382651,-0.0036133272925826148,-0.919331945495203,0.5503863368836848,-0.8186953190947202
-0.35030689855007774,-1.479097207278256,0.06540104006749757,0.06540104006749754,-0.9572727603662253,-1.2343855640425856,-1.0471556161431952,-0.6750807673414829,-1.3046699908599295,-0.859749037274094,-0.48205328198438235,0.44460142061669883,1.5173374049752855,-0.8671831086502021,1.3716950321010033,-0.17352148123935618,-0.8186953190947202
1.7865728245534451,1.934360516908963,-1.2646182929415224,-1.2646182929415224,2.1826447461017184,1.4644735015696244,1.034931768289426,0.5587737238266683,1.8052020693197453,-0.2444047415191273,2.521232791480213,-0.9503121529030141,-1.7804850627727968,-1.385324977464774,-0.934176612736647,-1.4262108739540353,-2.2894731101557304
-0.26483170962593683,-0.022612457198707574,0.06540104006749757,0.06540104006749754,-0.9627621266362743,-1.0618823366451877,-1.1859614417720366,-1.3968393760212348,-1.3046699908599295,-0.859749037274094,-0.48205328198438235,-0.3923467234951289,0.6928817880382651,-1.108982647430336,-1.1617948437721233,0.10695703388637642,-0.8186953190947202
-0.6067324653225005,-1.1918754429734577,1.3954203730765178,1.3954203730765176,-0.9993579017699331,-1.7660856969309724,-1.1859614417720366,-1.3968393760212348,-1.3046699908599295,-0.859749037274094,-0.48205328198438235,-0.3923467234951289,0.6928817880382651,-1.3507821862104692,-0.2018396954920714,1.3596464266010555,0.041654535569467
-0.9486332210190641,-0.3292068804232661,1.3954203730765178,1.3954203730765176,-0.9645919153929571,-1.0890101246482897,-1.1859614417720366,-1.3968393760212348,-1.3046699908599295,-0.859749037274094,-0.48205328198438235,-0.11336400879118629,1.1051095965067754,-0.4872124048528495,1.0203712407201595,0.10695703388637642,-0.8186953190947202
-0.8631580320949233,1.129977142724017,-1.2646182929415224,-1.2646182929415224,1.5733250901262958,1.2089909469339648,1.034931768289426,1.2805323325064204,1.2190147058053171,0.06326740635835588,-0.48205328198438235,0.44460142061669883,-0.9560294458357763,0.2381862114875508,-1.46363641101482,-1.0909849017837394,-0.8186953190947202
-0.26483170962593683,0.09106754748580143,1.3954203730765178,1.3954203730765176,-0.44493190849499903,0.1438323723447763,-0.2143206623701467,0.23422754085689548,0.7826380134765774,-0.859749037274094,-0.48205328198438235,-0.11336400879118629,-0.13157382889875557,-1.4544105599733836,-0.45914726101043574,1.5647592554749898,1.8395221608324077
-0.35030689855007774,-1.3937237387465402,0.06540104006749757,0.06540104006749754,-0.8657833225320778,-0.7697125995925781,-0.7695439648855122,-0.6750807673414829,-0.4057153639132397,-0.5520768893966107,-0.48205328198438235,-0.9503121529030141,-0.5438016373672659,0.06547225521602688,-0.41956148169991825,1.0244204544307594,0.6520824719662904
-0.26483170962593683,-0.6195340031245737,0.06540104006749757,0.06540104006749754,-0.9627621266362743,-1.0618823366451877,-1.1859614417720366,-1.3968393760212348,-1.3046699908599295,-0.859749037274094,-0.48205328198438235,-0.3923467234951289,0.6928817880382651,-1.108982647430336,-1.1617948437721233,0.10695703388637642,-0.8186953190947202
-0.5212572763983596,-0.4871501859441684,1.3954203730765178,1.3954203730765176,-0.9078684639357857,-0.44216799035508725,-1.1859614417720366,-1.3968393760212348,-0.4057153639132397,-1.1674211851515772,-0.48205328198438235,-1.2292948676069566,-0.5438016373672659,-0.6599263611243734,1.2034554700313034,1.3596464266010555,0.041654535569467
-0.26483170962593683,-1.0540930796575825,0.06540104006749757,0.06540104006749754,-1.003017479283299,-2.089912638695277,-1.0471556161431952,-0.6750807673414829,-1.3046699908599295,-0.859749037274094,-0.48205328198438235,-0.6713294381990715,-0.13157382889875557,-0.9708114824131165,-1.527963302394411,0.885612309053981,0.041654535569467
1.1027713131603178,0.5761723037650639,1.3954203730765178,1.3954203730765176,0.40409007460589025,0.43178128700619306,1.1737375939182673,0.8331736116944044,0.49323926303345,1.909300293623256,-0.48205328198438235,0.44460142061669883,-0.13157382889875557,-1.6271245162449075,-0.09792702480196257,-0.8011647543473774,0.041654535569467
-0.43578208747421865,-0.5665518114056747,1.3954203730765178,1.3954203730765176,-1.012166423066714,-1.864879582939283,-1.324767267400878,-1.3968393760212348,-1.3046699908599295,-1.1674211851515772,-0.48205328198438235,-0.6713294381990715,0.28065397956975463,1.2399271578623894,-1.562600859291114,0.5503863368836848,-0.8186953190947202
-0.26483170962593683,-1.1989461051685857,0.06540104006749757,0.06540104006749754,-0.9316557177726639,-1.135591678034275,-0.9083497905143537,-0.6750807673414829,-0.4057153639132397,-0.859749037274094,-0.48205328198438235,-0.3923467234951289,0.28065397956975463,0.5490713327762939,-1.0479857282543852,0.5503863368836848,0.041654535569467
0.07706904607062683,0.5726369726674998,0.06540104006749757,0.06540104006749754,0.6136008872460882,0.5949742841857677,1.1737375939182673,1.4680820320250476,0.49323926303345,0.986283849990806,-0.48205328198438235,1.5605322794324692,0.28065397956975463,0.5145285415219891,0.3968952165795071,-1.1065825691090452,-0.8186953190947202
-0.008406142853514067,-0.03897530721108177,1.3954203730765178,1.3954203730765176,-0.27659134288016757,0.3380246410701287,-0.07551483674130527,0.8331736116944044,0.12013938270035009,-0.5520768893966107,-0.48205328198438235,1.0025668500245841,0.6928817880382651,-1.3162393949561644,1.0500605752030476,-0.3670770836606983,0.041654535569467
0.6753953685396131,0.4151236398476526,1.3954203730765178,1.3954203730765176,-0.5108043037355853,0.003954780205380895,-0.2143206623701467,0.5587737238266683,-0.4057153639132397,-0.2444047415191273,-0.48205328198438235,0.44460142061669883,0.28065397956975463,1.4817266966425229,1.5795203734812204,0.7047921495857696,1.1255671642452045
-0.26483170962593683,0.6607336016392311,0.06540104006749757,0.06540104006749754,0.36749429947223117,0.4595796888089755,1.034931768289426,1.4680820320250476,0.12013938270035009,0.986283849990806,-0.48205328198438235,1.2815495647285267,-0.13157382889875557,0.1691006289789413,-1.29539684894512,-1.0909849017837394,-0.8186953190947202
1.3591968799327403,-0.6754782290062968,0.06540104006749757,0.06540104006749754,-0.6956129681605633,-0.1283757759612971,-0.6307381392566709,0.23422754085689548,-0.4057153639132397,-0.859749037274094,-0.48205328198438235,0.44460142061669883,0.6928817880382651,-1.5580389337362979,-1.4092059644628583,0.10695703388637642,0.041654535569467
1.0172961242361769,-0.7161823113728452,0.06540104006749757,0.06540104006749754,-0.39186803455119346,0.2460124461229378,-0.2143206623701467,0.5587737238266683,0.12013938270035009,-0.5520768893966107,-0.48205328198438235,1.0025668500245841,1.1051095965067754,0.13455783772463648,1.638899042446997,0.2307580320386946,0.6520824719662904
-0.09388133177765497,-0.3508488397097055,0.06540104006749757,0.06540104006749754,0.29064317169154724,0.3920640097017384,1.034931768289426,1.2805323325064204,0.7826380134765774,0.6786117021133227,-0.48205328198438235,1.8395149941364122,1.1051095965067754,-0.3490412398356304,1.342005697618115,0.37643351382530593,1.8395221608324077
0.16254423499476775,-0.712217007574226,1.3954203730765178,1.3954203730765176,-0.7724640959412472,-0.26926134256908413,-0.7695439648855122,-0.16298488485308327,-1.3046699908599295,-0.5520768893966107,-0.48205328198438235,0.7235841353206415,1.5173374049752855,-0.0036133272925826148,1.6685883769298853,1.6792747314460454,1.1255671642452045
1.5301472577810225,-0.21512079040998278,0.06540104006749757,0.06540104006749754,-0.45591064103509676,0.017932239728175297,-0.07551483674130527,0.8331736116944044,-0.4057153639132397,-0.2444047415191273,-0.48205328198438235,1.0025668500245841,0.6928817880382651,0.7217852890478178,0.4463774407176543,0.5503863368836848,1.1255671642452045
1.3591968799327403,0.7277137935147014,0.06540104006749757,0.06540104006749754,0.395856025200817,0.48359187048391505,1.034931768289426,1.070869606315068,1.0190940096470398,0.6786117021133227,-0.48205328198438235,0.44460142061669883,-0.5438016373672659,-0.3144984485813256,-0.7906781627360208,-0.7713565969387493,0.041654535569467
1.6156224467051634,0.24795980862634673,0.06540104006749757,0.06540104006749754,-0.20888915888289836,0.1726360121572013,0.3409026401452189,0.23422754085689548,0.12013938270035009,0.986283849990806,-0.48205328198438235,-0.6713294381990715,-0.9560294458357763,-0.3144984485813256,1.5102452596878146,-0.17352148123935618,0.6520824719662904
1.3591968799327403,-0.7117392601286093,1.3954203730765178,1.3954203730765176,-0.7614853634011496,-0.2217837712359825,-0.7695439648855122,-0.16298488485308327,0.12013938270035009,-1.1674211851515772,-0.48205328198438235,0.7235841353206415,1.5173374049752855,-0.2108700748184113,1.5201417045154444,1.6792747314460454,1.1255671642452045
-0.6922076542466414,0.8376912554956806,0.06540104006749757,0.06540104006749754,0.41872838465935386,0.4439117499336694,1.1737375939182673,1.070869606315068,0.12013938270035009,1.909300293623256,-0.48205328198438235,0.44460142061669883,-0.5438016373672659,-1.108982647430336,1.4112808114115207,-1.1065825691090452,-0.8186953190947202
-0.26483170962593683,1.351030885810894,0.06540104006749757,0.06540104006749754,2.052729744377229,1.8501545107372885,0.20209681451637745,0.5587737238266683,0.49323926303345,0.06326740635835588,3.3076718024868312,0.44460142061669883,0.28065397956975463,-0.3144984485813256,0.253396766578881,-0.5087474534096523,0.041654535569467
-0.008406142853514067,-0.4162524650146406,1.3954203730765178,1.3954203730765176,-1.003017479283299,-1.5623335936686813,-1.324767267400878,-1.3968393760212348,-1.3046699908599295,-1.1674211851515772,-0.48205328198438235,-0.3923467234951289,0.6928817880382651,1.2053843666080846,-1.1024161748063468,0.5503863368836848,-0.8186953190947202
2.128473580250009,1.3727683945864566,-1.2646182929415224,-1.2646182929415224,1.329048291109122,1.0896043163069946,1.034931768289426,0.5587737238266683,1.8052020693197453,-0.2444047415191273,1.4128092602512243,-0.9503121529030141,-1.7804850627727968,-0.8326403173958974,-0.9688141696333499,-1.0909849017837394,-0.8186953190947202
-1.8033851102604728,-0.8333259850380758,0.06540104006749757,0.06540104006749754,-0.6571874042702214,-0.0027489925660163046,-0.6307381392566709,0.5587737238266683,-1.3046699908599295,-0.859749037274094,-0.48205328198438235,1.2815495647285267,1.5173374049752855,0.4454429590133795,0.7284261183050921,0.7618113109016623,0.6520824719662904
-0.8631580320949233,0.2714649829506916,0.06540104006749757,0.06540104006749754,-0.042378382024749736,0.3915131216461983,0.3409026401452189,0.23422754085689548,0.49323926303345,0.6786117021133227,-0.48205328198438235,-0.3923467234951289,-0.5438016373672659,1.1708415753537798,0.14948409588877237,0.19796193394107872,1.1255671642452045
0.24801942391890863,-1.396016926485501,-1.2646182929415224,-1.2646182929415224,-0.8639535337753949,-0.3665771475834391,-1.0471556161431952,-0.6750807673414829,-0.4057153639132397,-1.1674211851515772,-0.48205328198438235,0.1656187059127562,1.1051095965067754,-0.0726989098011921,0.866976345891904,-0.17352148123935618,-0.8186953190947202
1.7865728245534451,-0.025789477712059073,-1.2646182929415224,-1.2646182929415224,-0.633400150433343,-0.07095776431077551,-0.4919323136278294,-0.6750807673414829,0.12013938270035009,-0.2444047415191273,-0.48205328198438235,-1.5082775823108991,-1.3682572543042866,-0.14178449230980172,-1.1271572868754205,-0.7023030558309941,-0.8186953190947202
-0.26483170962593683,-0.75621754731553,2.7254397060855378,2.7254397060855378,-0.9279961402592981,-0.8917145208583727,-1.0471556161431952,-0.6750807673414829,-1.3046699908599295,-0.859749037274094,-0.48205328198438235,-0.3923467234951289,0.28065397956975463,-0.5217551961071544,-1.231069957565529,0.885612309053981,0.041654535569467
-0.35030689855007774,-1.3002285636393396,1.3954203730765178,1.3954203730765176,-0.9591025491229083,-1.4594186197985801,-0.9083497905143537,-0.6750807673414829,-1.3046699908599295,-0.5520768893966107,-0.48205328198438235,-0.3923467234951289,0.28065397956975463,-1.5925817249906027,-0.998503504116238,1.3596464266010555,0.6520824719662904
-0.26483170962593683,-0.8253953774408376,2.7254397060855378,2.7254397060855378,-1.0249749443634946,-2.472725908290552,-1.324767267400878,-1.3968393760212348,-1.3046699908599295,-1.1674211851515772,-0.48205328198438235,-0.6713294381990715,0.28065397956975463,-1.6616673074992123,-1.3597237403247113,0.5503863368836848,-0.8186953190947202
-0.26483170962593683,0.661641321785903,-1.2646182929415224,-1.2646182929415224,0.07015362651125165,0.06123252653750099,1.3125434195471086,-0.6750807673414829,1.8052020693197453,1.2939559978682893,-0.48205328198438235,-1.7872602970148417,-1.7804850627727968,-1.074439856176031,-0.4690437058380652,-1.1207930591923674,-0.8186953190947202
0.24801942391890863,0.5711559555860878,0.06540104006749757,0.06540104006749754,1.4690271309953675,1.2218442676163779,0.8961259426605844,0.23422754085689548,0.49323926303345,1.909300293623256,1.4128092602512243,0.7235841353206415,1.1051095965067754,-0.14178449230980172,1.1935590252036743,-0.11351437923447527,1.1255671642452045
-0.008406142853514067,0.10879197771818333,0.06540104006749757,0.06540104006749754,-0.9627621266362743,-1.0618823366451877,-1.1859614417720366,-1.3968393760212348,-1.3046699908599295,-0.859749037274094,-0.48205328198438235,-0.3923467234951289,0.6928817880382651,1.1017559928451703,-1.0925197299787177,0.10695703388637642,-0.8186953190947202
0.846345746387895,-1.5844405190367523,-1.2646182929415224,-1.2646182929415224,-0.929825929015981,-0.6542766906573937,-1.1859614417720366,-1.3968393760212348,-0.4057153639132397,-1.1674211851515772,-0.48205328198438235,-0.11336400879118629,1.1051095965067754,0.9635848278279513,0.9609925717543834,0.10695703388637642,-0.8186953190947202
-0.09388133177765497,-1.1318225890594302,0.06540104006749757,0.06540104006749754,-0.896889731395688,-0.8190897706356915,-0.9083497905143537,-0.6750807673414829,-1.3046699908599295,-0.5520768893966107,-0.48205328198438235,-0.11336400879118629,0.6928817880382651,-0.9017258999045069,0.33256832519991597,1.3596464266010555,0.6520824719662904
-0.43578208747421865,-0.8245354320387274,0.06540104006749757,0.06540104006749754,-0.9975281130132503,-1.411009879301774,-1.324767267400878,-1.3968393760212348,-1.3046699908599295,-1.1674211851515772,-0.48205328198438235,-0.11336400879118629,1.1051095965067754,-0.038156118546887316,0.4364809958900251,0.5503863368836848,-0.8186953190947202
-0.26483170962593683,-0.4101850724553076,0.06540104006749757,0.06540104006749754,-1.0048472680399825,-1.617198833637861,-1.324767267400878,-1.3968393760212348,-1.3046699908599295,-1.1674211851515772,-0.48205328198438235,-0.11336400879118629,1.1051095965067754,0.4109001677590748,-0.3354417006650684,0.5503863368836848,-0.8186953190947202
0.9318209353120359,-0.6265091158305786,1.3954203730765178,1.3954203730765176,-0.9279961402592981,-0.8917145208583727,-1.0471556161431952,-0.6750807673414829,-1.3046699908599295,-0.859749037274094,-0.48205328198438235,-0.11336400879118629,0.6928817880382651,0.37635737650476997,-1.3003450713589348,0.885612309053981,0.041654535569467
-0.26483170962593683,-0.9530017201650752,-1.2646182929415224,-1.2646182929415224,-0.32874032244563167,0.15746147921507012,0.06329098888753605,0.8331736116944044,-0.4057153639132397,0.06326740635835588,-0.48205328198438235,1.0025668500245841,0.6928817880382651,0.8944992453193417,0.6344098924426131,-0.9170320787253607,-0.8186953190947202
-1.205058787791487,-1.1826549172730538,0.06540104006749757,0.06540104006749754,-0.9719110704196889,-1.2039083447629704,-1.1859614417720366,-1.3968393760212348,-1.3046699908599295,-0.859749037274094,-0.48205328198438235,-0.3923467234951289,0.6928817880382651,0.5145285415219891,0.4760667752005426,0.10695703388637642,-0.8186953190947202
-0.35030689855007774,-0.9885461301189624,0.06540104006749757,0.06540104006749754,-0.9700812816630059,-1.1741655882648891,-1.1859614417720366,-1.3968393760212348,-1.3046699908599295,-0.859749037274094,-0.48205328198438235,-0.6713294381990715,0.28065397956975463,0.1691006289789413,-1.0776750627372735,0.10695703388637642,-0.8186953190947202
-1.3760091656397686,1.94338994363112,-1.2646182929415224,-1.2646182929415224,0.9091117714503849,0.7374131425715114,1.3125434195471086,0.8331736116944044,1.0190940096470398,1.6016281457457726,2.521232791480213,-0.3923467234951289,-1.3682572543042866,1.2053843666080846,-0.8005746075636501,-1.1207930591923674,-0.8186953190947202
-0.35030689855007774,-0.8122573226863765,1.3954203730765178,1.3954203730765176,-0.9774004366897379,-1.5410526411749774,-1.0471556161431952,-0.6750807673414829,-1.3046699908599295,-0.859749037274094,-0.48205328198438235,-0.3923467234951289,0.28065397956975463,0.8944992453193417,-0.8203674972189088,0.885612309053981,0.041654535569467
0.16254423499476775,0.9072035088329198,1.3954203730765178,1.3954203730765176,-0.5016553599521705,-0.0789986049181843,-0.07551483674130527,0.8331736116944044,-0.4057153639132397,-0.2444047415191273,-0.48205328198438235,1.0025668500245841,0.6928817880382651,-1.1435254386846405,-0.5531634868729151,0.9669241397755971,1.5124323266304773
-0.8631580320949233,-0.9922247854502116,1.3954203730765178,1.3954203730765176,-0.9517833940961765,-0.9105586222782807,-1.1859614417720366,-1.3968393760212348,-0.4057153639132397,-1.1674211851515772,1.4128092602512243,-0.11336400879118629,1.1051095965067754,1.0326704103365607,0.33256832519991597,1.3596464266010555,0.041654535569467
0.6753953685396131,0.4151236398476526,1.3954203730765178,1.3954203730765176,-0.5108043037355853,0.003954780205380895,-0.2143206623701467,0.5587737238266683,-0.4057153639132397,-0.2444047415191273,-0.48205328198438235,0.44460142061669883,0.28065397956975463,1.4817266966425229,1.5795203734812204,0.7047921495857696,1.1255671642452045
-1.4614843545639096,-1.4983982040811734,-1.2646182929415224,-1.2646182929415224,-0.9847195917164695,-1.116747576614367,-1.324767267400878,-2.6306938671893865,-0.4057153639132397,-1.1674211851515772,-0.48205328198438235,-0.6713294381990715,0.6928817880382651,-1.1435254386846405,0.8224423441675714,0.5503863368836848,-0.8186953190947202
0.41896980176719045,-0.4458250318983183,-1.2646182929415224,-1.2646182929415224,-0.8108896598315892,-0.27060659029674833,-0.9083497905143537,-1.3968393760212348,-0.4057153639132397,-0.5520768893966107,-0.48205328198438235,-1.7872602970148417,-1.3682572543042866,1.6198978616597417,-1.4191024092904878,-0.3670770836606983,-0.8186953190947202
-1.205058787791487,-0.5700871425032387,0.06540104006749757,0.06540104006749754,-0.7541662083744177,-0.19111723304074948,-0.7695439648855122,-0.16298488485308327,-1.3046699908599295,-0.5520768893966107,-0.48205328198438235,0.44460142061669883,1.1051095965067754,-0.6599263611243734,0.7234778958912774,0.3005126363077183,0.041654535569467
1.4446720688568817,-0.881578477045369,1.3954203730765178,1.3954203730765176,-0.9115280414491514,-0.9426192473785806,-0.9083497905143537,-0.6750807673414829,-0.4057153639132397,-0.859749037274094,-0.48205328198438235,0.1656187059127562,1.1051095965067754,0.37635737650476997,-0.038548355836186265,1.3596464266010555,0.6520824719662904
1.7010976356293042,-0.7379675948929697,1.3954203730765178,1.3954203730765176,-0.9993579017699331,-1.4594186197985801,-1.324767267400878,-1.3968393760212348,-1.3046699908599295,-1.1674211851515772,-0.48205328198438235,-0.6713294381990715,0.28065397956975463,-1.3162393949561644,-0.3601828127341417,0.5503863368836848,-0.8186953190947202
-0.8631580320949233,-1.4432661488569989,0.06540104006749757,0.06540104006749754,-0.9206769852325662,-1.0266152325933795,-0.9083497905143537,-0.16298488485308327,-1.3046699908599295,-0.859749037274094,-0.48205328198438235,0.7235841353206415,1.5173374049752855,0.8944992453193417,1.5349863717568883,1.3596464266010555,0.6520824719662904
1.7865728245534451,1.2694793968441125,-1.2646182929415224,-1.2646182929415224,2.2906022827460126,1.504698887312887,1.034931768289426,-0.16298488485308327,1.3921938899801396,1.2939559978682893,1.4128092602512243,-0.9503121529030141,-0.9560294458357763,-0.4526696135985448,1.2826270286523385,-0.4659387821770814,0.6520824719662904
1.957523202401727,1.4715665663400035,-1.2646182929415224,-1.2646182929415224,2.492793940359479,1.4603083750029964,1.3125434195471086,1.070869606315068,1.0190940096470398,1.2939559978682893,2.521232791480213,0.44460142061669883,-0.5438016373672659,0.7563280803021226,-0.38987214721703,-1.1207930591923674,-0.8186953190947202
0.9318209353120359,0.0010121539870413272,-1.2646182929415224,-1.2646182929415224,-0.47237873984524326,-0.016092524341595905,-0.07551483674130527,-0.6750807673414829,0.12013938270035009,0.6786117021133227,-0.48205328198438235,-1.7872602970148417,-1.7804850627727968,1.3435555316253038,-0.47894015066569473,-0.8762558788893728,-0.8186953190947202
-0.17935652070179586,1.2510383454433052,-1.2646182929415224,-1.2646182929415224,1.2293248038699012,1.2349889611701945,0.6185142914029016,0.23422754085689548,0.7826380134765774,0.986283849990806,-0.48205328198438235,-0.9503121529030141,-1.3682572543042866,1.5162694878968277,1.0203712407201595,-1.033488587128577,-0.8186953190947202
1.0172961242361769,0.04764030467923753,0.06540104006749757,0.06540104006749754,0.5687710627073559,0.505776681087607,1.3125434195471086,1.637741372355351,1.3921938899801396,-0.2444047415191273,1.4128092602512243,2.397480423544297,1.1051095965067754,1.5162694878968277,1.0945945769273802,-0.2784207631899799,1.1255671642452045
-1.119583598867346,0.8686970647162087,-1.2646182929415224,-1.2646182929415224,1.2302396982482426,1.3093247357047975,0.4797084657740603,0.23422754085689548,0.7826380134765774,0.6786117021133227,-0.48205328198438235,-0.9503121529030141,-1.3682572543042866,0.1691006289789413,-0.5284223748038417,-1.009673071062123,-0.8186953190947202
-0.35030689855007774,0.8382645524304208,0.06540104006749757,0.06540104006749754,0.22294098769427806,0.8488340410911879,0.06329098888753605,0.23422754085689548,0.7826380134765774,-0.2444047415191273,-0.48205328198438235,-0.9503121529030141,-1.3682572543042866,-0.2799556573270208,-1.265707514462232,0.4169691447109347,1.1255671642452045
-0.26483170962593683,-0.2771801835956005,0.06540104006749757,0.06540104006749754,-0.6571874042702214,-0.1424496418812323,-0.4919323136278294,-0.16298488485308327,0.12013938270035009,-0.5520768893966107,-0.48205328198438235,-0.3923467234951289,-0.13157382889875557,-0.10724170105549691,0.7086332286498336,0.5503863368836848,0.6520824719662904
0.33349461284304954,1.2176915737392549,-1.2646182929415224,-1.2646182929415224,0.8761755738300917,1.1029125103223636,0.4797084657740603,-0.16298488485308327,0.7826380134765774,0.986283849990806,-0.48205328198438235,-1.5082775823108991,-1.7804850627727968,-0.729011943632983,-1.6516688627397786,-1.009673071062123,-0.8186953190947202
1.3591968799327403,1.0528209302569096,-1.2646182929415224,-1.2646182929415224,1.5971123439631745,1.1040730789719981,1.3125434195471086,-0.16298488485308327,1.9180486365937297,0.6786117021133227,-0.48205328198438235,-1.5082775823108991,-1.7804850627727968,-0.3144984485813256,-0.6224386006663208,-1.1207930591923674,-0.8186953190947202
0.16254423499476775,-0.5518371900806783,0.06540104006749757,0.06540104006749754,-0.9353152952860299,-0.9688811885079093,-1.0471556161431952,-0.6750807673414829,-1.3046699908599295,-0.859749037274094,-0.48205328198438235,-0.11336400879118629,0.6928817880382651,1.1362987840994752,-0.40471681445847413,-0.17352148123935618,-0.8186953190947202
0.33349461284304954,-0.9138264296245006,-1.2646182929415224,-1.2646182929415224,-0.07165500213167704,0.35573482907271226,0.3409026401452189,1.070869606315068,0.49323926303345,-0.2444047415191273,-0.48205328198438235,1.5605322794324692,1.1051095965067754,-0.3835840310899352,1.5646757062397765,-0.5662437680648147,0.041654535569467
-0.008406142853514067,0.8045355827698771,-1.2646182929415224,-1.2646182929415224,0.9566862791241415,1.231514649855153,0.3409026401452189,0.23422754085689548,0.7826380134765774,0.3709395542358393,-0.48205328198438235,-0.9503121529030141,-1.3682572543042866,-1.5925817249906027,-1.730840421360814,-0.9827815709567269,-0.8186953190947202
-0.17935652070179586,-0.4087040553738957,0.06540104006749757,0.06540104006749754,-0.7102512782140269,-0.1798109127466287,-0.6307381392566709,0.23422754085689548,-1.3046699908599295,-0.5520768893966107,-0.48205328198438235,0.7235841353206415,1.1051095965067754,1.309012740370999,1.3370574752043003,0.7618113109016623,0.6520824719662904
-0.26483170962593683,-1.2213524603680117,1.3954203730765178,1.3954203730765176,-0.8987195201523709,-0.8338715601012439,-0.9083497905143537,-0.6750807673414829,-1.3046699908599295,-0.5520768893966107,-0.48205328198438235,-0.3923467234951289,0.28065397956975463,-0.0036133272925826148,0.8867692355471626,2.083554244724097,1.1255671642452045
-0.09388133177765497,2.003442797545147,-1.2646182929415224,-1.2646182929415224,2.73524095061997,1.3853424663763843,1.7289608964336327,0.8331736116944044,1.3921938899801396,1.909300293623256,3.3076718024868312,-0.3923467234951289,-1.3682572543042866,-1.1435254386846405,-1.0727268403234587,-1.4262108739540353,-2.2894731101557304
-0.43578208747421865,-0.6423225562804934,-1.2646182929415224,-1.2646182929415224,-0.06250605834826224,0.28961590057332287,0.4797084657740603,0.5587737238266683,0.12013938270035009,0.986283849990806,-0.48205328198438235,0.44460142061669883,0.28065397956975463,0.5490713327762939,1.4805559252049263,-0.6169507842366649,0.041654535569467
1.6156224467051634,0.6216060858432182,0.06540104006749757,0.06540104006749754,-0.02225070570123734,0.26535373371994037,0.6185142914029016,1.070869606315068,0.49323926303345,0.3709395542358393,1.4128092602512243,0.7235841353206415,-0.13157382889875557,-1.385324977464774,-0.9886070592886088,0.025645203164760117,1.1255671642452045
0.846345746387895,0.2915303756665957,0.06540104006749757,0.06540104006749754,0.12596218359008166,0.3598874285999485,0.7573201170317431,0.23422754085689548,1.2190147058053171,0.6786117021133227,-0.48205328198438235,-0.6713294381990715,-0.9560294458357763,-0.8671831086502021,-0.1968914730782566,0.8308648520094181,2.122860263027301
1.1882465020844588,-0.2789956238889442,1.3954203730765178,1.3954203730765176,-0.9554429716095423,-0.9589673627750864,-1.1859614417720366,-1.3968393760212348,-1.3046699908599295,-0.859749037274094,2.521232791480213,-0.3923467234951289,0.6928817880382651,-0.8326403173958974,-1.3696201851523409,0.10695703388637642,-0.8186953190947202
-0.7776828431707824,-1.687586192545412,0.06540104006749757,0.06540104006749754,-0.9591025491229083,-1.4594186197985801,-0.9083497905143537,-0.16298488485308327,-1.3046699908599295,-0.859749037274094,-0.48205328198438235,0.1656187059127562,0.6928817880382651,-0.2108700748184113,-1.696202864464111,1.3596464266010555,0.6520824719662904
-1.4614843545639096,-1.1362178655591044,0.06540104006749757,0.06540104006749754,-0.9536131828528595,-0.9345256795708758,-1.1859614417720366,-1.3968393760212348,-1.3046699908599295,-0.859749037274094,-0.48205328198438235,-0.3923467234951289,0.6928817880382651,-1.3507821862104692,0.010933868301960544,0.10695703388637642,-0.8186953190947202
0.5044449906913313,-0.11364723296098198,0.06540104006749757,0.06540104006749754,0.28789848855652284,0.516310147250264,0.7573201170317431,-0.6750807673414829,1.9180486365937297,-0.2444047415191273,-0.48205328198438235,-1.5082775823108991,-1.3682572543042866,-0.6944691523786782,0.10000187175062517,-0.047448778815707984,1.1255671642452045
1.3591968799327403,-0.05397657700344817,0.06540104006749757,0.06540104006749754,0.03264295699925116,0.32834008645238055,0.6185142914029016,1.2805323325064204,-0.4057153639132397,0.6786117021133227,-0.48205328198438235,1.8395149941364122,1.1051095965067754,-0.14178449230980172,0.7284261183050921,0.025645203164760117,1.1255671642452045
1.4446720688568817,1.5282751881347134,-1.2646182929415224,-1.2646182929415224,1.7224528737959564,1.3390785707669344,0.8961259426605844,0.23422754085689548,0.7826380134765774,1.6016281457457726,1.4128092602512243,-1.2292948676069566,-1.7804850627727968,0.2727290027418556,0.2929825458893985,-1.0737864710114289,-0.8186953190947202
1.6156224467051634,-0.5116586299043084,1.3954203730765178,1.3954203730765176,-1.01582600058008,-2.0102550223335784,-1.324767267400878,-2.6306938671893865,-1.3046699908599295,-0.859749037274094,-0.48205328198438235,-1.7872602970148417,-0.9560294458357763,-1.0053542736674215,-1.0529339506682,0.5503863368836848,-0.8186953190947202
-0.09388133177765497,0.743575008709178,0.06540104006749757,0.06540104006749754,1.646516640393614,1.1832334423888333,1.1737375939182673,1.4680820320250476,0.7826380134765774,0.6786117021133227,-0.48205328198438235,1.2815495647285267,-0.13157382889875557,-0.6944691523786782,0.866976345891904,-0.2282689382839196,1.1255671642452045
-0.09388133177765497,-1.3707918613569356,1.3954203730765178,1.3954203730765176,-0.9206769852325662,-0.8190897706356915,-1.0471556161431952,-1.3968393760212348,-0.4057153639132397,-0.859749037274094,-0.48205328198438235,-0.6713294381990715,0.28065397956975463,1.1362987840994752,-0.8104710523912796,1.8030757295983642,0.6520824719662904
-0.6922076542466414,-0.8348547768640494,0.06540104006749757,0.06540104006749754,-0.7194002219974417,-0.2130815166113804,-0.6307381392566709,0.23422754085689548,-0.4057153639132397,-0.859749037274094,-0.48205328198438235,0.7235841353206415,1.1051095965067754,0.6526997065392083,0.34246477002754566,1.3596464266010555,1.1255671642452045
0.24801942391890863,-0.8193757596260662,0.06540104006749757,0.06540104006749754,-0.9664217041496401,-1.116747576614367,-1.1859614417720366,-1.3968393760212348,-1.3046699908599295,-0.859749037274094,-0.48205328198438235,-0.9503121529030141,-0.13157382889875557,0.5490713327762939,0.36720588209661886,0.10695703388637642,-0.8186953190947202
-0.008406142853514067,2.05508729641632,1.3954203730765178,1.3954203730765176,0.7773669809692123,0.9649595008885353,0.6185142914029016,1.2805323325064204,1.0190940096470398,-0.5520768893966107,2.521232791480213,1.5605322794324692,0.6928817880382651,1.7235262354226564,1.5448828165845176,-1.033488587128577,-0.8186953190947202
0.9318209353120359,0.6350785638096109,0.06540104006749757,0.06540104006749754,0.9521118072324342,0.9414211565797393,0.8961259426605844,0.8331736116944044,1.2190147058053171,0.3709395542358393,-0.48205328198438235,0.1656187059127562,-0.5438016373672659,-1.385324977464774,1.1688179131346006,-0.7385604988411333,0.041654535569467
1.2737216910085998,-0.5712337363727189,0.06540104006749757,0.06540104006749754,-0.7944215610214427,-0.3700736503975291,-0.7695439648855122,-0.16298488485308327,-1.3046699908599295,-0.5520768893966107,-0.48205328198438235,0.1656187059127562,0.6928817880382651,-1.0053542736674215,0.7333743407189072,0.3005126363077183,0.041654535569467
1.1027713131603178,0.621176113142163,-1.2646182929415224,-1.2646182929415224,1.3198993473257072,0.9691462255926242,1.3125434195471086,1.070869606315068,1.0190940096470398,1.2939559978682893,-0.48205328198438235,0.44460142061669883,-0.5438016373672659,0.9981276190822559,1.1341803562378978,-1.1207930591923674,-0.8186953190947202
-0.09388133177765497,0.3839745063934396,0.06540104006749757,0.06540104006749754,-0.8804216325855414,-0.6934629872404101,-0.9083497905143537,-0.6750807673414829,-0.4057153639132397,-0.859749037274094,-0.48205328198438235,-1.2292948676069566,-0.9560294458357763,-0.7980975261415926,-0.5680081541143592,-0.3670770836606983,-0.8186953190947202
-1.5469595434880503,-0.5176304729745179,-1.2646182929415224,-1.2646182929415224,-0.6425490942167578,-0.0979668216449438,-0.4919323136278294,-0.16298488485308327,0.12013938270035009,-0.5520768893966107,-0.48205328198438235,-0.9503121529030141,-0.9560294458357763,0.6526997065392083,-0.5432670420452859,-0.7023030558309941,-0.8186953190947202
0.6753953685396131,0.24924972672951204,0.06540104006749757,0.06540104006749754,0.8523883199932133,0.5474228895787082,1.7289608964336327,1.070869606315068,1.0190940096470398,2.2169724415007392,1.4128092602512243,0.7235841353206415,-0.13157382889875557,1.0326704103365607,-0.9787106144609794,-0.8974292993623978,0.041654535569467
-0.8631580320949233,0.4117794077283352,0.06540104006749757,0.06540104006749754,0.6163455703811126,0.43615440832798136,1.5901550708047913,1.637741372355351,0.12013938270035009,1.909300293623256,-0.48205328198438235,2.118497708840354,0.6928817880382651,-0.8326403173958974,0.4958596648558011,0.3322483486472228,2.122860263027301
0.7608705574637541,0.5232378867907264,0.06540104006749757,0.06540104006749754,0.45898373730637876,0.5354183230251381,1.034931768289426,0.5587737238266683,0.49323926303345,1.909300293623256,-0.48205328198438235,0.1656187059127562,-0.13157382889875557,1.1708415753537798,1.5498310389983323,-0.4659387821770814,0.6520824719662904
-1.034108409943205,-1.5498516039740988,0.06540104006749757,0.06540104006749754,-0.9810600142031037,-1.364428325915789,-1.1859614417720366,-1.3968393760212348,-1.3046699908599295,-0.859749037274094,-0.48205328198438235,-0.11336400879118629,1.1051095965067754,-0.5908407786157639,-0.4838883730795093,0.10695703388637642,-0.8186953190947202
-0.9486332210190641,-1.5645184505545335,0.06540104006749757,0.06540104006749754,-0.9554429716095423,-0.9589673627750864,-1.1859614417720366,-1.3968393760212348,-1.3046699908599295,-0.859749037274094,-0.48205328198438235,-0.3923467234951289,0.6928817880382651,-0.0036133272925826148,-0.2117361403197007,1.3596464266010555,0.041654535569467
-0.6067324653225005,1.1288783235990985,0.06540104006749757,0.06540104006749754,0.7050903250802357,0.9892738812544142,0.4797084657740603,1.070869606315068,0.49323926303345,0.06326740635835588,-0.48205328198438235,0.44460142061669883,-0.5438016373672659,0.030929463961722085,1.6933294889989587,-0.6169507842366649,0.041654535569467
-0.6067324653225005,0.8849882526117403,0.06540104006749757,0.06540104006749754,0.5340050763303799,0.47947054938997197,1.3125434195471086,0.8331736116944044,0.49323926303345,2.2169724415007392,-0.48205328198438235,0.1656187059127562,-0.5438016373672659,1.2053843666080846,0.6393581148564278,-0.5478972431289095,0.6520824719662904
-0.09388133177765497,1.3168719434492953,-1.2646182929415224,-1.2646182929415224,1.6208995978000529,1.6661534219047278,0.20209681451637745,0.23422754085689548,1.2190147058053171,-0.5520768893966107,-0.48205328198438235,-0.9503121529030141,-1.3682572543042866,1.6198978616597417,-1.7159957541193696,-0.9521767564069609,-0.8186953190947202
1.957523202401727,0.5809020034766699,2.7254397060855378,2.7254397060855378,-0.22718704644972784,0.1460344508378105,0.3409026401452189,1.2805323325064204,0.12013938270035009,-0.2444047415191273,1.4128092602512243,1.5605322794324692,0.6928817880382651,0.2381862114875508,-1.6566170851535933,1.2052406138989715,2.122860263027301
1.1882465020844588,1.201209286865477,0.06540104006749757,0.06540104006749754,2.028942490540351,1.0395147343412008,2.0065725476913157,1.79262821499482,1.54494875626063,0.6786117021133227,1.4128092602512243,2.118497708840354,0.28065397956975463,1.2399271578623894,0.8917174579609772,-0.9352328032918975,0.041654535569467
-0.26483170962593683,-0.09558837951666838,0.06540104006749757,0.06540104006749754,-0.34429352687743675,0.1310507807184345,0.06329098888753605,0.8331736116944044,0.12013938270035009,-0.2444047415191273,-0.48205328198438235,0.7235841353206415,0.28065397956975463,0.4799857502676843,-0.6075939334248768,0.8096914315363931,1.5124323266304773
-0.17935652070179586,0.4170824043746813,1.3954203730765178,1.3954203730765176,0.30711127050169384,0.4068457991672907,1.034931768289426,1.070869606315068,0.7826380134765774,0.986283849990806,-0.48205328198438235,0.7235841353206415,-0.13157382889875557,-1.108982647430336,0.08020898209536656,1.3596464266010555,2.7985820842302505
1.6156224467051634,-0.4291038713017315,1.3954203730765178,1.3954203730765176,-0.5474000788692442,-0.0812006834112184,-0.2143206623701467,0.8331736116944044,-0.4057153639132397,-0.5520768893966107,-0.48205328198438235,1.2815495647285267,1.1051095965067754,-1.3162393949561644,0.8422352338228304,0.7047921495857696,1.1255671642452045
-1.6324347324121913,1.7114913335287425,-1.2646182929415224,-1.2646182929415224,2.7517090494301164,1.2525380435537896,2.1453783733201575,1.070869606315068,1.9180486365937297,1.2939559978682893,3.3076718024868312,0.44460142061669883,-0.5438016373672659,0.4454429590133795,-0.08308235756051867,-1.185106503867864,-0.8186953190947202
-0.7776828431707824,0.2872306486560448,0.06540104006749757,0.06540104006749754,0.08021746467300786,0.3118555052844993,0.7573201170317431,1.070869606315068,0.12013938270035009,0.986283849990806,-0.48205328198438235,1.0025668500245841,0.28065397956975463,-0.038156118546887316,-0.4096650368722887,0.8308648520094181,2.122860263027301
-1.8033851102604728,-0.7686867556461277,0.06540104006749757,0.06540104006749754,-0.9023790976657367,-0.8639770688922955,-0.9083497905143537,-0.6750807673414829,-1.3046699908599295,-0.5520768893966107,-0.48205328198438235,-0.3923467234951289,0.28065397956975463,1.2744699491166942,-0.7609888282531325,0.5503863368836848,0.041654535569467
0.846345746387895,0.6515130759388276,-1.2646182929415224,-1.2646182929415224,0.5550476470322337,0.3908241656316876,1.5901550708047913,0.23422754085689548,1.3921938899801396,2.2169724415007392,-0.48205328198438235,-0.9503121529030141,-1.3682572543042866,0.8254136628107321,-0.9886070592886088,-0.8762558788893728,0.041654535569467
-0.6922076542466414,-0.9030771120981234,0.06540104006749757,0.06540104006749754,-0.9389748727993958,-1.0093525082865913,-1.0471556161431952,-0.6750807673414829,-1.3046699908599295,-0.859749037274094,-0.48205328198438235,-0.11336400879118629,0.6928817880382651,-0.4526696135985448,-0.7115066041149856,-0.17352148123935618,-0.8186953190947202
-0.008406142853514067,0.07257872134043263,0.06540104006749757,0.06540104006749754,0.9072819826937017,1.2010095309684448,0.3409026401452189,0.23422754085689548,0.12013938270035009,0.986283849990806,1.4128092602512243,1.0025668500245841,1.5173374049752855,-0.5217551961071544,1.624054375205553,0.885612309053981,1.8395221608324077
0.846345746387895,0.9483853386450848,0.06540104006749757,0.06540104006749754,1.56966551261293,1.1479182839596958,1.1737375939182673,1.4680820320250476,1.0190940096470398,0.3709395542358393,-0.48205328198438235,1.2815495647285267,-0.13157382889875557,-1.1435254386846405,1.1836625803760443,-0.2282689382839196,1.1255671642452045
-1.6324347324121913,0.7945984359010485,-1.2646182929415224,-1.2646182929415224,1.4452398771584891,0.6972602376370578,2.2841841989489984,1.4680820320250476,1.3921938899801396,2.2169724415007392,-0.48205328198438235,1.0025668500245841,-0.5438016373672659,-0.038156118546887316,0.8818210131333479,-1.193281126493132,-0.8186953190947202
-0.5212572763983596,0.06679797724846973,1.3954203730765178,1.3954203730765176,-0.24182535650319145,0.3915131216461983,-0.07551483674130527,0.23422754085689548,0.49323926303345,-0.2444047415191273,-0.48205328198438235,-0.11336400879118629,-0.13157382889875557,0.4109001677590748,0.7383225631327218,1.731129841781491,2.122860263027301
-0.35030689855007774,-0.9885461301189624,0.06540104006749757,0.06540104006749754,-0.9700812816630059,-1.1741655882648891,-1.1859614417720366,-1.3968393760212348,-1.3046699908599295,-0.859749037274094,-0.48205328198438235,-0.6713294381990715,0.28065397956975463,0.1691006289789413,-1.0776750627372735,0.10695703388637642,-0.8186953190947202
-0.6922076542466414,-0.4701423768802116,0.06540104006749757,0.06540104006749754,-0.24182535650319145,0.2067482312501983,0.20209681451637745,1.070869606315068,-0.4057153639132397,0.06326740635835588,-0.48205328198438235,1.5605322794324692,1.1051095965067754,0.2381862114875508,1.6191061527917383,1.0244204544307594,1.8395221608324077
-0.35030689855007774,0.10764538384870313,1.3954203730765178,1.3954203730765176,0.32723894682520627,0.48637451733369186,0.8961259426605844,1.2805323325064204,0.12013938270035009,0.986283849990806,-0.48205328198438235,1.8395149941364122,1.1051095965067754,0.859956454065037,1.223248359686562,2.1555001325409706,3.3102999518934184
1.1882465020844588,-0.10452225674970177,-1.2646182929415224,-1.2646182929415224,1.5147718499124414,1.1814084657343593,1.034931768289426,0.5587737238266683,1.8052020693197453,-0.2444047415191273,1.4128092602512243,1.0025668500245841,1.1051095965067754,-0.4872124048528495,1.604261485550294,-0.7713565969387493,0.041654535569467
-0.43578208747421865,0.5423000098708353,-1.2646182929415224,-1.2646182929415224,0.6584307117848205,1.208728644378956,0.06329098888753605,0.23422754085689548,0.49323926303345,0.06326740635835588,1.4128092602512243,-0.9503121529030141,-1.3682572543042866,0.5490713327762939,-1.250862847220788,-0.9170320787253607,-0.8186953190947202
-0.26483170962593683,0.2523073103814593,1.3954203730765178,1.3954203730765176,0.08387704218637375,0.3843617129919199,0.6185142914029016,0.5587737238266683,0.12013938270035009,1.2939559978682893,-0.48205328198438235,0.44460142061669883,0.28065397956975463,-0.038156118546887316,0.0059856458881459434,1.493063618773806,2.596344955306216
-0.5212572763983596,-0.24283014225575508,0.06540104006749757,0.06540104006749754,0.5678561683290144,0.40043472884391645,1.5901550708047913,1.79262821499482,1.54494875626063,-0.2444047415191273,1.4128092602512243,2.67646313824824,1.1051095965067754,1.3435555316253038,1.213351914858933,0.10695703388637642,1.8395221608324077
-0.17935652070179586,1.2935578681031972,-1.2646182929415224,-1.2646182929415224,0.34370704563535287,0.27133307617982205,1.45134924517595,-0.6750807673414829,1.54494875626063,2.2169724415007392,-0.48205328198438235,-1.7872602970148417,-1.7804850627727968,-1.039897064921726,-0.5284223748038417,-1.1337935730163102,-0.8186953190947202
0.9318209353120359,0.10138689231112352,0.06540104006749757,0.06540104006749754,0.6200051478944785,0.5435494766557571,1.3125434195471086,0.5587737238266683,1.0190940096470398,1.909300293623256,-0.48205328198438235,0.1656187059127562,-0.13157382889875557,-0.9708114824131165,0.15938054071640165,-0.019115668537272083,1.5124323266304773
-1.6324347324121913,1.546190717345342,-1.2646182929415224,-1.2646182929415224,0.9475373353407267,1.0736777409657863,0.6185142914029016,-0.16298488485308327,0.7826380134765774,1.2939559978682893,-0.48205328198438235,-1.5082775823108991,-1.7804850627727968,-0.7635547348872878,-1.0232446161853122,-1.033488587128577,-0.8186953190947202
-0.5212572763983596,-0.2750303200903251,1.3954203730765178,1.3954203730765176,-0.820038603615004,-0.4991441675036839,-0.7695439648855122,-0.16298488485308327,0.12013938270035009,-1.1674211851515772,-0.48205328198438235,0.44460142061669883,1.1051095965067754,1.2744699491166942,1.6141579303779234,1.6792747314460454,1.1255671642452045
0.33349461284304954,1.035908670682076,0.06540104006749757,0.06540104006749754,1.8917083337891292,1.1788287021647026,1.45134924517595,1.637741372355351,0.7826380134765774,0.986283849990806,-0.48205328198438235,2.118497708840354,0.6928817880382651,1.4817266966425229,1.124283911410268,-0.5838385779516477,0.6520824719662904
-1.4614843545639096,1.3221271653510795,-1.2646182929415224,-1.2646182929415224,1.3418568124059027,1.036873265547395,1.1737375939182673,0.23422754085689548,1.54494875626063,0.986283849990806,-0.48205328198438235,-0.9503121529030141,-1.3682572543042866,-1.6616673074992123,-1.4388952989457466,-1.1065825691090452,-0.8186953190947202
-0.6922076542466414,-1.4749885792459518,-1.2646182929415224,-1.2646182929415224,-0.9060386751791026,-0.8948352928571244,-0.9083497905143537,-0.16298488485308327,-0.4057153639132397,-1.1674211851515772,-0.48205328198438235,0.44460142061669883,1.1051095965067754,-1.2126110211932501,0.35236121485517496,-0.3670770836606983,-0.8186953190947202
-0.9486332210190641,-0.004243067914742973,0.06540104006749757,0.06540104006749754,-0.5364213463291466,0.05828326666840669,-0.353126487998988,0.23422754085689548,0.12013938270035009,-0.5520768893966107,-0.48205328198438235,-0.11336400879118629,-0.13157382889875557,0.859956454065037,-1.2063288454964558,-0.17352148123935618,0.041654535569467
0.5899201796154723,0.18652148712003092,0.06540104006749757,0.06540104006749754,0.5230263437902821,0.527053730774302,1.1737375939182673,1.637741372355351,0.49323926303345,0.6786117021133227,-0.48205328198438235,2.397480423544297,1.1051095965067754,1.2053843666080846,1.109439244168824,0.04120754165501022,1.5124323266304773
-0.7776828431707824,-0.8989207093212576,0.06540104006749757,0.06540104006749754,-0.896889731395688,-0.8190897706356915,-0.9083497905143537,-0.6750807673414829,-1.3046699908599295,-0.5520768893966107,-0.48205328198438235,-0.6713294381990715,-0.13157382889875557,-1.5580389337362979,-0.3008041437683655,-0.3670770836606983,-0.8186953190947202
-0.26483170962593683,-0.6720862221424179,0.06540104006749757,0.06540104006749754,-0.8456556462085653,-0.46401395300649323,-0.9083497905143537,-0.16298488485308327,-1.3046699908599295,-0.859749037274094,-0.48205328198438235,0.44460142061669883,1.1051095965067754,0.030929463961722085,-0.3552345903203271,-0.3670770836606983,-0.8186953190947202
-0.09388133177765497,-1.175870903545296,0.06540104006749757,0.06540104006749754,-0.8456556462085653,-0.2500506097287029,-1.0471556161431952,-0.6750807673414829,-1.3046699908599295,-0.859749037274094,-0.48205328198438235,0.44460142061669883,1.5173374049752855,-1.6271245162449075,1.1935590252036743,0.885612309053981,0.041654535569467
-1.205058787791487,1.6880339339489594,-1.2646182929415224,-1.2646182929415224,2.116772350861132,1.5678965838785335,0.7573201170317431,1.637741372355351,0.12013938270035009,0.06326740635835588,-0.48205328198438235,1.0025668500245841,-0.9560294458357763,0.8254136628107321,0.18412165278547515,-1.0547274587736002,-0.8186953190947202
-0.17935652070179586,0.8635373923035475,-1.2646182929415224,-1.2646182929415224,1.1671119861426809,0.9443630069571634,1.1737375939182673,0.23422754085689548,1.0190940096470398,1.909300293623256,-0.48205328198438235,-0.6713294381990715,-0.9560294458357763,-0.9708114824131165,0.22370743209599275,-1.1065825691090452,-0.8186953190947202
-0.6067324653225005,-0.6763859491529688,0.06540104006749757,0.06540104006749754,-0.8859109988555902,-0.7339343070190921,-0.9083497905143537,-0.6750807673414829,-0.4057153639132397,-0.859749037274094,-0.48205328198438235,-0.3923467234951289,0.28065397956975463,1.1362987840994752,-1.0479857282543852,-0.3670770836606983,-0.8186953190947202
-0.35030689855007774,-0.690527273543225,0.06540104006749757,0.06540104006749754,-0.9517833940961765,-1.162466309505273,-1.0471556161431952,-0.6750807673414829,-1.3046699908599295,-0.859749037274094,-0.48205328198438235,-0.11336400879118629,0.6928817880382651,-1.2126110211932501,-1.483429300670079,0.885612309053981,0.041654535569467
-0.35030689855007774,-2.310043339439494,0.06540104006749757,0.06540104006749754,-1.0304643106335434,-4.076384989268159,-1.741184744287402,-2.6306938671893865,-1.3046699908599295,-1.782765480906544,-0.48205328198438235,1.2815495647285267,3.578476447317837,0.2381862114875508,0.4364809958900251,-1.4262108739540353,-2.2894731101557304
-0.6067324653225005,0.3221062121860686,1.3954203730765178,1.3954203730765176,0.301621904231645,0.4019381797077843,1.034931768289426,1.070869606315068,0.7826380134765774,0.986283849990806,-0.48205328198438235,1.2815495647285267,0.6928817880382651,-1.0053542736674215,1.1490250234793415,1.8030757295983642,3.153051444446254
1.7865728245534451,1.4417073509889555,-1.2646182929415224,-1.2646182929415224,0.8789202569651161,1.0309850596557864,0.6185142914029016,0.23422754085689548,1.2190147058053171,0.3709395542358393,-0.48205328198438235,-1.2292948676069566,-1.7804850627727968,0.1691006289789413,-1.3300344058418232,-1.4262108739540353,-2.2894731101557304
0.9318209353120359,-1.1355012443906791,1.3954203730765178,1.3954203730765176,-0.8346769136684676,-0.39960292169782,-0.9083497905143537,-0.6750807673414829,0.12013938270035009,-1.1674211851515772,-0.48205328198438235,-0.11336400879118629,0.6928817880382651,0.9635848278279513,1.045112352789233,1.3596464266010555,0.6520824719662904
-1.5469595434880503,1.0581717016478174,-1.2646182929415224,-1.2646182929415224,1.8130274172517624,1.7514209843968367,0.20209681451637745,0.23422754085689548,1.2190147058053171,-0.5520768893966107,2.521232791480213,-0.6713294381990715,-0.9560294458357763,-1.523496142481993,-1.1321055092892351,-0.9521767564069609,-0.8186953190947202
0.7608705574637541,-1.5342770372469925,0.06540104006749757,0.06540104006749754,-0.9389748727993958,-1.0093525082865913,-1.0471556161431952,-1.3968393760212348,-0.4057153639132397,-0.859749037274094,-0.48205328198438235,-0.9503121529030141,-0.13157382889875557,0.5490713327762939,0.5354454441663191,0.885612309053981,0.041654535569467
-0.5212572763983596,0.24752983592529174,0.06540104006749757,0.06540104006749754,1.7288571344443469,1.1633687075608694,1.3125434195471086,0.8331736116944044,0.49323926303345,2.2169724415007392,1.4128092602512243,1.5605322794324692,1.5173374049752855,-0.5562979873614591,1.045112352789233,-0.2784207631899799,1.1255671642452045
0.9318209353120359,0.058676270672984726,1.3954203730765178,1.3954203730765176,-0.5437405013558784,-0.07241584441885301,-0.2143206623701467,0.5587737238266683,-0.4057153639132397,-0.2444047415191273,1.4128092602512243,0.7235841353206415,0.6928817880382651,0.5490713327762939,0.2781378786479546,1.5647592554749898,1.8395221608324077
-0.5212572763983596,0.8326271325721429,0.06540104006749757,0.06540104006749754,0.6145157816244297,0.4860241824932858,1.45134924517595,1.070869606315068,0.49323926303345,2.2169724415007392,-0.48205328198438235,0.7235841353206415,-0.13157382889875557,-0.2799556573270208,-1.6764099748088523,-0.3245334832989399,1.1255671642452045
-0.5212572763983596,-0.2750303200903251,1.3954203730765178,1.3954203730765176,-0.820038603615004,-0.4991441675036839,-0.7695439648855122,-0.16298488485308327,0.12013938270035009,-1.1674211851515772,-0.48205328198438235,0.44460142061669883,1.1051095965067754,1.2744699491166942,1.6141579303779234,1.6792747314460454,1.1255671642452045
-1.6324347324121913,-1.3627179295260123,0.06540104006749757,0.06540104006749754,-0.8511450124786142,-0.49752545951043003,-0.9083497905143537,-0.16298488485308327,-1.3046699908599295,-0.859749037274094,-0.48205328198438235,0.44460142061669883,1.1051095965067754,1.4817266966425229,1.5300381493430737,0.5503863368836848,0.041654535569467
-1.6324347324121913,-1.3627179295260123,0.06540104006749757,0.06540104006749754,-0.5474000788692442,-0.0812006834112184,-0.2143206623701467,0.5587737238266683,-0.4057153639132397,-0.2444047415191273,-0.48205328198438235,1.2815495647285267,1.5173374049752855,1.6544406529140467,1.376643254514818,1.5647592554749898,1.8395221608324077
-1.7179099213363322,-2.03519523397617,0.06540104006749757,0.06540104006749754,-0.9993579017699331,-1.7660856969309724,-1.1859614417720366,-1.3968393760212348,-0.4057153639132397,-1.1674211851515772,-0.48205328198438235,-0.11336400879118629,1.1051095965067754,1.4471839053882183,-0.8055228299774647,0.10695703388637642,-0.8186953190947202
0.846345746387895,0.7611083399633133,-1.2646182929415224,-1.2646182929415224,1.0737927595518502,1.300946784050596,0.3409026401452189,-0.16298488485308327,1.2190147058053171,0.06326740635835588,-0.48205328198438235,-1.5082775823108991,-1.7804850627727968,-1.696210098753517,-0.7411959385978738,-0.9827815709567269,-0.8186953190947202
-0.17935652070179586,0.9609500964648058,0.06540104006749757,0.06540104006749754,0.9475373353407267,1.1473850551667015,0.4797084657740603,-0.16298488485308327,0.7826380134765774,0.986283849990806,1.4128092602512243,0.44460142061669883,1.1051095965067754,0.3418145852504652,1.3222128079628563,-0.24546736905622968,0.6520824719662904
0.16254423499476775,0.3525864992164181,0.06540104006749757,0.06540104006749754,1.0243884631214106,0.6523874410564273,1.7289608964336327,1.79262821499482,0.12013938270035009,1.909300293623256,-0.48205328198438235,2.397480423544297,0.6928817880382651,-1.5580389337362979,0.8867692355471626,-0.6475555987864309,0.6520824719662904
-1.7179099213363322,-0.95199845052928,0.06540104006749757,0.06540104006749754,-0.9078684639357857,-1.0850980305080247,-0.7695439648855122,-0.16298488485308327,-1.3046699908599295,-0.5520768893966107,-0.48205328198438235,0.1656187059127562,0.6928817880382651,-1.523496142481993,-1.2904486265313055,0.3005126363077183,0.041654535569467
0.6753953685396131,1.1000701526284076,1.3954203730765178,1.3954203730765176,0.7243031070254067,0.5634329102863611,1.45134924517595,1.4680820320250476,0.12013938270035009,1.909300293623256,-0.48205328198438235,1.2815495647285267,-0.13157382889875557,-0.038156118546887316,0.6146170027873542,-0.3245334832989399,1.1255671642452045
-0.7776828431707824,0.6671354174104958,-1.2646182929415224,-1.2646182929415224,1.0198139912297033,0.9819823489086448,0.8961259426605844,0.5587737238266683,0.7826380134765774,1.2939559978682893,-0.48205328198438235,-0.3923467234951289,-0.9560294458357763,1.7235262354226564,1.1044910217550097,-1.0737864710114289,-0.8186953190947202
1.3591968799327403,-0.021203102234138172,2.7254397060855378,2.7254397060855378,-1.0066770567966652,-1.674616845288383,-1.324767267400878,-2.6306938671893865,-1.3046699908599295,-0.859749037274094,-0.48205328198438235,-1.2292948676069566,-0.13157382889875557,1.1017559928451703,0.22370743209599275,0.5503863368836848,-0.8186953190947202
0.41896980176719045,0.0061240516551407265,0.06540104006749757,0.06540104006749754,0.41140922963262205,0.437861420818516,1.1737375939182673,1.4680820320250476,0.12013938270035009,1.2939559978682893,-0.48205328198438235,1.8395149941364122,0.6928817880382651,1.5853550704054373,1.5498310389983323,-0.5087474534096523,0.6520824719662904
-1.4614843545639096,-0.4523701719032679,0.06540104006749757,0.06540104006749754,-0.856634378748663,-0.5319722906085756,-0.9083497905143537,-0.16298488485308327,-1.3046699908599295,-0.859749037274094,-0.48205328198438235,0.44460142061669883,1.1051095965067754,-0.2108700748184113,0.8818210131333479,-0.3670770836606983,-0.8186953190947202
-1.5469595434880503,-1.0254760076651384,-1.2646182929415224,-1.2646182929415224,-0.8932301538823221,-0.5794498619416778,-1.0471556161431952,-0.6750807673414829,-1.3046699908599295,-0.859749037274094,-0.48205328198438235,-0.3923467234951289,0.28065397956975463,-1.523496142481993,-0.2661665868716626,-0.17352148123935618,-0.8186953190947202
0.5044449906913313,-0.9971455841400644,-1.2646182929415224,-1.2646182929415224,-0.7340385320509053,-0.1105134574391967,-0.7695439648855122,0.23422754085689548,-1.3046699908599295,-0.859749037274094,-0.48205328198438235,0.7235841353206415,1.1051095965067754,0.030929463961722085,1.2034554700313034,-0.5087474534096523,-0.8186953190947202
1.0172961242361769,0.6773592127466945,0.06540104006749757,0.06540104006749754,0.19915373385739965,0.43305045387169666,0.7573201170317431,1.2805323325064204,0.49323926303345,0.3709395542358393,-0.48205328198438235,1.5605322794324692,0.6928817880382651,0.9290420365736465,0.847183456236645,-0.7023030558309941,0.041654535569467
-0.5212572763983596,-0.6961169186569411,1.3954203730765178,1.3954203730765176,-0.9975281130132503,-1.411009879301774,-1.324767267400878,-2.6306938671893865,-1.3046699908599295,-0.859749037274094,-0.48205328198438235,-0.9503121529030141,0.28065397956975463,-0.10724170105549691,0.5107043320972455,0.5503863368836848,-0.8186953190947202
1.5301472577810225,0.2711305597387599,0.06540104006749757,0.06540104006749754,-0.8712726888021266,-0.6288270329847911,-0.9083497905143537,-1.3968393760212348,-0.4057153639132397,-0.5520768893966107,-0.48205328198438235,-2.0662430117187847,-1.7804850627727968,0.6526997065392083,-0.4640954834242506,-0.3670770836606983,-0.8186953190947202
0.33349461284304954,1.1917498874422647,-1.2646182929415224,-1.2646182929415224,0.13328133861681346,0.5868034209041114,0.3409026401452189,0.23422754085689548,0.7826380134765774,0.3709395542358393,-0.48205328198438235,-1.2292948676069566,-1.7804850627727968,-0.5562979873614591,-1.1914841782550116,-0.9827815709567269,-0.8186953190947202
1.1027713131603178,0.5775099966127908,0.06540104006749757,0.06540104006749754,0.7663882484291146,1.031202238694081,0.4797084657740603,0.8331736116944044,0.7826380134765774,0.06326740635835588,-0.48205328198438235,0.44460142061669883,-0.13157382889875557,0.030929463961722085,1.539934594170703,-1.009673071062123,-0.8186953190947202
0.5899201796154723,1.1573998461024193,-1.2646182929415224,-1.2646182929415224,0.7160690576203335,1.2493691979930175,0.06329098888753605,0.23422754085689548,1.0190940096470398,-0.5520768893966107,1.4128092602512243,-0.9503121529030141,-1.3682572543042866,1.2399271578623894,-1.567549081704929,-0.9170320787253607,-0.8186953190947202
-0.43578208747421865,0.7448171520677817,0.06540104006749757,0.06540104006749754,1.1085587459288264,0.6077394726997786,2.0065725476913157,1.4680820320250476,1.2190147058053171,1.909300293623256,-0.48205328198438235,1.5605322794324692,0.28065397956975463,0.4799857502676843,1.6438472648608116,-0.25887375283368547,1.5124323266304773
0.16254423499476775,-0.7071051099061267,1.3954203730765178,1.3954203730765176,-0.9938685354998843,-1.6313048690936798,-1.1859614417720366,-1.3968393760212348,-1.3046699908599295,-0.859749037274094,-0.48205328198438235,-0.3923467234951289,0.6928817880382651,1.3780983228796087,-0.33049347825125375,1.3596464266010555,0.041654535569467
0.5899201796154723,-0.22357692019739947,1.3954203730765178,1.3954203730765176,-0.6004639528130499,-0.10344028812239531,-0.353126487998988,0.23422754085689548,0.12013938270035009,-0.5520768893966107,1.4128092602512243,0.7235841353206415,1.1051095965067754,1.1017559928451703,1.26283413899708,2.219613532490276,2.122860263027301
-0.6067324653225005,-0.9552949079040356,0.06540104006749757,0.06540104006749754,-1.003017479283299,-1.5623335936686813,-1.324767267400878,-1.3968393760212348,-1.3046699908599295,-1.1674211851515772,-0.48205328198438235,-0.3923467234951289,0.6928817880382651,0.9635848278279513,0.12969120623351335,0.5503863368836848,-0.8186953190947202
0.6753953685396131,-1.177160821648461,2.7254397060855378,2.7254397060855378,-0.8529748012352971,-0.6877881971613304,-0.7695439648855122,-0.6750807673414829,-0.4057153639132397,-0.5520768893966107,-0.48205328198438235,-0.3923467234951289,0.28065397956975463,0.030929463961722085,0.8323387889952011,1.6792747314460454,1.1255671642452045
-0.6067324653225005,0.875433303699405,0.06540104006749757,0.06540104006749754,0.8276861717779934,0.6321391010708951,1.45134924517595,1.070869606315068,0.49323926303345,2.2169724415007392,-0.48205328198438235,0.7235841353206415,-0.13157382889875557,-1.3507821862104692,-0.05339302307763047,-0.5838385779516477,0.6520824719662904
-1.205058787791487,-0.5700871425032387,0.06540104006749757,0.06540104006749754,-0.7541662083744177,-0.19111723304074948,-0.7695439648855122,-0.16298488485308327,-1.3046699908599295,-0.5520768893966107,-0.48205328198438235,0.44460142061669883,1.1051095965067754,-0.6599263611243734,0.7234778958912774,0.3005126363077183,0.041654535569467
-0.6067324653225005,-0.10385341032583838,1.3954203730765178,1.3954203730765176,-0.20157000385616655,0.1831181530178561,0.3409026401452189,1.070869606315068,-0.4057153639132397,0.3709395542358393,-0.48205328198438235,1.2815495647285267,0.6928817880382651,0.5836141240305986,-0.5779045989419888,0.885612309053981,1.8395221608324077
-1.6324347324121913,-1.2999419151719696,0.06540104006749757,0.06540104006749754,-1.008506845553348,-1.7348368210660796,-1.324767267400878,-1.3968393760212348,-1.3046699908599295,-1.1674211851515772,-0.48205328198438235,-0.11336400879118629,1.1051095965067754,-1.1435254386846405,1.243041249341821,0.5503863368836848,-0.8186953190947202
1.2737216910085998,1.338179479523803,0.06540104006749757,0.06540104006749754,0.18543031818227756,0.29320127613139907,1.034931768289426,0.5587737238266683,1.8052020693197453,-0.2444047415191273,-0.48205328198438235,-0.9503121529030141,-1.7804850627727968,-1.2816966037018593,-1.696202864464111,-1.0909849017837394,-0.8186953190947202
-1.3760091656397686,-0.3598782664318624,0.06540104006749757,0.06540104006749754,-0.8712726888021266,-0.6288270329847911,-0.9083497905143537,-0.16298488485308327,-1.3046699908599295,-0.859749037274094,-0.48205328198438235,0.44460142061669883,1.1051095965067754,-0.6599263611243734,-1.6863064196364816,0.5503863368836848,0.041654535569467
1.4446720688568817,-0.18616929520560688,0.06540104006749757,0.06540104006749754,-0.29488923044699705,0.12452800009410529,0.20209681451637745,0.8331736116944044,0.49323926303345,-0.2444047415191273,-0.48205328198438235,0.44460142061669883,-0.13157382889875557,-1.4198677687190788,0.8521316786504597,-0.5087474534096523,0.041654535569467
0.41896980176719045,0.5788954642050794,0.06540104006749757,0.06540104006749754,1.2823886778137068,1.1277771070322822,0.8961259426605844,0.5587737238266683,0.7826380134765774,1.2939559978682893,1.4128092602512243,-0.11336400879118629,-0.5438016373672659,1.5162694878968277,1.089646354513565,-0.11351437923447527,1.1255671642452045
1.2737216910085998,1.1208043917681751,0.06540104006749757,0.06540104006749754,0.45989863168472017,0.47740304804433176,1.1737375939182673,0.5587737238266683,0.7826380134765774,1.909300293623256,-0.48205328198438235,-0.6713294381990715,-1.3682572543042866,-1.2126110211932501,-1.3795166299799704,-0.8011647543473774,0.041654535569467
1.6156224467051634,0.17495999893610523,1.3954203730765178,1.3954203730765176,0.11864302856334985,0.3523268250631813,0.7573201170317431,1.79262821499482,-0.4057153639132397,0.06326740635835588,-0.48205328198438235,2.955445852952182,1.5173374049752855,0.13455783772463648,1.4162290338253354,0.2579690359459598,1.5124323266304773
1.0172961242361769,1.1192755999422015,2.7254397060855378,2.7254397060855378,0.824941488642969,1.2323911734303505,0.20209681451637745,0.8331736116944044,0.49323926303345,-0.2444047415191273,-0.48205328198438235,0.1656187059127562,-0.5438016373672659,-0.7980975261415926,0.5206007769248748,2.5575883622711717,2.9832101176914887
1.957523202401727,1.4783983548123232,-1.2646182929415224,-1.2646182929415224,1.3665589606211224,0.8379003491589931,1.7289608964336327,1.070869606315068,1.2190147058053171,1.909300293623256,2.521232791480213,0.1656187059127562,-0.9560294458357763,-0.9017258999045069,1.1292321338240832,-1.1567343940151054,-0.8186953190947202
1.2737216910085998,-0.6142310064782277,1.3954203730765178,1.3954203730765176,-0.9408046615560787,-1.0300969405945168,-1.0471556161431952,-0.6750807673414829,-1.3046699908599295,-0.859749037274094,-0.48205328198438235,0.1656187059127562,1.1051095965067754,1.4817266966425229,1.2331448045141915,1.8030757295983642,0.6520824719662904
-1.8888602991846144,1.8528568026867431,-1.2646182929415224,-1.2646182929415224,2.737070739376653,1.8572072281088718,0.6185142914029016,-0.16298488485308327,0.7826380134765774,1.2939559978682893,1.4128092602512243,-1.5082775823108991,-1.7804850627727968,-0.6944691523786782,-1.0776750627372735,-1.033488587128577,-0.8186953190947202
-1.4614843545639096,-1.1797406578547915,0.06540104006749757,0.06540104006749754,-0.9444642390694447,-0.8190897706356915,-1.1859614417720366,-1.3968393760212348,-1.3046699908599295,-0.859749037274094,-0.48205328198438235,-0.3923467234951289,0.6928817880382651,-0.2799556573270208,-0.5432670420452859,0.10695703388637642,-0.8186953190947202
-0.6922076542466414,-0.4701423768802116,0.06540104006749757,0.06540104006749754,-0.24182535650319145,0.2067482312501983,0.20209681451637745,1.070869606315068,-0.4057153639132397,0.06326740635835588,-0.48205328198438235,1.5605322794324692,1.1051095965067754,0.2381862114875508,1.6191061527917383,1.0244204544307594,1.8395221608324077
0.7608705574637541,-0.6523074778938838,0.06540104006749757,0.06540104006749754,-0.5492298676259272,-0.08561666188914041,-0.2143206623701467,0.5587737238266683,-0.4057153639132397,-0.2444047415191273,-0.48205328198438235,1.0025668500245841,1.1051095965067754,-1.039897064921726,0.5107043320972455,0.7047921495857696,1.1255671642452045
-1.119583598867346,-0.3177887164730255,1.3954203730765178,1.3954203730765176,-0.7706343071845643,-0.26122050196167534,-0.7695439648855122,-0.16298488485308327,-0.4057153639132397,-0.859749037274094,-0.48205328198438235,-0.11336400879118629,0.28065397956975463,-1.5580389337362979,-1.265707514462232,-0.5087474534096523,-0.8186953190947202
1.872048013477586,1.4198265179797078,-1.2646182929415224,-1.2646182929415224,2.1991128449118653,1.6692159923883765,0.6185142914029016,0.23422754085689548,1.0190940096470398,0.6786117021133227,2.521232791480213,-1.2292948676069566,-1.7804850627727968,1.3780983228796087,-1.4438435213595613,-1.033488587128577,-0.8186953190947202
-1.974335488108755,-0.808339793632319,-1.2646182929415224,-1.2646182929415224,-0.7889321947513939,-0.3440881712848,-0.7695439648855122,-0.6750807673414829,-0.4057153639132397,-0.5520768893966107,-0.48205328198438235,-0.11336400879118629,0.6928817880382651,0.7563280803021226,0.09505364933681046,-0.5087474534096523,-0.8186953190947202
-0.6067324653225005,0.4121616056848287,0.06540104006749757,0.06540104006749754,-0.11191035477870194,0.2274869493566192,0.4797084657740603,1.070869606315068,0.12013938270035009,0.3709395542358393,-0.48205328198438235,1.2815495647285267,0.6928817880382651,1.1017559928451703,0.8323387889952011,-1.009673071062123,-0.8186953190947202
1.1027713131603178,-0.8227677664899453,2.7254397060855378,2.7254397060855378,-1.012166423066714,-1.864879582939283,-1.324767267400878,-1.3968393760212348,-1.3046699908599295,-1.1674211851515772,-0.48205328198438235,-0.6713294381990715,0.28065397956975463,-0.6253835698700687,-0.9737623920471644,0.5503863368836848,-0.8186953190947202
1.872048013477586,1.2535226321605122,-1.2646182929415224,-1.2646182929415224,0.8304308549130179,1.0735378571703234,0.4797084657740603,0.23422754085689548,1.3921938899801396,-0.2444047415191273,-0.48205328198438235,-1.2292948676069566,-1.7804850627727968,0.13455783772463648,-0.7609888282531325,-1.009673071062123,-0.8186953190947202
1.6156224467051634,1.4621549416613533,-1.2646182929415224,-1.2646182929415224,0.7114945857286261,1.155995126520703,0.20209681451637745,0.5587737238266683,0.49323926303345,0.06326740635835588,-0.48205328198438235,-0.9503121529030141,-1.7804850627727968,0.9981276190822559,-0.7164548265288002,-0.9521767564069609,-0.8186953190947202
0.24801942391890863,-0.2843463952798519,0.06540104006749757,0.06540104006749754,-0.9188471964758833,-1.0093525082865913,-0.9083497905143537,-0.6750807673414829,-0.4057153639132397,-0.859749037274094,-0.48205328198438235,-0.9503121529030141,-0.5438016373672659,1.0672132015908653,-1.4191024092904878,0.5503863368836848,0.041654535569467
-1.5469595434880503,1.4096504973880708,-1.2646182929415224,-1.2646182929415224,0.38396239828237777,0.15899758976549,1.8677667220624738,-0.16298488485308327,1.8052020693197453,2.2169724415007392,-0.48205328198438235,-1.5082775823108991,-1.7804850627727968,-1.074439856176031,-1.1370537317030498,-1.1669057793013276,-0.8186953190947202
-0.35030689855007774,-0.7641481549127683,1.3954203730765178,1.3954203730765176,-0.9499536053394935,-0.8870481082377739,-1.1859614417720366,-1.3968393760212348,-0.4057153639132397,-1.1674211851515772,1.4128092602512243,-0.9503121529030141,-0.13157382889875557,-0.4181268223442399,-1.54775619204967,1.3596464266010555,0.041654535569467
1.4446720688568817,-0.5452442753311669,1.3954203730765178,1.3954203730765176,-0.7303789545375394,-0.2542274823035242,-0.6307381392566709,-0.16298488485308327,-0.4057153639132397,-0.5520768893966107,-0.48205328198438235,0.1656187059127562,0.6928817880382651,0.10001504647033169,1.6092097079641088,1.3596464266010555,1.1255671642452045
0.33349461284304954,0.4599363502465051,-1.2646182929415224,-1.2646182929415224,-0.49250641616875573,0.04442609998406289,-0.2143206623701467,-0.16298488485308327,0.12013938270035009,0.06326740635835588,-0.48205328198438235,-1.2292948676069566,-1.3682572543042866,-0.3490412398356304,-1.7407368661884433,-0.8283757582546424,-0.8186953190947202
-0.9486332210190641,-0.8067632270617837,0.06540104006749757,0.06540104006749754,-0.6352299391900259,-0.2010005261839789,-0.353126487998988,-0.16298488485308327,0.12013938270035009,-0.2444047415191273,-0.48205328198438235,0.1656187059127562,0.6928817880382651,-1.3162393949561644,0.451325663131469,2.219613532490276,2.122860263027301
-1.5469595434880503,1.1436884944132182,-1.2646182929415224,-1.2646182929415224,1.7672826983346888,1.0743303224739167,1.5901550708047913,1.070869606315068,1.0190940096470398,1.909300293623256,1.4128092602512243,0.1656187059127562,-0.9560294458357763,-0.5562979873614591,-0.8253157196327237,-1.1457323588283026,-0.8186953190947202
0.5899201796154723,-0.9725893654353626,0.06540104006749757,0.06540104006749754,-0.7559959971311007,-0.35593031301904693,-0.6307381392566709,-0.16298488485308327,-0.4057153639132397,-0.5520768893966107,-0.48205328198438235,0.44460142061669883,1.1051095965067754,-0.9362686911588117,1.069853464858307,0.10695703388637642,0.041654535569467
1.1882465020844588,1.0707842342121,-1.2646182929415224,-1.2646182929415224,0.42238796217271973,1.124018125387585,-0.07551483674130527,0.23422754085689548,0.49323926303345,-0.2444047415191273,-0.48205328198438235,-0.9503121529030141,-1.3682572543042866,1.1708415753537798,0.7234778958912774,-0.8762558788893728,-0.8186953190947202
-1.6324347324121913,-1.8216899005300375,0.06540104006749757,0.06540104006749754,-0.9334855065293469,-0.6934629872404101,-1.1859614417720366,-0.6750807673414829,-1.3046699908599295,-1.1674211851515772,1.4128092602512243,0.44460142061669883,1.5173374049752855,-0.2108700748184113,1.5498310389983323,0.10695703388637642,-0.8186953190947202
0.33349461284304954,-0.3206552011467261,0.06540104006749757,0.06540104006749754,-0.4705489510885603,-0.012265344010173705,-0.07551483674130527,0.8331736116944044,-0.4057153639132397,-0.2444047415191273,-0.48205328198438235,1.0025668500245841,0.6928817880382651,0.859956454065037,-0.2315290299749597,0.10695703388637642,0.6520824719662904
0.16254423499476775,0.034120051968283126,0.06540104006749757,0.06540104006749754,-0.8657833225320778,-0.5916102033394334,-0.9083497905143537,-0.6750807673414829,-1.3046699908599295,-0.5520768893966107,-0.48205328198438235,-1.2292948676069566,-0.9560294458357763,0.1691006289789413,-1.3300344058418232,-0.3670770836606983,-0.8186953190947202
-0.35030689855007774,-0.16352406628337227,0.06540104006749757,0.06540104006749754,-0.26378282158338684,0.1733876959002566,0.20209681451637745,1.070869606315068,-0.4057153639132397,0.06326740635835588,-0.48205328198438235,1.5605322794324692,1.1051095965067754,-1.5925817249906027,1.3123163631352268,0.6719960514881533,1.5124323266304773
0.7608705574637541,-1.6583002741291044,1.3954203730765178,1.3954203730765176,-0.9536131828528595,-1.5546910635666893,-0.7695439648855122,-0.16298488485308327,-1.3046699908599295,-0.5520768893966107,-0.48205328198438235,0.1656187059127562,0.6928817880382651,1.6198978616597417,-1.087571507564903,2.277109847145438,1.5124323266304773
-1.2905339767156276,-0.7523000182614726,0.06540104006749757,0.06540104006749754,-0.41931486590143774,0.09034389176870669,-0.07551483674130527,1.070869606315068,-0.4057153639132397,-0.5520768893966107,1.4128092602512243,1.8395149941364122,1.5173374049752855,0.6526997065392083,-0.47894015066569473,0.10695703388637642,0.6520824719662904
-0.17935652070179586,1.1747898531228695,0.06540104006749757,0.06540104006749754,1.4571335040769284,1.1536412978706039,1.034931768289426,-0.6750807673414829,1.0190940096470398,2.2169724415007392,-0.48205328198438235,-0.3923467234951289,0.28065397956975463,-1.6271245162449075,1.4112808114115207,-1.0909849017837394,-0.8186953190947202
-0.5212572763983596,-0.7257850350297421,0.06540104006749757,0.06540104006749754,-0.9755706479330547,-1.5098037653100853,-1.0471556161431952,-1.3968393760212348,-0.4057153639132397,-0.859749037274094,-0.48205328198438235,-1.7872602970148417,-1.3682572543042866,-0.3144984485813256,-1.4289988541181173,-0.17352148123935618,-0.8186953190947202
0.33349461284304954,0.09498507653985883,0.06540104006749757,0.06540104006749754,-0.01127197316113964,0.35090404142672915,0.4797084657740603,1.2805323325064204,1.0190940096470398,-0.859749037274094,-0.48205328198438235,1.5605322794324692,0.6928817880382651,0.5145285415219891,0.06536431485392226,0.10695703388637642,1.1255671642452045
1.1027713131603178,1.8331736079273324,-1.2646182929415224,-1.2646182929415224,2.673943027271091,1.4670921368199021,1.45134924517595,0.23422754085689548,1.3921938899801396,1.909300293623256,1.4128092602512243,-0.9503121529030141,-1.3682572543042866,-0.7980975261415926,1.4211772562391505,-1.1337935730163102,-0.8186953190947202
1.1882465020844588,0.8973619114532145,-1.2646182929415224,-1.2646182929415224,1.4013249469980986,1.1885445499593177,0.8961259426605844,0.23422754085689548,1.0190940096470398,1.2939559978682893,1.4128092602512243,-0.6713294381990715,-0.9560294458357763,0.687242497793513,0.19401809761310446,-1.0737864710114289,-0.8186953190947202
0.7608705574637541,-0.3508010649651439,1.3954203730765178,1.3954203730765176,-0.9810600142031037,-1.364428325915789,-1.1859614417720366,-1.3968393760212348,-1.3046699908599295,-0.859749037274094,-0.48205328198438235,-1.2292948676069566,-0.5438016373672659,0.2727290027418556,-0.25132191963021844,1.3596464266010555,0.041654535569467
0.6753953685396131,-1.181890521360067,1.3954203730765178,1.3954203730765176,-0.9645919153929571,-1.337300537912687,-1.0471556161431952,-0.6750807673414829,-1.3046699908599295,-0.859749037274094,-0.48205328198438235,-0.11336400879118629,0.6928817880382651,0.9981276190822559,-1.1617948437721233,0.885612309053981,0.041654535569467
0.5044449906913313,0.10592549304448273,1.3954203730765178,1.3954203730765176,-0.9682514929063231,-1.1451227266922521,-1.1859614417720366,-0.6750807673414829,-1.3046699908599295,-1.1674211851515772,-0.48205328198438235,0.1656187059127562,1.1051095965067754,0.7563280803021226,-0.08308235756051867,0.10695703388637642,-0.8186953190947202
-0.6922076542466414,0.9555037755847748,0.06540104006749757,0.06540104006749754,0.9914522655011175,0.8438075032218054,1.1737375939182673,0.5587737238266683,1.0190940096470398,1.6016281457457726,-0.48205328198438235,-0.3923467234951289,-0.9560294458357763,0.3418145852504652,0.866976345891904,-0.2282689382839196,1.1255671642452045
-1.8033851102604728,-0.02889483610856807,0.06540104006749757,0.06540104006749754,0.25953676282793703,0.4252680018758794,0.8961259426605844,1.637741372355351,1.0190940096470398,-0.5520768893966107,1.4128092602512243,2.67646313824824,1.5173374049752855,-0.729011943632983,0.5057561096834309,0.1789029217032498,1.5124323266304773
-0.35030689855007774,0.4097728684567449,0.06540104006749757,0.06540104006749754,-0.30586796298709473,0.10681097816804659,0.20209681451637745,1.070869606315068,0.12013938270035009,-0.2444047415191273,-0.48205328198438235,1.0025668500245841,0.28065397956975463,0.4109001677590748,-1.1964324006688263,0.6719960514881533,1.5124323266304773
0.41896980176719045,0.6531374172539246,0.06540104006749757,0.06540104006749754,-0.11374014353538485,0.2251247196059993,0.4797084657740603,0.23422754085689548,0.7826380134765774,0.6786117021133227,-0.48205328198438235,-0.9503121529030141,-1.3682572543042866,-0.9362686911588117,-1.3597237403247113,-1.009673071062123,-0.8186953190947202
-1.6324347324121913,0.8026245929874102,-1.2646182929415224,-1.2646182929415224,1.201877972519657,1.0225580285984346,1.034931768289426,0.23422754085689548,1.0190940096470398,1.6016281457457726,-0.48205328198438235,-0.6713294381990715,-0.9560294458357763,1.5853550704054373,1.6537437096884413,-1.0909849017837394,-0.8186953190947202
-0.7776828431707824,-1.885278085541629,-1.2646182929415224,-1.2646182929415224,-0.9353152952860299,-0.9688811885079093,-1.0471556161431952,-0.6750807673414829,-1.3046699908599295,-0.859749037274094,-0.48205328198438235,0.44460142061669883,1.5173374049752855,-0.3835840310899352,1.079749909685936,-0.17352148123935618,-0.8186953190947202
-1.8033851102604728,0.6045505020346996,-1.2646182929415224,-1.2646182929415224,1.8862189675190808,1.4752833050163099,0.7573201170317431,0.8331736116944044,0.49323926303345,0.986283849990806,1.4128092602512243,0.1656187059127562,-0.5438016373672659,-1.039897064921726,-0.1869950282506273,-1.0547274587736002,-0.8186953190947202
-0.5212572763983596,-0.8551590433027619,0.06540104006749757,0.06540104006749754,-0.5455702901125613,-0.07680044820548511,-0.2143206623701467,0.5587737238266683,-0.4057153639132397,-0.2444047415191273,-0.48205328198438235,1.0025668500245841,1.1051095965067754,1.4817266966425229,-0.1474092489401096,0.7047921495857696,1.1255671642452045
-0.6922076542466414,-0.979468928652244,1.3954203730765178,1.3954203730765176,-0.9828898029597867,-1.3991986440208835,-1.1859614417720366,-1.3968393760212348,-0.4057153639132397,-1.1674211851515772,-0.48205328198438235,-0.11336400879118629,1.1051095965067754,-0.8671831086502021,-0.850056831701797,1.3596464266010555,0.041654535569467
-1.2905339767156276,0.17099469513748602,0.06540104006749757,0.06540104006749754,0.42330285655106115,0.4476781998138879,1.1737375939182673,0.5587737238266683,0.49323926303345,2.2169724415007392,-0.48205328198438235,-0.11336400879118629,-0.5438016373672659,-0.9708114824131165,-0.4294579265275477,-0.5087474534096523,0.6520824719662904
-1.205058787791487,-1.1225065138699033,0.06540104006749757,0.06540104006749754,-1.010336634310031,-1.7981463220312721,-1.324767267400878,-1.3968393760212348,-1.3046699908599295,-1.1674211851515772,-0.48205328198438235,-0.3923467234951289,0.6928817880382651,-0.4872124048528495,-0.538318819631471,0.5503863368836848,-0.8186953190947202
-1.5469595434880503,0.250587419577239,0.06540104006749757,0.06540104006749754,-0.4705489510885603,-0.012265344010173705,-0.07551483674130527,-0.16298488485308327,0.12013938270035009,0.3709395542358393,-0.48205328198438235,-0.9503121529030141,-0.9560294458357763,-1.385324977464774,-1.5428079696358552,-0.3670770836606983,0.041654535569467
0.33349461284304954,0.8257475693552615,0.06540104006749757,0.06540104006749754,-0.6242512066499282,-0.169350980077636,-0.353126487998988,0.23422754085689548,-0.4057153639132397,-0.2444047415191273,-0.48205328198438235,-0.3923467234951289,-0.5438016373672659,-0.9017258999045069,-0.9935552817024235,-0.7713565969387493,-0.8186953190947202
1.1027713131603178,0.053421048771200325,0.06540104006749757,0.06540104006749754,0.9356437084222877,0.6486126893582453,1.5901550708047913,1.4680820320250476,1.2190147058053171,0.986283849990806,-0.48205328198438235,2.118497708840354,1.1051095965067754,1.4817266966425229,1.208403692445118,0.3322483486472228,2.122860263027301
0.33349461284304954,-0.006584030398265173,0.06540104006749757,0.06540104006749754,-0.816379026101638,-0.4798583896904605,-0.7695439648855122,-0.16298488485308327,-1.3046699908599295,-0.5520768893966107,1.4128092602512243,0.1656187059127562,0.6928817880382651,0.20364342023324608,-0.2018396954920714,-0.5087474534096523,-0.8186953190947202
-0.17935652070179586,-1.5795197203469,0.06540104006749757,0.06540104006749754,-0.8987195201523709,-0.8338715601012439,-0.9083497905143537,-0.6750807673414829,-1.3046699908599295,-0.5520768893966107,-0.48205328198438235,0.1656187059127562,1.1051095965067754,-1.2126110211932501,0.8867692355471626,1.3596464266010555,0.6520824719662904
-1.119583598867346,0.7075050765651124,-1.2646182929415224,-1.2646182929415224,1.0820268089569236,1.0838004303232343,0.7573201170317431,0.5587737238266683,1.3921938899801396,0.06326740635835588,-0.48205328198438235,-0.3923467234951289,-0.9560294458357763,0.9981276190822559,1.4261254786529651,-1.0547274587736002,-0.8186953190947202
0.846345746387895,-0.056890836421710375,1.3954203730765178,1.3954203730765176,-0.013101761917822538,0.4262834397512922,0.3409026401452189,1.2805323325064204,-0.4057153639132397,0.06326740635835588,-0.48205328198438235,2.118497708840354,1.5173374049752855,0.5145285415219891,0.866976345891904,1.8030757295983642,2.596344955306216
0.5044449906913313,0.12226445568457613,1.3954203730765178,1.3954203730765176,-0.6535278267568554,-0.1311777400884725,-0.4919323136278294,-0.16298488485308327,-0.4057153639132397,-0.2444047415191273,-0.48205328198438235,-0.6713294381990715,-0.5438016373672659,-0.0036133272925826148,0.8323387889952011,1.1003413319483477,1.1255671642452045
1.4446720688568817,0.12871404620040242,0.06540104006749757,0.06540104006749754,-0.6132724741098305,-0.1384927561128072,-0.353126487998988,0.5587737238266683,-0.4057153639132397,-0.5520768893966107,-0.48205328198438235,0.7235841353206415,0.6928817880382651,-1.4198677687190788,-1.1667430661859381,-0.17352148123935618,0.041654535569467
-0.17935652070179586,-0.22663450384934677,0.06540104006749757,0.06540104006749754,0.9017926164236529,1.1975730609955264,0.3409026401452189,-0.16298488485308327,0.12013938270035009,1.2939559978682893,-0.48205328198438235,0.7235841353206415,1.5173374049752855,-0.4872124048528495,1.5102452596878146,0.885612309053981,1.8395221608324077
0.5044449906913313,-0.5184426436320665,-1.2646182929415224,-1.2646182929415224,-0.03505922699801794,0.32282681901685106,0.4797084657740603,0.8331736116944044,0.12013938270035009,0.6786117021133227,-0.48205328198438235,0.7235841353206415,0.28065397956975463,-1.3162393949561644,0.570083001063022,-1.009673071062123,-0.8186953190947202
-1.119583598867346,-1.5484183616372489,0.06540104006749757,0.06540104006749754,-0.9408046615560787,-1.4042467683092683,-0.7695439648855122,0.23422754085689548,-0.4057153639132397,-1.1674211851515772,-0.48205328198438235,0.44460142061669883,0.6928817880382651,-1.4198677687190788,-1.1222090644616058,1.0244204544307594,0.6520824719662904
-0.6067324653225005,-0.7430794925610691,0.06540104006749757,0.06540104006749754,-0.896889731395688,-0.8190897706356915,-0.9083497905143537,-0.16298488485308327,-1.3046699908599295,-0.859749037274094,-0.48205328198438235,0.1656187059127562,0.6928817880382651,0.13455783772463648,-0.5284223748038417,-0.3670770836606983,-0.8186953190947202
1.872048013477586,1.0130245680370331,0.06540104006749757,0.06540104006749754,0.9054521939370189,0.5807678848287066,1.7289608964336327,1.4680820320250476,0.49323926303345,2.2169724415007392,-0.48205328198438235,1.0025668500245841,-0.5438016373672659,-0.4526696135985448,-0.25627014204403314,-1.1567343940151054,-0.8186953190947202
-0.008406142853514067,-0.4358878850294896,0.06540104006749757,0.06540104006749754,-0.593144797786318,-0.0838483740967893,-0.353126487998988,0.23422754085689548,-0.4057153639132397,-0.2444047415191273,-0.48205328198438235,-0.11336400879118629,-0.13157382889875557,0.5145285415219891,-0.5086294851485827,0.37643351382530593,0.6520824719662904
0.846345746387895,0.047735854168360826,1.3954203730765178,1.3954203730765176,-0.8273577586417358,-0.538644007761179,-0.7695439648855122,-0.6750807673414829,-0.4057153639132397,-0.5520768893966107,-0.48205328198438235,-0.6713294381990715,-0.13157382889875557,-0.2108700748184113,-1.270655736876047,0.3005126363077183,0.041654535569467
-0.7776828431707824,-1.3892806875023045,0.06540104006749757,0.06540104006749754,-1.012166423066714,-1.864879582939283,-1.324767267400878,-1.3968393760212348,-1.3046699908599295,-1.1674211851515772,-0.48205328198438235,-0.11336400879118629,1.1051095965067754,-0.3144984485813256,0.10495009416443976,0.5503863368836848,-0.8186953190947202
1.7865728245534451,-0.24717764401086767,1.3954203730765178,1.3954203730765176,-0.26195303282670396,0.1762024398064524,0.20209681451637745,0.23422754085689548,1.2190147058053171,-0.5520768893966107,-0.48205328198438235,-0.11336400879118629,-0.13157382889875557,0.10001504647033169,-0.4443025937689916,-0.5087474534096523,0.041654535569467
1.1882465020844588,0.3805824995295606,0.06540104006749757,0.06540104006749754,0.30345169298832786,0.40357622197600845,1.034931768289426,1.79262821499482,0.12013938270035009,0.3709395542358393,-0.48205328198438235,2.67646313824824,1.1051095965067754,-1.3162393949561644,0.4414292183038397,0.37643351382530593,1.8395221608324077
1.2737216910085998,-0.08851771732154018,0.06540104006749757,0.06540104006749754,0.12779197234676457,0.43043603927852897,0.6185142914029016,1.2805323325064204,0.12013938270035009,0.3709395542358393,-0.48205328198438235,1.5605322794324692,0.6928817880382651,-0.9708114824131165,0.11484653899206947,-0.662005171948142,0.041654535569467
2.042998391325868,0.8551768120052542,-1.2646182929415224,-1.2646182929415224,0.5962178940576002,0.5822255822636142,1.1737375939182673,-0.16298488485308327,1.2190147058053171,1.909300293623256,-0.48205328198438235,-1.5082775823108991,-1.7804850627727968,-0.9017258999045069,-0.4146132592861036,-1.1065825691090452,-0.8186953190947202
-0.008406142853514067,-0.3715353041049114,1.3954203730765178,1.3954203730765176,-0.9645919153929571,-1.337300537912687,-1.0471556161431952,-0.6750807673414829,-1.3046699908599295,-0.859749037274094,-0.48205328198438235,-0.6713294381990715,-0.13157382889875557,-1.108982647430336,-1.7011510868779256,0.885612309053981,0.041654535569467
-0.6067324653225005,-1.0173543010896533,0.06540104006749757,0.06540104006749754,-0.9828898029597867,-1.3991986440208835,-1.1859614417720366,-1.3968393760212348,-1.3046699908599295,-0.859749037274094,-0.48205328198438235,-0.3923467234951289,0.6928817880382651,-1.4889533512276882,0.06536431485392226,0.10695703388637642,-0.8186953190947202
-0.008406142853514067,-0.761090571260821,1.3954203730765178,1.3954203730765176,-0.9774004366897379,-1.2976950650077783,-1.1859614417720366,-1.3968393760212348,-1.3046699908599295,-0.859749037274094,-0.48205328198438235,-0.9503121529030141,-0.13157382889875557,0.2381862114875508,-1.265707514462232,0.10695703388637642,-0.8186953190947202
0.41896980176719045,0.5869216212914411,1.3954203730765178,1.3954203730765176,1.5705804069912714,1.7334243923891355,0.06329098888753605,-0.6750807673414829,1.0190940096470398,0.06326740635835588,3.3076718024868312,-0.6713294381990715,-0.13157382889875557,0.7563280803021226,-0.37007925756177124,0.8096914315363931,1.5124323266304773
-1.034108409943205,0.21647625196020204,1.3954203730765178,1.3954203730765176,0.08021746467300786,0.38044340916799385,0.6185142914029016,1.4680820320250476,-0.4057153639132397,0.3709395542358393,-0.48205328198438235,2.397480423544297,1.5173374049752855,0.06547225521602688,1.2677823614108945,1.2235871388348762,2.372782181294665
-0.8631580320949233,-1.302378427144615,0.06540104006749757,0.06540104006749754,-0.9865493804731527,-1.4718233942435652,-1.1859614417720366,-1.3968393760212348,-1.3046699908599295,-0.859749037274094,-0.48205328198438235,-0.9503121529030141,-0.13157382889875557,1.5508122791511325,-0.7560406058393178,0.10695703388637642,-0.8186953190947202
-1.034108409943205,1.1427329995219846,0.06540104006749757,0.06540104006749754,0.21470693828920476,0.3215153990231579,1.034931768289426,1.070869606315068,1.0190940096470398,0.6786117021133227,-0.48205328198438235,0.44460142061669883,-0.5438016373672659,-0.7635547348872878,-1.46363641101482,-1.0909849017837394,-0.8186953190947202
0.7608705574637541,-0.6032428152290421,-1.2646182929415224,-1.2646182929415224,-1.003017479283299,-1.5623335936686813,-1.324767267400878,-2.6306938671893865,-1.3046699908599295,-0.859749037274094,-0.48205328198438235,-1.5082775823108991,-0.5438016373672659,-1.6616673074992123,0.3028789907170278,0.5503863368836848,-0.8186953190947202
-0.43578208747421865,0.3171854134962159,0.06540104006749757,0.06540104006749754,-0.31501690677050953,0.09185001113551829,0.20209681451637745,0.8331736116944044,0.12013938270035009,0.06326740635835588,-0.48205328198438235,0.7235841353206415,0.28065397956975463,0.2381862114875508,-0.7659370506669472,-0.5087474534096523,0.041654535569467
-1.034108409943205,0.3262626149629344,-1.2646182929415224,-1.2646182929415224,0.4480050047662811,0.5265599261396106,1.034931768289426,0.5587737238266683,0.49323926303345,1.909300293623256,1.4128092602512243,-0.6713294381990715,-1.3682572543042866,0.7563280803021226,-1.6863064196364816,-1.0909849017837394,-0.8186953190947202
0.16254423499476775,0.2523073103814593,-1.2646182929415224,-1.2646182929415224,0.9301543421522387,0.927974654077795,0.8961259426605844,1.070869606315068,1.0190940096470398,0.3709395542358393,-0.48205328198438235,1.0025668500245841,0.28065397956975463,-1.074439856176031,0.2632932114065103,-1.0737864710114289,-0.8186953190947202
1.6156224467051634,0.22435908481287864,1.3954203730765178,1.3954203730765176,-0.7871024059947108,-0.335546513195191,-0.7695439648855122,-0.6750807673414829,-0.4057153639132397,-0.5520768893966107,-0.48205328198438235,-0.9503121529030141,-0.5438016373672659,-0.038156118546887316,-1.4883775230838936,1.0244204544307594,0.6520824719662904
-1.119583598867346,-1.4049030289739726,0.06540104006749757,0.06540104006749754,-0.9389748727993958,-1.2139840306583678,-0.9083497905143537,-0.6750807673414829,-0.4057153639132397,-0.859749037274094,-0.48205328198438235,-1.2292948676069566,-0.9560294458357763,1.2744699491166942,-1.1420019541168647,1.3596464266010555,0.6520824719662904
0.6753953685396131,1.4408474055868454,-1.2646182929415224,-1.2646182929415224,1.5751548788829788,1.1504745803541978,1.1737375939182673,-0.16298488485308327,1.2190147058053171,1.909300293623256,-0.48205328198438235,-0.11336400879118629,0.28065397956975463,-0.038156118546887316,1.604261485550294,-1.1065825691090452,-0.8186953190947202
0.5044449906913313,-0.8428331592058494,1.3954203730765178,1.3954203730765176,-0.8255279698850528,-0.3483812701102787,-0.9083497905143537,-0.16298488485308327,-0.4057153639132397,-1.1674211851515772,-0.48205328198438235,0.7235841353206415,1.5173374049752855,-1.6271245162449075,1.5151934821016293,1.3596464266010555,0.6520824719662904
-0.6922076542466414,3.1322644620484383,-1.2646182929415224,-1.2646182929415224,-0.013101761917822538,-0.3165412069598058,2.1453783733201575,-2.6306938671893865,3.062434502329086,-1.782765480906544,-0.48205328198438235,-2.345225726422727,-1.7804850627727968,-1.247153812447555,0.3573094372689896,-1.4262108739540353,-2.2894731101557304
1.872048013477586,-1.2658785222994942,0.06540104006749757,0.06540104006749754,-0.9810600142031037,-1.364428325915789,-1.1859614417720366,-1.3968393760212348,-1.3046699908599295,-0.859749037274094,-0.48205328198438235,-0.6713294381990715,0.28065397956975463,0.2727290027418556,-0.058341245491445065,1.3596464266010555,0.041654535569467
-0.7776828431707824,-0.7792449741942581,0.06540104006749757,0.06540104006749754,-0.9170174077192003,-0.784319452530597,-1.0471556161431952,-0.6750807673414829,-1.3046699908599295,-0.859749037274094,-0.48205328198438235,-0.11336400879118629,0.6928817880382651,0.9635848278279513,-1.1914841782550116,-0.17352148123935618,-0.8186953190947202
1.2737216910085998,-0.7271705026220308,0.06540104006749757,0.06540104006749754,-0.42663402092816954,0.07619743698951899,-0.07551483674130527,0.5587737238266683,0.12013938270035009,-0.2444047415191273,-0.48205328198438235,0.7235841353206415,0.6928817880382651,-1.696210098753517,0.21381098726836345,0.10695703388637642,0.6520824719662904
1.2737216910085998,0.5166927467857767,0.06540104006749757,0.06540104006749754,0.46996246984647644,0.48545342425516247,1.1737375939182673,0.5587737238266683,0.49323926303345,2.2169724415007392,-0.48205328198438235,-0.3923467234951289,-0.9560294458357763,0.2727290027418556,-1.0232446161853122,-1.1065825691090452,-0.8186953190947202
-0.26483170962593683,-0.07265650212706368,0.06540104006749757,0.06540104006749754,0.21653672704588775,0.518602824103281,0.6185142914029016,1.070869606315068,0.7826380134765774,0.06326740635835588,-0.48205328198438235,1.0025668500245841,0.28065397956975463,-0.8671831086502021,-0.06823769031907456,0.6506913227714182,1.8395221608324077
-1.034108409943205,0.9655842466872884,-1.2646182929415224,-1.2646182929415224,2.2146660493436703,1.7492121627436206,0.4797084657740603,0.23422754085689548,1.2190147058053171,0.06326740635835588,2.521232791480213,-0.9503121529030141,-1.3682572543042866,0.20364342023324608,-1.7209439765331844,-1.009673071062123,-0.8186953190947202
0.9318209353120359,-0.05378547802520147,1.3954203730765178,1.3954203730765176,-0.13203803110221443,0.2784949699345576,0.3409026401452189,0.8331736116944044,0.12013938270035009,0.3709395542358393,-0.48205328198438235,0.7235841353206415,0.28065397956975463,0.4454429590133795,0.34246477002754566,1.8030757295983642,2.596344955306216
0.07706904607062683,-0.8092475137789908,1.3954203730765178,1.3954203730765176,-0.6169320516231964,-0.023782671760696206,-0.4919323136278294,0.5587737238266683,-0.4057153639132397,-0.859749037274094,-0.48205328198438235,1.2815495647285267,1.5173374049752855,1.3780983228796087,0.2781378786479546,1.1003413319483477,1.1255671642452045
-0.6067324653225005,0.6228482292018217,0.06540104006749757,0.06540104006749754,0.6108562041110638,0.5368885610404941,1.3125434195471086,0.8331736116944044,0.7826380134765774,1.909300293623256,-0.48205328198438235,0.1656187059127562,-0.5438016373672659,0.9635848278279513,-1.597238416187817,-0.8283757582546424,0.041654535569467
0.24801942391890863,-0.3942760825162694,1.3954203730765178,1.3954203730765176,-0.9151876189625174,-0.9755349225081912,-0.9083497905143537,-0.16298488485308327,-0.4057153639132397,-1.1674211851515772,-0.48205328198438235,-0.11336400879118629,0.28065397956975463,-0.14178449230980172,-0.9094355006675734,1.3596464266010555,0.6520824719662904
-1.7179099213363322,-0.8532002787757332,-1.2646182929415224,-1.2646182929415224,-0.9096982526924687,-0.7175861916225864,-1.0471556161431952,-1.3968393760212348,-0.4057153639132397,-0.859749037274094,-0.48205328198438235,-1.2292948676069566,-0.5438016373672659,-0.10724170105549691,-0.3107005885959948,-0.17352148123935618,-0.8186953190947202
-1.3760091656397686,-0.4959885136880785,0.06540104006749757,0.06540104006749754,-0.9005493089090538,-0.6389440131363012,-1.0471556161431952,-0.6750807673414829,-1.3046699908599295,-0.859749037274094,-0.48205328198438235,-0.11336400879118629,0.6928817880382651,1.0672132015908653,0.10495009416443976,-0.17352148123935618,-0.8186953190947202
0.16254423499476775,0.5442109996533023,1.3954203730765178,1.3954203730765176,0.37298366574228004,0.40560126700442567,1.1737375939182673,0.8331736116944044,0.49323926303345,1.909300293623256,-0.48205328198438235,0.1656187059127562,-0.5438016373672659,0.37635737650476997,-0.2018396954920714,-1.1065825691090452,-0.8186953190947202
0.846345746387895,-0.7224885776549865,1.3954203730765178,1.3954203730765176,-0.9536131828528595,-1.3874993652612677,-0.9083497905143537,-1.3968393760212348,-0.4057153639132397,-0.5520768893966107,-0.48205328198438235,-1.7872602970148417,-1.3682572543042866,0.7563280803021226,-0.850056831701797,1.3596464266010555,0.6520824719662904
-0.09388133177765497,0.8231199584043694,0.06540104006749757,0.06540104006749754,1.8148572060084451,1.1465082045151855,1.45134924517595,1.070869606315068,0.49323926303345,2.2169724415007392,-0.48205328198438235,1.5605322794324692,1.1051095965067754,-0.2108700748184113,-0.6521279351492091,-0.8533150578905775,0.041654535569467
0.16254423499476775,1.237900290688844,0.06540104006749757,0.06540104006749754,1.758133754551274,0.7216288524854517,2.7006016758355225,1.79262821499482,1.8052020693197453,1.6016281457457726,1.4128092602512243,2.118497708840354,0.28065397956975463,1.6544406529140467,0.68389211658076,-1.009673071062123,0.041654535569467
-1.3760091656397686,-0.6653022084146598,-1.2646182929415224,-1.2646182929415224,-0.5547192338959761,-0.0989601936647205,-0.2143206623701467,0.23422754085689548,0.12013938270035009,-0.2444047415191273,2.521232791480213,0.44460142061669883,0.6928817880382651,-0.0036133272925826148,-0.09792702480196257,-0.2784207631899799,0.041654535569467
1.5301472577810225,1.6604201315923104,-1.2646182929415224,-1.2646182929415224,1.2476226914367303,1.244769239507451,0.6185142914029016,0.5587737238266683,1.2190147058053171,0.06326740635835588,-0.48205328198438235,-0.6713294381990715,-1.3682572543042866,0.5836141240305986,-0.28101125411310673,-1.033488587128577,-0.8186953190947202
-1.4614843545639096,1.3513653090228257,-1.2646182929415224,-1.2646182929415224,2.533964187384845,1.5312432365587543,1.1737375939182673,1.070869606315068,0.7826380134765774,1.2939559978682893,1.4128092602512243,1.0025668500245841,0.28065397956975463,-1.0053542736674215,0.8917174579609772,-1.1065825691090452,-0.8186953190947202
1.1882465020844588,0.9927680763428824,-1.2646182929415224,-1.2646182929415224,0.755409515889017,0.7533204344770233,1.034931768289426,0.8331736116944044,1.54494875626063,0.06326740635835588,1.4128092602512243,-0.11336400879118629,-0.9560294458357763,0.1691006289789413,0.18412165278547515,-1.0909849017837394,-0.8186953190947202
-0.09388133177765497,0.8198712757741753,0.06540104006749757,0.06540104006749754,1.65017621790698,0.7520867865302963,2.42299002457784,1.2805323325064204,1.6815926404232675,2.2169724415007392,-0.48205328198438235,1.0025668500245841,-0.13157382889875557,0.4109001677590748,1.1391285786517125,-0.5662437680648147,1.1255671642452045
-1.8888602991846144,-1.5126350779605529,-1.2646182929415224,-1.2646182929415224,-0.8895705763689561,-0.7616717589851694,-0.9083497905143537,-1.3968393760212348,-0.4057153639132397,-0.5520768893966107,-0.48205328198438235,-1.2292948676069566,-0.5438016373672659,-1.074439856176031,1.109439244168824,-0.3670770836606983,-0.8186953190947202
-0.5212572763983596,-1.1600574630953808,0.06540104006749757,0.06540104006749754,-0.593144797786318,-0.0838483740967893,-0.353126487998988,0.5587737238266683,-0.4057153639132397,-0.5520768893966107,-0.48205328198438235,1.0025668500245841,1.1051095965067754,-0.14178449230980172,0.5304972217525041,0.885612309053981,1.1255671642452045
-0.8631580320949233,-1.7195474966571735,0.06540104006749757,0.06540104006749754,-0.9737408591763719,-1.2343855640425856,-1.1859614417720366,-1.3968393760212348,-1.3046699908599295,-0.859749037274094,-0.48205328198438235,-0.11336400879118629,1.1051095965067754,-0.7980975261415926,0.06536431485392226,0.10695703388637642,-0.8186953190947202
-0.6067324653225005,-0.11039855033078798,0.06540104006749757,0.06540104006749754,-0.3003785967170459,0.11570127831892889,0.20209681451637745,0.5587737238266683,-0.4057153639132397,0.6786117021133227,-0.48205328198438235,0.7235841353206415,0.6928817880382651,-1.696210098753517,0.7333743407189072,-0.5087474534096523,0.041654535569467
-0.9486332210190641,-0.8898912825991007,0.06540104006749757,0.06540104006749754,-0.9096982526924687,-0.7175861916225864,-1.0471556161431952,-0.6750807673414829,-1.3046699908599295,-0.859749037274094,-0.48205328198438235,-0.11336400879118629,0.6928817880382651,-0.729011943632983,-0.9737623920471644,-0.17352148123935618,-0.8186953190947202
-0.7776828431707824,0.8879025120300026,-1.2646182929415224,-1.2646182929415224,1.7325167119577127,1.1649758232409884,1.3125434195471086,0.5587737238266683,1.8052020693197453,0.3709395542358393,1.4128092602512243,-0.3923467234951289,-0.9560294458357763,-0.0036133272925826148,-0.4443025937689916,-1.1207930591923674,-0.8186953190947202
-0.17935652070179586,-0.6508264608124719,1.3954203730765178,1.3954203730765176,-0.816379026101638,-0.4798583896904605,-0.7695439648855122,-0.16298488485308327,-0.4057153639132397,-0.859749037274094,-0.48205328198438235,-0.3923467234951289,-0.13157382889875557,1.2053843666080846,-0.9440730575642764,1.6792747314460454,1.1255671642452045
1.1882465020844588,-1.3998389060504348,1.3954203730765178,1.3954203730765176,-0.9645919153929571,-1.5357892444228143,-0.9083497905143537,-0.6750807673414829,-1.3046699908599295,-0.5520768893966107,-0.48205328198438235,-0.6713294381990715,-0.13157382889875557,-0.3835840310899352,1.2331448045141915,2.083554244724097,1.1255671642452045
-1.205058787791487,-1.3529241068908686,0.06540104006749757,0.06540104006749754,-1.0213153668501287,-2.266536953954465,-1.324767267400878,-2.6306938671893865,-1.3046699908599295,-0.859749037274094,-0.48205328198438235,-1.7872602970148417,-0.9560294458357763,0.13455783772463648,-1.6269277506707052,0.5503863368836848,-0.8186953190947202
1.4446720688568817,-0.11665704186836767,0.06540104006749757,0.06540104006749754,-0.48335747238534105,0.06417475598307729,-0.2143206623701467,0.23422754085689548,0.12013938270035009,-0.2444047415191273,-0.48205328198438235,-0.11336400879118629,-0.13157382889875557,1.3435555316253038,-0.5284223748038417,-0.2784207631899799,0.041654535569467
-0.008406142853514067,-0.4597752573103278,1.3954203730765178,1.3954203730765176,-0.9719110704196889,-1.2039083447629704,-1.1859614417720366,-1.3968393760212348,-1.3046699908599295,-0.859749037274094,-0.48205328198438235,-0.9503121529030141,-0.13157382889875557,1.7235262354226564,-1.2756039592898614,0.10695703388637642,-0.8186953190947202
-0.9486332210190641,1.286773854375439,-1.2646182929415224,-1.2646182929415224,1.6282187528267844,1.5851947140076135,0.3409026401452189,0.23422754085689548,1.2190147058053171,-0.2444047415191273,-0.48205328198438235,-0.9503121529030141,-1.3682572543042866,-1.2816966037018593,1.6636401545160706,-0.9827815709567269,-0.8186953190947202
0.07706904607062683,0.22354691415533012,0.06540104006749757,0.06540104006749754,0.45166458227964695,0.47077709594812656,1.1737375939182673,1.637741372355351,0.7826380134765774,0.3709395542358393,2.521232791480213,2.397480423544297,1.1051095965067754,-0.4872124048528495,-0.06328946790525966,-0.2282689382839196,1.1255671642452045
-0.17935652070179586,0.3103058502793345,0.06540104006749757,0.06540104006749754,0.7920052910226759,0.6088560299830923,1.45134924517595,1.2805323325064204,0.49323926303345,1.909300293623256,-0.48205328198438235,1.2815495647285267,0.28065397956975463,-1.523496142481993,0.92635501485768,-0.3245334832989399,1.1255671642452045
-1.7179099213363322,1.4027709341711894,-1.2646182929415224,-1.2646182929415224,1.030792723769801,0.8670503099262776,1.1737375939182673,-0.16298488485308327,1.3921938899801396,1.6016281457457726,-0.48205328198438235,-1.5082775823108991,-1.7804850627727968,0.9635848278279513,-0.043496578250000965,-1.1065825691090452,-0.8186953190947202
1.5301472577810225,-0.13208828436178907,0.06540104006749757,0.06540104006749754,0.21928141018091216,0.45243259569591726,0.7573201170317431,1.070869606315068,0.12013938270035009,0.986283849990806,-0.48205328198438235,1.2815495647285267,0.6928817880382651,-0.14178449230980172,-0.043496578250000965,-0.3670770836606983,0.6520824719662904
-1.5469595434880503,0.4745076473378164,-1.2646182929415224,-1.2646182929415224,1.3738781156478543,1.2405949353449526,0.7573201170317431,1.2805323325064204,0.7826380134765774,0.06326740635835588,-0.48205328198438235,1.0025668500245841,-0.13157382889875557,0.7563280803021226,0.020830313129590047,-1.0547274587736002,-0.8186953190947202
-1.3760091656397686,-1.609331160953386,0.06540104006749757,0.06540104006749754,-1.0011876905266162,-1.5098037653100853,-1.324767267400878,-1.3968393760212348,-1.3046699908599295,-1.1674211851515772,-0.48205328198438235,-0.11336400879118629,1.1051095965067754,-0.3144984485813256,0.6987367838222043,0.5503863368836848,-0.8186953190947202
-1.034108409943205,-1.3147043112415275,0.06540104006749757,0.06540104006749754,-0.9828898029597867,-1.0799011189651717,-1.324767267400878,-1.3968393760212348,-1.3046699908599295,-1.1674211851515772,-0.48205328198438235,-0.3923467234951289,0.6928817880382651,1.1362987840994752,1.5696239286535911,0.5503863368836848,-0.8186953190947202
-1.8033851102604728,-1.6067990994916173,-1.2646182929415224,-1.2646182929415224,-0.9170174077192003,-0.784319452530597,-1.0471556161431952,-0.6750807673414829,-1.3046699908599295,-0.859749037274094,-0.48205328198438235,0.1656187059127562,1.1051095965067754,0.7217852890478178,0.9461479045129392,-0.17352148123935618,-0.8186953190947202
1.4446720688568817,0.5006882073576151,0.06540104006749757,0.06540104006749754,0.16438774748042365,0.3339293812719696,0.8961259426605844,-0.16298488485308327,0.49323926303345,2.2169724415007392,-0.48205328198438235,-1.2292948676069566,-1.3682572543042866,1.309012740370999,0.23855209933743707,-0.7385604988411333,0.041654535569467
-0.17935652070179586,-0.4692346567335397,1.3954203730765178,1.3954203730765176,-0.9938685354998843,-1.319541027659185,-1.324767267400878,-1.3968393760212348,-1.3046699908599295,-1.1674211851515772,-0.48205328198438235,-0.3923467234951289,0.6928817880382651,1.5853550704054373,1.4558148131358533,0.5503863368836848,-0.8186953190947202
-1.205058787791487,1.65898688925546,-1.2646182929415224,-1.2646182929415224,0.32540915806852333,1.1463664327865717,-0.2143206623701467,0.23422754085689548,0.12013938270035009,-0.2444047415191273,1.4128092602512243,-1.2292948676069566,-1.7804850627727968,0.7908708715564273,0.6591510045116864,-1.4262108739540353,-2.2894731101557304
1.0172961242361769,-0.4977084044922989,1.3954203730765178,1.3954203730765176,-0.9810600142031037,-1.364428325915789,-1.1859614417720366,-1.3968393760212348,-1.3046699908599295,-0.859749037274094,-0.48205328198438235,-0.3923467234951289,0.6928817880382651,-1.523496142481993,1.4409701458944089,0.10695703388637642,-0.8186953190947202
1.5301472577810225,1.0438870530238762,1.3954203730765178,1.3954203730765176,1.7444103388761518,1.1161186983381226,1.45134924517595,1.4680820320250476,1.2190147058053171,0.6786117021133227,-0.48205328198438235,1.2815495647285267,-0.13157382889875557,1.2744699491166942,-1.1766395110135675,-0.8533150578905775,0.041654535569467
-0.6067324653225005,0.4399665070197243,0.06540104006749757,0.06540104006749754,0.7563244102673584,0.5851252905736115,1.45134924517595,1.2805323325064204,0.7826380134765774,1.6016281457457726,-0.48205328198438235,1.2815495647285267,0.28065397956975463,1.0672132015908653,1.5498310389983323,-0.07465978272297287,1.5124323266304773
1.1882465020844588,-0.6403160170089031,1.3954203730765178,1.3954203730765176,-0.9078684639357857,-0.9105586222782807,-0.9083497905143537,-0.16298488485308327,-1.3046699908599295,-0.859749037274094,-0.48205328198438235,0.1656187059127562,0.6928817880382651,0.4454429590133795,-1.3003450713589348,1.3596464266010555,0.6520824719662904
-1.7179099213363322,-1.6003017342312291,0.06540104006749757,0.06540104006749754,-0.9353152952860299,-1.3449906853317874,-0.7695439648855122,-0.16298488485308327,-1.3046699908599295,-0.5520768893966107,-0.48205328198438235,0.1656187059127562,0.6928817880382651,-0.0036133272925826148,-0.6570761575630237,1.0244204544307594,0.6520824719662904
-0.35030689855007774,0.15083375293245863,0.06540104006749757,0.06540104006749754,0.16804732499378955,0.33757028263762867,0.8961259426605844,1.2805323325064204,0.12013938270035009,0.986283849990806,-0.48205328198438235,1.0025668500245841,-0.13157382889875557,1.2399271578623894,-1.2558110696346028,0.4593814368289823,1.8395221608324077
-0.35030689855007774,-2.012884428265867,0.06540104006749757,0.06540104006749754,-0.8511450124786142,-0.6765162953685705,-0.7695439648855122,-0.16298488485308327,-0.4057153639132397,-0.859749037274094,-0.48205328198438235,0.44460142061669883,1.1051095965067754,-1.4544105599733836,1.391487921756262,1.6792747314460454,1.1255671642452045
-1.2905339767156276,-0.6535496212524874,0.06540104006749757,0.06540104006749754,-0.7596555746444666,-0.3711683419707941,-0.6307381392566709,-0.16298488485308327,-0.4057153639132397,-0.5520768893966107,-0.48205328198438235,0.1656187059127562,0.6928817880382651,-1.4889533512276882,-0.37007925756177124,0.7618113109016623,0.6520824719662904
1.1027713131603178,0.3249249221152075,0.06540104006749757,0.06540104006749754,1.192729028736242,0.6102327893762022,2.1453783733201575,1.070869606315068,1.54494875626063,2.2169724415007392,1.4128092602512243,1.0025668500245841,0.28065397956975463,-0.8326403173958974,1.4508665907220382,-0.5087474534096523,1.1255671642452045
0.33349461284304954,0.012525867426405327,0.06540104006749757,0.06540104006749754,-0.5291021913024148,-0.03788870721651501,-0.2143206623701467,0.5587737238266683,0.12013938270035009,-0.5520768893966107,-0.48205328198438235,0.7235841353206415,0.6928817880382651,0.20364342023324608,1.624054375205553,-0.2784207631899799,0.041654535569467
-0.7776828431707824,0.6190740243814493,0.06540104006749757,0.06540104006749754,0.18726010693896045,0.3565107770965918,0.8961259426605844,1.070869606315068,0.12013938270035009,1.2939559978682893,-0.48205328198438235,0.7235841353206415,-0.13157382889875557,1.1017559928451703,-0.869849721357056,-1.0737864710114289,-0.8186953190947202
-0.35030689855007774,0.11309170472873423,0.06540104006749757,0.06540104006749754,-0.556549022652659,-0.10344028812239531,-0.2143206623701467,-0.16298488485308327,0.49323926303345,-0.2444047415191273,-0.48205328198438235,-0.9503121529030141,-0.9560294458357763,1.6889834441683516,-1.1568466213583086,-0.8283757582546424,-0.8186953190947202
-1.4614843545639096,1.5124139729402368,-1.2646182929415224,-1.2646182929415224,2.396730030633624,1.4834346004461771,1.1737375939182673,0.23422754085689548,1.3921938899801396,1.2939559978682893,3.917681290782164,-1.2292948676069566,-1.7804850627727968,-0.6253835698700687,-1.691254642050296,-1.1065825691090452,-0.8186953190947202
0.846345746387895,1.2261477035266717,0.06540104006749757,0.06540104006749754,1.7398358669844445,1.1681837903956718,1.3125434195471086,1.2805323325064204,1.3921938899801396,0.3709395542358393,3.3076718024868312,0.7235841353206415,-0.5438016373672659,-0.6599263611243734,-0.241425474802589,-1.1207930591923674,-0.8186953190947202
-0.7776828431707824,-0.5112286572032533,0.06540104006749757,0.06540104006749754,-0.9133578302058345,-0.7505018667521969,-1.0471556161431952,-1.3968393760212348,-1.3046699908599295,-0.5520768893966107,-0.48205328198438235,-0.9503121529030141,-0.13157382889875557,1.6889834441683516,0.4562738855452836,-0.17352148123935618,-0.8186953190947202
0.24801942391890863,1.3636434183751764,-1.2646182929415224,-1.2646182929415224,1.028962935013118,0.6550607465588292,1.7289608964336327,0.5587737238266683,1.54494875626063,1.909300293623256,1.4128092602512243,-0.3923467234951289,-0.9560294458357763,1.4817266966425229,1.198507247617489,-1.1567343940151054,-0.8186953190947202
-1.974335488108755,-1.5817651333412988,0.06540104006749757,0.06540104006749754,-0.9225067739892493,-1.0441228263916857,-0.9083497905143537,-0.16298488485308327,-1.3046699908599295,-0.859749037274094,-0.48205328198438235,-0.11336400879118629,0.28065397956975463,-0.2799556573270208,-1.597238416187817,0.5503863368836848,0.041654535569467
-1.2905339767156276,-0.7958705853017215,0.06540104006749757,0.06540104006749754,-0.24091046212485004,0.3928898810393083,-0.07551483674130527,0.8331736116944044,-0.4057153639132397,-0.2444047415191273,-0.48205328198438235,1.2815495647285267,1.1051095965067754,0.6526997065392083,1.1836625803760443,1.3596464266010555,1.8395221608324077
1.1027713131603178,0.4001223700552862,0.06540104006749757,0.06540104006749754,0.9127713489637507,1.2044364595964452,0.3409026401452189,0.8331736116944044,0.49323926303345,0.06326740635835588,-0.48205328198438235,0.44460142061669883,-0.13157382889875557,0.9981276190822559,0.253396766578881,-0.5662437680648147,0.041654535569467
-0.6922076542466414,-1.421146442124943,1.3954203730765178,1.3954203730765176,-0.9828898029597867,-1.6398465271832883,-1.0471556161431952,-0.6750807673414829,-1.3046699908599295,-0.859749037274094,-0.48205328198438235,-0.11336400879118629,0.6928817880382651,-0.10724170105549691,-1.4933257454977082,0.885612309053981,0.041654535569467
-0.43578208747421865,-0.356534034312545,1.3954203730765178,1.3954203730765176,-0.6535278267568554,-0.1311777400884725,-0.4919323136278294,0.23422754085689548,-0.4057153639132397,-0.5520768893966107,-0.48205328198438235,0.44460142061669883,0.6928817880382651,0.7563280803021226,-0.28101125411310673,1.6095201271770223,1.5124323266304773
-0.6067324653225005,0.17051694769186931,0.06540104006749757,0.06540104006749754,0.56511148519399,0.5590781864166453,1.1737375939182673,1.070869606315068,1.0190940096470398,0.986283849990806,1.4128092602512243,1.0025668500245841,0.28065397956975463,-1.4889533512276882,1.124283911410268,-0.2282689382839196,1.1255671642452045
-0.8631580320949233,-1.6323108130875523,0.06540104006749757,0.06540104006749754,-1.0194855780934458,-2.1750681023118763,-1.324767267400878,-1.3968393760212348,-1.3046699908599295,-1.1674211851515772,-0.48205328198438235,-0.11336400879118629,1.1051095965067754,1.1362987840994752,0.8818210131333479,0.5503863368836848,-0.8186953190947202
-1.205058787791487,1.9413834043595293,-1.2646182929415224,-1.2646182929415224,1.9886871378933255,1.1666476798452519,1.5901550708047913,1.070869606315068,1.0190940096470398,1.909300293623256,3.3076718024868312,0.1656187059127562,-0.9560294458357763,0.7563280803021226,0.34741299244136037,-1.1457323588283026,-0.8186953190947202
-1.8888602991846144,1.8354190209217311,-1.2646182929415224,-1.2646182929415224,1.9722190390831795,1.5106471622854987,0.7573201170317431,0.5587737238266683,1.2190147058053171,0.3709395542358393,3.3076718024868312,-0.6713294381990715,-1.3682572543042866,-0.5908407786157639,-0.7758334954945767,-1.0547274587736002,-0.8186953190947202
0.5899201796154723,1.467457938307699,-1.2646182929415224,-1.2646182929415224,2.0161339692435702,1.1776254990376338,1.5901550708047913,0.8331736116944044,1.0190940096470398,2.2169724415007392,1.4128092602512243,-0.3923467234951289,-1.3682572543042866,-0.729011943632983,-1.3151897386003792,-1.4262108739540353,-2.2894731101557304
-1.119583598867346,-0.6374017575906408,0.06540104006749757,0.06540104006749754,-0.446761697251682,0.03643730401700009,-0.07551483674130527,0.8331736116944044,-0.4057153639132397,-0.2444047415191273,-0.48205328198438235,1.2815495647285267,1.1051095965067754,-1.0053542736674215,-0.998503504116238,0.9669241397755971,1.5124323266304773
-0.8631580320949233,-1.6817576737088875,0.06540104006749757,0.06540104006749754,-0.9133578302058345,-0.9589673627750864,-0.9083497905143537,-0.6750807673414829,-0.4057153639132397,-0.859749037274094,-0.48205328198438235,-0.3923467234951289,0.28065397956975463,-1.3507821862104692,-1.394361297221414,1.3596464266010555,0.6520824719662904
1.1882465020844588,-0.4428152229909327,1.3954203730765178,1.3954203730765176,-0.5785064877328544,-0.1585095556427369,-0.2143206623701467,0.23422754085689548,-0.4057153639132397,0.06326740635835588,-0.48205328198438235,0.7235841353206415,1.1051095965067754,-1.4544105599733836,1.2578859165832652,1.1482214525830776,1.5124323266304773
0.33349461284304954,-1.3532585301028004,0.06540104006749757,0.06540104006749754,-0.9408046615560787,-0.775777794440988,-1.1859614417720366,-1.3968393760212348,-0.4057153639132397,-1.1674211851515772,-0.48205328198438235,-0.6713294381990715,0.28065397956975463,0.6181569152849035,0.9115103476162362,0.10695703388637642,-0.8186953190947202
0.6753953685396131,1.1000701526284076,1.3954203730765178,1.3954203730765176,0.7243031070254067,0.5634329102863611,1.45134924517595,1.4680820320250476,0.12013938270035009,1.909300293623256,-0.48205328198438235,1.2815495647285267,-0.13157382889875557,-0.038156118546887316,0.6146170027873542,-0.3245334832989399,1.1255671642452045
1.5301472577810225,0.9197682666526408,0.06540104006749757,0.06540104006749754,0.9511969128540927,0.561507530178355,1.8677667220624738,1.070869606315068,1.2190147058053171,2.2169724415007392,-0.48205328198438235,0.44460142061669883,-0.5438016373672659,0.4109001677590748,0.7086332286498336,-0.9170320787253607,0.041654535569467
0.41896980176719045,-0.23623722750624376,1.3954203730765178,1.3954203730765176,-0.9151876189625174,-0.7672948423690338,-1.0471556161431952,-0.6750807673414829,-1.3046699908599295,-0.859749037274094,-0.48205328198438235,-0.3923467234951289,0.28065397956975463,-0.4526696135985448,-1.265707514462232,0.885612309053981,0.041654535569467
0.846345746387895,-1.5844405190367523,-1.2646182929415224,-1.2646182929415224,-0.929825929015981,-0.6542766906573937,-1.1859614417720366,-1.3968393760212348,-0.4057153639132397,-1.1674211851515772,-0.48205328198438235,-0.11336400879118629,1.1051095965067754,0.9635848278279513,0.9609925717543834,0.10695703388637642,-0.8186953190947202
1.1882465020844588,-0.6980279084394082,1.3954203730765178,1.3954203730765176,-0.9389748727993958,-0.7546787393270177,-1.1859614417720366,-1.3968393760212348,-0.4057153639132397,-1.1674211851515772,1.4128092602512243,-0.3923467234951289,0.6928817880382651,1.4126411141339135,0.36720588209661886,0.10695703388637642,-0.8186953190947202
0.24801942391890863,1.460578375090818,-1.2646182929415224,-1.2646182929415224,1.456218609698587,1.1531954735320218,1.034931768289426,-0.16298488485308327,1.0190940096470398,1.909300293623256,1.4128092602512243,-1.5082775823108991,-1.7804850627727968,-0.4872124048528495,-1.2112770679102705,-1.0909849017837394,-0.8186953190947202
0.9318209353120359,1.1220943098713403,0.06540104006749757,0.06540104006749754,-0.10642098850865304,0.1620640874122815,0.6185142914029016,0.5587737238266683,0.12013938270035009,1.2939559978682893,-0.48205328198438235,-0.11336400879118629,-0.5438016373672659,-0.3835840310899352,0.3226718803722868,-1.033488587128577,-0.8186953190947202
1.2737216910085998,0.8689837131835787,0.06540104006749757,0.06540104006749754,1.6529209010420045,1.1295399539372668,1.3125434195471086,1.070869606315068,1.8052020693197453,-0.2444047415191273,-0.48205328198438235,0.7235841353206415,-0.13157382889875557,-0.10724170105549691,0.7036850062360189,-0.2784207631899799,1.1255671642452045
0.16254423499476775,1.3038294381839577,1.3954203730765178,1.3954203730765176,-0.007612395647773739,0.2824668628809281,0.6185142914029016,1.2805323325064204,-0.4057153639132397,0.6786117021133227,-0.48205328198438235,1.2815495647285267,0.28065397956975463,-0.5562979873614591,-1.4240506317043025,-0.662005171948142,0.041654535569467
0.5044449906913313,1.2221823997280523,-1.2646182929415224,-1.2646182929415224,1.0188990968513618,0.8037279985419508,1.3125434195471086,0.23422754085689548,1.0190940096470398,2.2169724415007392,1.4128092602512243,-1.2292948676069566,-1.7804850627727968,0.7217852890478178,-0.686765492045912,-1.1207930591923674,-0.8186953190947202
0.846345746387895,0.14949606008473162,0.06540104006749757,0.06540104006749754,-0.38454887952446165,0.05994781805750749,0.06329098888753605,0.8331736116944044,-0.4057153639132397,0.06326740635835588,1.4128092602512243,1.0025668500245841,0.6928817880382651,0.06547225521602688,-1.5724973041187433,0.4169691447109347,1.1255671642452045
-0.17935652070179586,-0.4515580012457195,0.06540104006749757,0.06540104006749754,-0.9627621266362743,-1.0618823366451877,-1.1859614417720366,-1.3968393760212348,-1.3046699908599295,-0.859749037274094,-0.48205328198438235,-0.11336400879118629,1.1051095965067754,-1.074439856176031,-0.7609888282531325,0.10695703388637642,-0.8186953190947202
0.41896980176719045,0.18661703660915424,0.06540104006749757,0.06540104006749754,-0.7029321231872951,-0.15382543363389958,-0.6307381392566709,0.23422754085689548,-0.4057153639132397,-0.859749037274094,1.4128092602512243,0.1656187059127562,0.28065397956975463,1.6544406529140467,-1.4240506317043025,0.10695703388637642,0.041654535569467
-1.205058787791487,-0.6957347207004477,0.06540104006749757,0.06540104006749754,-0.19791042634280065,0.27088030116816036,0.20209681451637745,0.8331736116944044,0.49323926303345,-0.2444047415191273,-0.48205328198438235,1.2815495647285267,1.1051095965067754,-0.5908407786157639,0.4117398838209514,0.6719960514881533,1.5124323266304773
2.042998391325868,-0.2999687367515201,-1.2646182929415224,-1.2646182929415224,-0.7742938846979303,-0.27735491037678933,-0.7695439648855122,-0.16298488485308327,-0.4057153639132397,-0.859749037274094,-0.48205328198438235,0.44460142061669883,1.1051095965067754,-1.385324977464774,-1.592290193774002,-0.5087474534096523,-0.8186953190947202
1.872048013477586,0.882217317427163,-1.2646182929415224,-1.2646182929415224,1.0033458924195566,0.6893185110365906,1.5901550708047913,0.8331736116944044,1.0190940096470398,2.2169724415007392,-0.48205328198438235,0.1656187059127562,-0.5438016373672659,-1.4889533512276882,0.866976345891904,-1.1457323588283026,-0.8186953190947202
-0.008406142853514067,0.297693317715052,0.06540104006749757,0.06540104006749754,0.40957944087593906,0.4363441930085964,1.1737375939182673,1.79262821499482,0.49323926303345,0.3709395542358393,-0.48205328198438235,2.67646313824824,1.1051095965067754,1.0672132015908653,0.847183456236645,-0.8011647543473774,0.041654535569467
1.4446720688568817,1.4303847365278384,-1.2646182929415224,-1.2646182929415224,1.0774523370652165,0.8376909920780148,1.3125434195471086,0.23422754085689548,1.9180486365937297,0.3709395542358393,-0.48205328198438235,-0.9503121529030141,-1.3682572543042866,0.859956454065037,1.2727305838247092,-1.1207930591923674,-0.8186953190947202
1.872048013477586,-1.121073271533053,-1.2646182929415224,-1.2646182929415224,-0.9883791692298355,-1.1939142442639035,-1.324767267400878,-1.3968393760212348,-1.3046699908599295,-1.1674211851515772,-0.48205328198438235,-0.3923467234951289,0.6928817880382651,-0.0036133272925826148,1.1490250234793415,0.5503863368836848,-0.8186953190947202
1.957523202401727,0.715674557885159,-1.2646182929415224,-1.2646182929415224,0.8240265942646275,0.6297712064972583,1.45134924517595,0.8331736116944044,0.7826380134765774,2.2169724415007392,-0.48205328198438235,-0.3923467234951289,-1.3682572543042866,-0.9708114824131165,-0.3948203696308446,-1.1337935730163102,-0.8186953190947202
-0.008406142853514067,0.862151924711259,0.06540104006749757,0.06540104006749754,0.5129625056285259,0.5780706580734559,1.034931768289426,1.070869606315068,0.49323926303345,1.2939559978682893,-0.48205328198438235,0.7235841353206415,-0.13157382889875557,1.5853550704054373,0.20886276485454877,-0.4659387821770814,0.6520824719662904
1.7010976356293042,1.3618279780818328,-1.2646182929415224,-1.2646182929415224,2.541283342411577,2.120659764918273,0.06329098888753605,0.23422754085689548,0.7826380134765774,-0.2444047415191273,3.3076718024868312,-0.9503121529030141,-1.3682572543042866,0.2381862114875508,0.6393581148564278,-0.44299796117828627,0.041654535569467
0.6753953685396131,0.5487973751312233,0.06540104006749757,0.06540104006749754,0.9749841666909709,1.1640720781726215,0.4797084657740603,1.2805323325064204,0.49323926303345,-0.2444047415191273,1.4128092602512243,1.2815495647285267,0.28065397956975463,-0.038156118546887316,1.3222128079628563,-0.24546736905622968,0.6520824719662904
-0.43578208747421865,-0.3280125118092242,0.06540104006749757,0.06540104006749754,-0.36442120320094923,0.2957210968693858,-0.2143206623701467,0.5587737238266683,-0.4057153639132397,-0.2444047415191273,-0.48205328198438235,0.44460142061669883,0.28065397956975463,-0.7980975261415926,1.4904523700325565,1.1482214525830776,1.5124323266304773
-0.9486332210190641,-0.9552949079040356,0.06540104006749757,0.06540104006749754,-0.9517833940961765,-0.9105586222782807,-1.1859614417720366,-1.3968393760212348,-1.3046699908599295,-0.859749037274094,-0.48205328198438235,-0.3923467234951289,0.6928817880382651,-1.5925817249906027,-1.1469501765306795,0.10695703388637642,-0.8186953190947202
1.7010976356293042,-0.013654692593393272,0.06540104006749757,0.06540104006749754,-0.18510190504601995,0.2063824690107613,0.3409026401452189,1.070869606315068,-0.4057153639132397,0.3709395542358393,1.4128092602512243,1.5605322794324692,1.1051095965067754,-0.3490412398356304,0.7333743407189072,0.19796193394107872,1.1255671642452045
-0.17935652070179586,-1.026335953067249,1.3954203730765178,1.3954203730765176,-0.9591025491229083,-1.259321051881488,-1.0471556161431952,-0.6750807673414829,-1.3046699908599295,-0.859749037274094,-0.48205328198438235,-0.11336400879118629,0.6928817880382651,-0.5562979873614591,0.9758372389958272,1.8030757295983642,0.6520824719662904
-0.8631580320949233,-1.7122857354837988,1.3954203730765178,1.3954203730765176,-0.9700812816630059,-1.617198833637861,-0.9083497905143537,-1.3968393760212348,-0.4057153639132397,-0.5520768893966107,-0.48205328198438235,-1.5082775823108991,-0.9560294458357763,-0.245412866072716,0.570083001063022,2.083554244724097,1.1255671642452045
0.07706904607062683,-0.5128529985183503,1.3954203730765178,1.3954203730765176,-0.891400365125639,-0.775777794440988,-0.9083497905143537,-0.6750807673414829,-0.4057153639132397,-0.859749037274094,-0.48205328198438235,-0.3923467234951289,0.28065397956975463,1.0672132015908653,-0.587801043769618,1.3596464266010555,0.6520824719662904
-0.17935652070179586,-0.5776833268885453,0.06540104006749757,0.06540104006749754,-0.7340385320509053,-0.2682533681006926,-0.6307381392566709,0.5587737238266683,-0.4057153639132397,-1.1674211851515772,-0.48205328198438235,1.2815495647285267,1.5173374049752855,-1.385324977464774,-0.12266813687103617,0.10695703388637642,0.041654535569467
1.1882465020844588,-0.6272735117435654,1.3954203730765178,1.3954203730765176,-0.9572727603662253,-1.2343855640425856,-1.0471556161431952,-1.3968393760212348,-1.3046699908599295,-0.5520768893966107,-0.48205328198438235,-1.2292948676069566,-0.5438016373672659,0.10001504647033169,-1.5032221903253375,0.885612309053981,0.041654535569467
-0.26483170962593683,1.2481718607696044,0.06540104006749757,0.06540104006749754,0.021664224459153458,0.2475144416450119,0.7573201170317431,1.070869606315068,0.7826380134765774,0.3709395542358393,-0.48205328198438235,0.7235841353206415,-0.13157382889875557,0.9981276190822559,0.22370743209599275,-0.3670770836606983,0.6520824719662904
0.41896980176719045,0.5279198117577707,0.06540104006749757,0.06540104006749754,0.05094084456608066,0.3486409498256995,0.6185142914029016,1.070869606315068,0.12013938270035009,0.6786117021133227,-0.48205328198438235,0.44460142061669883,-0.5438016373672659,0.6526997065392083,-0.3057523661821801,-0.30958076900553577,0.6520824719662904
-0.8631580320949233,-1.830814876741318,0.06540104006749757,0.06540104006749754,-0.9517833940961765,-1.162466309505273,-1.0471556161431952,-0.6750807673414829,-1.3046699908599295,-0.859749037274094,-0.48205328198438235,-0.11336400879118629,0.6928817880382651,-0.14178449230980172,0.6047205579597249,0.885612309053981,0.041654535569467
-0.5212572763983596,0.3643390863785906,0.06540104006749757,0.06540104006749754,-0.19608063758611766,0.2734814921582094,0.20209681451637745,-0.16298488485308327,0.49323926303345,0.6786117021133227,-0.48205328198438235,-1.2292948676069566,-1.3682572543042866,-0.0726989098011921,-0.5185259299762123,-0.5087474534096523,0.041654535569467
-0.6922076542466414,0.968020758659934,0.06540104006749757,0.06540104006749754,0.9237500815038485,0.5920604125298063,1.7289608964336327,1.4680820320250476,1.3921938899801396,0.986283849990806,-0.48205328198438235,1.2815495647285267,-0.13157382889875557,-0.5217551961071544,-0.2018396954920714,-1.1567343940151054,-0.8186953190947202
-1.4614843545639096,-1.4284559780428792,0.06540104006749757,0.06540104006749754,-0.9389748727993958,-1.2139840306583678,-0.9083497905143537,-0.6750807673414829,-0.4057153639132397,-0.859749037274094,-0.48205328198438235,-0.3923467234951289,0.28065397956975463,1.1017559928451703,-0.29090769894073604,0.5503863368836848,0.041654535569467
1.1027713131603178,0.7298158822754153,0.06540104006749757,0.06540104006749754,0.7462605721056021,0.5783486769208863,1.45134924517595,1.4680820320250476,0.12013938270035009,1.909300293623256,-0.48205328198438235,1.5605322794324692,0.28065397956975463,0.7908708715564273,0.5255489993386895,-0.5838385779516477,0.6520824719662904
-0.9486332210190641,-0.7191443455356692,0.06540104006749757,0.06540104006749754,-1.003017479283299,-1.864879582939283,-1.1859614417720366,-1.3968393760212348,-1.3046699908599295,-0.859749037274094,-0.48205328198438235,-0.9503121529030141,-0.13157382889875557,-0.9017258999045069,-1.6863064196364816,0.10695703388637642,-0.8186953190947202
-1.119583598867346,0.9554082260956512,-1.2646182929415224,-1.2646182929415224,0.9466224409623853,1.1468249168916251,0.4797084657740603,-0.6750807673414829,1.54494875626063,0.06326740635835588,-0.48205328198438235,-1.7872602970148417,-1.7804850627727968,-0.6944691523786782,0.3127754355446575,-1.009673071062123,-0.8186953190947202
0.6753953685396131,-1.1277617357716876,-1.2646182929415224,-1.2646182929415224,-0.9609323378795911,-1.2847707095540901,-1.0471556161431952,-0.6750807673414829,-1.3046699908599295,-0.859749037274094,-0.48205328198438235,-0.3923467234951289,0.28065397956975463,1.0672132015908653,-1.681358197222667,-0.17352148123935618,-0.8186953190947202
-0.5212572763983596,-0.19333550688985826,0.06540104006749757,0.06540104006749754,-0.6297405729199771,0.0797492802117035,-0.6307381392566709,-0.16298488485308327,0.12013938270035009,-0.859749037274094,1.4128092602512243,0.1656187059127562,0.6928817880382651,-0.6599263611243734,-0.5036812627347681,0.10695703388637642,0.041654535569467
-0.43578208747421865,-1.258664535870681,0.06540104006749757,0.06540104006749754,-0.8548045899919801,-0.5203828658535669,-0.9083497905143537,-0.16298488485308327,-1.3046699908599295,-0.859749037274094,-0.48205328198438235,0.7235841353206415,1.5173374049752855,-1.1780682299389453,1.460763035549668,1.3596464266010555,0.6520824719662904
1.957523202401727,-0.04026522531424697,-1.2646182929415224,-1.2646182929415224,-0.6571874042702214,-0.1424496418812323,-0.4919323136278294,0.23422754085689548,-0.4057153639132397,-0.5520768893966107,-0.48205328198438235,0.1656187059127562,0.28065397956975463,1.2744699491166942,0.4117398838209514,-0.7023030558309941,-0.8186953190947202
-1.3760091656397686,0.8953553721816241,-1.2646182929415224,-1.2646182929415224,0.7316222620521385,0.7371860260619099,1.034931768289426,-0.16298488485308327,1.0190940096470398,1.909300293623256,-0.48205328198438235,-1.2292948676069566,-1.3682572543042866,0.6526997065392083,1.376643254514818,-1.0909849017837394,-0.8186953190947202
1.4446720688568817,1.604093707754094,-1.2646182929415224,-1.2646182929415224,1.0051756811762396,1.1821709290402225,0.4797084657740603,-0.6750807673414829,1.3921938899801396,0.3709395542358393,-0.48205328198438235,-2.0662430117187847,-2.1927128712413078,0.1691006289789413,0.15938054071640165,-1.009673071062123,-0.8186953190947202
0.16254423499476775,-0.4390887929151219,0.06540104006749757,0.06540104006749754,-0.9956983242565675,-1.674616845288383,-1.1859614417720366,-1.3968393760212348,-1.3046699908599295,-0.859749037274094,-0.48205328198438235,-0.6713294381990715,0.28065397956975463,-0.1763272835641065,-1.2409664023931584,0.10695703388637642,-0.8186953190947202
1.1882465020844588,-0.4428152229909327,1.3954203730765178,1.3954203730765176,-0.5785064877328544,-0.1585095556427369,-0.2143206623701467,0.23422754085689548,-0.4057153639132397,0.06326740635835588,-0.48205328198438235,0.7235841353206415,1.1051095965067754,-1.4544105599733836,1.2578859165832652,1.1482214525830776,1.5124323266304773
-1.3760091656397686,-1.0555740967389946,0.06540104006749757,0.06540104006749754,-0.7376981095642712,-0.28244047450586224,-0.6307381392566709,-0.16298488485308327,-0.4057153639132397,-0.5520768893966107,-0.48205328198438235,0.44460142061669883,1.1051095965067754,1.309012740370999,1.5597274838259618,1.3596464266010555,1.1255671642452045
-0.6922076542466414,-1.093172820709034,-1.2646182929415224,-1.2646182929415224,-0.5474000788692442,-0.0812006834112184,-0.2143206623701467,0.5587737238266683,-0.4057153639132397,-0.2444047415191273,-0.48205328198438235,1.0025668500245841,1.1051095965067754,0.3418145852504652,1.3370574752043003,-0.2784207631899799,0.041654535569467
-0.35030689855007774,-0.5933534431047751,0.06540104006749757,0.06540104006749754,-0.8529748012352971,-0.5089012512630978,-0.9083497905143537,-0.16298488485308327,-0.4057153639132397,-1.1674211851515772,-0.48205328198438235,0.1656187059127562,0.6928817880382651,-1.1435254386846405,-0.1325645816986657,-0.3670770836606983,-0.8186953190947202
-1.2905339767156276,0.6456845571023031,-1.2646182929415224,-1.2646182929415224,-0.24274025088153295,-0.0938775920581536,0.7573201170317431,-0.6750807673414829,0.49323926303345,2.2169724415007392,-0.48205328198438235,-1.7872602970148417,-1.7804850627727968,-1.6616673074992123,-0.10782346962959206,-1.0547274587736002,-0.8186953190947202
-0.8631580320949233,-1.512587303215991,0.06540104006749757,0.06540104006749754,-0.9536131828528595,-1.1859768235457797,-1.0471556161431952,-0.6750807673414829,-1.3046699908599295,-0.859749037274094,-0.48205328198438235,-0.3923467234951289,0.28065397956975463,0.5145285415219891,1.0154230183063448,0.885612309053981,0.041654535569467
-0.6067324653225005,-0.4482137691264021,1.3954203730765178,1.3954203730765176,-0.7761236734546132,-0.2855019014609732,-0.7695439648855122,-0.6750807673414829,-0.4057153639132397,-0.5520768893966107,-0.48205328198438235,-0.6713294381990715,-0.13157382889875557,0.7908708715564273,-1.0974679523925324,1.0244204544307594,0.6520824719662904
0.07706904607062683,0.6084202563441955,-1.2646182929415224,-1.2646182929415224,1.304346142893902,0.907202407621439,1.45134924517595,1.4680820320250476,0.7826380134765774,1.2939559978682893,-0.48205328198438235,1.5605322794324692,0.28065397956975463,1.6889834441683516,1.3321092527904856,-1.1337935730163102,-0.8186953190947202
0.846345746387895,0.9257401097228504,0.06540104006749757,0.06540104006749754,0.6383030354613081,0.5032129345086647,1.45134924517595,1.79262821499482,0.12013938270035009,1.2939559978682893,-0.48205328198438235,2.397480423544297,0.6928817880382651,1.4471839053882183,-0.6966619368735415,-0.8533150578905775,0.041654535569467
-0.17935652070179586,-0.8243443330604806,1.3954203730765178,1.3954203730765176,-0.45774042979177965,0.014197699305823794,-0.07551483674130527,0.5587737238266683,0.12013938270035009,-0.2444047415191273,-0.48205328198438235,1.0025668500245841,1.1051095965067754,-1.4198677687190788,0.9411996820991244,0.9669241397755971,1.5124323266304773
0.16254423499476775,-0.23652387597361377,1.3954203730765178,1.3954203730765176,-0.5766766989761715,-0.04087156821451831,-0.353126487998988,0.5587737238266683,-0.4057153639132397,-0.5520768893966107,-0.48205328198438235,1.0025668500245841,1.1051095965067754,-1.0053542736674215,1.2331448045141915,0.885612309053981,1.1255671642452045
-0.35030689855007774,-0.13189718538354236,0.06540104006749757,0.06540104006749754,-0.12105929856211664,0.2929028923107875,0.3409026401452189,0.8331736116944044,0.49323926303345,0.06326740635835588,-0.48205328198438235,0.7235841353206415,0.28065397956975463,-1.4889533512276882,1.4459183683082235,0.5503863368836848,1.5124323266304773
-1.205058787791487,-0.7538765848320079,0.06540104006749757,0.06540104006749754,-0.821868392371687,-0.3284733438783896,-0.9083497905143537,-0.6750807673414829,-1.3046699908599295,-0.5520768893966107,-0.48205328198438235,-0.3923467234951289,0.28065397956975463,0.1691006289789413,-0.7510923834255031,-0.3670770836606983,-0.8186953190947202
-0.8631580320949233,0.4292171894933471,1.3954203730765178,1.3954203730765176,0.9310692365305802,1.1372634658609693,0.4797084657740603,-0.6750807673414829,0.12013938270035009,1.909300293623256,-0.48205328198438235,0.1656187059127562,1.1051095965067754,0.7908708715564273,1.5646757062397765,2.659884586980564,3.3102999518934184
-0.8631580320949233,1.2155417102339796,0.06540104006749757,0.06540104006749754,0.6712392330816012,0.5266243466447501,1.45134924517595,0.8331736116944044,1.2190147058053171,1.6016281457457726,-0.48205328198438235,-0.11336400879118629,-0.9560294458357763,-0.10724170105549691,-0.5680081541143592,-1.1337935730163102,-0.8186953190947202
1.6156224467051634,-0.851767036438883,1.3954203730765178,1.3954203730765176,-0.9005493089090538,-0.8488325271337727,-0.9083497905143537,-0.6750807673414829,-0.4057153639132397,-0.859749037274094,-0.48205328198438235,-0.6713294381990715,-0.13157382889875557,-1.3162393949561644,-0.1276163592848509,1.3596464266010555,0.6520824719662904
0.5044449906913313,-0.14030554042639748,1.3954203730765178,1.3954203730765176,-0.9261663515026151,-0.8731538001463901,-1.0471556161431952,-1.3968393760212348,-1.3046699908599295,-0.5520768893966107,-0.48205328198438235,-1.2292948676069566,-0.5438016373672659,-0.9708114824131165,-1.364671962738526,0.885612309053981,0.041654535569467
0.5899201796154723,1.446007077999507,-1.2646182929415224,-1.2646182929415224,1.4333462502400502,0.8710705106005877,1.7289608964336327,-0.16298488485308327,1.6815926404232675,2.2169724415007392,1.4128092602512243,-1.5082775823108991,-1.7804850627727968,1.3780983228796087,-0.1770985834229979,-1.1567343940151054,-0.8186953190947202
-0.6067324653225005,-0.6763859491529688,0.06540104006749757,0.06540104006749754,-0.8859109988555902,-0.7339343070190921,-0.9083497905143537,-0.6750807673414829,-0.4057153639132397,-0.859749037274094,-0.48205328198438235,-0.3923467234951289,0.28065397956975463,1.1362987840994752,-1.0479857282543852,-0.3670770836606983,-0.8186953190947202
1.4446720688568817,-0.8494738486999225,1.3954203730765178,1.3954203730765176,-0.5730171214628056,0.0938553156675223,-0.4919323136278294,-0.16298488485308327,0.49323926303345,-0.859749037274094,1.4128092602512243,-0.11336400879118629,0.28065397956975463,0.687242497793513,-0.013807243767112759,1.6095201271770223,1.5124323266304773
0.7608705574637541,-1.1148147799954733,1.3954203730765178,1.3954203730765176,-0.9609323378795911,-1.0353379873993207,-1.1859614417720366,-1.3968393760212348,-0.4057153639132397,-1.1674211851515772,-0.48205328198438235,-0.6713294381990715,0.28065397956975463,0.20364342023324608,0.12969120623351335,0.10695703388637642,-0.8186953190947202
1.1882465020844588,0.5102431562699504,0.06540104006749757,0.06540104006749754,-0.31135732925714366,0.1863255991443167,0.06329098888753605,-0.16298488485308327,0.12013938270035009,0.6786117021133227,-0.48205328198438235,-0.9503121529030141,-0.9560294458357763,-1.247153812447555,-0.41956148169991825,-0.9170320787253607,-0.8186953190947202
-0.6922076542466414,-0.744417185408796,0.06540104006749757,0.06540104006749754,-0.9005493089090538,-0.8488325271337727,-0.9083497905143537,-0.16298488485308327,-1.3046699908599295,-0.859749037274094,-0.48205328198438235,-0.11336400879118629,0.28065397956975463,1.0672132015908653,-1.384464852393785,0.5503863368836848,0.041654535569467
0.41896980176719045,0.5517594092940472,1.3954203730765178,1.3954203730765176,0.6108562041110638,1.1741456909296974,0.06329098888753605,0.8331736116944044,0.49323926303345,-0.5520768893966107,1.4128092602512243,0.1656187059127562,-0.5438016373672659,1.6544406529140467,-1.6368241954983345,-0.44299796117828627,0.041654535569467
-1.034108409943205,1.1427329995219846,0.06540104006749757,0.06540104006749754,0.21470693828920476,0.3215153990231579,1.034931768289426,1.070869606315068,1.0190940096470398,0.6786117021133227,-0.48205328198438235,0.44460142061669883,-0.5438016373672659,-0.7635547348872878,-1.46363641101482,-1.0909849017837394,-0.8186953190947202
-0.6067324653225005,1.2689538746539335,0.06540104006749757,0.06540104006749754,0.8908138838835553,0.6209006575832524,1.5901550708047913,1.070869606315068,1.3921938899801396,1.2939559978682893,-0.48205328198438235,0.1656187059127562,-0.9560294458357763,1.7235262354226564,-1.7407368661884433,-0.8762558788893728,0.041654535569467
-0.43578208747421865,1.139293217913544,0.06540104006749757,0.06540104006749754,2.297006543394403,1.0970932413250922,2.1453783733201575,1.637741372355351,1.0190940096470398,2.2169724415007392,1.4128092602512243,1.8395149941364122,0.28065397956975463,1.309012740370999,1.3321092527904856,-1.185106503867864,-0.8186953190947202
1.5301472577810225,0.3597527109006696,1.3954203730765178,1.3954203730765176,-0.7011023344306122,-0.1474136547060323,-0.6307381392566709,-0.16298488485308327,-0.4057153639132397,-0.5520768893966107,-0.48205328198438235,-0.3923467234951289,-0.13157382889875557,1.2399271578623894,0.36225765968280427,0.10695703388637642,0.041654535569467
0.24801942391890863,-0.7063407139931399,1.3954203730765178,1.3954203730765176,-0.24731472277324035,0.1984922495113497,0.20209681451637745,0.5587737238266683,-0.4057153639132397,0.6786117021133227,-0.48205328198438235,0.7235841353206415,0.6928817880382651,-0.6599263611243734,0.5552383338215777,1.9846925462077138,2.596344955306216
1.5301472577810225,-0.3423449351777271,1.3954203730765178,1.3954203730765176,-0.9774004366897379,-1.2976950650077783,-1.1859614417720366,-1.3968393760212348,-0.4057153639132397,-1.1674211851515772,1.4128092602512243,-0.3923467234951289,0.6928817880382651,1.1362987840994752,-0.9094355006675734,1.3596464266010555,0.041654535569467
0.9318209353120359,0.10138689231112352,0.06540104006749757,0.06540104006749754,0.6200051478944785,0.5435494766557571,1.3125434195471086,0.5587737238266683,1.0190940096470398,1.909300293623256,-0.48205328198438235,0.1656187059127562,-0.13157382889875557,-0.9708114824131165,0.15938054071640165,-0.019115668537272083,1.5124323266304773
0.24801942391890863,-2.1360477197458687,1.3954203730765178,1.3954203730765176,-0.5794213821111959,-1.1100335183469265,1.7289608964336327,3.0264827061629718,-0.4057153639132397,-1.4750933330290608,-0.48205328198438235,3.7923939970640097,-2.1927128712413078,1.4817266966425229,-0.7411959385978738,-1.4262108739540353,-2.2894731101557304
0.41896980176719045,-1.5839149968465742,1.3954203730765178,1.3954203730765176,-0.9591025491229083,-1.4594186197985801,-0.9083497905143537,-0.6750807673414829,-1.3046699908599295,-0.5520768893966107,-0.48205328198438235,-0.6713294381990715,-0.13157382889875557,1.5853550704054373,0.17917343037166056,2.083554244724097,1.1255671642452045
1.1027713131603178,1.840005396399652,-1.2646182929415224,-1.2646182929415224,0.8990479332886285,1.1173417682730713,0.4797084657740603,0.23422754085689548,1.2190147058053171,0.06326740635835588,-0.48205328198438235,-1.2292948676069566,-1.7804850627727968,-1.6271245162449075,-1.4438435213595613,-1.009673071062123,-0.8186953190947202
-0.43578208747421865,0.5400545968764365,-1.2646182929415224,-1.2646182929415224,2.1844745348584014,1.7378108964977952,0.4797084657740603,-0.16298488485308327,1.0190940096470398,0.6786117021133227,1.4128092602512243,-0.9503121529030141,-0.9560294458357763,0.859956454065037,1.223248359686562,-1.009673071062123,-0.8186953190947202
0.24801942391890863,-0.6734716897347065,1.3954203730765178,1.3954203730765176,-0.9664217041496401,-1.116747576614367,-1.1859614417720366,-1.3968393760212348,-1.3046699908599295,-0.859749037274094,-0.48205328198438235,-0.11336400879118629,1.1051095965067754,-0.0036133272925826148,1.3815914769286326,1.3596464266010555,0.041654535569467
0.5044449906913313,-0.24354676342418027,0.06540104006749757,0.06540104006749754,1.051835294471655,1.2882222933318517,0.3409026401452189,0.23422754085689548,0.7826380134765774,0.3709395542358393,-0.48205328198438235,1.0025668500245841,1.5173374049752855,0.7563280803021226,1.1688179131346006,0.885612309053981,1.8395221608324077
-0.008406142853514067,1.3319209879862233,-1.2646182929415224,-1.2646182929415224,0.6328136691912591,1.1902275427790707,0.06329098888753605,0.23422754085689548,0.49323926303345,0.06326740635835588,1.4128092602512243,-1.2292948676069566,-1.7804850627727968,0.7908708715564273,-1.7456850886022581,-0.9170320787253607,-0.8186953190947202
-1.974335488108755,0.5423477846153969,-1.2646182929415224,-1.2646182929415224,1.3702185381344882,1.8401047321846062,-0.2143206623701467,-0.6750807673414829,0.49323926303345,0.06326740635835588,1.4128092602512243,-0.11336400879118629,0.6928817880382651,0.6526997065392083,0.847183456236645,-0.8283757582546424,-0.8186953190947202
1.2737216910085998,0.9658231204100968,0.06540104006749757,0.06540104006749754,1.2073673387897057,1.2231494011502184,0.6185142914029016,0.5587737238266683,0.7826380134765774,0.6786117021133227,-0.48205328198438235,-0.6713294381990715,-1.3682572543042866,-1.5580389337362979,0.7234778958912774,-0.30958076900553577,0.6520824719662904
-1.205058787791487,-1.433950073667472,0.06540104006749757,0.06540104006749754,-0.9902089579865183,-1.5489900618931018,-1.1859614417720366,-1.3968393760212348,-1.3046699908599295,-0.859749037274094,-0.48205328198438235,0.1656187059127562,1.5173374049752855,1.0672132015908653,-0.05339302307763047,0.10695703388637642,-0.8186953190947202
-1.119583598867346,0.3213895910176435,0.06540104006749757,0.06540104006749754,0.35651556693213343,0.4501577753619936,1.034931768289426,1.4680820320250476,0.12013938270035009,0.986283849990806,1.4128092602512243,1.2815495647285267,-0.13157382889875557,-1.1780682299389453,-0.3948203696308446,-0.7713565969387493,0.041654535569467
1.5301472577810225,0.9759035915126104,-1.2646182929415224,-1.2646182929415224,1.2412184307883405,0.984444876652012,1.1737375939182673,0.5587737238266683,1.3921938899801396,0.986283849990806,-0.48205328198438235,0.7235841353206415,0.6928817880382651,0.7217852890478178,-0.043496578250000965,-1.1065825691090452,-0.8186953190947202
1.1027713131603178,-0.07012444066529477,1.3954203730765178,1.3954203730765176,-0.07897415715840884,0.26925176858205496,0.4797084657740603,0.8331736116944044,0.12013938270035009,0.6786117021133227,-0.48205328198438235,0.44460142061669883,-0.13157382889875557,1.4471839053882183,-0.25627014204403314,-0.24546736905622968,0.6520824719662904
0.6753953685396131,-0.920705992841382,1.3954203730765178,1.3954203730765176,-1.0231451556068116,-2.3653308399627764,-1.324767267400878,-1.3968393760212348,-1.3046699908599295,-1.1674211851515772,-0.48205328198438235,-0.3923467234951289,0.6928817880382651,-1.3507821862104692,-1.681358197222667,0.5503863368836848,-0.8186953190947202
0.5899201796154723,0.5118197228404857,0.06540104006749757,0.06540104006749754,0.7041754307018943,1.2410919213262785,0.06329098888753605,0.5587737238266683,0.49323926303345,-0.2444047415191273,1.4128092602512243,-0.11336400879118629,-0.5438016373672659,1.7235262354226564,-1.3399308506694525,0.00043134181902221833,0.6520824719662904
-0.17935652070179586,-0.3449247713840577,1.3954203730765178,1.3954203730765176,-0.9151876189625174,-0.7672948423690338,-1.0471556161431952,-0.6750807673414829,-1.3046699908599295,-0.859749037274094,-0.48205328198438235,-0.11336400879118629,0.6928817880382651,-0.8326403173958974,-0.45914726101043574,0.885612309053981,0.041654535569467
-0.17935652070179586,-0.8856871050776731,1.3954203730765178,1.3954203730765176,-0.7999109272914915,-0.3966179996433961,-0.7695439648855122,-0.6750807673414829,-0.4057153639132397,-0.5520768893966107,-0.48205328198438235,-0.3923467234951289,0.28065397956975463,-0.5217551961071544,-0.4245097041137329,1.0244204544307594,0.6520824719662904
0.07706904607062683,0.578656590482271,0.06540104006749757,0.06540104006749754,0.5038135618451112,0.5709443988547553,1.034931768289426,0.23422754085689548,0.7826380134765774,1.909300293623256,-0.48205328198438235,-0.9503121529030141,-1.3682572543042866,0.2727290027418556,-0.1474092489401096,-0.4659387821770814,0.6520824719662904
-0.7776828431707824,0.03144466627282923,-1.2646182929415224,-1.2646182929415224,0.6739839162166256,0.5285553999741607,1.45134924517595,1.4680820320250476,1.0190940096470398,0.986283849990806,-0.48205328198438235,1.8395149941364122,0.6928817880382651,1.2053843666080846,1.5300381493430737,-0.8533150578905775,0.041654535569467
-0.008406142853514067,-1.2689838806960032,0.06540104006749757,0.06540104006749754,-0.9719110704196889,-1.2039083447629704,-1.1859614417720366,-1.3968393760212348,-0.4057153639132397,-1.1674211851515772,-0.48205328198438235,-0.11336400879118629,1.1051095965067754,0.06547225521602688,-0.33049347825125375,0.10695703388637642,-0.8186953190947202
0.33349461284304954,0.10778870808238812,0.06540104006749757,0.06540104006749754,-0.32965521682397314,0.15592345450770662,0.06329098888753605,0.5587737238266683,0.12013938270035009,0.06326740635835588,-0.48205328198438235,0.1656187059127562,-0.13157382889875557,1.6544406529140467,-0.2265808075611448,-0.44299796117828627,0.041654535569467
-1.4614843545639096,1.2679028302735769,-1.2646182929415224,-1.2646182929415224,1.0683033932818014,1.2977779384898238,0.3409026401452189,0.23422754085689548,1.2190147058053171,-0.2444047415191273,-0.48205328198438235,-0.9503121529030141,-1.3682572543042866,-1.247153812447555,0.7185296734774628,-0.9827815709567269,-0.8186953190947202
0.9318209353120359,1.379934606270708,-1.2646182929415224,-1.2646182929415224,1.5989421327198572,1.0508939931830168,1.45134924517595,-0.16298488485308327,1.9180486365937297,0.986283849990806,-0.48205328198438235,-1.5082775823108991,-1.7804850627727968,1.4817266966425229,0.23855209933743707,-1.1337935730163102,-0.8186953190947202
-0.5212572763983596,-1.394344810425842,0.06540104006749757,0.06540104006749754,-0.7230597995108076,-0.06866997001730081,-0.7695439648855122,0.23422754085689548,-0.4057153639132397,-1.1674211851515772,-0.48205328198438235,1.0025668500245841,1.5173374049752855,-0.6599263611243734,0.24350032175125166,1.0244204544307594,0.6520824719662904
-1.5469595434880503,-1.080608062889313,0.06540104006749757,0.06540104006749754,-0.8584641675053459,-0.722235028259476,-0.7695439648855122,0.23422754085689548,-1.3046699908599295,-0.859749037274094,-0.48205328198438235,1.0025668500245841,1.5173374049752855,-0.6599263611243734,-0.4443025937689916,0.3005126363077183,0.041654535569467
0.846345746387895,-0.331738941885035,0.06540104006749757,0.06540104006749754,-0.6462086717301236,-0.1089381353772956,-0.4919323136278294,0.23422754085689548,-0.4057153639132397,-0.5520768893966107,-0.48205328198438235,0.44460142061669883,0.6928817880382651,-1.3162393949561644,0.5799794458906513,0.5503863368836848,0.6520824719662904
0.5899201796154723,0.13559360941728382,0.06540104006749757,0.06540104006749754,0.6602605005415034,0.5188697787205102,1.45134924517595,0.8331736116944044,0.7826380134765774,2.2169724415007392,-0.48205328198438235,0.7235841353206415,0.28065397956975463,0.7908708715564273,0.7086332286498336,0.6246656495849477,2.372782181294665
-0.43578208747421865,-0.17527665344554466,0.06540104006749757,0.06540104006749754,-0.6388895167033918,-0.08709217272588901,-0.4919323136278294,0.23422754085689548,-0.4057153639132397,-0.5520768893966107,-0.48205328198438235,0.44460142061669883,0.6928817880382651,-0.3490412398356304,-1.250862847220788,0.5503863368836848,0.6520824719662904
-0.6922076542466414,0.14113547978643834,1.3954203730765178,1.3954203730765176,-0.7212300107541246,-0.2198446276038868,-0.6307381392566709,-0.6750807673414829,-0.4057153639132397,-0.2444047415191273,-0.48205328198438235,-0.9503121529030141,-0.5438016373672659,-1.696210098753517,-0.3107005885959948,1.3596464266010555,1.1255671642452045
-0.7776828431707824,-0.4908766160199792,1.3954203730765178,1.3954203730765176,-0.8712726888021266,-0.6288270329847911,-0.9083497905143537,-0.6750807673414829,-0.4057153639132397,-0.859749037274094,-0.48205328198438235,-0.6713294381990715,-0.13157382889875557,-1.1780682299389453,1.0500605752030476,1.3596464266010555,0.6520824719662904
-0.09388133177765497,1.3606813842123524,-1.2646182929415224,-1.2646182929415224,0.7014307475668698,0.49643764890837516,1.5901550708047913,-0.6750807673414829,1.6815926404232675,2.2169724415007392,-0.48205328198438235,-1.7872602970148417,-1.7804850627727968,-1.2816966037018593,-0.3008041437683655,-1.1457323588283026,-0.8186953190947202
1.0172961242361769,-0.19644086528636728,0.06540104006749757,0.06540104006749754,-0.5364213463291466,-0.05503154762558901,-0.2143206623701467,0.23422754085689548,-0.4057153639132397,0.06326740635835588,1.4128092602512243,0.1656187059127562,0.28065397956975463,0.2381862114875508,0.5453418889939484,0.2307580320386946,0.6520824719662904
1.1882465020844588,0.531120719643403,0.06540104006749757,0.06540104006749754,-0.08537841780679914,0.4214526521053096,0.20209681451637745,1.070869606315068,0.7826380134765774,-0.859749037274094,-0.48205328198438235,1.0025668500245841,0.28065397956975463,-0.3490412398356304,1.688381266585144,-0.5087474534096523,0.041654535569467
1.2737216910085998,0.2617189350601096,0.06540104006749757,0.06540104006749754,1.9109211157343005,1.240888633066254,1.3125434195471086,1.2805323325064204,1.0190940096470398,0.986283849990806,-0.48205328198438235,1.2815495647285267,0.28065397956975463,0.20364342023324608,1.4409701458944089,1.3596464266010555,2.9832101176914887
-1.119583598867346,-0.9336051738730348,0.06540104006749757,0.06540104006749754,-0.7486768421043689,-0.3260072797853868,-0.6307381392566709,0.23422754085689548,-1.3046699908599295,-0.5520768893966107,-0.48205328198438235,1.0025668500245841,1.5173374049752855,0.37635737650476997,0.7383225631327218,0.7618113109016623,0.6520824719662904
1.3591968799327403,1.5812573798536125,-1.2646182929415224,-1.2646182929415224,0.749920149618968,0.946491355812669,0.6185142914029016,-0.16298488485308327,1.8052020693197453,-0.5520768893966107,3.3076718024868312,-1.2292948676069566,-1.3682572543042866,0.8254136628107321,0.18412165278547515,-1.033488587128577,-0.8186953190947202
0.07706904607062683,-1.1840403848653425,0.06540104006749757,0.06540104006749754,-0.9755706479330547,-1.5098037653100853,-1.0471556161431952,-0.6750807673414829,-1.3046699908599295,-0.859749037274094,-0.48205328198438235,-0.3923467234951289,0.28065397956975463,1.4126411141339135,-1.4191024092904878,0.885612309053981,0.041654535569467
1.0172961242361769,0.7784027974946401,-1.2646182929415224,-1.2646182929415224,0.8670266300466769,1.259570909692807,0.20209681451637745,0.23422754085689548,0.7826380134765774,0.06326740635835588,-0.48205328198438235,-0.9503121529030141,-1.3682572543042866,1.2744699491166942,-0.25627014204403314,-0.9521767564069609,-0.8186953190947202
0.33349461284304954,0.663122338867315,1.3954203730765178,1.3954203730765176,-0.31684669552719247,0.08883593230447179,0.20209681451637745,0.8331736116944044,0.12013938270035009,0.06326740635835588,-0.48205328198438235,1.0025668500245841,0.6928817880382651,-0.4181268223442399,-0.7411959385978738,0.6719960514881533,1.5124323266304773
-0.5212572763983596,1.6712172238632492,-1.2646182929415224,-1.2646182929415224,-0.020420916944554342,-0.040018586378256005,1.3125434195471086,0.8331736116944044,1.8052020693197453,0.06326740635835588,3.3076718024868312,0.44460142061669883,-0.13157382889875557,-1.4544105599733836,1.4904523700325565,-1.1207930591923674,-0.8186953190947202
0.5044449906913313,-2.285152697522861,1.3954203730765178,1.3954203730765176,-1.0231451556068116,-4.076384989268159,-1.741184744287402,-2.6306938671893865,-1.3046699908599295,-1.782765480906544,-0.48205328198438235,2.67646313824824,5.6396154896603905,-0.6944691523786782,-1.7209439765331844,-1.4262108739540353,3.593638054088312
-1.8033851102604728,-1.0396651067999565,-1.2646182929415224,-1.2646182929415224,-0.9133578302058345,-0.7505018667521969,-1.0471556161431952,-0.6750807673414829,-1.3046699908599295,-0.859749037274094,-0.48205328198438235,-0.11336400879118629,0.6928817880382651,-1.039897064921726,0.010933868301960544,-0.17352148123935618,-0.8186953190947202
0.24801942391890863,0.2794911400370532,0.06540104006749757,0.06540104006749754,-0.15033591866904394,0.25410159359980516,0.3409026401452189,1.2805323325064204,-0.4057153639132397,0.06326740635835588,-0.48205328198438235,1.2815495647285267,0.28065397956975463,-1.2126110211932501,-0.9143837230813883,-0.17352148123935618,0.6520824719662904
-1.6324347324121913,-1.2825996828960808,0.06540104006749757,0.06540104006749754,-0.9774004366897379,-1.2976950650077783,-1.1859614417720366,-1.3968393760212348,-1.3046699908599295,-0.859749037274094,-0.48205328198438235,-0.11336400879118629,1.1051095965067754,0.7908708715564273,-1.0232446161853122,1.3596464266010555,0.041654535569467
-2.2307610548811776,1.5002314130770094,-1.2646182929415224,-1.2646182929415224,1.348261073054293,0.7355192267971921,2.0065725476913157,0.5587737238266683,1.8052020693197453,1.909300293623256,2.521232791480213,0.44460142061669883,0.28065397956975463,0.2381862114875508,1.460763035549668,-1.1763371733780685,-0.8186953190947202
-0.5212572763983596,-1.412929186060334,0.06540104006749757,0.06540104006749754,-1.01582600058008,-2.0102550223335784,-1.324767267400878,-1.3968393760212348,-1.3046699908599295,-1.1674211851515772,-0.48205328198438235,-0.11336400879118629,1.1051095965067754,1.2399271578623894,0.2583449889926956,0.5503863368836848,-0.8186953190947202
-0.7776828431707824,0.9700272979315244,-1.2646182929415224,-1.2646182929415224,0.8963032501536041,0.8447892861196125,1.034931768289426,0.23422754085689548,1.2190147058053171,1.2939559978682893,-0.48205328198438235,-0.9503121529030141,-1.3682572543042866,0.4454429590133795,1.2578859165832652,-1.0909849017837394,-0.8186953190947202
0.6753953685396131,0.5926545906388422,-1.2646182929415224,-1.2646182929415224,1.2037077612763398,1.5482955186444487,0.06329098888753605,0.23422754085689548,1.0190940096470398,-0.5520768893966107,-0.48205328198438235,-0.6713294381990715,-0.9560294458357763,-1.6616673074992123,0.8917174579609772,-0.9170320787253607,-0.8186953190947202
-1.2905339767156276,1.4751974469266909,-1.2646182929415224,-1.2646182929415224,1.381197270674586,1.1784688640639196,0.8961259426605844,1.2805323325064204,0.7826380134765774,0.3709395542358393,-0.48205328198438235,0.7235841353206415,-0.5438016373672659,-0.729011943632983,-0.3057523661821801,-1.0737864710114289,-0.8186953190947202
-0.17935652070179586,1.0718352785924568,0.06540104006749757,0.06540104006749754,1.1872396624661932,0.6072622351915405,2.1453783733201575,1.637741372355351,1.54494875626063,1.2939559978682893,2.521232791480213,1.8395149941364122,0.28065397956975463,0.7217852890478178,-0.1622539161815537,-0.5087474534096523,1.1255671642452045
1.5301472577810225,0.3039518092526315,2.7254397060855378,2.7254397060855378,-0.8511450124786142,-0.49752545951043003,-0.9083497905143537,-0.6750807673414829,-1.3046699908599295,-0.5520768893966107,-0.48205328198438235,-0.3923467234951289,0.28065397956975463,1.2053843666080846,1.163869690720786,-0.3670770836606983,-0.8186953190947202
-0.6067324653225005,-1.4729342652298,-1.2646182929415224,-1.2646182929415224,-0.8859109988555902,-0.7339343070190921,-0.9083497905143537,-0.6750807673414829,-1.3046699908599295,-0.5520768893966107,-0.48205328198438235,-0.11336400879118629,0.6928817880382651,1.3780983228796087,0.030726757957219346,-0.3670770836606983,-0.8186953190947202
-0.26483170962593683,0.8724234947920194,-1.2646182929415224,-1.2646182929415224,1.684942204283956,1.1439183037169582,1.3125434195471086,-0.6750807673414829,1.54494875626063,1.909300293623256,-0.48205328198438235,-1.7872602970148417,-1.7804850627727968,0.8254136628107321,0.8174941217537568,-1.1207930591923674,-0.8186953190947202
-1.3760091656397686,0.10277235990341213,0.06540104006749757,0.06540104006749754,0.02349401321583636,0.3908241656316876,0.4797084657740603,1.2805323325064204,-0.4057153639132397,0.3709395542358393,-0.48205328198438235,1.5605322794324692,0.6928817880382651,-0.245412866072716,1.460763035549668,-0.6169507842366649,0.041654535569467
0.24801942391890863,0.8221166887685741,0.06540104006749757,0.06540104006749754,0.6584307117848205,1.208728644378956,0.06329098888753605,0.5587737238266683,0.49323926303345,-0.2444047415191273,-0.48205328198438235,-0.3923467234951289,-0.9560294458357763,-1.1435254386846405,1.213351914858933,-0.9170320787253607,-0.8186953190947202
-0.5212572763983596,-1.9304252191524132,-1.2646182929415224,-1.2646182929415224,-1.013996211823397,-1.9354281936178632,-1.324767267400878,-1.3968393760212348,-1.3046699908599295,-1.1674211851515772,-0.48205328198438235,-0.6713294381990715,0.28065397956975463,-1.1435254386846405,-0.7807817179083913,0.5503863368836848,-0.8186953190947202
-0.8631580320949233,0.4763230876311601,0.06540104006749757,0.06540104006749754,-0.26378282158338684,0.1733876959002566,0.20209681451637745,0.23422754085689548,0.12013938270035009,0.6786117021133227,-0.48205328198438235,-0.3923467234951289,-0.5438016373672659,0.2381862114875508,-0.1375128041124803,-0.9521767564069609,-0.8186953190947202
-0.17935652070179586,0.9092100481045102,0.06540104006749757,0.06540104006749754,0.7041754307018943,1.2410919213262785,0.06329098888753605,0.5587737238266683,0.7826380134765774,-0.5520768893966107,-0.48205328198438235,-0.6713294381990715,-1.3682572543042866,0.5490713327762939,-0.4739919282518798,-0.9170320787253607,-0.8186953190947202
-1.119583598867346,0.8243143270184112,-1.2646182929415224,-1.2646182929415224,1.7993040015766404,1.3725360023854098,0.8961259426605844,0.8331736116944044,1.2190147058053171,0.3709395542358393,1.4128092602512243,0.1656187059127562,-0.5438016373672659,-1.3507821862104692,1.2034554700313034,-1.0737864710114289,-0.8186953190947202
-0.35030689855007774,0.3990713256749293,1.3954203730765178,1.3954203730765176,0.16072816996705774,0.3951810728387884,0.7573201170317431,1.2805323325064204,0.49323926303345,0.3709395542358393,1.4128092602512243,1.5605322794324692,0.6928817880382651,-1.247153812447555,1.3667468096871886,1.8506244972631938,2.9832101176914887
0.07706904607062683,-0.906086921005509,1.3954203730765178,1.3954203730765176,-0.9389748727993958,-1.2139840306583678,-0.9083497905143537,-0.6750807673414829,-0.4057153639132397,-0.859749037274094,-0.48205328198438235,-0.6713294381990715,-0.13157382889875557,0.9981276190822559,-0.28595947652692133,1.3596464266010555,0.6520824719662904
-1.2905339767156276,-0.8177514183109693,0.06540104006749757,0.06540104006749754,-1.003017479283299,-1.864879582939283,-1.1859614417720366,-1.3968393760212348,-1.3046699908599295,-0.859749037274094,-0.48205328198438235,-0.6713294381990715,0.28065397956975463,0.06547225521602688,-1.5081704127391524,0.10695703388637642,-0.8186953190947202
-0.17935652070179586,-1.0184053454700104,0.06540104006749757,0.06540104006749754,-0.36808078071431505,0.0895321425332995,0.06329098888753605,1.4680820320250476,-1.3046699908599295,-0.5520768893966107,-0.48205328198438235,2.67646313824824,1.9295652134437964,-0.7635547348872878,1.3964361441700768,0.4169691447109347,1.1255671642452045
-0.6922076542466414,1.4557531258900889,-1.2646182929415224,-1.2646182929415224,2.4424747495506978,1.4995774498072934,1.1737375939182673,0.5587737238266683,1.8052020693197453,0.06326740635835588,3.3076718024868312,-0.6713294381990715,-1.3682572543042866,-0.6599263611243734,-1.201380623082641,-1.1065825691090452,-0.8186953190947202
0.16254423499476775,-1.2045357502823018,0.06540104006749757,0.06540104006749754,-0.9627621266362743,-1.3107561886668195,-1.0471556161431952,-0.6750807673414829,-1.3046699908599295,-0.859749037274094,-0.48205328198438235,-0.3923467234951289,0.28065397956975463,0.7563280803021226,-1.1568466213583086,0.885612309053981,0.041654535569467
0.41896980176719045,0.8636329417926709,0.06540104006749757,0.06540104006749754,0.6154306760027711,0.4354899320438588,1.5901550708047913,1.070869606315068,1.2190147058053171,1.6016281457457726,-0.48205328198438235,0.44460142061669883,-0.5438016373672659,1.6544406529140467,0.13958765106114307,-0.8762558788893728,0.041654535569467
-0.26483170962593683,-0.3512310376661989,1.3954203730765178,1.3954203730765176,-0.9517833940961765,-1.162466309505273,-1.0471556161431952,-0.6750807673414829,-1.3046699908599295,-0.859749037274094,-0.48205328198438235,-0.3923467234951289,0.28065397956975463,1.1708415753537798,-1.384464852393785,0.885612309053981,0.041654535569467
1.7865728245534451,0.3986891277184359,0.06540104006749757,0.06540104006749754,0.21379204391086326,0.3821978723887093,0.8961259426605844,0.8331736116944044,0.12013938270035009,1.6016281457457726,-0.48205328198438235,0.7235841353206415,0.28065397956975463,-1.5925817249906027,0.9362514596853098,0.4593814368289823,1.8395221608324077
1.4446720688568817,-0.10590772434199047,0.06540104006749757,0.06540104006749754,-0.9682514929063231,-1.1451227266922521,-1.1859614417720366,-1.3968393760212348,-1.3046699908599295,-0.859749037274094,-0.48205328198438235,-1.7872602970148417,-1.3682572543042866,0.7563280803021226,-1.3993095196352288,0.10695703388637642,-0.8186953190947202
-1.5469595434880503,-1.3388783319897355,-1.2646182929415224,-1.2646182929415224,-0.9609323378795911,-1.0353379873993207,-1.1859614417720366,-1.3968393760212348,-1.3046699908599295,-0.859749037274094,-0.48205328198438235,-0.3923467234951289,0.6928817880382651,-1.5925817249906027,-1.0479857282543852,0.10695703388637642,-0.8186953190947202
0.846345746387895,-0.8983474123865174,-1.2646182929415224,-1.2646182929415224,0.29521764358325464,0.5229326429125116,0.7573201170317431,1.4680820320250476,-0.4057153639132397,0.6786117021133227,-0.48205328198438235,2.397480423544297,1.5173374049752855,-1.1780682299389453,1.624054375205553,-0.3670770836606983,0.6520824719662904
0.9318209353120359,1.0056672573745349,-1.2646182929415224,-1.2646182929415224,1.267750367760243,1.1200869596131824,0.8961259426605844,-0.16298488485308327,1.3921938899801396,0.986283849990806,1.4128092602512243,-1.5082775823108991,-1.7804850627727968,0.10001504647033169,-0.9638659472195352,-1.0737864710114289,-0.8186953190947202
1.5301472577810225,0.8526447505434853,0.06540104006749757,0.06540104006749754,0.8615372637766281,0.6024612532988696,1.5901550708047913,1.070869606315068,1.3921938899801396,1.2939559978682893,-0.48205328198438235,0.44460142061669883,-0.5438016373672659,-1.4198677687190788,0.6987367838222043,-0.8762558788893728,0.041654535569467
-0.5212572763983596,0.8812140477913678,0.06540104006749757,0.06540104006749754,1.880729601249032,1.1742629830202493,1.45134924517595,0.5587737238266683,1.0190940096470398,2.2169724415007392,-0.48205328198438235,1.0025668500245841,1.1051095965067754,1.3780983228796087,-0.02370368859474216,-0.5838385779516477,0.6520824719662904
-1.2905339767156276,0.8976007851760228,-1.2646182929415224,-1.2646182929415224,2.1442191822113768,1.648319364563159,0.6185142914029016,0.5587737238266683,1.54494875626063,-0.5520768893966107,-0.48205328198438235,0.44460142061669883,0.28065397956975463,0.5836141240305986,1.327161030376671,-1.033488587128577,-0.8186953190947202
-0.008406142853514067,-1.0251893591977683,0.06540104006749757,0.06540104006749754,-0.9774004366897379,-1.2976950650077783,-1.1859614417720366,-1.3968393760212348,-0.4057153639132397,-1.1674211851515772,1.4128092602512243,-0.3923467234951289,0.6928817880382651,-0.9362686911588117,-1.4537399661871904,1.3596464266010555,0.041654535569467
0.07706904607062683,-0.059184024160670874,0.06540104006749757,0.06540104006749754,-0.7669747296711984,-0.4022206632261549,-0.6307381392566709,0.23422754085689548,-1.3046699908599295,-0.5520768893966107,-0.48205328198438235,0.44460142061669883,0.6928817880382651,0.2381862114875508,-1.394361297221414,0.10695703388637642,0.041654535569467
-0.008406142853514067,0.5215657707310677,0.06540104006749757,0.06540104006749754,0.6913669094051136,0.5943065726910157,1.3125434195471086,0.5587737238266683,1.2190147058053171,1.6016281457457726,1.4128092602512243,-0.6713294381990715,-1.3682572543042866,0.859956454065037,0.2583449889926956,-1.1207930591923674,-0.8186953190947202
-1.3760091656397686,-1.0298712841648126,-1.2646182929415224,-1.2646182929415224,-0.9883791692298355,-1.7472415955110643,-1.0471556161431952,-1.3968393760212348,-0.4057153639132397,-0.859749037274094,-0.48205328198438235,-1.5082775823108991,-0.9560294458357763,-0.038156118546887316,-1.54775619204967,-0.17352148123935618,-0.8186953190947202
-1.2905339767156276,0.026667191816661526,0.06540104006749757,0.06540104006749754,-0.21620831390963013,0.1620640874122815,0.3409026401452189,1.070869606315068,-0.4057153639132397,0.3709395542358393,-0.48205328198438235,1.2815495647285267,0.6928817880382651,0.6181569152849035,1.2331448045141915,-0.5662437680648147,0.041654535569467
1.0172961242361769,-0.3678566487736623,1.3954203730765178,1.3954203730765176,-0.9554429716095423,-0.9589673627750864,-1.1859614417720366,-1.3968393760212348,-0.4057153639132397,-1.1674211851515772,-0.48205328198438235,-1.2292948676069566,-0.5438016373672659,-0.8671831086502021,-0.9539695023919058,0.10695703388637642,-0.8186953190947202
-0.17935652070179586,1.678049012335569,-1.2646182929415224,-1.2646182929415224,1.5257505824525393,1.5373556315592576,0.3409026401452189,0.5587737238266683,1.0190940096470398,-0.2444047415191273,1.4128092602512243,-0.6713294381990715,-1.3682572543042866,0.6181569152849035,-0.5927492661834328,-0.9827815709567269,-0.8186953190947202
-0.5212572763983596,1.1789462558997357,1.3954203730765178,1.3954203730765176,0.35651556693213343,0.3915131216461983,1.1737375939182673,1.4680820320250476,1.0190940096470398,0.3709395542358393,-0.48205328198438235,1.2815495647285267,-0.13157382889875557,-0.3835840310899352,-0.3008041437683655,-0.2282689382839196,1.1255671642452045
-1.119583598867346,-0.4669414689945793,0.06540104006749757,0.06540104006749754,-0.3406339493640708,0.1373160970547558,0.06329098888753605,0.8331736116944044,0.49323926303345,-0.5520768893966107,1.4128092602512243,0.7235841353206415,0.28065397956975463,1.2744699491166942,0.6640992269255009,-0.44299796117828627,0.041654535569467
-1.6324347324121913,0.749642401268511,-1.2646182929415224,-1.2646182929415224,2.2283894650187923,1.5443043602177953,0.8961259426605844,0.23422754085689548,1.8052020693197453,-0.2444047415191273,-0.48205328198438235,-0.6713294381990715,-0.9560294458357763,1.4126411141339135,1.5498310389983323,-1.0737864710114289,-0.8186953190947202
-1.7179099213363322,1.7468924192489448,-1.2646182929415224,-1.2646182929415224,2.4379002776589904,1.6202167516868322,0.8961259426605844,0.23422754085689548,1.3921938899801396,0.6786117021133227,3.3076718024868312,-1.2292948676069566,-1.7804850627727968,1.309012740370999,-1.46363641101482,-1.0737864710114289,-0.8186953190947202
-1.3760091656397686,-0.9887850038417708,0.06540104006749757,0.06540104006749754,-0.9078684639357857,-0.7014517832074724,-1.0471556161431952,-0.6750807673414829,-1.3046699908599295,-0.859749037274094,-0.48205328198438235,0.1656187059127562,1.1051095965067754,0.4454429590133795,0.8125458993399421,0.885612309053981,0.041654535569467
0.07706904607062683,0.4689657769686619,0.06540104006749757,0.06540104006749754,0.29979211547496204,0.40029796063856316,1.034931768289426,1.637741372355351,0.7826380134765774,0.06326740635835588,2.521232791480213,2.397480423544297,1.1051095965067754,-0.9017258999045069,-1.6219795282568905,0.885612309053981,2.372782181294665
-0.43578208747421865,0.8534569212010339,-1.2646182929415224,-1.2646182929415224,0.31351553115008407,1.2517149260388236,-0.353126487998988,-0.6750807673414829,0.49323926303345,-0.2444047415191273,-0.48205328198438235,-1.7872602970148417,-1.7804850627727968,1.7235262354226564,-1.5823937489463729,-0.7713565969387493,-0.8186953190947202
1.7010976356293042,-0.12874405224247176,0.06540104006749757,0.06540104006749754,-0.6077831078397816,-0.12334821435428431,-0.353126487998988,-0.16298488485308327,-0.4057153639132397,0.06326740635835588,-0.48205328198438235,-0.11336400879118629,0.28065397956975463,-0.6944691523786782,-0.5036812627347681,-0.17352148123935618,0.041654535569467
-0.7776828431707824,-1.2886193007108522,0.06540104006749757,0.06540104006749754,-0.8932301538823221,-0.3186385136121975,-1.1859614417720366,-1.3968393760212348,-0.4057153639132397,-1.1674211851515772,1.4128092602512243,-0.6713294381990715,0.28065397956975463,0.10001504647033169,1.505297037274,0.10695703388637642,-0.8186953190947202
1.2737216910085998,1.8669503523324376,-1.2646182929415224,-1.2646182929415224,2.0435808005938143,1.8465275182126542,0.20209681451637745,0.23422754085689548,1.2190147058053171,-0.5520768893966107,1.4128092602512243,-1.2292948676069566,-1.7804850627727968,1.4126411141339135,-1.3052932937727497,-0.9521767564069609,-0.8186953190947202
2.042998391325868,2.956262303083222,-1.2646182929415224,-1.2646182929415224,-0.8639535337753949,-2.204810858809957,2.0065725476913157,3.3008825940307074,-1.3046699908599295,-1.782765480906544,-0.48205328198438235,5.187307570583723,-1.7804850627727968,-1.385324977464774,-1.592290193774002,-1.4262108739540353,-2.2894731101557304
1.6156224467051634,0.3553096596564337,0.06540104006749757,0.06540104006749754,-0.11191035477870194,0.2274869493566192,0.4797084657740603,-0.16298488485308327,1.0190940096470398,0.6786117021133227,-0.48205328198438235,-0.9503121529030141,-0.9560294458357763,0.7563280803021226,0.13463942864732797,-0.6169507842366649,0.041654535569467
0.41896980176719045,-0.2912259584967334,1.3954203730765178,1.3954203730765176,-0.9151876189625174,-0.7672948423690338,-1.0471556161431952,-0.6750807673414829,-1.3046699908599295,-0.859749037274094,-0.48205328198438235,-0.11336400879118629,0.6928817880382651,-1.247153812447555,0.6789438941669453,0.885612309053981,0.041654535569467
-1.205058787791487,-1.4192354523424755,-1.2646182929415224,-1.2646182929415224,-0.9499536053394935,-0.8870481082377739,-1.1859614417720366,-1.3968393760212348,-1.3046699908599295,-0.859749037274094,-0.48205328198438235,-0.3923467234951289,0.6928817880382651,-1.1435254386846405,-1.3696201851523409,0.10695703388637642,-0.8186953190947202
-1.5469595434880503,1.0290768822097565,-1.2646182929415224,-1.2646182929415224,-0.31318711801382654,0.0948567475017275,0.20209681451637745,0.23422754085689548,0.7826380134765774,0.06326740635835588,-0.48205328198438235,-0.9503121529030141,-1.3682572543042866,1.5508122791511325,-1.2409664023931584,-0.9521767564069609,-0.8186953190947202
-0.17935652070179586,-1.0527553868098556,0.06540104006749757,0.06540104006749754,-0.9682514929063231,-1.5894613816717837,-0.9083497905143537,-0.16298488485308327,-1.3046699908599295,-0.859749037274094,-0.48205328198438235,-0.11336400879118629,0.28065397956975463,0.9635848278279513,-0.5234741523900269,1.3596464266010555,0.6520824719662904
0.07706904607062683,-0.2946179653606124,0.06540104006749757,0.06540104006749754,-0.4796978948719751,-0.03152103358508221,-0.07551483674130527,-0.16298488485308327,-0.4057153639132397,0.6786117021133227,1.4128092602512243,-0.6713294381990715,-0.5438016373672659,-1.0053542736674215,-0.9836588368747943,-0.3670770836606983,0.041654535569467
1.2737216910085998,0.5238589584700282,-1.2646182929415224,-1.2646182929415224,0.7142392688636505,1.2480993782637844,0.06329098888753605,-0.16298488485308327,0.7826380134765774,0.06326740635835588,-0.48205328198438235,-1.5082775823108991,-1.7804850627727968,0.06547225521602688,0.2979307683032132,-0.9170320787253607,-0.8186953190947202
-0.17935652070179586,0.4125915783858838,0.06540104006749757,0.06540104006749754,0.8414095874531156,0.5896224506821789,1.5901550708047913,0.8331736116944044,1.9180486365937297,0.3709395542358393,-0.48205328198438235,0.44460142061669883,-0.13157382889875557,1.1017559928451703,-0.28595947652692133,-0.3670770836606983,1.1255671642452045
-1.4614843545639096,-0.889556859387169,0.06540104006749757,0.06540104006749754,-0.9115280414491514,-0.9426192473785806,-0.9083497905143537,-0.16298488485308327,-1.3046699908599295,-0.859749037274094,-0.48205328198438235,0.1656187059127562,0.6928817880382651,0.7563280803021226,-1.0380892834267559,-0.3670770836606983,-0.8186953190947202
0.846345746387895,-0.7717443392980748,-1.2646182929415224,-1.2646182929415224,-0.9554429716095423,-0.9589673627750864,-1.1859614417720366,-1.3968393760212348,-1.3046699908599295,-0.859749037274094,-0.48205328198438235,-0.6713294381990715,0.28065397956975463,-0.4526696135985448,0.5601865562353924,0.10695703388637642,-0.8186953190947202
-0.9486332210190641,-0.9707739251420188,0.06540104006749757,0.06540104006749754,-0.9462940278261275,-0.8413293753468678,-1.1859614417720366,-1.3968393760212348,-0.4057153639132397,-1.1674211851515772,1.4128092602512243,-0.3923467234951289,0.6928817880382651,1.5853550704054373,-0.3849239248032153,0.10695703388637642,-0.8186953190947202
0.7608705574637541,1.9444887627560383,-1.2646182929415224,-1.2646182929415224,0.9685799060425807,0.830090261923464,1.1737375939182673,-0.16298488485308327,1.0190940096470398,2.2169724415007392,-0.48205328198438235,-1.7872602970148417,-2.1927128712413078,-0.5908407786157639,-1.4042577420490436,-1.4262108739540353,-2.2894731101557304
-0.09388133177765497,0.7419028926495194,0.06540104006749757,0.06540104006749754,1.6181549146650285,1.229699862367279,1.034931768289426,1.070869606315068,1.54494875626063,-0.2444047415191273,1.4128092602512243,0.7235841353206415,-0.13157382889875557,-0.5908407786157639,1.198507247617489,-0.7713565969387493,0.041654535569467
-0.17935652070179586,1.3720039986734698,-1.2646182929415224,-1.2646182929415224,1.6977507255807367,1.0955706480961722,1.45134924517595,0.23422754085689548,1.2190147058053171,2.2169724415007392,-0.48205328198438235,-0.9503121529030141,-1.3682572543042866,1.2399271578623894,1.3321092527904856,-1.1337935730163102,-0.8186953190947202
0.16254423499476775,1.2428688641232584,0.06540104006749757,0.06540104006749754,2.269559712044159,1.8486566458582627,0.3409026401452189,0.5587737238266683,1.0190940096470398,-0.2444047415191273,2.521232791480213,1.0025668500245841,1.1051095965067754,1.5162694878968277,1.5943650407226648,-0.17352148123935618,0.6520824719662904
0.5044449906913313,0.020217601300835226,0.06540104006749757,0.06540104006749754,1.065558710146777,0.6762412691966666,1.7289608964336327,1.637741372355351,1.0190940096470398,1.2939559978682893,-0.48205328198438235,2.397480423544297,1.1051095965067754,-0.8671831086502021,0.8224423441675714,0.05176983352148982,1.8395221608324077
0.07706904607062683,0.2509218427891707,0.06540104006749757,0.06540104006749754,-0.29763391358202146,-0.03882007713896501,0.4797084657740603,0.23422754085689548,0.7826380134765774,0.6786117021133227,2.521232791480213,0.7235841353206415,1.1051095965067754,-0.1763272835641065,1.584468595895035,1.0672291256633306,2.122860263027301
-1.8033851102604728,-1.573022355086512,-1.2646182929415224,-1.2646182929415224,-0.8840812100989073,-0.5089012512630978,-1.0471556161431952,-1.3968393760212348,-1.3046699908599295,-0.5520768893966107,-0.48205328198438235,-0.6713294381990715,0.28065397956975463,-1.1780682299389453,0.7135814510636482,-0.17352148123935618,-0.8186953190947202
-1.034108409943205,-0.75564425038079,0.06540104006749757,0.06540104006749754,-0.9536131828528595,-1.3874993652612677,-0.9083497905143537,-0.16298488485308327,-1.3046699908599295,-0.859749037274094,-0.48205328198438235,-0.11336400879118629,0.28065397956975463,1.1362987840994752,0.19896632002691916,0.5503863368836848,0.041654535569467
-0.6067324653225005,-1.5132561496398549,-1.2646182929415224,-1.2646182929415224,-0.7889321947513939,-0.3440881712848,-0.7695439648855122,-0.6750807673414829,-0.4057153639132397,-0.5520768893966107,-0.48205328198438235,-0.11336400879118629,0.6928817880382651,-0.7635547348872878,0.6937885614083892,-0.5087474534096523,-0.8186953190947202
0.33349461284304954,-0.8420209885483009,1.3954203730765178,1.3954203730765176,-1.0011876905266162,-1.5098037653100853,-1.324767267400878,-1.3968393760212348,-1.3046699908599295,-1.1674211851515772,-0.48205328198438235,-0.3923467234951289,0.6928817880382651,0.7908708715564273,0.9708890165820128,0.5503863368836848,-0.8186953190947202
-0.6922076542466414,-0.954387187757364,0.06540104006749757,0.06540104006749754,-0.9115280414491514,-0.7339343070190921,-1.0471556161431952,-1.3968393760212348,-1.3046699908599295,-0.5520768893966107,-0.48205328198438235,-1.5082775823108991,-0.9560294458357763,-1.4544105599733836,-1.7159957541193696,-0.17352148123935618,-0.8186953190947202
-0.26483170962593683,0.9114076863543472,0.06540104006749757,0.06540104006749754,0.12138771169837426,0.2289021201609345,1.034931768289426,0.8331736116944044,0.12013938270035009,1.909300293623256,-0.48205328198438235,-0.11336400879118629,-0.9560294458357763,0.2727290027418556,-0.9539695023919058,-0.7713565969387493,0.041654535569467
1.1027713131603178,1.8820471716139275,-1.2646182929415224,-1.2646182929415224,1.794729529684933,1.1919814042286274,1.3125434195471086,1.070869606315068,1.6815926404232675,0.06326740635835588,3.917681290782164,0.44460142061669883,-0.5438016373672659,1.2053843666080846,1.3024199183075975,-1.4262108739540353,-2.2894731101557304
2.213948769174149,1.2298741336024823,-1.2646182929415224,-1.2646182929415224,2.1195170339961567,1.16844006793672,1.7289608964336327,1.070869606315068,1.0190940096470398,2.2169724415007392,1.4128092602512243,0.1656187059127562,-0.9560294458357763,0.13455783772463648,-0.4096650368722887,-1.1567343940151054,-0.8186953190947202
0.846345746387895,1.3915438691991957,1.3954203730765178,1.3954203730765176,1.0371969844181912,0.5669940698315458,2.0065725476913157,1.79262821499482,1.0190940096470398,1.6016281457457726,-0.48205328198438235,1.8395149941364122,-0.13157382889875557,-0.038156118546887316,0.9065621252024216,-0.7023030558309941,0.6520824719662904
-0.6922076542466414,-1.3928160185998684,0.06540104006749757,0.06540104006749754,-0.9956983242565675,-1.674616845288383,-1.1859614417720366,-1.3968393760212348,-1.3046699908599295,-0.859749037274094,-0.48205328198438235,-0.9503121529030141,-0.13157382889875557,-1.6271245162449075,-0.28101125411310673,0.10695703388637642,-0.8186953190947202
-0.008406142853514067,0.16038870184479392,0.06540104006749757,0.06540104006749754,1.12319705598229,1.1766822321457568,0.6185142914029016,0.23422754085689548,0.12013938270035009,1.6016281457457726,2.521232791480213,0.7235841353206415,1.1051095965067754,0.5490713327762939,1.1341803562378978,-0.30958076900553577,0.6520824719662904
-0.09388133177765497,0.8963586418174193,-1.2646182929415224,-1.2646182929415224,0.9420479690706779,1.3969284914262061,0.06329098888753605,-0.16298488485308327,0.49323926303345,0.3709395542358393,-0.48205328198438235,-1.2292948676069566,-1.3682572543042866,-0.14178449230980172,0.08515720450918116,-0.9170320787253607,-0.8186953190947202
1.0172961242361769,0.6207939151856696,-1.2646182929415224,-1.2646182929415224,1.3994951582414157,1.2534519752267579,0.7573201170317431,1.4680820320250476,0.49323926303345,0.06326740635835588,-0.48205328198438235,1.2815495647285267,-0.13157382889875557,-0.245412866072716,1.1836625803760443,-1.0547274587736002,-0.8186953190947202
0.33349461284304954,0.5178393406552569,1.3954203730765178,1.3954203730765176,0.31260063677174266,0.47341623906484825,0.8961259426605844,1.4680820320250476,0.49323926303345,0.3709395542358393,-0.48205328198438235,1.8395149941364122,0.6928817880382651,-0.6944691523786782,0.11484653899206947,0.1789029217032498,1.5124323266304773
-0.43578208747421865,0.4807183641308343,1.3954203730765178,1.3954203730765176,-0.8731024775588095,-0.641486268757952,-0.9083497905143537,-0.6750807673414829,-1.3046699908599295,-0.5520768893966107,-0.48205328198438235,-0.6713294381990715,-0.13157382889875557,1.1708415753537798,-0.6570761575630237,-0.3670770836606983,-0.8186953190947202
1.872048013477586,0.7461070701709469,0.06540104006749757,0.06540104006749754,-0.28208070915021644,0.2334631526604064,0.06329098888753605,0.23422754085689548,0.12013938270035009,0.3709395542358393,-0.48205328198438235,-0.6713294381990715,-0.9560294458357763,1.5162694878968277,-0.3948203696308446,-0.44299796117828627,0.041654535569467
-1.119583598867346,-1.4712621491701412,0.06540104006749757,0.06540104006749754,-0.9591025491229083,-1.4594186197985801,-0.9083497905143537,-0.16298488485308327,-1.3046699908599295,-0.859749037274094,-0.48205328198438235,-0.11336400879118629,0.28065397956975463,-0.3144984485813256,-0.8945908334261294,1.3596464266010555,0.6520824719662904
0.07706904607062683,-1.0659412163088784,1.3954203730765178,1.3954203730765176,-0.9243365627459323,-1.0618823366451877,-0.9083497905143537,-0.16298488485308327,-0.4057153639132397,-1.1674211851515772,-0.48205328198438235,0.1656187059127562,0.6928817880382651,-0.0726989098011921,-1.3102415161865644,0.5503863368836848,0.041654535569467
1.5301472577810225,1.148895941570441,0.06540104006749757,0.06540104006749754,0.5422391257354531,0.5417767443324196,1.1737375939182673,0.8331736116944044,1.2190147058053171,0.986283849990806,-0.48205328198438235,-0.11336400879118629,-0.9560294458357763,0.030929463961722085,0.4612221079590982,-0.8011647543473774,0.041654535569467
-0.5212572763983596,-0.8059988311487969,1.3954203730765178,1.3954203730765176,-0.9700812816630059,-1.1741655882648891,-1.1859614417720366,-1.3968393760212348,-1.3046699908599295,-0.859749037274094,-0.48205328198438235,-0.3923467234951289,0.6928817880382651,-0.3144984485813256,1.5201417045154444,1.3596464266010555,0.041654535569467
1.1027713131603178,0.15016490650859513,0.06540104006749757,0.06540104006749754,-0.20705937012621534,0.1752649048825689,0.3409026401452189,0.23422754085689548,0.12013938270035009,0.986283849990806,-0.48205328198438235,-0.3923467234951289,-0.5438016373672659,-1.5925817249906027,0.6047205579597249,0.5503863368836848,1.5124323266304773
1.7010976356293042,0.11949352049999883,0.06540104006749757,0.06540104006749754,0.37847303201232885,0.4102618062156897,1.1737375939182673,1.79262821499482,0.12013938270035009,0.6786117021133227,-0.48205328198438235,2.67646313824824,1.1051095965067754,0.4454429590133795,1.1539732458931562,-0.5087474534096523,0.6520824719662904
0.846345746387895,-0.8414476916135608,0.06540104006749757,0.06540104006749754,-1.012166423066714,-1.864879582939283,-1.324767267400878,-2.6306938671893865,-1.3046699908599295,-0.859749037274094,-0.48205328198438235,-1.2292948676069566,-0.13157382889875557,-0.8326403173958974,-1.265707514462232,0.5503863368836848,-0.8186953190947202
-0.35030689855007774,-1.263394235582287,0.06540104006749757,0.06540104006749754,-0.9700812816630059,-1.4205409279597514,-1.0471556161431952,-1.3968393760212348,-1.3046699908599295,-0.5520768893966107,-0.48205328198438235,-1.2292948676069566,-0.5438016373672659,-0.038156118546887316,-0.25627014204403314,-0.17352148123935618,-0.8186953190947202
-1.2905339767156276,1.027213667171851,-1.2646182929415224,-1.2646182929415224,1.727027345687664,1.219177508203848,1.1737375939182673,0.5587737238266683,1.9180486365937297,-0.2444047415191273,3.3076718024868312,-0.6713294381990715,-1.3682572543042866,0.2381862114875508,-1.0430375058405705,-1.1065825691090452,-0.8186953190947202
1.6156224467051634,-1.1243697289078085,0.06540104006749757,0.06540104006749754,-0.9609323378795911,-1.0353379873993207,-1.1859614417720366,-1.3968393760212348,-1.3046699908599295,-0.859749037274094,-0.48205328198438235,-0.11336400879118629,1.1051095965067754,0.6526997065392083,0.8768727907195333,0.10695703388637642,-0.8186953190947202
-0.6922076542466414,-1.342079239875368,0.06540104006749757,0.06540104006749754,-0.9627621266362743,-1.0618823366451877,-1.1859614417720366,-1.3968393760212348,-1.3046699908599295,-0.859749037274094,-0.48205328198438235,-0.3923467234951289,0.6928817880382651,0.5145285415219891,1.6685883769298853,0.10695703388637642,-0.8186953190947202
-1.2905339767156276,0.9896627179463734,-1.2646182929415224,-1.2646182929415224,0.6053668378410149,0.5328746886641732,1.3125434195471086,0.23422754085689548,1.2190147058053171,1.909300293623256,-0.48205328198438235,-1.2292948676069566,-1.7804850627727968,0.6181569152849035,-1.4289988541181173,-1.1207930591923674,-0.8186953190947202
-0.6067324653225005,-0.8277363399243597,0.06540104006749757,0.06540104006749754,-0.74318747583432,-0.1465003992681788,-0.7695439648855122,-0.6750807673414829,0.12013938270035009,-0.859749037274094,-0.48205328198438235,-0.11336400879118629,0.6928817880382651,1.5508122791511325,1.4805559252049263,0.3005126363077183,0.041654535569467
1.5301472577810225,0.9047192221157128,-1.2646182929415224,-1.2646182929415224,1.1085587459288264,1.168419341583994,0.6185142914029016,-0.16298488485308327,0.7826380134765774,1.2939559978682893,-0.48205328198438235,-0.9503121529030141,-0.9560294458357763,1.1362987840994752,0.763063675201795,-0.662005171948142,0.041654535569467
-1.119583598867346,0.5425388835936437,-1.2646182929415224,-1.2646182929415224,0.713324374485309,0.852145936276213,0.7573201170317431,-0.16298488485308327,1.54494875626063,0.3709395542358393,-0.48205328198438235,-1.2292948676069566,-1.3682572543042866,-1.5925817249906027,1.2380930269280064,-0.7023030558309941,0.041654535569467
-0.43578208747421865,1.530520601129112,0.06540104006749757,0.06540104006749754,0.44617521600959803,0.46633995036191356,1.1737375939182673,0.23422754085689548,1.3921938899801396,1.2939559978682893,-0.48205328198438235,-1.2292948676069566,-1.7804850627727968,-0.8671831086502021,-1.7060993092917403,-1.1065825691090452,-0.8186953190947202
0.07706904607062683,-0.7543543322776247,1.3954203730765178,1.3954203730765176,-0.9042088864224197,-0.8793097464133879,-0.9083497905143537,-0.16298488485308327,-1.3046699908599295,-0.859749037274094,-0.48205328198438235,0.44460142061669883,1.1051095965067754,0.1691006289789413,0.5008078872696163,1.3596464266010555,0.6520824719662904
1.2737216910085998,-0.5712337363727189,0.06540104006749757,0.06540104006749754,-0.7944215610214427,-0.3700736503975291,-0.7695439648855122,-0.16298488485308327,-1.3046699908599295,-0.5520768893966107,-0.48205328198438235,0.1656187059127562,0.6928817880382651,-1.0053542736674215,0.7333743407189072,0.3005126363077183,0.041654535569467
2.4703743359465724,-0.034102283265790775,-1.2646182929415224,-1.2646182929415224,-0.7523364196177348,-0.34087811832337434,-0.6307381392566709,-0.16298488485308327,-0.4057153639132397,-0.5520768893966107,-0.48205328198438235,-0.3923467234951289,-0.13157382889875557,1.6198978616597417,0.010933868301960544,-0.6169507842366649,-0.8186953190947202
-0.6067324653225005,0.24289568570280912,0.06540104006749757,0.06540104006749754,-0.013101761917822538,0.3487667860564191,0.4797084657740603,-0.16298488485308327,0.49323926303345,1.2939559978682893,-0.48205328198438235,-0.9503121529030141,-0.9560294458357763,-1.039897064921726,-0.34533814549269765,-0.6169507842366649,0.041654535569467
1.5301472577810225,1.386288647297411,-1.2646182929415224,-1.2646182929415224,1.384856848187952,1.2461215027931727,0.7573201170317431,0.23422754085689548,0.7826380134765774,1.2939559978682893,-0.48205328198438235,-1.2292948676069566,-1.7804850627727968,0.37635737650476997,-1.513118635152967,-1.0547274587736002,-0.8186953190947202
-0.6067324653225005,0.9784356529743794,-1.2646182929415224,-1.2646182929415224,2.4552832708474783,1.447280875662364,1.3125434195471086,1.637741372355351,0.7826380134765774,0.6786117021133227,-0.48205328198438235,2.397480423544297,1.1051095965067754,-1.6271245162449075,1.638899042446997,-1.1207930591923674,-0.8186953190947202
0.41896980176719045,0.4750331695279948,-1.2646182929415224,-1.2646182929415224,-0.19242106007275175,0.1960968705877828,0.3409026401452189,0.23422754085689548,0.12013938270035009,0.986283849990806,-0.48205328198438235,-0.3923467234951289,-0.5438016373672659,-1.247153812447555,-0.6719208248044679,-0.9827815709567269,-0.8186953190947202
1.6156224467051634,1.193756426713855,-1.2646182929415224,-1.2646182929415224,1.0280480406347765,1.195707637088348,0.4797084657740603,-1.3968393760212348,1.54494875626063,0.3709395542358393,-0.48205328198438235,-2.345225726422727,-2.1927128712413078,-0.4181268223442399,-1.4685846334286348,-1.009673071062123,-0.8186953190947202
-0.6067324653225005,-1.0690465747053872,0.06540104006749757,0.06540104006749754,-1.003017479283299,-1.864879582939283,-1.1859614417720366,-1.3968393760212348,-1.3046699908599295,-0.859749037274094,-0.48205328198438235,-0.6713294381990715,0.28065397956975463,0.3418145852504652,-0.9440730575642764,0.10695703388637642,-0.8186953190947202
1.1027713131603178,-0.23203304998481616,0.06540104006749757,0.06540104006749754,-0.3497828931474856,0.1215927676335995,0.06329098888753605,0.5587737238266683,0.49323926303345,-0.2444047415191273,1.4128092602512243,0.7235841353206415,0.6928817880382651,0.20364342023324608,1.2925234734799682,0.8096914315363931,1.5124323266304773
-1.8033851102604728,2.1492990926919453,-1.2646182929415224,-1.2646182929415224,1.0628140270117523,0.5817758592970981,2.0065725476913157,0.8331736116944044,1.9180486365937297,1.2939559978682893,1.4128092602512243,-0.3923467234951289,-1.3682572543042866,0.37635737650476997,0.3869987717518778,-1.1763371733780685,-0.8186953190947202
1.6156224467051634,0.22435908481287864,1.3954203730765178,1.3954203730765176,-0.7871024059947108,-0.335546513195191,-0.7695439648855122,-0.6750807673414829,-0.4057153639132397,-0.5520768893966107,-0.48205328198438235,-0.9503121529030141,-0.5438016373672659,-0.038156118546887316,-1.4883775230838936,1.0244204544307594,0.6520824719662904
0.33349461284304954,0.8694136858846337,0.06540104006749757,0.06540104006749754,0.6328136691912591,0.49926749267932446,1.45134924517595,1.2805323325064204,1.0190940096470398,1.2939559978682893,-0.48205328198438235,1.0025668500245841,-0.13157382889875557,-0.3835840310899352,0.03567498037103415,-0.5838385779516477,0.6520824719662904
0.5899201796154723,0.9466654478408646,-1.2646182929415224,-1.2646182929415224,1.695006042445712,1.6997437489930955,0.20209681451637745,0.5587737238266683,0.49323926303345,0.06326740635835588,3.3076718024868312,0.44460142061669883,0.28065397956975463,-1.4198677687190788,0.0059856458881459434,-0.9521767564069609,-0.8186953190947202
-0.7776828431707824,-0.3581106008830804,1.3954203730765178,1.3954203730765176,-0.9572727603662253,-1.4349769365943694,-0.9083497905143537,-0.6750807673414829,-1.3046699908599295,-0.5520768893966107,-0.48205328198438235,-1.2292948676069566,-0.9560294458357763,-1.039897064921726,-1.691254642050296,1.3596464266010555,0.6520824719662904
1.4446720688568817,-0.5239845140012209,1.3954203730765178,1.3954203730765176,-0.745017264591003,-0.15382543363389958,-0.7695439648855122,-0.16298488485308327,-0.4057153639132397,-0.859749037274094,-0.48205328198438235,0.7235841353206415,1.5173374049752855,-0.5908407786157639,0.3226718803722868,1.0244204544307594,0.6520824719662904
0.24801942391890863,-0.14226430495342618,0.06540104006749757,0.06540104006749754,-0.7761236734546132,-0.2855019014609732,-0.7695439648855122,-0.16298488485308327,-1.3046699908599295,-0.5520768893966107,-0.48205328198438235,0.1656187059127562,0.6928817880382651,-0.7635547348872878,-0.8846943885985,-0.5087474534096523,-0.8186953190947202
1.872048013477586,1.0811513537819837,-1.2646182929415224,-1.2646182929415224,1.438835616510099,0.8737575900391454,1.7289608964336327,0.8331736116944044,1.3921938899801396,1.909300293623256,-0.48205328198438235,-0.11336400879118629,-0.9560294458357763,0.3072717939961604,-0.2216325851473302,-1.1567343940151054,-0.8186953190947202
-0.26483170962593683,0.602878385975041,0.06540104006749757,0.06540104006749754,0.45715394854969577,0.5339463315949173,1.034931768289426,1.2805323325064204,0.12013938270035009,1.2939559978682893,-0.48205328198438235,1.0025668500245841,-0.13157382889875557,0.3418145852504652,-0.5135777075623976,-0.7713565969387493,0.041654535569467
0.5044449906913313,1.2121019286255388,0.06540104006749757,0.06540104006749754,1.028962935013118,0.6077197091285595,1.8677667220624738,0.8331736116944044,1.54494875626063,1.909300293623256,-0.48205328198438235,-0.11336400879118629,-0.9560294458357763,-0.6944691523786782,-1.1518983989444942,-0.9170320787253607,0.041654535569467
1.7010976356293042,0.9931502742993756,-1.2646182929415224,-1.2646182929415224,1.546793153154393,1.1965689523137735,1.034931768289426,-0.16298488485308327,1.8052020693197453,0.3709395542358393,1.4128092602512243,-1.2292948676069566,-1.3682572543042866,0.37635737650476997,0.6591510045116864,-1.0909849017837394,-0.8186953190947202
-0.7776828431707824,1.6187605543345285,-1.2646182929415224,-1.2646182929415224,1.4690271309953675,1.159422407586923,1.034931768289426,-0.16298488485308327,1.2190147058053171,1.6016281457457726,2.521232791480213,-1.5082775823108991,-1.7804850627727968,-0.2799556573270208,-0.9737623920471644,-1.0909849017837394,-0.8186953190947202
0.24801942391890863,0.18303393076702854,0.06540104006749757,0.06540104006749754,0.7572393046456999,1.1873711085767327,0.20209681451637745,0.8331736116944044,0.49323926303345,-0.2444047415191273,1.4128092602512243,0.1656187059127562,-0.5438016373672659,-0.7635547348872878,0.7234778958912774,-0.5087474534096523,0.041654535569467
-1.205058787791487,-0.6111734228262804,0.06540104006749757,0.06540104006749754,-0.9591025491229083,-1.0093525082865913,-1.1859614417720366,-1.3968393760212348,-1.3046699908599295,-0.859749037274094,1.4128092602512243,-1.2292948676069566,-0.5438016373672659,-0.729011943632983,-1.2756039592898614,0.10695703388637642,-0.8186953190947202
-0.17935652070179586,-0.8243443330604806,1.3954203730765178,1.3954203730765176,-0.45774042979177965,0.014197699305823794,-0.07551483674130527,0.5587737238266683,0.12013938270035009,-0.2444047415191273,-0.48205328198438235,1.0025668500245841,1.1051095965067754,-1.4198677687190788,0.9411996820991244,0.9669241397755971,1.5124323266304773
-0.5212572763983596,-0.5284275652454569,0.06540104006749757,0.06540104006749754,-0.24548493401655735,0.20125038399529802,0.20209681451637745,0.8331736116944044,0.49323926303345,-0.2444047415191273,-0.48205328198438235,1.0025668500245841,0.6928817880382651,-1.074439856176031,0.4661703303729129,-0.5087474534096523,0.041654535569467
-0.17935652070179586,0.13545028518359883,1.3954203730765178,1.3954203730765176,-0.6773150805937338,-0.20635526199249618,-0.4919323136278294,-0.16298488485308327,-0.4057153639132397,-0.2444047415191273,-0.48205328198438235,-0.9503121529030141,-0.9560294458357763,0.9290420365736465,-0.5927492661834328,0.5503863368836848,0.6520824719662904
-0.008406142853514067,-2.2658039259753817,0.06540104006749757,0.06540104006749754,-0.7386130039426126,-1.5763656124732264,1.7289608964336327,3.1689647895041606,-1.3046699908599295,-1.782765480906544,-0.48205328198438235,4.629342141175838,-1.7804850627727968,-1.696210098753517,-0.4294579265275477,-1.4262108739540353,-2.2894731101557304
0.5044449906913313,-0.91836503035786,-1.2646182929415224,-1.2646182929415224,-0.17320827812758074,0.1457823285474947,0.4797084657740603,0.23422754085689548,0.7826380134765774,0.6786117021133227,-0.48205328198438235,-0.11336400879118629,-0.13157382889875557,-0.5908407786157639,1.6933294889989587,-0.6169507842366649,0.041654535569467
0.07706904607062683,-0.6506353618342251,1.3954203730765178,1.3954203730765176,-0.8785918438288585,-0.8574637837619818,-0.7695439648855122,-0.16298488485308327,-1.3046699908599295,-0.5520768893966107,-0.48205328198438235,0.1656187059127562,0.6928817880382651,-1.6271245162449075,-0.3552345903203271,1.6792747314460454,1.1255671642452045
-0.8631580320949233,-0.7201476151714643,0.06540104006749757,0.06540104006749754,-0.9243365627459323,-0.854868063209177,-1.0471556161431952,-0.6750807673414829,-0.4057153639132397,-1.1674211851515772,-0.48205328198438235,0.1656187059127562,1.1051095965067754,-1.1435254386846405,-1.3547755179108967,-0.17352148123935618,-0.8186953190947202
-1.2905339767156276,-0.9779401368262703,0.06540104006749757,0.06540104006749754,-0.9902089579865183,-1.2343855640425856,-1.324767267400878,-1.3968393760212348,-1.3046699908599295,-1.1674211851515772,1.4128092602512243,-0.11336400879118629,1.1051095965067754,0.2381862114875508,1.074801687272121,0.5503863368836848,-0.8186953190947202
-1.2905339767156276,-1.3035250210140952,0.06540104006749757,0.06540104006749754,-0.6864640243771486,-0.0972843418553969,-0.6307381392566709,0.23422754085689548,-1.3046699908599295,-0.5520768893966107,-0.48205328198438235,1.0025668500245841,1.5173374049752855,1.6544406529140467,0.6591510045116864,0.7618113109016623,0.6520824719662904
-0.43578208747421865,-1.258664535870681,0.06540104006749757,0.06540104006749754,-0.8548045899919801,-0.5203828658535669,-0.9083497905143537,-0.16298488485308327,-1.3046699908599295,-0.859749037274094,-0.48205328198438235,0.7235841353206415,1.5173374049752855,-1.1780682299389453,1.460763035549668,1.3596464266010555,0.6520824719662904
1.5301472577810225,2.0441468799116955,-1.2646182929415224,-1.2646182929415224,2.307985275934501,1.4515022492849399,1.1737375939182673,0.5587737238266683,1.3921938899801396,0.986283849990806,2.521232791480213,-0.9503121529030141,-1.7804850627727968,-0.4872124048528495,-1.0727268403234587,-1.4262108739540353,-2.2894731101557304
0.5899201796154723,0.3244471746695908,0.06540104006749757,0.06540104006749754,-0.7834428284813449,-0.3186385136121975,-0.7695439648855122,-0.6750807673414829,-0.4057153639132397,-0.5520768893966107,-0.48205328198438235,-0.9503121529030141,-0.5438016373672659,-1.5925817249906027,0.14948409588877237,-0.5087474534096523,-0.8186953190947202
-0.5212572763983596,0.06431369053126262,1.3954203730765178,1.3954203730765176,-0.28025092039353344,0.1477619034192289,0.20209681451637745,0.8331736116944044,0.49323926303345,-0.2444047415191273,-0.48205328198438235,1.0025668500245841,0.6928817880382651,-0.0036133272925826148,0.7333743407189072,1.6792747314460454,2.372782181294665
1.0172961242361769,-1.4265927630049735,0.06540104006749757,0.06540104006749754,-0.9993579017699331,-1.4594186197985801,-1.324767267400878,-2.6306938671893865,-1.3046699908599295,-0.859749037274094,-0.48205328198438235,-1.2292948676069566,-0.13157382889875557,-1.5580389337362979,0.980785461409642,0.5503863368836848,-0.8186953190947202
-0.7776828431707824,0.2512084912565407,1.3954203730765178,1.3954203730765176,-0.558378811409342,0.005188428152107895,-0.353126487998988,0.23422754085689548,-0.4057153639132397,-0.2444047415191273,-0.48205328198438235,0.44460142061669883,0.6928817880382651,-0.14178449230980172,0.763063675201795,1.8030757295983642,1.8395221608324077
-1.8888602991846144,-0.023018542527481874,-1.2646182929415224,-1.2646182929415224,-0.32050627304055834,0.37131193964103326,-0.2143206623701467,-0.16298488485308327,1.0190940096470398,-0.859749037274094,-0.48205328198438235,-0.6713294381990715,-0.5438016373672659,-0.4181268223442399,0.09010542692299586,-0.8283757582546424,-0.8186953190947202
-1.4614843545639096,-1.3557428168200076,0.06540104006749757,0.06540104006749754,-0.7706343071845643,-0.26122050196167534,-0.7695439648855122,-0.16298488485308327,-1.3046699908599295,-0.5520768893966107,-0.48205328198438235,0.44460142061669883,1.1051095965067754,-0.3490412398356304,-0.5086294851485827,1.0244204544307594,0.6520824719662904
1.1027713131603178,0.2991265600519022,0.06540104006749757,0.06540104006749754,-0.22901683520641083,0.2258001038460783,0.20209681451637745,-0.16298488485308327,0.49323926303345,0.6786117021133227,-0.48205328198438235,-1.2292948676069566,-1.3682572543042866,-0.3835840310899352,-1.3696201851523409,-0.5087474534096523,0.041654535569467
0.5044449906913313,1.0086770662819209,-1.2646182929415224,-1.2646182929415224,2.4324109113889416,1.684375274413808,0.7573201170317431,0.5587737238266683,1.0190940096470398,0.6786117021133227,1.4128092602512243,-0.3923467234951289,-0.9560294458357763,-1.4198677687190788,-0.785729940322206,-1.0547274587736002,-0.8186953190947202
-0.17935652070179586,-0.5763456340408183,0.06540104006749757,0.06540104006749754,-0.7212300107541246,-0.2198446276038868,-0.6307381392566709,-0.16298488485308327,-0.4057153639132397,-0.5520768893966107,-0.48205328198438235,0.1656187059127562,0.6928817880382651,1.3780983228796087,0.5156525545110602,0.10695703388637642,0.041654535569467
1.872048013477586,1.9041668783459835,-1.2646182929415224,-1.2646182929415224,2.57421954003187,1.2384390139794244,2.0065725476913157,1.4680820320250476,1.3921938899801396,1.6016281457457726,1.4128092602512243,0.7235841353206415,-0.9560294458357763,-0.0726989098011921,-0.4888365954933239,-1.4262108739540353,-2.2894731101557304
0.9318209353120359,2.0360251733362107,0.06540104006749757,0.06540104006749754,2.019793546756936,1.7526235383378475,0.3409026401452189,0.5587737238266683,1.0190940096470398,-0.2444047415191273,2.521232791480213,0.1656187059127562,-0.13157382889875557,0.8944992453193417,-1.3201379610141941,-0.9827815709567269,-0.8186953190947202
0.7608705574637541,-1.824174187247245,1.3954203730765178,1.3954203730765176,-0.9938685354998843,-1.6313048690936798,-1.1859614417720366,-1.3968393760212348,-1.3046699908599295,-0.859749037274094,-0.48205328198438235,-0.11336400879118629,1.1051095965067754,1.2744699491166942,0.4166881062347661,1.3596464266010555,0.041654535569467
-0.9486332210190641,2.135157768301689,-1.2646182929415224,-1.2646182929415224,0.40409007460589025,0.43178128700619306,1.1737375939182673,1.070869606315068,1.2190147058053171,0.6786117021133227,3.3076718024868312,-0.11336400879118629,-1.3682572543042866,-1.5580389337362979,-1.567549081704929,-1.4262108739540353,-2.2894731101557304
-0.5212572763983596,1.3066481481130965,-1.2646182929415224,-1.2646182929415224,0.49100504054833033,0.9087474261202476,0.3409026401452189,0.8331736116944044,1.0190940096470398,-0.5520768893966107,1.4128092602512243,0.1656187059127562,-0.5438016373672659,0.8254136628107321,1.5597274838259618,-0.9827815709567269,-0.8186953190947202
-0.5212572763983596,0.22474128276937202,0.06540104006749757,0.06540104006749754,-0.15399549618240985,0.2491645283452542,0.3409026401452189,0.23422754085689548,0.49323926303345,0.6786117021133227,-0.48205328198438235,-0.3923467234951289,-0.5438016373672659,-0.10724170105549691,0.9758372389958272,-0.17352148123935618,0.6520824719662904
-0.35030689855007774,-0.9177917334231196,0.06540104006749757,0.06540104006749754,-0.2839104979068993,0.1419943010178172,0.20209681451637745,1.070869606315068,-0.4057153639132397,0.06326740635835588,1.4128092602512243,1.5605322794324692,1.1051095965067754,-0.3835840310899352,0.866976345891904,0.3005126363077183,1.1255671642452045
-0.9486332210190641,0.7477314114860439,0.06540104006749757,0.06540104006749754,-0.43395317595490135,0.1656783349961824,-0.2143206623701467,0.23422754085689548,-0.4057153639132397,0.06326740635835588,-0.48205328198438235,-0.6713294381990715,-0.9560294458357763,0.8254136628107321,-0.869849721357056,-0.8283757582546424,-0.8186953190947202
-0.09388133177765497,-1.3209150280345454,0.06540104006749757,0.06540104006749754,-0.9938685354998843,-1.6313048690936798,-1.1859614417720366,-1.3968393760212348,-1.3046699908599295,-0.859749037274094,-0.48205328198438235,-0.6713294381990715,0.28065397956975463,0.5836141240305986,0.6146170027873542,0.10695703388637642,-0.8186953190947202
0.16254423499476775,-1.119592254451641,0.06540104006749757,0.06540104006749754,-1.01582600058008,-2.0102550223335784,-1.324767267400878,-1.3968393760212348,-1.3046699908599295,-1.1674211851515772,-0.48205328198438235,-0.6713294381990715,0.28065397956975463,-0.4526696135985448,-0.8253157196327237,0.5503863368836848,-0.8186953190947202
-0.09388133177765497,-1.3795346396117223,0.06540104006749757,0.06540104006749754,-0.8291875473984187,-0.5487196936565766,-0.7695439648855122,-0.16298488485308327,0.12013938270035009,-1.1674211851515772,-0.48205328198438235,0.44460142061669883,1.1051095965067754,-0.6944691523786782,1.5201417045154444,1.0244204544307594,0.6520824719662904
0.24801942391890863,-0.8874547706264552,-1.2646182929415224,-1.2646182929415224,-1.010336634310031,-1.7981463220312721,-1.324767267400878,-2.6306938671893865,-1.3046699908599295,-0.859749037274094,-0.48205328198438235,-1.7872602970148417,-0.9560294458357763,-0.6944691523786782,-1.6665135299812228,0.5503863368836848,-0.8186953190947202
-0.26483170962593683,-0.2595035281077802,1.3954203730765178,1.3954203730765176,-0.8712726888021266,-0.6288270329847911,-0.9083497905143537,-0.6750807673414829,-1.3046699908599295,-0.5520768893966107,-0.48205328198438235,-0.11336400879118629,0.6928817880382651,-1.4889533512276882,-0.34533814549269765,1.3596464266010555,0.6520824719662904
-0.6922076542466414,-1.0265270520454952,0.06540104006749757,0.06540104006749754,-0.9444642390694447,-1.072662009251784,-1.0471556161431952,-0.6750807673414829,-1.3046699908599295,-0.859749037274094,-0.48205328198438235,0.1656187059127562,1.1051095965067754,1.6544406529140467,-0.5927492661834328,0.885612309053981,0.041654535569467
-0.09388133177765497,0.5651363377713166,0.06540104006749757,0.06540104006749754,1.4571335040769284,1.1536412978706039,1.034931768289426,1.2805323325064204,0.7826380134765774,0.6786117021133227,-0.48205328198438235,1.0025668500245841,-0.13157382889875557,0.4109001677590748,1.1193356889964534,-0.4659387821770814,0.6520824719662904
0.41896980176719045,-0.4881056808354019,0.06540104006749757,0.06540104006749754,-0.23267641271977674,0.30913985035409736,0.06329098888753605,0.5587737238266683,1.0190940096470398,-0.859749037274094,1.4128092602512243,1.0025668500245841,1.1051095965067754,0.6526997065392083,0.7284261183050921,0.4169691447109347,1.1255671642452045
0.846345746387895,0.8097908046716616,0.06540104006749757,0.06540104006749754,-0.521783036275683,-0.020980707633521403,-0.2143206623701467,-0.16298488485308327,-0.4057153639132397,0.3709395542358393,-0.48205328198438235,-1.2292948676069566,-1.3682572543042866,0.8254136628107321,-0.340389923078883,-0.8283757582546424,-0.8186953190947202
0.24801942391890863,0.6668965436876874,0.06540104006749757,0.06540104006749754,0.32723894682520627,0.42467527708997876,1.034931768289426,1.2805323325064204,0.12013938270035009,1.2939559978682893,-0.48205328198438235,1.0025668500245841,-0.13157382889875557,1.4126411141339135,-1.1617948437721233,-0.4659387821770814,0.6520824719662904
0.9318209353120359,0.9607112227419974,-1.2646182929415224,-1.2646182929415224,1.5852187170447352,1.4865382925416697,0.4797084657740603,0.5587737238266683,1.2190147058053171,-0.2444047415191273,-0.48205328198438235,-0.3923467234951289,-0.9560294458357763,1.1017559928451703,0.253396766578881,-1.009673071062123,-0.8186953190947202
-1.4614843545639096,-0.6071603442830996,0.06540104006749757,0.06540104006749754,-0.7376981095642712,-0.28244047450586224,-0.6307381392566709,0.23422754085689548,-1.3046699908599295,-0.5520768893966107,-0.48205328198438235,0.7235841353206415,1.1051095965067754,-1.6616673074992123,0.7234778958912774,0.7618113109016623,0.6520824719662904
-0.6922076542466414,2.1508756592624807,-1.2646182929415224,-1.2646182929415224,1.977708405353228,1.2140209189811169,1.45134924517595,1.070869606315068,1.3921938899801396,0.986283849990806,3.3076718024868312,-0.11336400879118629,-1.3682572543042866,1.0326704103365607,-0.1325645816986657,-1.1337935730163102,-0.8186953190947202
-1.034108409943205,-0.8317494184675405,-1.2646182929415224,-1.2646182929415224,0.17262179688549686,0.2221937764653889,1.1737375939182673,1.79262821499482,0.12013938270035009,0.6786117021133227,-0.48205328198438235,2.955445852952182,1.5173374049752855,1.4817266966425229,0.8125458993399421,0.3005126363077183,1.8395221608324077
0.9318209353120359,0.7847568385213431,-1.2646182929415224,-1.2646182929415224,1.9319636864361545,1.143645989393085,1.5901550708047913,-0.6750807673414829,1.6815926404232675,2.2169724415007392,-0.48205328198438235,-0.6713294381990715,-0.13157382889875557,-0.6253835698700687,1.6685883769298853,-1.1457323588283026,-0.8186953190947202
-0.5212572763983596,-0.6961169186569411,1.3954203730765178,1.3954203730765176,-0.9975281130132503,-1.411009879301774,-1.324767267400878,-2.6306938671893865,-1.3046699908599295,-0.859749037274094,-0.48205328198438235,-0.9503121529030141,0.28065397956975463,-0.10724170105549691,0.5107043320972455,0.5503863368836848,-0.8186953190947202
-1.205058787791487,-0.7197176424704093,-1.2646182929415224,-1.2646182929415224,-0.9188471964758833,-0.8015821768373852,-1.0471556161431952,-0.6750807673414829,-0.4057153639132397,-1.1674211851515772,-0.48205328198438235,0.44460142061669883,1.5173374049752855,-1.2126110211932501,0.6492545596840571,-0.17352148123935618,-0.8186953190947202
0.16254423499476775,-1.1423808076075606,1.3954203730765178,1.3954203730765176,-0.9719110704196889,-1.4495837895323882,-1.0471556161431952,-0.6750807673414829,-1.3046699908599295,-0.859749037274094,-0.48205328198438235,0.1656187059127562,1.1051095965067754,1.3780983228796087,0.4265845510623954,1.8030757295983642,0.6520824719662904
1.5301472577810225,-1.4137413567178827,1.3954203730765178,1.3954203730765176,-1.0011876905266162,-1.8144944374277778,-1.1859614417720366,-1.3968393760212348,-1.3046699908599295,-0.859749037274094,-0.48205328198438235,-0.6713294381990715,0.28065397956975463,-0.6253835698700687,-1.3003450713589348,1.3596464266010555,0.041654535569467
-0.26483170962593683,-1.0316389497135947,2.7254397060855378,2.7254397060855378,-0.9993579017699331,-1.4594186197985801,-1.324767267400878,-2.6306938671893865,-1.3046699908599295,-0.859749037274094,-0.48205328198438235,-0.3923467234951289,1.1051095965067754,0.8944992453193417,1.4261254786529651,0.5503863368836848,-0.8186953190947202
-0.7776828431707824,-1.111613872109841,0.06540104006749757,0.06540104006749754,-0.896889731395688,-0.8190897706356915,-0.9083497905143537,-0.6750807673414829,-1.3046699908599295,-0.5520768893966107,-0.48205328198438235,-0.3923467234951289,0.28065397956975463,-0.245412866072716,-1.0727268403234587,1.3596464266010555,0.6520824719662904
-1.119583598867346,-0.3841000619246323,0.06540104006749757,0.06540104006749754,-0.895059942639005,-0.5940567148796967,-1.0471556161431952,-0.6750807673414829,-1.3046699908599295,-0.859749037274094,-0.48205328198438235,-0.3923467234951289,0.28065397956975463,0.13455783772463648,0.4760667752005426,-0.17352148123935618,-0.8186953190947202
1.1027713131603178,-0.17484668074448947,1.3954203730765178,1.3954203730765176,-0.5547192338959761,-0.0989601936647205,-0.2143206623701467,0.23422754085689548,0.12013938270035009,-0.2444047415191273,-0.48205328198438235,0.1656187059127562,0.28065397956975463,0.13455783772463648,-0.9638659472195352,1.5647592554749898,1.8395221608324077
1.4446720688568817,1.202594754457765,0.06540104006749757,0.06540104006749754,1.1103885346855094,1.1694552330992258,0.6185142914029016,1.2805323325064204,0.49323926303345,0.06326740635835588,-0.48205328198438235,0.7235841353206415,-0.5438016373672659,-0.9017258999045069,-1.0380892834267559,-0.662005171948142,0.041654535569467
0.33349461284304954,0.9300398367334012,0.06540104006749757,0.06540104006749754,1.2064524444113642,0.7071291577988478,1.8677667220624738,1.2805323325064204,1.0190940096470398,2.2169724415007392,-0.48205328198438235,0.7235841353206415,-0.5438016373672659,0.2727290027418556,0.7135814510636482,-0.9170320787253607,0.041654535569467
-0.8631580320949233,-0.9120109893311568,0.06540104006749757,0.06540104006749754,-0.9554429716095423,-1.411009879301774,-0.9083497905143537,-0.6750807673414829,-1.3046699908599295,-0.5520768893966107,-0.48205328198438235,-0.6713294381990715,-0.13157382889875557,-0.0036133272925826148,-1.1271572868754205,0.5503863368836848,0.041654535569467
0.33349461284304954,-1.059778274260422,1.3954203730765178,1.3954203730765176,-0.9938685354998843,-1.319541027659185,-1.324767267400878,-2.6306938671893865,-1.3046699908599295,-0.859749037274094,-0.48205328198438235,-0.9503121529030141,0.28065397956975463,-1.4889533512276882,0.5948241131320953,0.5503863368836848,-0.8186953190947202
1.3591968799327403,-1.3655366394551511,-1.2646182929415224,-1.2646182929415224,-0.9554429716095423,-0.9589673627750864,-1.1859614417720366,-1.3968393760212348,-1.3046699908599295,-0.859749037274094,-0.48205328198438235,-1.2292948676069566,-0.5438016373672659,-0.6944691523786782,-0.4888365954933239,0.10695703388637642,-0.8186953190947202
1.7010976356293042,-0.09281744433209108,0.06540104006749757,0.06540104006749754,0.5596221189239411,0.49890818997397396,1.3125434195471086,1.637741372355351,1.0190940096470398,0.3709395542358393,1.4128092602512243,2.397480423544297,1.1051095965067754,-1.523496142481993,1.5151934821016293,-0.2784207631899799,1.1255671642452045
-1.3760091656397686,-2.119039910681912,0.06540104006749757,0.06540104006749754,-0.856634378748663,-0.5319722906085756,-0.9083497905143537,-0.6750807673414829,-0.4057153639132397,-0.859749037274094,-0.48205328198438235,0.44460142061669883,1.5173374049752855,1.6889834441683516,1.6982777114127734,2.083554244724097,1.1255671642452045
1.872048013477586,0.7769217804132282,0.06540104006749757,0.06540104006749754,0.6620902892981864,0.5201655947638882,1.45134924517595,1.79262821499482,1.54494875626063,-0.5520768893966107,1.4128092602512243,2.118497708840354,0.28065397956975463,1.0672132015908653,0.6047205579597249,-0.8533150578905775,0.041654535569467
1.1882465020844588,0.7343067082642128,0.06540104006749757,0.06540104006749754,0.5184518718985748,0.5823267473526382,1.034931768289426,1.070869606315068,0.12013938270035009,1.6016281457457726,-0.48205328198438235,0.7235841353206415,-0.13157382889875557,-1.5580389337362979,-0.686765492045912,-0.4659387821770814,0.6520824719662904
-0.6067324653225005,-1.6341740281254578,0.06540104006749757,0.06540104006749754,-0.9572727603662253,-1.4349769365943694,-0.9083497905143537,-0.16298488485308327,-1.3046699908599295,-0.859749037274094,-0.48205328198438235,0.44460142061669883,1.1051095965067754,0.7217852890478178,-0.6174903782525062,1.3596464266010555,0.6520824719662904
-0.5212572763983596,0.19392657252709072,0.06540104006749757,0.06540104006749754,1.0362820900398495,0.6593260282737374,1.7289608964336327,1.79262821499482,1.2190147058053171,0.6786117021133227,-0.48205328198438235,2.397480423544297,0.6928817880382651,-0.5908407786157639,0.3573094372689896,-0.4064512287002594,1.1255671642452045
-1.2905339767156276,-0.563542002498289,0.06540104006749757,0.06540104006749754,-0.31593180114885094,0.37892618135807415,-0.2143206623701467,0.8331736116944044,0.12013938270035009,-0.859749037274094,1.4128092602512243,1.2815495647285267,1.1051095965067754,1.1362987840994752,-0.3948203696308446,-0.8283757582546424,-0.8186953190947202
1.6156224467051634,0.4323703226344178,0.06540104006749757,0.06540104006749754,-0.32233606179724134,0.1681743210195846,0.06329098888753605,-0.16298488485308327,0.49323926303345,0.3709395542358393,-0.48205328198438235,-1.2292948676069566,-1.3682572543042866,-0.7635547348872878,-0.7312994937702443,-0.44299796117828627,0.041654535569467
-0.6922076542466414,1.1215210129366002,1.3954203730765178,1.3954203730765176,0.9877926879877517,0.6307899579246068,1.7289608964336327,1.637741372355351,0.49323926303345,1.909300293623256,-0.48205328198438235,1.8395149941364122,0.28065397956975463,1.5508122791511325,1.3815914769286326,-0.4064512287002594,1.1255671642452045
1.5301472577810225,0.4220509778090957,0.06540104006749757,0.06540104006749754,0.11315366229330096,0.3466258233895937,0.7573201170317431,0.23422754085689548,0.7826380134765774,1.2939559978682893,-0.48205328198438235,-0.6713294381990715,-0.9560294458357763,-0.9017258999045069,0.19401809761310446,-0.047448778815707984,1.1255671642452045
-1.2905339767156276,-0.6294233752488408,0.06540104006749757,0.06540104006749754,-0.895059942639005,-0.5940567148796967,-1.0471556161431952,-0.6750807673414829,-1.3046699908599295,-0.859749037274094,-0.48205328198438235,-0.11336400879118629,0.6928817880382651,1.6544406529140467,0.5156525545110602,-0.17352148123935618,-0.8186953190947202
-1.119583598867346,0.4567832171054344,-1.2646182929415224,-1.2646182929415224,1.7261124513093222,1.1081013614900892,1.45134924517595,1.637741372355351,0.49323926303345,1.2939559978682893,1.4128092602512243,1.8395149941364122,0.28065397956975463,-0.8326403173958974,0.7531672303741657,-1.1337935730163102,-0.8186953190947202
-1.8888602991846144,-0.09974478229353417,-1.2646182929415224,-1.2646182929415224,0.18543031818227756,0.48841067212674266,0.6185142914029016,0.5587737238266683,0.7826380134765774,0.6786117021133227,-0.48205328198438235,-0.11336400879118629,-0.5438016373672659,1.4817266966425229,0.34246477002754566,-1.033488587128577,-0.8186953190947202
-0.09388133177765497,1.5009958089899962,2.7254397060855378,2.7254397060855378,1.2823886778137068,1.1277771070322822,0.8961259426605844,0.23422754085689548,1.2190147058053171,0.986283849990806,-0.48205328198438235,0.44460142061669883,0.6928817880382651,1.6889834441683516,1.4261254786529651,1.4791410820827584,2.7985820842302505
-1.034108409943205,-1.0914529299048137,0.06540104006749757,0.06540104006749754,-0.9591025491229083,-1.259321051881488,-1.0471556161431952,-0.6750807673414829,-1.3046699908599295,-0.859749037274094,-0.48205328198438235,-0.3923467234951289,0.28065397956975463,-1.039897064921726,-0.701610159287356,0.885612309053981,0.041654535569467
-0.8631580320949233,-0.3247638291790302,0.06540104006749757,0.06540104006749754,-0.9481238165828105,-1.116747576614367,-1.0471556161431952,-0.6750807673414829,-1.3046699908599295,-0.859749037274094,-0.48205328198438235,-0.6713294381990715,-0.13157382889875557,1.0672132015908653,-0.7115066041149856,-0.17352148123935618,-0.8186953190947202
-0.17935652070179586,-0.7025187344282058,0.06540104006749757,0.06540104006749754,-0.18510190504601995,0.37787469925448647,0.06329098888753605,0.23422754085689548,0.49323926303345,0.06326740635835588,-0.48205328198438235,0.44460142061669883,0.6928817880382651,1.0672132015908653,1.4954005924463707,1.8688252218297299,2.372782181294665
-0.09388133177765497,-0.4220809838511651,0.06540104006749757,0.06540104006749754,-0.63157036167666,-0.06562615918259221,-0.4919323136278294,0.23422754085689548,-0.4057153639132397,-0.5520768893966107,-0.48205328198438235,0.1656187059127562,0.28065397956975463,1.0326704103365607,-0.7065583817011707,0.5503863368836848,0.6520824719662904
0.846345746387895,0.06206827753686383,0.06540104006749757,0.06540104006749754,-0.7505066308610518,-0.33342030307774984,-0.6307381392566709,-0.16298488485308327,-0.4057153639132397,-0.5520768893966107,-0.48205328198438235,-0.6713294381990715,-0.5438016373672659,0.030929463961722085,-1.6516688627397786,-0.6169507842366649,-0.8186953190947202
-0.35030689855007774,0.6427225229394792,-1.2646182929415224,-1.2646182929415224,1.1762609299260955,0.6451903102787607,2.0065725476913157,1.070869606315068,1.54494875626063,1.909300293623256,2.521232791480213,0.44460142061669883,-0.5438016373672659,0.37635737650476997,-0.3107005885959948,-1.1763371733780685,-0.8186953190947202
-0.09388133177765497,1.1758408975032264,0.06540104006749757,0.06540104006749754,1.5321548431009295,1.8132092763549807,-0.07551483674130527,-0.6750807673414829,1.0190940096470398,-0.2444047415191273,-0.48205328198438235,-0.3923467234951289,0.28065397956975463,-0.1763272835641065,1.6191061527917383,-0.3670770836606983,0.041654535569467
1.872048013477586,1.3945059033620193,-1.2646182929415224,-1.2646182929415224,1.1396651547924366,0.9291812083150494,1.1737375939182673,0.5587737238266683,1.2190147058053171,1.2939559978682893,-0.48205328198438235,-0.9503121529030141,-1.7804850627727968,-1.696210098753517,-0.8401603868741678,-1.1065825691090452,-0.8186953190947202
1.5301472577810225,-0.9069468664076192,1.3954203730765178,1.3954203730765176,-0.9609323378795911,-1.0353379873993207,-1.1859614417720366,-1.3968393760212348,-1.3046699908599295,-0.859749037274094,-0.48205328198438235,-1.2292948676069566,-0.5438016373672659,-0.729011943632983,0.6096687803735396,0.10695703388637642,-0.8186953190947202
-0.5212572763983596,0.18852802639162133,1.3954203730765178,1.3954203730765176,-0.07531457964504294,0.35118872939199697,0.3409026401452189,1.070869606315068,0.12013938270035009,0.06326740635835588,1.4128092602512243,1.2815495647285267,0.6928817880382651,-0.4872124048528495,-0.36513103514795664,0.885612309053981,1.8395221608324077
0.846345746387895,1.16881801005266,0.06540104006749757,0.06540104006749754,0.6657498668115522,1.213964133323176,0.06329098888753605,0.8331736116944044,0.49323926303345,-0.5520768893966107,-0.48205328198438235,-0.3923467234951289,-1.3682572543042866,-0.0036133272925826148,-1.7159957541193696,-0.44299796117828627,0.041654535569467
1.1882465020844588,-0.7131725024654596,1.3954203730765178,1.3954203730765176,-0.9096982526924687,-0.9264848389634672,-0.9083497905143537,-0.16298488485308327,-1.3046699908599295,-0.859749037274094,-0.48205328198438235,0.44460142061669883,1.1051095965067754,-0.10724170105549691,-1.6170313058430759,0.5503863368836848,0.041654535569467
1.3591968799327403,-0.14622960875204538,1.3954203730765178,1.3954203730765176,-0.9408046615560787,-0.775777794440988,-1.1859614417720366,-1.3968393760212348,-1.3046699908599295,-0.859749037274094,-0.48205328198438235,-1.2292948676069566,-0.5438016373672659,1.6544406529140467,-1.7357886437746286,0.10695703388637642,-0.8186953190947202
0.33349461284304954,-1.355695042075446,-1.2646182929415224,-1.2646182929415224,-0.8035705048048575,-0.23348304999559868,-0.9083497905143537,-0.16298488485308327,-1.3046699908599295,-0.859749037274094,-0.48205328198438235,0.44460142061669883,1.1051095965067754,0.06547225521602688,0.5601865562353924,-0.3670770836606983,-0.8186953190947202
-0.35030689855007774,0.920771536288436,0.06540104006749757,0.06540104006749754,1.7727720646047376,1.0767046701146494,1.5901550708047913,-0.6750807673414829,1.8052020693197453,1.909300293623256,-0.48205328198438235,-0.11336400879118629,0.6928817880382651,1.0672132015908653,1.3716950321010033,-0.6169507842366649,0.6520824719662904
-0.6067324653225005,0.875433303699405,0.06540104006749757,0.06540104006749754,0.8276861717779934,0.6321391010708951,1.45134924517595,1.070869606315068,0.49323926303345,2.2169724415007392,-0.48205328198438235,0.7235841353206415,-0.13157382889875557,-1.3507821862104692,-0.05339302307763047,-0.5838385779516477,0.6520824719662904
1.6156224467051634,0.3634313662319187,0.06540104006749757,0.06540104006749754,0.8240265942646275,0.6297712064972583,1.45134924517595,1.4680820320250476,0.12013938270035009,1.909300293623256,-0.48205328198438235,1.8395149941364122,0.6928817880382651,-0.6944691523786782,0.9214067924438656,-0.8533150578905775,0.041654535569467
-0.008406142853514067,-0.022612457198707574,1.3954203730765178,1.3954203730765176,0.27966443915144956,0.5088171178214118,0.7573201170317431,0.23422754085689548,1.8052020693197453,-0.5520768893966107,-0.48205328198438235,-0.6713294381990715,-0.9560294458357763,0.10001504647033169,0.2632932114065103,0.8308648520094181,2.122860263027301
-0.008406142853514067,-0.6446635187640156,0.06540104006749757,0.06540104006749754,-0.7889321947513939,-0.3440881712848,-0.7695439648855122,-0.16298488485308327,-0.4057153639132397,-0.859749037274094,-0.48205328198438235,0.1656187059127562,0.6928817880382651,0.859956454065037,-0.8401603868741678,1.0244204544307594,0.6520824719662904
-1.034108409943205,-0.022612457198707574,0.06540104006749757,0.06540104006749754,-0.9536131828528595,-1.3874993652612677,-0.9083497905143537,-0.16298488485308327,-1.3046699908599295,-0.859749037274094,-0.48205328198438235,-0.11336400879118629,0.28065397956975463,1.1362987840994752,0.19896632002691916,0.5503863368836848,0.041654535569467
-1.119583598867346,0.8686970647162087,-1.2646182929415224,-1.2646182929415224,1.2302396982482426,1.3093247357047975,0.4797084657740603,0.23422754085689548,0.7826380134765774,0.6786117021133227,-0.48205328198438235,-0.9503121529030141,-1.3682572543042866,0.1691006289789413,-0.5284223748038417,-1.009673071062123,-0.8186953190947202
-0.7776828431707824,-0.4443440148169063,1.3954203730765178,1.3954203730765176,-0.9645919153929571,-1.337300537912687,-1.0471556161431952,-0.6750807673414829,-1.3046699908599295,-0.859749037274094,-0.48205328198438235,-0.9503121529030141,-0.5438016373672659,1.5162694878968277,0.8867692355471626,0.885612309053981,0.041654535569467
-0.43578208747421865,0.7448171520677817,0.06540104006749757,0.06540104006749754,1.1085587459288264,0.6077394726997786,2.0065725476913157,1.4680820320250476,1.2190147058053171,1.909300293623256,-0.48205328198438235,1.5605322794324692,0.28065397956975463,0.4799857502676843,1.6438472648608116,-0.25887375283368547,1.5124323266304773
1.5301472577810225,0.7257550289876727,0.06540104006749757,0.06540104006749754,0.6492817680014057,1.2021528980422853,0.06329098888753605,0.23422754085689548,1.0190940096470398,-0.5520768893966107,-0.48205328198438235,-0.9503121529030141,-1.3682572543042866,1.4817266966425229,0.9164585700300508,-0.44299796117828627,0.041654535569467
1.7865728245534451,-0.4616384723482332,-1.2646182929415224,-1.2646182929415224,-0.856634378748663,-0.5319722906085756,-0.9083497905143537,-0.6750807673414829,-0.4057153639132397,-0.859749037274094,-0.48205328198438235,-0.9503121529030141,-0.5438016373672659,-0.3144984485813256,-0.28595947652692133,-0.3670770836606983,-0.8186953190947202
1.4446720688568817,1.2304474305372226,0.06540104006749757,0.06540104006749754,1.9960062929200575,1.7430754748444608,0.3409026401452189,0.23422754085689548,1.3921938899801396,-0.5520768893966107,-0.48205328198438235,0.44460142061669883,0.6928817880382651,0.7217852890478178,1.2578859165832652,-0.5662437680648147,0.041654535569467
-1.2905339767156276,-0.95997683287108,0.06540104006749757,0.06540104006749754,-0.8602939562620289,-0.7339343070190921,-0.7695439648855122,-0.16298488485308327,-1.3046699908599295,-0.5520768893966107,-0.48205328198438235,-0.3923467234951289,-0.13157382889875557,1.6198978616597417,-1.3300344058418232,0.3005126363077183,0.041654535569467
-0.8631580320949233,-0.8362880192008998,0.06540104006749757,0.06540104006749754,-0.9517833940961765,-0.9105586222782807,-1.1859614417720366,-1.3968393760212348,-1.3046699908599295,-0.859749037274094,-0.48205328198438235,-0.3923467234951289,0.6928817880382651,1.1017559928451703,-0.4987330403209535,0.10695703388637642,-0.8186953190947202
1.7010976356293042,0.13072058547199283,0.06540104006749757,0.06540104006749754,-0.08995288969850654,0.25548659243742566,0.4797084657740603,0.8331736116944044,0.12013938270035009,0.6786117021133227,-0.48205328198438235,0.44460142061669883,-0.13157382889875557,0.4799857502676843,-0.1276163592848509,-0.24546736905622968,0.6520824719662904
1.1027713131603178,0.9560292977749532,0.06540104006749757,0.06540104006749754,0.09119619721310555,0.2587606667682005,0.8961259426605844,0.8331736116944044,0.49323926303345,1.2939559978682893,-0.48205328198438235,-0.11336400879118629,-0.9560294458357763,1.2399271578623894,-0.8302639420465383,-1.0737864710114289,-0.8186953190947202
-0.008406142853514067,-1.2689838806960032,0.06540104006749757,0.06540104006749754,-0.9719110704196889,-1.2039083447629704,-1.1859614417720366,-1.3968393760212348,-0.4057153639132397,-1.1674211851515772,-0.48205328198438235,-0.11336400879118629,1.1051095965067754,0.06547225521602688,-0.33049347825125375,0.10695703388637642,-0.8186953190947202
-1.5469595434880503,-0.470811223304075,-1.2646182929415224,-1.2646182929415224,0.15157922618364295,0.38599067544025617,0.7573201170317431,0.5587737238266683,0.12013938270035009,1.6016281457457726,-0.48205328198438235,0.1656187059127562,-0.13157382889875557,-0.9017258999045069,0.8966656803747922,-0.7023030558309941,0.041654535569467
-1.205058787791487,0.8439497470332602,-1.2646182929415224,-1.2646182929415224,1.5504527306677591,1.1982897816869096,1.034931768289426,1.4680820320250476,1.2190147058053171,-0.2444047415191273,-0.48205328198438235,1.2815495647285267,-0.13157382889875557,1.5853550704054373,0.015882090715775447,-1.0909849017837394,-0.8186953190947202
-0.09388133177765497,0.6142965499252816,0.06540104006749757,0.06540104006749754,0.06191957710617836,0.3606631033281429,0.6185142914029016,0.5587737238266683,1.0190940096470398,0.3709395542358393,-0.48205328198438235,-0.11336400879118629,-0.5438016373672659,-1.3162393949561644,-1.0479857282543852,-0.662005171948142,0.041654535569467
-0.6922076542466414,-1.144960643813891,0.06540104006749757,0.06540104006749754,-0.9920387467432015,-1.5894613816717837,-1.1859614417720366,-1.3968393760212348,-0.4057153639132397,-1.1674211851515772,-0.48205328198438235,-0.6713294381990715,0.28065397956975463,-0.245412866072716,0.025778535543404747,0.10695703388637642,-0.8186953190947202
0.7608705574637541,-1.4204298209565174,-1.2646182929415224,-1.2646182929415224,-0.8529748012352971,-0.5089012512630978,-0.9083497905143537,-0.6750807673414829,-0.4057153639132397,-0.859749037274094,-0.48205328198438235,-0.6713294381990715,-0.13157382889875557,0.9635848278279513,-1.285500404117491,-0.3670770836606983,-0.8186953190947202
-0.17935652070179586,-0.022612457198707574,1.3954203730765178,1.3954203730765176,-0.8621237450187119,-0.5674081599122978,-0.9083497905143537,-0.6750807673414829,-0.4057153639132397,-0.859749037274094,-0.48205328198438235,0.1656187059127562,1.1051095965067754,1.1362987840994752,0.6393581148564278,2.083554244724097,1.1255671642452045
1.2737216910085998,-0.022612457198707574,0.06540104006749757,0.06540104006749754,-0.6608469817835873,-0.15382543363389958,-0.4919323136278294,0.23422754085689548,-0.4057153639132397,-0.5520768893966107,-0.48205328198438235,0.1656187059127562,0.28065397956975463,1.1708415753537798,0.08515720450918116,-0.047448778815707984,0.041654535569467
-0.35030689855007774,-1.1490692718461952,0.06540104006749757,0.06540104006749754,-0.7175704332407588,-0.04826843663308301,-0.7695439648855122,-0.16298488485308327,-1.3046699908599295,-0.5520768893966107,-0.48205328198438235,0.44460142061669883,1.1051095965067754,-0.3144984485813256,1.5745721510674058,0.3005126363077183,0.041654535569467
1.1882465020844588,-0.022612457198707574,0.06540104006749757,0.06540104006749754,-0.25371898342163063,0.3734740814021574,-0.07551483674130527,0.8331736116944044,-0.4057153639132397,-0.2444047415191273,-0.48205328198438235,1.0025668500245841,0.6928817880382651,1.5853550704054373,-0.4937848179071388,0.10695703388637642,0.6520824719662904
0.7608705574637541,-0.009737163539335772,0.06540104006749757,0.06540104006749754,-0.24731472277324035,0.2871967894319455,0.06329098888753605,0.8331736116944044,0.12013938270035009,-0.2444047415191273,-0.48205328198438235,1.2815495647285267,1.1051095965067754,-0.5908407786157639,1.213351914858933,0.4169691447109347,1.1255671642452045
-1.6324347324121913,0.7945984359010485,-1.2646182929415224,-1.2646182929415224,1.4452398771584891,0.6972602376370578,2.2841841989489984,1.4680820320250476,1.3921938899801396,2.2169724415007392,-0.48205328198438235,1.0025668500245841,-0.5438016373672659,-0.038156118546887316,0.8818210131333479,-1.193281126493132,-0.8186953190947202
2.213948769174149,-0.022612457198707574,-1.2646182929415224,-1.2646182929415224,1.5778995620180032,1.1517507459008849,1.1737375939182673,0.5587737238266683,1.0190940096470398,1.6016281457457726,1.4128092602512243,-0.9503121529030141,-1.7804850627727968,0.8944992453193417,-0.5531634868729151,-1.1065825691090452,-0.8186953190947202
-0.008406142853514067,0.23606389723048932,0.06540104006749757,0.06540104006749754,0.7920052910226759,0.5575309500539178,1.5901550708047913,1.2805323325064204,1.6815926404232675,0.3709395542358393,-0.48205328198438235,1.5605322794324692,0.6928817880382651,-0.8671831086502021,0.7135814510636482,-0.6169507842366649,0.6520824719662904
-1.974335488108755,1.6790522819713642,-1.2646182929415224,-1.2646182929415224,0.6254945141645274,0.8591187824424679,0.6185142914029016,0.23422754085689548,1.2190147058053171,0.3709395542358393,-0.48205328198438235,-0.9503121529030141,-1.3682572543042866,0.4109001677590748,1.0253194631339742,-1.033488587128577,-0.8186953190947202
0.846345746387895,1.3361729402522124,0.06540104006749757,0.06540104006749754,1.7380060782277615,1.1673825799371913,1.3125434195471086,0.8331736116944044,1.6815926404232675,0.3709395542358393,1.4128092602512243,-0.3923467234951289,-1.3682572543042866,-1.4889533512276882,-1.3052932937727497,-1.1207930591923674,-0.8186953190947202
-0.9486332210190641,-1.004550669547124,0.06540104006749757,0.06540104006749754,-0.9371450840427129,-1.1939142442639035,-0.9083497905143537,-1.3968393760212348,-0.4057153639132397,-0.5520768893966107,-0.48205328198438235,-1.5082775823108991,-0.9560294458357763,-1.1435254386846405,-0.4245097041137329,0.5503863368836848,0.041654535569467
-0.17935652070179586,-0.8478017326402638,0.06540104006749757,0.06540104006749754,-0.9993579017699331,-1.4594186197985801,-1.324767267400878,-2.6306938671893865,-1.3046699908599295,-0.859749037274094,-0.48205328198438235,-1.5082775823108991,-0.5438016373672659,-0.3490412398356304,-0.587801043769618,0.5503863368836848,-0.8186953190947202
-0.43578208747421865,0.07224429812850083,1.3954203730765178,1.3954203730765176,-0.3076977517437777,0.10383325738009729,0.20209681451637745,0.5587737238266683,-0.4057153639132397,0.6786117021133227,-0.48205328198438235,0.7235841353206415,0.6928817880382651,-1.6271245162449075,-0.25627014204403314,1.3596464266010555,2.122860263027301
-0.008406142853514067,-1.4076739641585498,-1.2646182929415224,-1.2646182929415224,-0.9920387467432015,-1.276229051464482,-1.324767267400878,-1.3968393760212348,-1.3046699908599295,-1.1674211851515772,-0.48205328198438235,-0.3923467234951289,0.6928817880382651,-0.0036133272925826148,-0.5086294851485827,0.5503863368836848,-0.8186953190947202
-0.6067324653225005,0.9300398367334012,0.06540104006749757,0.06540104006749754,-0.39918718957792526,0.1284308165252784,-0.07551483674130527,0.23422754085689548,-0.4057153639132397,0.3709395542358393,-0.48205328198438235,-0.9503121529030141,-1.3682572543042866,-0.6253835698700687,-1.46363641101482,-0.8762558788893728,-0.8186953190947202
-2.059810677032896,1.308511363151002,-1.2646182929415224,-1.2646182929415224,0.7627286709157487,0.6992502704653271,1.1737375939182673,0.23422754085689548,1.8052020693197453,0.3709395542358393,2.521232791480213,-1.2292948676069566,-1.7804850627727968,0.3072717939961604,1.0055265734787155,-1.1065825691090452,-0.8186953190947202
1.7010976356293042,-0.09281744433209108,0.06540104006749757,0.06540104006749754,0.5596221189239411,0.49890818997397396,1.3125434195471086,1.637741372355351,1.0190940096470398,0.3709395542358393,1.4128092602512243,2.397480423544297,1.1051095965067754,-1.523496142481993,1.5151934821016293,-0.2784207631899799,1.1255671642452045
1.6156224467051634,-0.15076820948540456,1.3954203730765178,1.3954203730765176,-0.9664217041496401,-1.116747576614367,-1.1859614417720366,-1.3968393760212348,-1.3046699908599295,-0.859749037274094,-0.48205328198438235,-0.9503121529030141,-0.13157382889875557,1.4126411141339135,0.24844854416506626,0.10695703388637642,-0.8186953190947202
-0.5212572763983596,1.3515086332565107,-1.2646182929415224,-1.2646182929415224,0.9283245533955558,0.992452519807383,0.7573201170317431,-0.16298488485308327,1.3921938899801396,0.6786117021133227,-0.48205328198438235,-1.5082775823108991,-1.7804850627727968,-0.0726989098011921,-0.40471681445847413,-1.0547274587736002,-0.8186953190947202
1.1027713131603178,0.11452494706558453,1.3954203730765178,1.3954203730765176,-0.556549022652659,0.009701283885128194,-0.353126487998988,0.23422754085689548,-0.4057153639132397,-0.2444047415191273,-0.48205328198438235,0.1656187059127562,0.28065397956975463,-0.8326403173958974,0.21381098726836345,1.3596464266010555,1.5124323266304773
-0.6067324653225005,1.436786552299103,0.06540104006749757,0.06540104006749754,2.1304957665362547,1.573196139757323,0.7573201170317431,0.23422754085689548,0.7826380134765774,1.2939559978682893,2.521232791480213,0.1656187059127562,0.28065397956975463,0.37635737650476997,1.406332588997706,-0.7023030558309941,0.041654535569467
-0.5212572763983596,1.1567787744231175,0.06540104006749757,0.06540104006749754,1.4781760747787824,2.1396567977586067,-0.4919323136278294,-0.6750807673414829,0.49323926303345,-0.5520768893966107,2.521232791480213,-0.3923467234951289,0.28065397956975463,0.6181569152849035,1.1044910217550097,-0.7023030558309941,-0.8186953190947202
-0.6067324653225005,0.06445701476494763,1.3954203730765178,1.3954203730765176,-0.9572727603662253,-0.9839028506139886,-1.1859614417720366,-1.3968393760212348,-1.3046699908599295,-0.859749037274094,-0.48205328198438235,-1.2292948676069566,-0.5438016373672659,-0.3144984485813256,-1.250862847220788,0.10695703388637642,-0.8186953190947202
1.7010976356293042,0.7670801830335229,0.06540104006749757,0.06540104006749754,0.7462605721056021,0.527053730774302,1.5901550708047913,0.8331736116944044,1.3921938899801396,1.6016281457457726,-0.48205328198438235,-0.11336400879118629,-0.9560294458357763,0.4799857502676843,-1.562600859291114,-0.6169507842366649,0.6520824719662904
-1.2905339767156276,-1.7704753743599206,0.06540104006749757,0.06540104006749754,-0.9462940278261275,-0.8413293753468678,-1.1859614417720366,-1.3968393760212348,-1.3046699908599295,-0.859749037274094,-0.48205328198438235,0.1656187059127562,1.5173374049752855,-1.6616673074992123,1.4657112579634826,1.3596464266010555,0.041654535569467
-0.43578208747421865,1.2551947482201709,0.06540104006749757,0.06540104006749754,1.273239734030292,1.1887472539617359,0.7573201170317431,1.2805323325064204,0.7826380134765774,0.06326740635835588,2.521232791480213,0.44460142061669883,-0.9560294458357763,1.3780983228796087,-1.1073643972201617,-0.7023030558309941,0.041654535569467
-0.26483170962593683,-1.7995224190534198,-1.2646182929415224,-1.2646182929415224,-0.9023790976657367,-0.8639770688922955,-0.9083497905143537,-0.6750807673414829,-1.3046699908599295,-0.5520768893966107,-0.48205328198438235,-0.3923467234951289,0.28065397956975463,-0.3144984485813256,0.6542027820978717,-0.3670770836606983,-0.8186953190947202
-1.4614843545639096,-1.501551337222244,0.06540104006749757,0.06540104006749754,-0.9353152952860299,-0.9688811885079093,-1.0471556161431952,-0.6750807673414829,-1.3046699908599295,-0.859749037274094,-0.48205328198438235,-0.11336400879118629,0.6928817880382651,-1.523496142481993,1.2578859165832652,0.885612309053981,0.041654535569467
0.5899201796154723,0.3244471746695908,0.06540104006749757,0.06540104006749754,-0.7834428284813449,-0.3186385136121975,-0.7695439648855122,-0.6750807673414829,-0.4057153639132397,-0.5520768893966107,-0.48205328198438235,-0.9503121529030141,-0.5438016373672659,-1.5925817249906027,0.14948409588877237,-0.5087474534096523,-0.8186953190947202
-0.09388133177765497,1.008629291537359,0.06540104006749757,0.06540104006749754,-0.13020824234553144,0.1312355093976608,0.6185142914029016,1.070869606315068,0.12013938270035009,0.6786117021133227,1.4128092602512243,0.7235841353206415,-0.13157382889875557,-1.6616673074992123,1.0253194631339742,-0.662005171948142,0.041654535569467
1.7010976356293042,-0.17699654424976496,0.06540104006749757,0.06540104006749754,-0.5528894451392932,0.018677793763498495,-0.353126487998988,0.5587737238266683,-0.4057153639132397,-0.5520768893966107,-0.48205328198438235,0.7235841353206415,0.6928817880382651,-0.8671831086502021,0.15938054071640165,0.37643351382530593,0.6520824719662904
0.6753953685396131,1.456039774357459,-1.2646182929415224,-1.2646182929415224,1.877070023735666,1.3429485003898227,1.034931768289426,0.5587737238266683,0.49323926303345,1.909300293623256,1.4128092602512243,-0.6713294381990715,-1.3682572543042866,1.3780983228796087,1.4657112579634826,-1.0909849017837394,-0.8186953190947202
1.1882465020844588,0.3067227444372088,1.3954203730765178,1.3954203730765176,0.08570683094305666,0.3863162101033454,0.6185142914029016,1.2805323325064204,0.12013938270035009,0.3709395542358393,-0.48205328198438235,1.5605322794324692,0.6928817880382651,-0.038156118546887316,0.18906987519928986,0.6506913227714182,1.8395221608324077
-1.034108409943205,-0.3297324026134445,-1.2646182929415224,-1.2646182929415224,0.8286010661563349,0.6327303655937936,1.45134924517595,1.070869606315068,0.49323926303345,2.2169724415007392,1.4128092602512243,1.0025668500245841,0.28065397956975463,-0.6253835698700687,0.9956301286510862,-1.1337935730163102,-0.8186953190947202
1.3591968799327403,-0.8249654047397824,1.3954203730765178,1.3954203730765176,-0.9993579017699331,-1.7660856969309724,-1.1859614417720366,-1.3968393760212348,-1.3046699908599295,-0.859749037274094,-0.48205328198438235,-1.2292948676069566,-0.5438016373672659,0.6526997065392083,-1.5329115248082261,1.3596464266010555,0.041654535569467
-0.43578208747421865,-0.4221765333402885,0.06540104006749757,0.06540104006749754,-0.7962513497781256,-0.197443565025,-0.9083497905143537,-0.6750807673414829,0.12013938270035009,-1.1674211851515772,-0.48205328198438235,-0.6713294381990715,-0.13157382889875557,-0.10724170105549691,-0.5630599317005446,-0.3670770836606983,-0.8186953190947202
1.2737216910085998,-0.2923247776216519,0.06540104006749757,0.06540104006749754,-0.23999556774650854,0.2094879985637369,0.20209681451637745,1.070869606315068,-0.4057153639132397,0.06326740635835588,-0.48205328198438235,1.2815495647285267,0.6928817880382651,1.4817266966425229,-0.06823769031907456,0.6719960514881533,1.5124323266304773
-0.008406142853514067,0.6985234245875171,0.06540104006749757,0.06540104006749754,0.8139627561028713,0.5718969473627308,1.5901550708047913,0.8331736116944044,1.54494875626063,1.2939559978682893,-0.48205328198438235,0.1656187059127562,-0.5438016373672659,1.0672132015908653,-0.7263512713564297,-0.8762558788893728,0.041654535569467
-1.034108409943205,-1.1524135039655126,0.06540104006749757,0.06540104006749754,-0.9353152952860299,-0.9688811885079093,-1.0471556161431952,-0.6750807673414829,-1.3046699908599295,-0.859749037274094,-0.48205328198438235,-0.11336400879118629,0.6928817880382651,-1.1435254386846405,-0.2315290299749597,0.885612309053981,0.041654535569467
1.4446720688568817,0.857565549233338,0.06540104006749757,0.06540104006749754,0.8597074750199452,0.5520761077873647,1.7289608964336327,0.8331736116944044,1.54494875626063,1.6016281457457726,-0.48205328198438235,-0.3923467234951289,-1.3682572543042866,0.030929463961722085,-0.9638659472195352,-0.8974292993623978,0.041654535569467
0.5899201796154723,0.9727982331161016,-1.2646182929415224,-1.2646182929415224,1.7883252690365428,1.245858893288362,1.1737375939182673,-0.16298488485308327,1.8052020693197453,0.6786117021133227,-0.48205328198438235,-1.2292948676069566,-1.3682572543042866,1.5162694878968277,0.451325663131469,-1.1065825691090452,-0.8186953190947202
-0.17935652070179586,-1.243902139801123,0.06540104006749757,0.06540104006749754,-0.9883791692298355,-1.1939142442639035,-1.324767267400878,-2.6306938671893865,-0.4057153639132397,-1.1674211851515772,-0.48205328198438235,-0.6713294381990715,0.6928817880382651,0.06547225521602688,1.3123163631352268,0.5503863368836848,-0.8186953190947202
-0.6067324653225005,-0.6853676011305639,0.06540104006749757,0.06540104006749754,-0.8145492373449551,-0.47032734103248364,-0.7695439648855122,-0.16298488485308327,-1.3046699908599295,-0.5520768893966107,-0.48205328198438235,0.1656187059127562,0.6928817880382651,-0.8671831086502021,1.4904523700325565,0.3005126363077183,0.041654535569467
-0.6067324653225005,-1.2745735258097193,1.3954203730765178,1.3954203730765176,-1.01582600058008,-2.0102550223335784,-1.324767267400878,-1.3968393760212348,-1.3046699908599295,-1.1674211851515772,-0.48205328198438235,-0.3923467234951289,0.6928817880382651,1.0326704103365607,-0.1523574713539245,0.5503863368836848,-0.8186953190947202
-0.9486332210190641,-0.3950404784292562,0.06540104006749757,0.06540104006749754,-0.7980811385348086,-0.38770630267590045,-0.7695439648855122,-0.16298488485308327,-1.3046699908599295,-0.5520768893966107,-0.48205328198438235,0.44460142061669883,1.1051095965067754,-0.7980975261415926,1.5547792614121472,1.0244204544307594,0.6520824719662904
1.1027713131603178,0.06569915812355123,0.06540104006749757,0.06540104006749754,0.08387704218637375,0.25098574551288116,0.8961259426605844,0.5587737238266683,0.12013938270035009,1.909300293623256,-0.48205328198438235,0.1656187059127562,-0.13157382889875557,1.2744699491166942,1.688381266585144,-0.11351437923447527,1.1255671642452045
1.0172961242361769,-0.08307139644150907,1.3954203730765178,1.3954203730765176,-0.9188471964758833,-0.8015821768373852,-1.0471556161431952,-1.3968393760212348,-1.3046699908599295,-0.5520768893966107,1.4128092602512243,-0.9503121529030141,-0.13157382889875557,0.6526997065392083,-1.7060993092917403,0.885612309053981,0.041654535569467
-0.26483170962593683,1.5790119668592135,-1.2646182929415224,-1.2646182929415224,1.944772207732935,1.2006613393496508,1.45134924517595,0.5587737238266683,1.2190147058053171,1.909300293623256,3.3076718024868312,-0.6713294381990715,-1.3682572543042866,1.6889834441683516,-0.4245097041137329,-1.1337935730163102,-0.8186953190947202
0.24801942391890863,0.4505725003124165,0.06540104006749757,0.06540104006749754,0.07289830964627605,0.4454197093979044,0.4797084657740603,1.070869606315068,-0.4057153639132397,0.6786117021133227,-0.48205328198438235,0.7235841353206415,-0.13157382889875557,-0.5217551961071544,-0.11277169204340666,-0.6169507842366649,0.041654535569467
-1.4614843545639096,1.4560875491020204,-1.2646182929415224,-1.2646182929415224,2.120431928374498,1.6391531181027308,0.6185142914029016,0.23422754085689548,0.49323926303345,1.2939559978682893,1.4128092602512243,-0.9503121529030141,-1.3682572543042866,0.37635737650476997,0.5057561096834309,-1.033488587128577,-0.8186953190947202
0.33349461284304954,0.6385183454180516,-1.2646182929415224,-1.2646182929415224,1.306175931650585,1.1401722986398495,0.8961259426605844,1.2805323325064204,0.7826380134765774,0.3709395542358393,-0.48205328198438235,1.2815495647285267,0.28065397956975463,-1.5925817249906027,1.5349863717568883,-0.11351437923447527,1.1255671642452045
-0.43578208747421865,-0.8725968250677738,2.7254397060855378,2.7254397060855378,-1.0249749443634946,-2.472725908290552,-1.324767267400878,-1.3968393760212348,-1.3046699908599295,-1.1674211851515772,-0.48205328198438235,-0.3923467234951289,0.6928817880382651,0.5490713327762939,-0.5729563765281739,0.5503863368836848,-0.8186953190947202
-0.6067324653225005,-0.9967156114390092,0.06540104006749757,0.06540104006749754,-0.9609323378795911,-1.0353379873993207,-1.1859614417720366,-1.3968393760212348,-1.3046699908599295,-0.859749037274094,-0.48205328198438235,-0.3923467234951289,0.6928817880382651,1.1708415753537798,0.3919469941656925,0.10695703388637642,-0.8186953190947202
-0.6067324653225005,0.9771935096157758,-1.2646182929415224,-1.2646182929415224,1.8953679113024955,1.4131213999559336,0.8961259426605844,0.5587737238266683,1.2190147058053171,0.6786117021133227,1.4128092602512243,-0.3923467234951289,-0.9560294458357763,0.5145285415219891,0.5997723355459103,-1.0737864710114289,-0.8186953190947202
1.7010976356293042,3.1322644620484383,-1.2646182929415224,-1.2646182929415224,-1.0249749443634946,-4.076384989268159,-1.741184744287402,-2.6306938671893865,-1.3046699908599295,-1.782765480906544,-0.48205328198438235,-2.6242084411266697,-2.1927128712413078,1.2399271578623894,-0.2463736972164036,-1.4262108739540353,-2.2894731101557304
-0.9486332210190641,-1.712715708184854,0.06540104006749757,0.06540104006749754,-0.8511450124786142,-0.283868195507103,-1.0471556161431952,-0.6750807673414829,-0.4057153639132397,-1.1674211851515772,-0.48205328198438235,0.1656187059127562,1.1051095965067754,0.687242497793513,1.6339508200331825,1.8030757295983642,0.6520824719662904
1.0172961242361769,0.6512742022160192,-1.2646182929415224,-1.2646182929415224,0.8889840951268724,1.27351755150626,0.20209681451637745,-0.16298488485308327,1.0190940096470398,0.06326740635835588,-0.48205328198438235,-1.2292948676069566,-1.3682572543042866,-0.038156118546887316,-0.9094355006675734,-0.09220965051774017,0.6520824719662904
0.33349461284304954,0.3266448129194279,0.06540104006749757,0.06540104006749754,-0.31684669552719247,0.08883593230447179,0.20209681451637745,1.2805323325064204,0.12013938270035009,-0.5520768893966107,-0.48205328198438235,1.5605322794324692,0.6928817880382651,-0.9708114824131165,-1.3349826282556378,-0.9521767564069609,-0.8186953190947202
-0.008406142853514067,-0.5381736131360388,1.3954203730765178,1.3954203730765176,-0.5675277551927568,-0.017626725493698404,-0.353126487998988,-0.16298488485308327,0.7826380134765774,-0.859749037274094,1.4128092602512243,-0.11336400879118629,0.28065397956975463,-0.6599263611243734,-0.4146132592861036,1.3596464266010555,1.5124323266304773
-0.09388133177765497,-1.4938118286032525,0.06540104006749757,0.06540104006749754,-0.9938685354998843,-1.6313048690936798,-1.1859614417720366,-1.3968393760212348,-0.4057153639132397,-1.1674211851515772,-0.48205328198438235,-0.3923467234951289,0.6928817880382651,-0.3490412398356304,-1.5081704127391524,0.10695703388637642,-0.8186953190947202
1.2737216910085998,0.5151161802152414,0.06540104006749757,0.06540104006749754,-0.7011023344306122,-0.2864104511287544,-0.4919323136278294,-0.6750807673414829,0.12013938270035009,-0.2444047415191273,-0.48205328198438235,-1.5082775823108991,-1.3682572543042866,0.9290420365736465,-1.1568466213583086,-0.7023030558309941,-0.8186953190947202
0.24801942391890863,-1.0711008887215394,1.3954203730765178,1.3954203730765176,-0.7102512782140269,-0.021580593267662106,-0.7695439648855122,-0.16298488485308327,0.12013938270035009,-1.1674211851515772,-0.48205328198438235,0.7235841353206415,1.5173374049752855,-1.3162393949561644,1.6735365993437,1.6792747314460454,1.1255671642452045
-0.43578208747421865,-1.553100286604293,0.06540104006749757,0.06540104006749754,-0.9993579017699331,-1.7660856969309724,-1.1859614417720366,-1.3968393760212348,-1.3046699908599295,-0.859749037274094,-0.48205328198438235,-0.11336400879118629,1.1051095965067754,-0.7980975261415926,-1.0083999489438678,0.10695703388637642,-0.8186953190947202
-0.17935652070179586,-0.767587936521209,1.3954203730765178,1.3954203730765176,-0.9591025491229083,-1.259321051881488,-1.0471556161431952,-0.6750807673414829,-1.3046699908599295,-0.859749037274094,-0.48205328198438235,-0.3923467234951289,0.28065397956975463,-0.5217551961071544,-0.9737623920471644,0.885612309053981,0.041654535569467
0.07706904607062683,-0.7098282703461423,1.3954203730765178,1.3954203730765176,-0.8676131112887607,-0.7818729409903338,-0.7695439648855122,-0.6750807673414829,-0.4057153639132397,-0.5520768893966107,-0.48205328198438235,-0.6713294381990715,-0.13157382889875557,0.7908708715564273,0.7878047872708686,2.277109847145438,1.5124323266304773
1.0172961242361769,-1.3527807826571836,-1.2646182929415224,-1.2646182929415224,-0.891400365125639,-0.775777794440988,-0.9083497905143537,-0.6750807673414829,-1.3046699908599295,-0.5520768893966107,-0.48205328198438235,-0.3923467234951289,0.28065397956975463,-1.247153812447555,-1.1518983989444942,-0.3670770836606983,-0.8186953190947202
-0.35030689855007774,0.643916891553521,0.06540104006749757,0.06540104006749754,0.42055817341603674,0.4454197093979044,1.1737375939182673,1.4680820320250476,0.7826380134765774,0.6786117021133227,2.521232791480213,1.5605322794324692,0.28065397956975463,0.3072717939961604,-0.9440730575642764,0.5503863368836848,2.122860263027301
1.0172961242361769,1.2729191784525529,-1.2646182929415224,-1.2646182929415224,1.4013249469980986,1.2543652306646114,0.7573201170317431,1.79262821499482,0.49323926303345,-0.5520768893966107,1.4128092602512243,1.5605322794324692,-0.5438016373672659,-1.2816966037018593,-0.6719208248044679,-1.0547274587736002,-0.8186953190947202
-0.17935652070179586,-1.0569117895867215,0.06540104006749757,0.06540104006749754,-0.9700812816630059,-1.1741655882648891,-1.1859614417720366,-0.6750807673414829,-1.3046699908599295,-1.1674211851515772,-0.48205328198438235,0.44460142061669883,1.5173374049752855,-0.9017258999045069,-1.2756039592898614,0.10695703388637642,-0.8186953190947202
0.7608705574637541,-0.5054479131112904,2.7254397060855378,2.7254397060855378,-0.9279961402592981,-1.2701638566160713,-0.7695439648855122,-0.16298488485308327,-0.4057153639132397,-0.859749037274094,-0.48205328198438235,-0.3923467234951289,-0.13157382889875557,-0.5562979873614591,-1.270655736876047,1.6792747314460454,1.1255671642452045
-0.35030689855007774,0.557110180684955,1.3954203730765178,1.3954203730765176,-0.49067662741207285,-0.05503154762558901,-0.07551483674130527,0.23422754085689548,-0.4057153639132397,0.3709395542358393,-0.48205328198438235,-0.11336400879118629,-0.13157382889875557,-0.6599263611243734,0.020830313129590047,0.5503863368836848,1.1255671642452045
0.5899201796154723,-0.4340724447361458,0.06540104006749757,0.06540104006749754,-0.8785918438288585,-0.6802621697701228,-0.9083497905143537,-1.3968393760212348,-0.4057153639132397,-0.5520768893966107,-0.48205328198438235,-1.2292948676069566,-0.5438016373672659,-1.1780682299389453,-0.4640954834242506,0.5503863368836848,0.041654535569467
0.9318209353120359,-0.10906085748306107,1.3954203730765178,1.3954203730765176,-0.9408046615560787,-1.0300969405945168,-1.0471556161431952,-0.6750807673414829,-1.3046699908599295,-0.859749037274094,-0.48205328198438235,-0.11336400879118629,0.6928817880382651,-0.8326403173958974,-0.7807817179083913,0.885612309053981,0.041654535569467
-0.26483170962593683,0.8290918014745788,-1.2646182929415224,-1.2646182929415224,1.4836654410488312,1.601427057913577,0.20209681451637745,0.5587737238266683,0.49323926303345,0.06326740635835588,1.4128092602512243,-0.11336400879118629,-0.5438016373672659,-1.5580389337362979,1.4657112579634826,-0.5087474534096523,0.041654535569467
-0.6067324653225005,-1.6581091751508577,0.06540104006749757,0.06540104006749754,-0.9151876189625174,-1.1492301004259868,-0.7695439648855122,-0.16298488485308327,-0.4057153639132397,-0.859749037274094,-0.48205328198438235,0.44460142061669883,1.1051095965067754,1.0672132015908653,-0.998503504116238,1.6792747314460454,1.1255671642452045
-0.008406142853514067,-0.5381736131360388,1.3954203730765178,1.3954203730765176,-0.5675277551927568,-0.017626725493698404,-0.353126487998988,-0.16298488485308327,0.7826380134765774,-0.859749037274094,1.4128092602512243,-0.11336400879118629,0.28065397956975463,-0.6599263611243734,-0.4146132592861036,1.3596464266010555,1.5124323266304773
-0.6067324653225005,-1.0173543010896533,0.06540104006749757,0.06540104006749754,-0.9828898029597867,-1.3991986440208835,-1.1859614417720366,-1.3968393760212348,-1.3046699908599295,-0.859749037274094,-0.48205328198438235,-0.3923467234951289,0.6928817880382651,-1.4889533512276882,0.06536431485392226,0.10695703388637642,-0.8186953190947202
-1.205058787791487,-0.9415835562148346,0.06540104006749757,0.06540104006749754,-0.9188471964758833,-1.0093525082865913,-0.9083497905143537,-0.6750807673414829,-1.3046699908599295,-0.5520768893966107,-0.48205328198438235,-0.3923467234951289,0.28065397956975463,-1.1435254386846405,-1.513118635152967,0.5503863368836848,0.041654535569467
0.41896980176719045,-0.4845225749932762,1.3954203730765178,1.3954203730765176,-0.7212300107541246,-0.2198446276038868,-0.6307381392566709,-0.16298488485308327,-0.4057153639132397,-0.5520768893966107,-0.48205328198438235,-0.11336400879118629,0.28065397956975463,0.2727290027418556,-1.448791743773376,1.9096014216657187,1.5124323266304773
-0.5212572763983596,-0.8446008247546315,0.06540104006749757,0.06540104006749754,-0.9883791692298355,-1.5098037653100853,-1.1859614417720366,-1.3968393760212348,-1.3046699908599295,-0.859749037274094,-0.48205328198438235,-1.5082775823108991,-0.9560294458357763,-1.385324977464774,-0.9688141696333499,0.10695703388637642,-0.8186953190947202
1.1882465020844588,0.3166121165614758,0.06540104006749757,0.06540104006749754,0.29796232671827905,0.39865555897512656,1.034931768289426,1.070869606315068,0.7826380134765774,0.986283849990806,1.4128092602512243,1.0025668500245841,0.28065397956975463,0.3418145852504652,-1.2112770679102705,-0.7713565969387493,0.041654535569467
0.33349461284304954,0.3741329090137342,0.06540104006749757,0.06540104006749754,-0.5382511350858296,-0.05935472075981181,-0.2143206623701467,0.23422754085689548,-0.4057153639132397,0.06326740635835588,-0.48205328198438235,-0.3923467234951289,-0.5438016373672659,0.9981276190822559,-0.9836588368747943,-0.8283757582546424,-0.8186953190947202
0.41896980176719045,0.4319403499333627,0.06540104006749757,0.06540104006749754,2.0243680186486435,1.2327028301952292,1.45134924517595,1.4680820320250476,1.8052020693197453,-0.5520768893966107,-0.48205328198438235,1.5605322794324692,0.28065397956975463,1.4126411141339135,1.3469539200319296,-0.5838385779516477,0.6520824719662904
-0.9486332210190641,0.5321717640237599,0.06540104006749757,0.06540104006749754,-0.46871916233187744,-0.008449994239603804,-0.07551483674130527,0.8331736116944044,0.12013938270035009,-0.5520768893966107,-0.48205328198438235,0.7235841353206415,0.28065397956975463,0.859956454065037,-1.1716912885997528,-0.8762558788893728,-0.8186953190947202
1.0172961242361769,-0.21664958223595637,0.06540104006749757,0.06540104006749754,-0.28208070915021644,0.14488147114822442,0.20209681451637745,0.5587737238266683,-0.4057153639132397,0.6786117021133227,-0.48205328198438235,0.44460142061669883,0.28065397956975463,-1.3507821862104692,-0.10782346962959206,1.0244204544307594,1.8395221608324077
1.7010976356293042,1.0990191082480507,-1.2646182929415224,-1.2646182929415224,1.6565804785553702,1.1311916967972864,1.3125434195471086,0.8331736116944044,1.0190940096470398,1.6016281457457726,1.4128092602512243,-0.11336400879118629,-0.9560294458357763,0.4799857502676843,0.18412165278547515,-1.1207930591923674,-0.8186953190947202
-1.974335488108755,-1.7486423160952345,0.06540104006749757,0.06540104006749754,-0.9865493804731527,-1.4718233942435652,-1.1859614417720366,-1.3968393760212348,-1.3046699908599295,-0.859749037274094,-0.48205328198438235,-0.3923467234951289,0.6928817880382651,-1.247153812447555,-0.5432670420452859,1.3596464266010555,0.041654535569467
-0.43578208747421865,-0.969579556527977,0.06540104006749757,0.06540104006749754,-0.8676131112887607,-0.6038915451458888,-0.9083497905143537,-0.6750807673414829,-0.4057153639132397,-0.859749037274094,-0.48205328198438235,0.1656187059127562,1.1051095965067754,1.6889834441683516,0.08020898209536656,0.5503863368836848,0.041654535569467
1.2737216910085998,0.9658231204100968,0.06540104006749757,0.06540104006749754,1.2073673387897057,1.2231494011502184,0.6185142914029016,0.5587737238266683,0.7826380134765774,0.6786117021133227,-0.48205328198438235,-0.6713294381990715,-1.3682572543042866,-1.5580389337362979,0.7234778958912774,-0.30958076900553577,0.6520824719662904
-1.8033851102604728,1.8783685162826784,-1.2646182929415224,-1.2646182929415224,0.47911141362989124,0.982983343422683,0.20209681451637745,0.23422754085689548,0.49323926303345,0.3709395542358393,3.917681290782164,-0.6713294381990715,-0.9560294458357763,1.5508122791511325,0.5206007769248748,-1.4262108739540353,-2.2894731101557304
-1.2905339767156276,1.8223765156563936,-1.2646182929415224,-1.2646182929415224,1.138750260414095,1.1854013622571753,0.6185142914029016,0.23422754085689548,1.54494875626063,-0.2444047415191273,3.3076718024868312,-1.2292948676069566,-1.7804850627727968,1.4471839053882183,-0.8203674972189088,-1.033488587128577,-0.8186953190947202
-1.034108409943205,-0.4723877898746104,1.3954203730765178,1.3954203730765176,-0.9408046615560787,-0.775777794440988,-1.1859614417720366,-1.3968393760212348,-1.3046699908599295,-0.859749037274094,-0.48205328198438235,-1.2292948676069566,-0.5438016373672659,0.5836141240305986,-0.6719208248044679,0.10695703388637642,-0.8186953190947202
0.33349461284304954,0.8316716376809093,0.06540104006749757,0.06540104006749754,-0.00029324062104193967,0.2909352643204905,0.6185142914029016,1.4680820320250476,-0.4057153639132397,0.3709395542358393,1.4128092602512243,1.5605322794324692,0.28065397956975463,-1.2126110211932501,-1.1766395110135675,-1.033488587128577,-0.8186953190947202
-0.09388133177765497,0.6617368712750263,-1.2646182929415224,-1.2646182929415224,1.1497289929541927,0.6762210768928327,1.8677667220624738,1.79262821499482,0.49323926303345,1.909300293623256,3.3076718024868312,2.397480423544297,0.6928817880382651,0.9635848278279513,0.060416092440107545,-1.1669057793013276,-0.8186953190947202
-0.5212572763983596,0.4337557902267064,0.06540104006749757,0.06540104006749754,0.26960060098969335,0.31437184594802775,1.1737375939182673,0.8331736116944044,0.7826380134765774,1.6016281457457726,-0.48205328198438235,0.1656187059127562,-0.5438016373672659,-0.2799556573270208,-0.9440730575642764,-0.8011647543473774,0.041654535569467
1.5301472577810225,0.9607589974865592,0.06540104006749757,0.06540104006749754,0.9576011735024829,1.3161120014713097,0.20209681451637745,0.8331736116944044,0.49323926303345,-0.2444047415191273,-0.48205328198438235,-0.11336400879118629,-0.9560294458357763,-0.9708114824131165,-0.09297880238814797,-0.09220965051774017,0.6520824719662904
1.1882465020844588,0.6380405979724348,0.06540104006749757,0.06540104006749754,0.29796232671827905,0.39865555897512656,1.034931768289426,1.4680820320250476,0.49323926303345,0.6786117021133227,2.521232791480213,1.5605322794324692,0.28065397956975463,-0.8326403173958974,-1.201380623082641,-0.7713565969387493,0.041654535569467
-0.5212572763983596,1.3051671310316846,-1.2646182929415224,-1.2646182929415224,2.541283342411577,1.7221310766124553,0.7573201170317431,0.5587737238266683,1.2190147058053171,0.3709395542358393,2.521232791480213,-0.6713294381990715,-1.3682572543042866,-1.6271245162449075,0.8917174579609772,-1.0547274587736002,-0.8186953190947202
0.16254423499476775,1.4105582175347426,-1.2646182929415224,-1.2646182929415224,1.99143182102835,1.6623113907547427,0.4797084657740603,0.23422754085689548,0.12013938270035009,1.2939559978682893,-0.48205328198438235,-0.9503121529030141,-1.3682572543042866,0.06547225521602688,0.9906819062372711,-1.009673071062123,-0.8186953190947202
-0.35030689855007774,-0.16352406628337227,0.06540104006749757,0.06540104006749754,-0.26378282158338684,0.1733876959002566,0.20209681451637745,1.070869606315068,-0.4057153639132397,0.06326740635835588,-0.48205328198438235,1.5605322794324692,1.1051095965067754,-1.5925817249906027,1.3123163631352268,0.6719960514881533,1.5124323266304773
-0.17935652070179586,0.05060233884206143,0.06540104006749757,0.06540104006749754,-0.17137848937089784,0.3970109689010986,0.06329098888753605,1.070869606315068,0.49323926303345,-0.859749037274094,1.4128092602512243,1.2815495647285267,0.6928817880382651,-0.5908407786157639,0.9115103476162362,-0.44299796117828627,0.041654535569467
1.1882465020844588,-0.6167152931954348,0.06540104006749757,0.06540104006749754,-0.5693575439494397,-0.022240804392228704,-0.353126487998988,-0.16298488485308327,-0.4057153639132397,0.06326740635835588,-0.48205328198438235,-0.3923467234951289,-0.13157382889875557,1.2053843666080846,-0.5234741523900269,-0.17352148123935618,0.041654535569467
-0.43578208747421865,-1.2320062284052655,0.06540104006749757,0.06540104006749754,-0.9371450840427129,-1.1939142442639035,-0.9083497905143537,-0.16298488485308327,-1.3046699908599295,-0.859749037274094,-0.48205328198438235,0.44460142061669883,1.1051095965067754,-0.0036133272925826148,-0.5779045989419888,1.3596464266010555,0.6520824719662904
-0.26483170962593683,-0.3597349421981773,0.06540104006749757,0.06540104006749754,-0.04786774829479864,0.234822662276528,0.6185142914029016,1.2805323325064204,0.12013938270035009,0.3709395542358393,1.4128092602512243,1.8395149941364122,1.1051095965067754,0.687242497793513,0.6195652252011689,0.025645203164760117,1.1255671642452045
0.41896980176719045,-0.4458250318983183,-1.2646182929415224,-1.2646182929415224,-0.8108896598315892,-0.27060659029674833,-0.9083497905143537,-1.3968393760212348,-0.4057153639132397,-0.5520768893966107,-0.48205328198438235,-1.7872602970148417,-1.3682572543042866,1.6198978616597417,-1.4191024092904878,-0.3670770836606983,-0.8186953190947202
-0.7776828431707824,-1.2119408356893615,0.06540104006749757,0.06540104006749754,-0.9133578302058345,-0.9589673627750864,-0.9083497905143537,-0.6750807673414829,-0.4057153639132397,-0.859749037274094,-0.48205328198438235,-0.6713294381990715,-0.13157382889875557,-0.9017258999045069,0.253396766578881,1.3596464266010555,0.6520824719662904
1.0172961242361769,0.06584248235723623,0.06540104006749757,0.06540104006749754,-0.9664217041496401,-1.116747576614367,-1.1859614417720366,-1.3968393760212348,-1.3046699908599295,-0.859749037274094,-0.48205328198438235,-1.2292948676069566,-0.5438016373672659,-1.074439856176031,-1.2409664023931584,0.10695703388637642,-0.8186953190947202
0.7608705574637541,0.757764107843996,0.06540104006749757,0.06540104006749754,0.7078350082152601,0.5008581461766923,1.5901550708047913,1.070869606315068,0.7826380134765774,2.2169724415007392,1.4128092602512243,0.7235841353206415,-0.13157382889875557,-1.4198677687190788,0.8966656803747922,-0.3670770836606983,1.1255671642452045
-0.26483170962593683,1.1647093820203558,0.06540104006749757,0.06540104006749754,0.6026221547059905,0.530862846869191,1.3125434195471086,1.2805323325064204,0.49323926303345,1.6016281457457726,1.4128092602512243,0.44460142061669883,-0.9560294458357763,-0.9708114824131165,-1.0430375058405705,-1.1207930591923674,-0.8186953190947202
1.1027713131603178,1.541317693400051,-1.2646182929415224,-1.2646182929415224,1.4726867085087336,0.9913478346285236,1.45134924517595,1.070869606315068,1.8052020693197453,0.06326740635835588,1.4128092602512243,-0.11336400879118629,-1.3682572543042866,0.37635737650476997,-1.5081704127391524,-1.1337935730163102,-0.8186953190947202
1.0172961242361769,0.6512742022160192,-1.2646182929415224,-1.2646182929415224,0.8889840951268724,1.27351755150626,0.20209681451637745,-0.16298488485308327,1.0190940096470398,0.06326740635835588,-0.48205328198438235,-1.2292948676069566,-1.3682572543042866,-0.038156118546887316,-0.9094355006675734,-0.09220965051774017,0.6520824719662904
-0.26483170962593683,-1.2722803380707588,0.06540104006749757,0.06540104006749754,-0.9554429716095423,-1.2099438808383751,-1.0471556161431952,-1.3968393760212348,-0.4057153639132397,-0.859749037274094,-0.48205328198438235,-1.5082775823108991,-0.9560294458357763,-0.4526696135985448,-1.231069957565529,0.885612309053981,0.041654535569467
-1.205058787791487,1.8040310137447095,-1.2646182929415224,-1.2646182929415224,1.6876868874189803,1.039378914295073,1.5901550708047913,1.070869606315068,1.0190940096470398,1.909300293623256,-0.48205328198438235,-0.11336400879118629,-1.3682572543042866,-0.4526696135985448,0.669047449339316,-1.1457323588283026,-0.8186953190947202
-0.17935652070179586,-0.5257044048054413,1.3954203730765178,1.3954203730765176,-0.9316557177726639,-0.6737143312413951,-1.1859614417720366,-1.3968393760212348,-0.4057153639132397,-1.1674211851515772,-0.48205328198438235,-0.3923467234951289,0.6928817880382651,0.4799857502676843,0.6888403389945745,0.10695703388637642,-0.8186953190947202
1.872048013477586,-1.1650260365297953,-1.2646182929415224,-1.2646182929415224,-1.008506845553348,-1.7348368210660796,-1.324767267400878,-2.6306938671893865,-1.3046699908599295,-0.859749037274094,-0.48205328198438235,-0.9503121529030141,0.28065397956975463,-1.6271245162449075,1.6933294889989587,0.5503863368836848,-0.8186953190947202
1.0172961242361769,1.4567563955258838,-1.2646182929415224,-1.2646182929415224,1.5778995620180032,0.9894860453577218,1.5901550708047913,1.070869606315068,1.3921938899801396,1.2939559978682893,2.521232791480213,0.1656187059127562,-0.9560294458357763,-0.3835840310899352,1.218300137272747,-1.1457323588283026,-0.8186953190947202
1.0172961242361769,1.0485689779909204,0.06540104006749757,0.06540104006749754,1.669388999852151,1.2529493965547478,1.034931768289426,1.4680820320250476,1.0190940096470398,0.06326740635835588,1.4128092602512243,1.5605322794324692,0.28065397956975463,0.4109001677590748,1.6982777114127734,-0.7713565969387493,0.041654535569467
1.4446720688568817,-2.055977247860499,1.3954203730765178,1.3954203730765176,-0.9755706479330547,-1.7043596017864637,-0.9083497905143537,-0.16298488485308327,-1.3046699908599295,-0.859749037274094,-0.48205328198438235,0.44460142061669883,1.1051095965067754,0.10001504647033169,0.5453418889939484,2.083554244724097,1.1255671642452045
-0.43578208747421865,-0.4076530109935388,-1.2646182929415224,-1.2646182929415224,-0.781613039724662,-0.3102705855063999,-0.7695439648855122,-0.16298488485308327,-1.3046699908599295,-0.5520768893966107,-0.48205328198438235,0.1656187059127562,0.6928817880382651,-0.8326403173958974,-1.4092059644628583,-0.5087474534096523,-0.8186953190947202
-0.35030689855007774,0.17859087952279262,0.06540104006749757,0.06540104006749754,-0.04054859326806684,0.3937152001392324,0.3409026401452189,0.8331736116944044,1.2190147058053171,-0.859749037274094,1.4128092602512243,0.7235841353206415,0.28065397956975463,0.4799857502676843,-0.2067879179058861,-0.5662437680648147,0.041654535569467
1.2737216910085998,-0.06467811978526367,1.3954203730765178,1.3954203730765176,-0.17137848937089784,0.3970109689010986,0.06329098888753605,0.5587737238266683,0.7826380134765774,-0.5520768893966107,1.4128092602512243,0.44460142061669883,0.28065397956975463,-1.3507821862104692,0.10989831657825476,1.5335992496594337,2.122860263027301
-0.5212572763983596,-0.7056240928247147,1.3954203730765178,1.3954203730765176,-0.9279961402592981,-1.0981868559023844,-0.9083497905143537,-0.16298488485308327,-1.3046699908599295,-0.859749037274094,-0.48205328198438235,0.44460142061669883,1.1051095965067754,0.5490713327762939,-1.7357886437746286,2.083554244724097,1.1255671642452045
-1.8033851102604728,-1.704116254163752,0.06540104006749757,0.06540104006749754,-0.8456556462085653,-0.46401395300649323,-0.9083497905143537,-0.6750807673414829,0.12013938270035009,-1.1674211851515772,-0.48205328198438235,0.1656187059127562,1.1051095965067754,0.7563280803021226,-0.1276163592848509,0.5503863368836848,0.041654535569467
-0.008406142853514067,0.2807332833956568,0.06540104006749757,0.06540104006749754,0.24855803028783935,0.2392307550618181,1.3125434195471086,1.2805323325064204,1.54494875626063,0.06326740635835588,-0.48205328198438235,1.2815495647285267,0.28065397956975463,-1.696210098753517,1.1341803562378978,-0.2784207631899799,1.1255671642452045
-0.35030689855007774,-0.16352406628337227,0.06540104006749757,0.06540104006749754,-0.26378282158338684,0.1733876959002566,0.20209681451637745,1.070869606315068,-0.4057153639132397,0.06326740635835588,-0.48205328198438235,1.5605322794324692,1.1051095965067754,-1.5925817249906027,1.3123163631352268,0.6719960514881533,1.5124323266304773
-0.7776828431707824,1.0487600769691672,0.06540104006749757,0.06540104006749754,0.43519648346950035,0.4574175163166604,1.1737375939182673,0.5587737238266683,1.0190940096470398,1.6016281457457726,-0.48205328198438235,-0.6713294381990715,-1.3682572543042866,1.3435555316253038,0.9362514596853098,-0.8011647543473774,0.041654535569467
-1.8033851102604728,-1.573022355086512,-1.2646182929415224,-1.2646182929415224,-0.8840812100989073,-0.5089012512630978,-1.0471556161431952,-1.3968393760212348,-1.3046699908599295,-0.5520768893966107,-0.48205328198438235,-0.6713294381990715,0.28065397956975463,-1.1780682299389453,0.7135814510636482,-0.17352148123935618,-0.8186953190947202
0.07706904607062683,-0.762571588342233,1.3954203730765178,1.3954203730765176,-0.6754852918370509,-0.2004069870198848,-0.4919323136278294,-0.16298488485308327,-0.4057153639132397,-0.2444047415191273,-0.48205328198438235,0.44460142061669883,1.1051095965067754,1.0672132015908653,1.327161030376671,2.083554244724097,1.8395221608324077
-0.9486332210190641,0.4375777697916405,0.06540104006749757,0.06540104006749754,0.8587925806416036,1.0918323373092274,0.4797084657740603,1.4680820320250476,0.49323926303345,-0.5520768893966107,-0.48205328198438235,1.8395149941364122,0.6928817880382651,-1.108982647430336,1.6487954872746262,0.10695703388637642,1.1255671642452045
1.2737216910085998,-0.941679105703958,1.3954203730765178,1.3954203730765176,-0.9408046615560787,-1.2343855640425856,-0.9083497905143537,-0.6750807673414829,-0.4057153639132397,-0.859749037274094,1.4128092602512243,-0.11336400879118629,0.6928817880382651,0.9290420365736465,-1.265707514462232,2.083554244724097,1.1255671642452045
0.5044449906913313,-1.764646855523396,0.06540104006749757,0.06540104006749754,-0.9609323378795911,-1.0353379873993207,-1.1859614417720366,-1.3968393760212348,-1.3046699908599295,-0.859749037274094,-0.48205328198438235,-0.6713294381990715,0.28065397956975463,0.10001504647033169,1.064905242444492,0.10695703388637642,-0.8186953190947202
0.5044449906913313,-0.320511876913041,1.3954203730765178,1.3954203730765176,-0.9426344503127617,-0.7972438079842848,-1.1859614417720366,-1.3968393760212348,-0.4057153639132397,-1.1674211851515772,-0.48205328198438235,-1.2292948676069566,-0.5438016373672659,-0.729011943632983,-0.02370368859474216,1.3596464266010555,0.041654535569467
1.1882465020844588,-0.4818471892978223,0.06540104006749757,0.06540104006749754,-0.08629331218514065,0.26009206295980747,0.4797084657740603,1.2805323325064204,-0.4057153639132397,0.3709395542358393,-0.48205328198438235,1.8395149941364122,1.1051095965067754,-0.6253835698700687,0.7284261183050921,0.7618113109016623,1.8395221608324077
-1.034108409943205,1.7423538185155856,-1.2646182929415224,-1.2646182929415224,1.3738781156478543,1.3102200408042801,0.6185142914029016,0.8331736116944044,0.12013938270035009,0.986283849990806,-0.48205328198438235,-0.3923467234951289,-1.3682572543042866,-0.245412866072716,-1.0380892834267559,-1.033488587128577,-0.8186953190947202
1.6156224467051634,-0.6593303653444502,1.3954203730765178,1.3954203730765176,-0.9572727603662253,-1.2343855640425856,-1.0471556161431952,-0.6750807673414829,-1.3046699908599295,-0.859749037274094,-0.48205328198438235,-0.11336400879118629,0.6928817880382651,-0.8671831086502021,-1.4586881886010052,0.885612309053981,0.041654535569467
-2.2307610548811776,1.3741060874341835,-1.2646182929415224,-1.2646182929415224,1.4488994546718552,1.277875744705118,0.7573201170317431,0.23422754085689548,1.2190147058053171,0.6786117021133227,-0.48205328198438235,-0.9503121529030141,-1.3682572543042866,-0.245412866072716,1.342005697618115,-1.0547274587736002,-0.8186953190947202
-0.6067324653225005,-2.223905474994792,0.06540104006749757,0.06540104006749754,-0.9810600142031037,0.2392307550618181,-1.6023789186585606,-1.3968393760212348,-1.3046699908599295,-1.782765480906544,-0.48205328198438235,1.2815495647285267,3.166248638849327,-1.2816966037018593,-0.09792702480196257,-1.4262108739540353,-2.2894731101557304
1.2737216910085998,-0.7189054718128608,1.3954203730765178,1.3954203730765176,-1.010336634310031,-1.7981463220312721,-1.324767267400878,-1.3968393760212348,-1.3046699908599295,-1.1674211851515772,-0.48205328198438235,-0.6713294381990715,0.28065397956975463,1.3435555316253038,1.000578351064901,0.5503863368836848,-0.8186953190947202
-1.205058787791487,-1.1192578312397092,0.06540104006749757,0.06540104006749754,-0.9444642390694447,-1.072662009251784,-1.0471556161431952,-0.6750807673414829,-1.3046699908599295,-0.859749037274094,-0.48205328198438235,0.1656187059127562,1.1051095965067754,0.6181569152849035,0.5502901114077631,0.885612309053981,0.041654535569467
1.7865728245534451,1.4417073509889555,-1.2646182929415224,-1.2646182929415224,0.8789202569651161,1.0309850596557864,0.6185142914029016,0.23422754085689548,1.2190147058053171,0.3709395542358393,-0.48205328198438235,-1.2292948676069566,-1.7804850627727968,0.1691006289789413,-1.3300344058418232,-1.4262108739540353,-2.2894731101557304
-0.7776828431707824,-1.3892806875023045,0.06540104006749757,0.06540104006749754,-1.012166423066714,-1.864879582939283,-1.324767267400878,-1.3968393760212348,-1.3046699908599295,-1.1674211851515772,-0.48205328198438235,-0.11336400879118629,1.1051095965067754,-0.3144984485813256,0.10495009416443976,0.5503863368836848,-0.8186953190947202
-1.3760091656397686,-0.5615354632266986,0.06540104006749757,0.06540104006749754,-0.28025092039353344,0.2363503227908136,0.06329098888753605,0.8331736116944044,-0.4057153639132397,0.06326740635835588,-0.48205328198438235,1.0025668500245841,0.6928817880382651,0.8254136628107321,1.3321092527904856,0.4169691447109347,1.1255671642452045
-0.8631580320949233,0.2947790582967897,0.06540104006749757,0.06540104006749754,-0.17961253877597114,0.214040805894739,0.3409026401452189,-0.16298488485308327,0.12013938270035009,1.2939559978682893,-0.48205328198438235,-0.6713294381990715,-0.5438016373672659,1.1017559928451703,-0.686765492045912,-0.17352148123935618,0.6520824719662904
-1.119583598867346,1.1428763237556696,-1.2646182929415224,-1.2646182929415224,1.5916229776931254,1.2174855755633778,1.034931768289426,-0.16298488485308327,1.2190147058053171,1.6016281457457726,2.521232791480213,-1.5082775823108991,-1.7804850627727968,-1.2816966037018593,0.030726757957219346,-1.0909849017837394,-0.8186953190947202
-0.8631580320949233,-2.119039910681912,0.06540104006749757,0.06540104006749754,-0.9426344503127617,-1.4246483016934859,-0.7695439648855122,-0.16298488485308327,0.12013938270035009,-1.1674211851515772,-0.48205328198438235,0.1656187059127562,0.6928817880382651,-1.4544105599733836,0.31772365795847207,1.6792747314460454,1.1255671642452045
0.5044449906913313,-0.8739345179155008,2.7254397060855378,2.7254397060855378,-0.9462940278261275,-1.2976950650077783,-0.9083497905143537,-0.6750807673414829,-1.3046699908599295,-0.5520768893966107,-0.48205328198438235,-0.9503121529030141,-0.5438016373672659,-0.5562979873614591,-1.730840421360814,1.3596464266010555,0.6520824719662904
-0.09388133177765497,0.2764813311296676,0.06540104006749757,0.06540104006749754,0.20281331137076555,0.37163348833842286,0.8961259426605844,1.070869606315068,1.2190147058053171,0.06326740635835588,1.4128092602512243,0.44460142061669883,-0.5438016373672659,-0.8671831086502021,-0.9044872782537586,-0.41893219399614307,0.6520824719662904
0.07706904607062683,0.3200518981699165,1.3954203730765178,1.3954203730765176,0.03264295699925116,0.4011183426348331,0.4797084657740603,1.2805323325064204,0.12013938270035009,0.06326740635835588,-0.48205328198438235,1.5605322794324692,0.6928817880382651,0.20364342023324608,1.4211772562391505,0.7618113109016623,1.8395221608324077
-0.8631580320949233,0.5695793890155525,1.3954203730765178,1.3954203730765176,0.15523880369700885,0.38967505031923916,0.7573201170317431,1.79262821499482,-0.4057153639132397,0.06326740635835588,-0.48205328198438235,2.67646313824824,1.1051095965067754,1.309012740370999,0.5354454441663191,1.1003413319483477,2.372782181294665
0.5899201796154723,0.2920081231122124,0.06540104006749757,0.06540104006749754,-0.18327211628933704,0.29153793262736066,0.20209681451637745,0.23422754085689548,0.12013938270035009,0.6786117021133227,-0.48205328198438235,-0.11336400879118629,-0.13157382889875557,-0.3490412398356304,0.6393581148564278,0.6719960514881533,1.5124323266304773
-0.7776828431707824,-0.022612457198707574,-1.2646182929415224,-1.2646182929415224,0.10949408477993505,3.8773785364944766,-1.6023789186585606,-2.6306938671893865,-1.3046699908599295,-1.4750933330290608,1.4128092602512243,-2.6242084411266697,-2.1927128712413078,0.13455783772463648,1.6438472648608116,-1.4262108739540353,-2.2894731101557304
-0.26483170962593683,-1.3100223862744833,1.3954203730765178,1.3954203730765176,-0.9481238165828105,-1.116747576614367,-1.0471556161431952,-0.6750807673414829,-0.4057153639132397,-1.1674211851515772,-0.48205328198438235,-0.11336400879118629,0.6928817880382651,-1.385324977464774,-1.5428079696358552,0.885612309053981,0.041654535569467
-1.2905339767156276,-1.951255007781304,0.06540104006749757,0.06540104006749754,-0.8859109988555902,-0.7339343070190921,-0.9083497905143537,-0.16298488485308327,-0.4057153639132397,-1.1674211851515772,1.4128092602512243,0.7235841353206415,1.5173374049752855,1.1362987840994752,0.5750312234768367,1.3596464266010555,0.6520824719662904
-0.09388133177765497,-0.3369463890422577,-1.2646182929415224,-1.2646182929415224,0.8798351513434576,0.5647827350775009,1.7289608964336327,1.4680820320250476,0.7826380134765774,1.909300293623256,-0.48205328198438235,2.118497708840354,1.1051095965067754,0.7563280803021226,1.5993132631364797,-0.8974292993623978,0.041654535569467
-1.4614843545639096,-1.19622294472857,-1.2646182929415224,-1.2646182929415224,-0.9993579017699331,-1.4594186197985801,-1.324767267400878,-2.6306938671893865,-1.3046699908599295,-0.859749037274094,-0.48205328198438235,-1.5082775823108991,-0.5438016373672659,0.030929463961722085,1.6191061527917383,0.5503863368836848,-0.8186953190947202
-0.6922076542466414,3.1322644620484383,0.06540104006749757,0.06540104006749754,-0.9261663515026151,-1.2521450742960878,-0.7695439648855122,-0.16298488485308327,-0.4057153639132397,-0.859749037274094,-0.48205328198438235,-0.11336400879118629,0.28065397956975463,-0.9017258999045069,0.18906987519928986,1.6792747314460454,1.1255671642452045
-0.43578208747421865,-0.8328960123370207,0.06540104006749757,0.06540104006749754,-0.9847195917164695,-1.116747576614367,-1.324767267400878,-1.3968393760212348,-1.3046699908599295,-1.1674211851515772,-0.48205328198438235,-0.3923467234951289,0.6928817880382651,1.1017559928451703,0.045571425198663446,0.5503863368836848,-0.8186953190947202
0.16254423499476775,0.4475626914050309,0.06540104006749757,0.06540104006749754,1.1259417391173143,1.252023659438011,0.4797084657740603,1.4680820320250476,0.49323926303345,-0.5520768893966107,-0.48205328198438235,1.2815495647285267,-0.13157382889875557,-0.10724170105549691,0.13463942864732797,-0.6169507842366649,0.041654535569467
1.957523202401727,0.5809020034766699,2.7254397060855378,2.7254397060855378,-0.22718704644972784,0.1460344508378105,0.3409026401452189,1.2805323325064204,0.12013938270035009,-0.2444047415191273,1.4128092602512243,1.5605322794324692,0.6928817880382651,0.2381862114875508,-1.6566170851535933,1.2052406138989715,2.122860263027301
-1.034108409943205,0.24490222497439953,-1.2646182929415224,-1.2646182929415224,1.231154592626584,1.1664026158778138,0.7573201170317431,-0.6750807673414829,0.49323926303345,2.2169724415007392,1.4128092602512243,-0.3923467234951289,0.28065397956975463,1.4471839053882183,-0.9836588368747943,-1.0547274587736002,-0.8186953190947202
1.1027713131603178,0.8308116922787993,0.06540104006749757,0.06540104006749754,0.5028986674667697,0.5114389033678917,1.1737375939182673,0.8331736116944044,1.0190940096470398,1.2939559978682893,-0.48205328198438235,-0.11336400879118629,-0.9560294458357763,-1.4198677687190788,-0.9787106144609794,-0.8011647543473774,0.041654535569467
1.2737216910085998,0.048452475336786024,1.3954203730765178,1.3954203730765176,-0.7248895882674905,-0.23348304999559868,-0.6307381392566709,-0.16298488485308327,-0.4057153639132397,-0.5520768893966107,-0.48205328198438235,0.1656187059127562,0.6928817880382651,-0.3144984485813256,1.327161030376671,0.7618113109016623,0.6520824719662904
