numerical__Customer_Age,numerical__Income,numerical__Total_Children,numerical__Family_Size,numerical__Total_Spending,numerical__Average_Spending_per_Purchase,numerical__Total_Purchases,numerical__NumWebPurchases,numerical__NumCatalogPurchases,numerical__NumStorePurchases,numerical__Total_Campaign_Acceptance,numerical__Digital_Engagement,numerical__NumWebVisitsMonth,numerical__Recency,numerical__Customer_Tenure_Years,numerical__Deal_Dependency,numerical__NumDealsPurchases
1.0172961242361769,0.3001776044322591,-1.2646182929415224,-1.2646182929415222,1.7993040015766404,1.1939439816304438,1.3125434195471084,1.2805323325064204,1.8052020693197453,-0.5520768893966107,-0.4820532819843823,1.560532279432469,0.6928817880382653,0.3072717939961605,1.5300381493430737,-0.5478972431289096,0.6520824719662907
1.2737216910085998,-0.2632777329281526,1.3954203730765178,1.3954203730765178,-0.9902089579865184,-1.5489900618931016,-1.1859614417720363,-1.3968393760212343,-0.4057153639132397,-1.1674211851515772,-0.4820532819843823,-0.9503121529030142,-0.1315738288987555,-0.3835840310899351,-1.1914841782550112,1.3596464266010553,0.0416545355694672
0.3334946128430496,0.943942287400849,-1.2646182929415224,-1.2646182929415222,0.3803028207690118,0.4704817819933863,1.0349317682894257,1.2805323325064204,0.1201393827003501,1.2939559978682893,-0.4820532819843823,0.7235841353206414,-0.5438016373672659,-0.7980975261415925,-0.2067879179058859,-1.0909849017837396,-0.8186953190947199
-1.2905339767156276,-1.204344651304055,0.0654010400674976,0.0654010400674977,-0.9426344503127618,-1.2551299963505114,-0.9083497905143536,-0.6750807673414826,-1.3046699908599295,-0.5520768893966107,-0.4820532819843823,-0.392346723495129,0.2806539795697548,-0.7980975261415925,-1.062830395495829,0.5503863368836847,0.0416545355694672
-1.034108409943205,0.3075826898393189,0.0654010400674976,0.0654010400674977,-0.2674423990967529,0.1677388774913614,0.2020968145163774,0.5587737238266685,0.49323926303345,0.0632674063583559,-0.4820532819843823,0.1656187059127561,-0.1315738288987555,1.5508122791511327,-0.9539695023919056,0.6719960514881532,1.5124323266304776
0.1625442349947678,0.5091921118895935,0.0654010400674976,0.0654010400674977,0.2705154953680347,0.3737536113926964,1.0349317682894257,0.8331736116944045,0.7826380134765774,1.2939559978682893,-0.4820532819843823,0.7235841353206414,0.2806539795697548,-1.1435254386846403,-0.3008041437683653,-0.7713565969387494,0.0416545355694672
-0.1793565207017958,0.180597418794383,0.0654010400674976,0.0654010400674977,0.0399621120259829,0.3365005437355579,0.6185142914029015,1.070869606315068,0.49323926303345,0.3709395542358393,-0.4820532819843823,1.002566850024584,0.2806539795697548,-0.5217551961071543,1.1836625803760443,0.02564520316476,1.1255671642452048
-1.3760091656397686,-0.8790941903281618,0.0654010400674976,0.0654010400674977,-0.7303789545375395,-0.254227482303524,-0.6307381392566708,0.2342275408568957,-1.3046699908599295,-0.5520768893966107,-0.4820532819843823,0.7235841353206414,1.1051095965067756,-0.5908407786157638,0.3127754355446576,0.1069570338863763,0.0416545355694672
-0.4357820874742186,-1.0273392227030438,0.0654010400674976,0.0654010400674977,-0.9554429716095424,-1.209943880838375,-1.047155616143195,-0.162984884853083,-1.3046699908599295,-1.1674211851515772,-0.4820532819843823,0.7235841353206414,1.517337404975286,-1.0398970649217258,0.169276985544031,-0.1735214812393563,-0.8186953190947199
1.6156224467051634,-2.2075187376101364,1.3954203730765178,1.3954203730765178,-0.9499536053394936,0.7520867865302965,-1.6023789186585604,-1.3968393760212343,-1.3046699908599295,-1.782765480906544,1.4128092602512243,3.2344285676561246,6.051843298128901,0.6526997065392084,-1.2162252903240849,3.336243637438775,-0.8186953190947199
-1.205058787791487,-0.0226124571987076,0.0654010400674976,0.0654010400674977,-1.0048472680399825,-1.6171988336378609,-1.3247672674008777,-1.3968393760212343,-1.3046699908599295,-1.1674211851515772,-0.4820532819843823,-0.392346723495129,0.6928817880382653,-1.3162393949561642,-0.6323350454939501,0.5503863368836847,-0.8186953190947199
-0.6067324653225004,-2.119039910681912,-1.2646182929415224,-1.2646182929415222,-0.9279961402592982,-0.8917145208583724,-1.047155616143195,-0.6750807673414826,-1.3046699908599295,-0.859749037274094,-0.4820532819843823,0.1656187059127561,1.1051095965067756,0.3418145852504653,1.1836625803760443,-0.1735214812393563,-0.8186953190947199
0.8463457463878951,0.5340349790616653,-1.2646182929415224,-1.2646182929415222,0.728877578917114,1.0841148526069233,0.3409026401452188,-0.162984884853083,0.7826380134765774,0.6786117021133227,-0.4820532819843823,-1.2292948676069568,-1.3682572543042868,1.1362987840994754,-0.6323350454939501,-0.982781570956727,-0.8186953190947199
1.4446720688568817,0.3582716938192576,1.3954203730765178,1.3954203730765178,-0.4723787398452433,-0.0160925243415957,-0.0755148367413053,0.8331736116944045,-0.4057153639132397,-0.2444047415191273,-0.4820532819843823,0.7235841353206414,0.2806539795697548,0.1345578377246366,-0.6323350454939501,0.1069570338863763,0.6520824719662907
-1.5469595434880503,-1.6497485948525643,-1.2646182929415224,-1.2646182929415222,-0.9554429716095424,-0.9589673627750862,-1.1859614417720363,-1.3968393760212343,-1.3046699908599295,-0.859749037274094,-0.4820532819843823,-0.1133640087911864,1.1051095965067756,-0.3835840310899351,1.3519021424457442,0.1069570338863763,-0.8186953190947199
1.957523202401727,1.4783983548123232,-1.2646182929415224,-1.2646182929415222,1.3665589606211224,0.8379003491589934,1.7289608964336325,1.070869606315068,1.2190147058053171,1.909300293623256,2.521232791480213,0.1656187059127561,-0.9560294458357764,-0.9017258999045068,1.1292321338240832,-1.1567343940151056,-0.8186953190947199
-0.948633221019064,-0.4779774349883265,1.3954203730765178,1.3954203730765178,-0.863953533775395,-0.5794498619416776,-0.9083497905143536,-0.162984884853083,-1.3046699908599295,-0.859749037274094,-0.4820532819843823,0.4446014206166987,1.1051095965067756,0.065472255216027,0.980785461409642,1.3596464266010553,0.6520824719662907
1.957523202401727,-0.6733761402455831,-1.2646182929415224,-1.2646182929415222,-0.5135489868706098,-0.0022320230640298,-0.2143206623701467,0.2342275408568957,-0.4057153639132397,0.0632674063583559,-0.4820532819843823,0.4446014206166987,0.6928817880382653,-1.0053542736674212,1.5498310389983323,-0.27842076318998,0.0416545355694672
1.7010976356293042,1.2010659626317914,0.0654010400674976,0.0654010400674977,2.1304957665362547,1.2223436441887023,1.5901550708047911,1.79262821499482,0.7826380134765774,0.986283849990806,1.4128092602512243,1.839514994136412,-0.1315738288987555,1.4471839053882185,0.5156525545110602,-0.876255878889373,0.0416545355694672
-1.3760091656397686,-0.8619908317750816,0.0654010400674976,0.0654010400674977,-0.7962513497781257,-0.1974435650249998,-0.9083497905143536,-0.6750807673414826,-0.4057153639132397,-0.859749037274094,-0.4820532819843823,-0.392346723495129,0.2806539795697548,1.2744699491166944,1.2331448045141915,0.5503863368836847,0.0416545355694672
-1.119583598867346,-0.7077739563299902,-1.2646182929415224,-1.2646182929415222,-0.4614000073051457,0.1103208658408393,-0.2143206623701467,0.2342275408568957,0.1201393827003501,-0.2444047415191273,-0.4820532819843823,0.7235841353206414,1.1051095965067756,-0.2799556573270207,1.6636401545160706,-0.8283757582546425,-0.8186953190947199
-0.8631580320949231,-2.360445694952063,0.0654010400674976,0.0654010400674977,-0.0131017619178226,-0.3165412069598056,2.145378373320157,-2.6306938671893856,3.062434502329086,-1.782765480906544,-0.4820532819843823,-2.345225726422727,-1.7804850627727973,-0.2454128660727159,0.9164585700300508,1.5213190506691037,3.593638054088312
1.7010976356293042,0.3225839596316854,0.0654010400674976,0.0654010400674977,0.7389414170788702,1.174916263558408,0.2020968145163774,-0.6750807673414826,0.49323926303345,0.986283849990806,1.4128092602512243,0.1656187059127561,1.1051095965067756,0.4799857502676844,0.9857336838234564,-0.0922096505177403,0.6520824719662907
1.2737216910085998,0.6434869188524659,0.0654010400674976,0.0654010400674977,-0.0442081707814328,0.2392307550618183,0.6185142914029015,0.8331736116944045,0.1201393827003501,0.986283849990806,-0.4820532819843823,0.1656187059127561,-0.5438016373672659,-1.6962100987535167,-0.914383723081388,-0.3095807690055359,0.6520824719662907
1.5301472577810225,-0.5334439134244329,0.0654010400674976,0.0654010400674977,-0.2271870464497279,0.3172689554886682,0.063290988887536,1.070869606315068,-0.4057153639132397,-0.2444047415191273,-0.4820532819843823,1.560532279432469,1.1051095965067756,0.6872424977935131,0.565134778649207,1.5335992496594335,2.122860263027301
-0.008406142853514,-1.589265768237482,-1.2646182929415224,-1.2646182929415222,-0.9023790976657368,-0.8639770688922953,-0.9083497905143536,-0.6750807673414826,-0.4057153639132397,-0.859749037274094,-0.4820532819843823,-0.1133640087911864,0.6928817880382653,1.3780983228796089,0.9362514596853098,0.5503863368836847,0.0416545355694672
-0.6067324653225004,0.0718621001720074,1.3954203730765178,1.3954203730765178,-0.5693575439494398,-0.0222408043922285,-0.353126487998988,0.5587737238266685,-0.4057153639132397,-0.5520768893966107,-0.4820532819843823,0.7235841353206414,0.6928817880382653,-1.5580389337362976,0.2187592096821782,0.8856123090539809,1.1255671642452048
-1.4614843545639096,-0.0226124571987076,0.0654010400674976,0.0654010400674977,-0.6379746223250504,-1.3467776621430618,2.006572547691315,3.3008825940307074,-1.3046699908599295,-1.782765480906544,-0.4820532819843823,5.187307570583723,-1.7804850627727973,-1.0398970649217258,0.6937885614083892,-1.4262108739540356,-2.2894731101557304
-1.7179099213363322,-0.6447112935085773,0.0654010400674976,0.0654010400674977,-0.7999109272914916,-0.3966179996433959,-0.7695439648855121,-0.6750807673414826,-0.4057153639132397,-0.5520768893966107,-0.4820532819843823,-1.2292948676069568,-0.9560294458357764,-0.7980975261415925,0.1989663200269193,0.3005126363077182,0.0416545355694672
0.3334946128430496,1.5652528404254509,-1.2646182929415224,-1.2646182929415222,1.5367293149926369,0.920720168565736,1.7289608964336325,0.8331736116944045,1.6815926404232675,1.2939559978682893,1.4128092602512243,-0.392346723495129,-1.3682572543042868,1.619897861659742,-0.666972602390653,-1.1567343940151056,-0.8186953190947199
-1.7179099213363322,-1.95283157435184,-1.2646182929415224,-1.2646182929415222,-0.9847195917164696,-1.8648795829392828,-0.9083497905143536,-0.162984884853083,-1.3046699908599295,-0.859749037274094,-0.4820532819843823,-0.392346723495129,-0.1315738288987555,-0.5217551961071543,-1.5626008592911136,0.5503863368836847,0.0416545355694672
0.5044449906913314,-0.6322898599225414,-1.2646182929415224,-1.2646182929415222,-0.4577404297917797,0.2317276032749134,-0.353126487998988,-0.6750807673414826,1.0190940096470398,-0.859749037274094,-0.4820532819843823,-1.2292948676069568,-0.9560294458357764,0.2381862114875509,0.2979307683032133,-0.7713565969387494,-0.8186953190947199
-0.0938813317776549,-0.5401801524076293,0.0654010400674976,0.0654010400674977,-0.8200386036150041,-0.4991441675036837,-0.7695439648855121,-0.6750807673414826,-0.4057153639132397,-0.5520768893966107,1.4128092602512243,-0.6713294381990716,-0.1315738288987555,-0.6253835698700686,1.3519021424457442,0.3005126363077182,0.0416545355694672
1.4446720688568817,-0.2505696508747467,1.3954203730765178,1.3954203730765178,-0.487017049898707,0.05631317100999,-0.2143206623701467,0.2342275408568957,-0.4057153639132397,0.0632674063583559,-0.4820532819843823,0.1656187059127561,0.2806539795697548,-1.4198677687190786,1.2578859165832652,1.5647592554749896,1.839522160832408
1.957523202401727,0.8027201424765334,-1.2646182929415224,-1.2646182929415222,1.1488140985758513,1.191010506943837,0.6185142914029015,-0.162984884853083,1.0190940096470398,0.986283849990806,-0.4820532819843823,0.1656187059127561,0.6928817880382653,-1.5580389337362976,0.6937885614083892,-1.0334885871285773,-0.8186953190947199
1.5301472577810225,-0.1178036357378479,1.3954203730765178,1.3954203730765178,-0.9206769852325664,-0.8190897706356913,-1.047155616143195,-0.6750807673414826,-1.3046699908599295,-0.859749037274094,-0.4820532819843823,-0.1133640087911864,0.6928817880382653,0.2036434202332462,-0.2463736972164034,-0.1735214812393563,-0.8186953190947199
-0.0938813317776549,0.7404218755681075,0.0654010400674976,0.0654010400674977,0.6309838804345761,0.4979495377565012,1.4513492451759498,0.5587737238266685,1.2190147058053171,1.909300293623256,-0.4820532819843823,-0.6713294381990716,-1.3682572543042868,-0.4181268223442398,-0.8599532765294263,-0.074659782722973,1.5124323266304776
-0.6067324653225004,-1.3442291033806435,0.0654010400674976,0.0654010400674977,-0.8914003651256391,-0.7757777944409878,-0.9083497905143536,-0.162984884853083,-0.4057153639132397,-1.1674211851515772,-0.4820532819843823,0.1656187059127561,0.6928817880382653,0.9290420365736466,-0.2661665868716624,1.3596464266010553,0.6520824719662907
-0.3503068985500777,-0.4503158578871158,0.0654010400674976,0.0654010400674977,-0.9170174077192004,-0.7843194525305968,-1.047155616143195,-1.3968393760212343,-0.4057153639132397,-0.859749037274094,-0.4820532819843823,-0.9503121529030142,-0.1315738288987555,1.7235262354226566,-1.0677786179096436,0.8856123090539809,0.0416545355694672
2.213948769174149,-0.1388722980895472,-1.2646182929415224,-1.2646182929415222,0.5385795482220871,0.4829640831911964,1.3125434195471084,1.070869606315068,1.8052020693197453,-0.2444047415191273,1.4128092602512243,1.002566850024584,0.2806539795697548,0.1345578377246366,0.7878047872708686,-0.8283757582546425,0.0416545355694672
-0.948633221019064,1.3451545922298076,0.0654010400674976,0.0654010400674977,1.3354525517575122,1.1552589912020337,0.8961259426605843,1.2805323325064204,1.2190147058053171,-0.2444047415191273,-0.4820532819843823,0.7235841353206414,-0.5438016373672659,-1.5925817249906025,0.3573094372689897,-0.7385604988411334,0.0416545355694672
-1.3760091656397686,-1.4951495214509791,0.0654010400674976,0.0654010400674977,-0.9426344503127618,-1.051195995708487,-1.047155616143195,-0.6750807673414826,-1.3046699908599295,-0.859749037274094,-0.4820532819843823,0.1656187059127561,1.1051095965067756,1.343555531625304,0.5948241131320953,0.8856123090539809,0.0416545355694672
1.0172961242361769,-1.4265927630049735,0.0654010400674976,0.0654010400674977,-0.9993579017699332,-1.45941861979858,-1.3247672674008777,-2.6306938671893856,-1.3046699908599295,-0.859749037274094,-0.4820532819843823,-1.2292948676069568,-0.1315738288987555,-1.5580389337362976,0.980785461409642,0.5503863368836847,-0.8186953190947199
0.8463457463878951,-0.0226124571987076,-1.2646182929415224,-1.2646182929415222,-0.6992725456739294,-0.1410350117344584,-0.6307381392566708,-1.3968393760212343,0.49323926303345,-0.5520768893966107,-0.4820532819843823,-1.787260297014842,-1.3682572543042868,1.0672132015908655,-0.5828528213558031,-0.616950784236665,-0.8186953190947199
-0.5212572763983595,-2.119039910681912,0.0654010400674976,0.0654010400674977,-0.9828898029597868,-1.639846527183288,-1.047155616143195,-0.6750807673414826,-1.3046699908599295,-0.859749037274094,-0.4820532819843823,-0.6713294381990716,-0.1315738288987555,-1.0398970649217258,-0.4146132592861034,1.803075729598364,0.6520824719662907
-0.6067324653225004,1.3418103601104905,-1.2646182929415224,-1.2646182929415222,0.3272389468252062,0.7716787005559025,0.3409026401452188,-0.6750807673414826,0.7826380134765774,0.986283849990806,-0.4820532819843823,-1.787260297014842,-1.7804850627727973,0.7908708715564274,-1.7456850886022577,-0.982781570956727,-0.8186953190947199
-2.3162362438053186,-2.119039910681912,-1.2646182929415224,-1.2646182929415222,-0.8163790261016381,-0.4798583896904603,-0.7695439648855121,-0.162984884853083,-0.4057153639132397,-0.859749037274094,-0.4820532819843823,0.7235841353206414,1.517337404975286,-0.867183108650202,1.2034554700313034,1.0244204544307591,0.6520824719662907
0.0770690460706269,-0.483805953824851,0.0654010400674976,0.0654010400674977,-0.938974872799396,-0.7546787393270175,-1.1859614417720363,-0.6750807673414826,-1.3046699908599295,-1.1674211851515772,-0.4820532819843823,0.7235841353206414,1.9295652134437968,1.481726696642523,0.2336038769236221,0.1069570338863763,-0.8186953190947199
1.5301472577810225,-0.0226124571987076,2.7254397060855378,2.7254397060855378,-0.8127194485882723,-0.4608693279476484,-0.7695439648855121,-0.6750807673414826,-0.4057153639132397,-0.5520768893966107,-0.4820532819843823,-0.392346723495129,0.2806539795697548,1.619897861659742,-0.864901498943241,1.0244204544307591,0.6520824719662907
1.2737216910085998,0.9887072230551398,1.3954203730765178,1.3954203730765178,1.3738781156478543,1.1747844891849368,0.8961259426605843,0.5587737238266685,0.1201393827003501,1.909300293623256,-0.4820532819843823,1.002566850024584,1.1051095965067756,-0.3490412398356303,1.208403692445118,1.2380367119965872,2.596344955306216
1.0172961242361769,0.6512264274714575,0.0654010400674976,0.0654010400674977,-0.111910354778702,0.2274869493566194,0.4797084657740602,0.2342275408568957,0.1201393827003501,1.2939559978682893,-0.4820532819843823,-0.9503121529030142,-1.3682572543042868,-0.6944691523786781,-1.5131186351529666,-1.0096730710621231,-0.8186953190947199
0.4189698017671905,1.3036861139502725,-1.2646182929415224,-1.2646182929415222,1.4909845960755632,0.7617466802689551,2.145378373320157,0.8331736116944045,1.6815926404232675,2.2169724415007392,-0.4820532819843823,-0.1133640087911864,-0.9560294458357764,-1.6271245162449073,1.6487954872746262,-1.1851065038678643,-0.8186953190947199
-0.6922076542466413,-0.7674923870320857,0.0654010400674976,0.0654010400674977,-0.9078684639357858,-0.7014517832074721,-1.047155616143195,-0.6750807673414826,-1.3046699908599295,-0.859749037274094,-0.4820532819843823,-0.1133640087911864,0.6928817880382653,0.1691006289789414,0.9362514596853098,0.8856123090539809,0.0416545355694672
-0.6922076542466413,1.4679834604978776,-1.2646182929415224,-1.2646182929415222,1.5733250901262958,1.208990946933965,1.0349317682894257,0.2342275408568957,1.6815926404232675,0.3709395542358393,2.521232791480213,-1.2292948676069568,-1.7804850627727973,0.1691006289789414,-1.641772417912149,-1.0909849017837396,-0.8186953190947199
-0.7776828431707823,0.6936026258976645,1.3954203730765178,1.3954203730765178,0.0692387321329101,0.4414573796131159,0.4797084657740602,0.2342275408568957,0.1201393827003501,1.2939559978682893,-0.4820532819843823,-0.6713294381990716,-0.9560294458357764,0.2727290027418557,0.1395876510611432,1.0672291256633304,2.122860263027301
1.1882465020844588,1.458524061074666,-1.2646182929415224,-1.2646182929415222,2.2448575638289388,1.1680605610956545,1.8677667220624736,-0.162984884853083,1.8052020693197453,2.2169724415007392,1.4128092602512243,-1.5082775823108994,-1.7804850627727973,0.2036434202332462,1.1539732458931562,-1.1669057793013278,-0.8186953190947199
0.2480194239189087,0.8805929761120661,-1.2646182929415224,-1.2646182929415222,0.8880692007485307,0.839626191436851,1.0349317682894257,0.5587737238266685,1.0190940096470398,1.2939559978682893,-0.4820532819843823,-0.392346723495129,-0.9560294458357764,-0.6599263611243733,0.4909114424419866,-1.0909849017837396,-0.8186953190947199
-1.6324347324121913,-1.142619681330369,0.0654010400674976,0.0654010400674977,-0.9865493804731528,-1.7103951378618685,-1.047155616143195,-1.3968393760212343,-1.3046699908599295,-0.5520768893966107,-0.4820532819843823,-1.5082775823108994,-0.9560294458357764,-0.6253835698700686,-1.4438435213595608,-0.1735214812393563,-0.8186953190947199
-1.119583598867346,-0.0226124571987076,0.0654010400674976,0.0654010400674977,-0.9554429716095424,-1.209943880838375,-1.047155616143195,-0.6750807673414826,-1.3046699908599295,-0.859749037274094,-0.4820532819843823,-0.392346723495129,0.2806539795697548,0.2727290027418557,0.1148465389920696,0.8856123090539809,0.0416545355694672
0.0770690460706269,0.1958375623095578,0.0654010400674976,0.0654010400674977,-0.0917826784551895,0.2531773968752706,0.4797084657740602,1.2805323325064204,0.1201393827003501,0.0632674063583559,-0.4820532819843823,1.560532279432469,0.6928817880382653,0.4799857502676844,-1.1667430661859377,-0.2454673690562298,0.6520824719662907
-1.119583598867346,1.1428763237556696,-1.2646182929415224,-1.2646182929415222,1.5916229776931254,1.217485575563378,1.0349317682894257,-0.162984884853083,1.2190147058053171,1.6016281457457726,2.521232791480213,-1.5082775823108994,-1.7804850627727973,-1.2816966037018591,0.0307267579572195,-1.0909849017837396,-0.8186953190947199
-0.5212572763983595,0.7069795543749339,1.3954203730765178,1.3954203730765178,0.0802174646730078,0.3118555052844995,0.757320117031743,0.2342275408568957,0.1201393827003501,1.909300293623256,-0.4820532819843823,-0.6713294381990716,-0.9560294458357764,-1.0744398561760309,1.5151934821016293,-0.0474487788157081,1.1255671642452048
1.4446720688568817,0.4762275381420368,0.0654010400674976,0.0654010400674977,0.5001539843317451,0.5680823345741673,1.0349317682894257,1.2805323325064204,0.1201393827003501,1.2939559978682893,-0.4820532819843823,1.560532279432469,0.6928817880382653,-0.7980975261415925,0.7036850062360189,-0.1735214812393563,1.1255671642452048
1.5301472577810225,0.7560442170397756,0.0654010400674976,0.0654010400674977,0.0692387321329101,0.3000442700036088,0.757320117031743,1.070869606315068,0.49323926303345,0.6786117021133227,-0.4820532819843823,0.7235841353206414,-0.1315738288987555,-1.4198677687190786,0.1445358734749578,-1.0547274587736004,-0.8186953190947199
1.7865728245534451,0.8986996043009414,-1.2646182929415224,-1.2646182929415222,0.8542181087498961,1.1673825799371915,0.3409026401452188,1.070869606315068,0.7826380134765774,-0.5520768893966107,-0.4820532819843823,0.4446014206166987,-0.5438016373672659,-0.6944691523786781,-0.7362477161840587,-0.982781570956727,-0.8186953190947199
-0.1793565207017958,-1.2485362900236057,0.0654010400674976,0.0654010400674977,-0.977400436689738,-1.297695065007778,-1.1859614417720363,-1.3968393760212343,-0.4057153639132397,-1.1674211851515772,-0.4820532819843823,-0.392346723495129,0.6928817880382653,0.8944992453193418,0.2484485441650664,0.1069570338863763,-0.8186953190947199
0.1625442349947678,-0.9259134399986048,1.3954203730765178,1.3954203730765178,-1.0194855780934458,-2.1750681023118763,-1.3247672674008777,-1.3968393760212343,-1.3046699908599295,-1.1674211851515772,-0.4820532819843823,-0.392346723495129,0.6928817880382653,-1.6962100987535167,-1.508170412739152,0.5503863368836847,-0.8186953190947199
-0.8631580320949231,1.736095326978006,0.0654010400674976,0.0654010400674977,1.144239626684144,0.4611430388190609,2.5617958502066807,1.79262821499482,1.8052020693197453,1.2939559978682893,2.521232791480213,1.839514994136412,-0.1315738288987555,-1.0398970649217258,-1.245914624806973,-1.208072885717573,-0.8186953190947199
0.931820935312036,0.8236932553391094,0.0654010400674976,0.0654010400674977,0.1534090149403258,0.4565392861188363,0.6185142914029015,0.5587737238266685,0.1201393827003501,1.2939559978682893,-0.4820532819843823,-0.1133640087911864,-0.5438016373672659,-1.5580389337362976,-0.3898721472170298,-1.0334885871285773,-0.8186953190947199
-0.0938813317776549,1.0987802345252422,2.7254397060855378,2.7254397060855378,1.8185167835218117,1.9424681292352093,-0.0755148367413053,-0.6750807673414826,1.0190940096470398,-0.2444047415191273,-0.4820532819843823,-0.6713294381990716,-0.1315738288987555,1.4126411141339137,0.4612221079590983,1.7311298417814909,2.122860263027301
1.2737216910085998,0.7231274180367806,-1.2646182929415224,-1.2646182929415222,1.1277715278739973,1.109731314073002,0.757320117031743,0.2342275408568957,1.54494875626063,0.0632674063583559,-0.4820532819843823,-0.6713294381990716,-0.9560294458357764,-1.661667307499212,1.4954005924463707,-0.3670770836606984,0.6520824719662907
-0.3503068985500777,-0.0226124571987076,0.0654010400674976,0.0654010400674977,-0.8401662799385166,-0.4313883177484903,-0.9083497905143536,-0.162984884853083,-1.3046699908599295,-0.859749037274094,-0.4820532819843823,0.4446014206166987,1.1051095965067756,-0.8326403173958973,1.4805559252049263,1.3596464266010553,0.6520824719662907
0.8463457463878951,0.6294889186958947,0.0654010400674976,0.0654010400674977,0.4919199349266718,0.2464025629679755,1.8677667220624736,1.637741372355351,0.49323926303345,2.2169724415007392,-0.4820532819843823,2.118497708840354,0.6928817880382653,-0.6944691523786781,0.570083001063022,-0.4429979611782864,1.1255671642452048
-0.5212572763983595,0.4192800426245184,1.3954203730765178,1.3954203730765178,0.1698771137504724,0.3393867136762067,0.8961259426605843,1.4680820320250476,0.1201393827003501,0.6786117021133227,1.4128092602512243,1.839514994136412,0.6928817880382653,1.343555531625304,0.4760667752005427,0.1789029217032497,1.5124323266304776
1.4446720688568817,-1.1237964319730684,-1.2646182929415224,-1.2646182929415222,-0.9206769852325664,-1.1996152459374914,-0.7695439648855121,-0.6750807673414826,-0.4057153639132397,-0.5520768893966107,-0.4820532819843823,-1.5082775823108994,-1.3682572543042868,0.3072717939961605,-1.45373996618719,-0.5087474534096524,-0.8186953190947199
-0.6922076542466413,-0.5546081252652555,0.0654010400674976,0.0654010400674977,-1.01582600058008,-2.0102550223335784,-1.3247672674008777,-1.3968393760212343,-1.3046699908599295,-1.1674211851515772,-0.4820532819843823,-0.6713294381990716,0.2806539795697548,0.6526997065392084,1.0055265734787155,0.5503863368836847,-0.8186953190947199
-0.2648317096259368,1.1177468081162278,-1.2646182929415224,-1.2646182929415222,1.6886017817973218,1.3899642651397206,0.757320117031743,1.070869606315068,1.2190147058053171,-0.2444047415191273,-0.4820532819843823,0.7235841353206414,-0.1315738288987555,-0.5217551961071543,1.5696239286535911,-1.0547274587736004,-0.8186953190947199
-0.6067324653225004,1.14516951149463,-1.2646182929415224,-1.2646182929415222,2.476325841549332,1.454605910028086,1.3125434195471084,0.5587737238266685,1.54494875626063,0.986283849990806,1.4128092602512243,-0.1133640087911864,-0.5438016373672659,-0.3144984485813255,1.342005697618115,-1.4262108739540356,-2.2894731101557304
-0.6067324653225004,-1.2196325695637915,-1.2646182929415224,-1.2646182929415222,-1.0066770567966652,-1.6746168452883827,-1.3247672674008777,-2.6306938671893856,-1.3046699908599295,-0.859749037274094,-0.4820532819843823,-1.787260297014842,-0.9560294458357764,-1.2816966037018591,-0.2760630316992917,0.5503863368836847,-0.8186953190947199
0.3334946128430496,0.200232838809232,-1.2646182929415224,-1.2646182929415222,0.2266005652076439,0.3944097779110503,0.8961259426605843,1.637741372355351,-0.4057153639132397,0.6786117021133227,1.4128092602512243,2.397480423544297,1.1051095965067756,-1.3853249774647738,0.9362514596853098,-0.7385604988411334,0.0416545355694672
-1.3760091656397686,-1.0555740967389946,0.0654010400674976,0.0654010400674977,-0.7376981095642713,-0.282440474505862,-0.6307381392566708,-0.162984884853083,-0.4057153639132397,-0.5520768893966107,-0.4820532819843823,0.4446014206166987,1.1051095965067756,1.3090127403709992,1.5597274838259618,1.3596464266010553,1.1255671642452048
-0.008406142853514,-1.2206836139441484,0.0654010400674976,0.0654010400674977,-1.010336634310031,-1.798146322031272,-1.3247672674008777,-1.3968393760212343,-1.3046699908599295,-1.1674211851515772,-0.4820532819843823,-0.392346723495129,0.6928817880382653,-1.5234961424819928,0.0851572045091813,0.5503863368836847,-0.8186953190947199
-0.3503068985500777,-1.35182528776595,0.0654010400674976,0.0654010400674977,-0.8950599426390051,-0.8044829176976724,-0.9083497905143536,-0.162984884853083,-1.3046699908599295,-0.859749037274094,-0.4820532819843823,0.1656187059127561,0.6928817880382653,1.3090127403709992,0.0356749803710343,1.3596464266010553,0.6520824719662907
0.5044449906913314,-0.6322898599225414,-1.2646182929415224,-1.2646182929415222,-0.4577404297917797,0.2317276032749134,-0.353126487998988,-0.6750807673414826,1.0190940096470398,-0.859749037274094,-0.4820532819843823,-1.2292948676069568,-0.9560294458357764,0.2381862114875509,0.2979307683032133,-0.7713565969387494,-0.8186953190947199
-1.5469595434880503,1.4096504973880708,-1.2646182929415224,-1.2646182929415222,0.3839623982823777,0.1589975897654902,1.8677667220624736,-0.162984884853083,1.8052020693197453,2.2169724415007392,-0.4820532819843823,-1.5082775823108994,-1.7804850627727973,-1.0744398561760309,-1.1370537317030494,-1.1669057793013278,-0.8186953190947199
0.7608705574637542,-1.070862014998731,1.3954203730765178,1.3954203730765178,-0.937145084042713,-0.9889509749023732,-1.047155616143195,-1.3968393760212343,-1.3046699908599295,-0.5520768893966107,-0.4820532819843823,-0.392346723495129,0.6928817880382653,1.5853550704054375,-0.1573056937677389,0.8856123090539809,0.0416545355694672
-0.0938813317776549,-0.7508667759246223,1.3954203730765178,1.3954203730765178,-0.7633151521578326,-0.3865968512142796,-0.6307381392566708,-0.162984884853083,-0.4057153639132397,-0.5520768893966107,1.4128092602512243,0.1656187059127561,0.6928817880382653,-0.0381561185468872,-0.0286519110085567,1.9096014216657184,1.5124323266304776
1.0172961242361769,-0.0700766659207331,0.0654010400674976,0.0654010400674977,-0.3589318369309004,0.1056665509484132,0.063290988887536,0.8331736116944045,-0.4057153639132397,0.0632674063583559,2.521232791480213,1.002566850024584,0.6928817880382653,-1.5925817249906025,-1.5922901937740015,0.4169691447109346,1.1255671642452048
-0.3503068985500777,1.3251847490030269,-1.2646182929415224,-1.2646182929415222,1.3089206147856094,1.20737982071333,0.757320117031743,0.5587737238266685,1.2190147058053171,0.3709395542358393,1.4128092602512243,-0.6713294381990716,-1.3682572543042868,0.7217852890478179,-1.5131186351529666,-1.0547274587736004,-0.8186953190947199
0.1625442349947678,0.1109896159680204,0.0654010400674976,0.0654010400674977,-0.6846342356204658,-0.2304392391608898,-0.4919323136278294,-0.6750807673414826,0.1201393827003501,-0.2444047415191273,-0.4820532819843823,-1.5082775823108994,-1.3682572543042868,1.032670410336561,-0.963865947219535,-0.7023030558309942,-0.8186953190947199
1.0172961242361769,-0.0226124571987076,2.7254397060855378,2.7254397060855378,0.0637493658628612,0.362655459964065,0.6185142914029015,1.070869606315068,0.1201393827003501,0.6786117021133227,-0.4820532819843823,1.839514994136412,1.517337404975286,-1.5580389337362976,1.1539732458931562,2.243346784088652,3.153051444446254
1.0172961242361769,-0.0226124571987076,1.3954203730765178,1.3954203730765178,-1.0066770567966652,-1.6746168452883827,-1.3247672674008777,-1.3968393760212343,-1.3046699908599295,-1.1674211851515772,-0.4820532819843823,-0.392346723495129,0.6928817880382653,-0.1417844923098016,-1.587341971360187,0.5503863368836847,-0.8186953190947199
-0.3503068985500777,-0.0226124571987076,-1.2646182929415224,-1.2646182929415222,0.7627286709157486,1.1910831855640818,0.2020968145163774,-0.6750807673414826,0.7826380134765774,0.6786117021133227,-0.4820532819843823,-1.787260297014842,-1.7804850627727973,1.3090127403709992,-0.6719208248044677,-0.952176756406961,-0.8186953190947199
-0.2648317096259368,-0.4519879739467745,0.0654010400674976,0.0654010400674977,-0.9810600142031038,-1.3644283259157888,-1.1859614417720363,-1.3968393760212343,-1.3046699908599295,-0.859749037274094,-0.4820532819843823,-0.392346723495129,0.6928817880382653,0.6872424977935131,-1.2657075144622316,0.1069570338863763,-0.8186953190947199
-0.0938813317776549,-1.3486243798803177,0.0654010400674976,0.0654010400674977,-0.9609323378795912,-1.6496813574494802,-0.7695439648855121,-0.162984884853083,-0.4057153639132397,-0.859749037274094,-0.4820532819843823,-0.392346723495129,-0.1315738288987555,1.2053843666080848,-1.572497304118743,1.0244204544307591,0.6520824719662907
-1.205058787791487,-1.0395217825662713,0.0654010400674976,0.0654010400674977,-0.9572727603662254,-1.2343855640425854,-1.047155616143195,-0.6750807673414826,-1.3046699908599295,-0.859749037274094,-0.4820532819843823,-0.392346723495129,0.2806539795697548,-0.6599263611243733,-1.5626008592911136,-0.1735214812393563,-0.8186953190947199
0.7608705574637542,-0.1881758344771973,0.0654010400674976,0.0654010400674977,0.0692387321329101,0.3686133058104551,0.6185142914029015,1.070869606315068,0.7826380134765774,0.0632674063583559,1.4128092602512243,1.002566850024584,0.2806539795697548,0.7908708715564274,1.1391285786517125,0.3452735080097503,1.5124323266304776
-0.2648317096259368,-0.0019976549203442,1.3954203730765178,1.3954203730765178,-0.9243365627459325,-0.8548680632091767,-1.047155616143195,-0.6750807673414826,-1.3046699908599295,-0.859749037274094,-0.4820532819843823,-0.1133640087911864,0.6928817880382653,-0.4181268223442398,0.4463774407176544,0.8856123090539809,0.0416545355694672
1.5301472577810225,1.2728236289634296,-1.2646182929415224,-1.2646182929415222,0.5733455345990631,0.4045307436692352,1.5901550708047911,0.5587737238266685,1.3921938899801396,1.909300293623256,1.4128092602512243,-0.6713294381990716,-1.3682572543042868,-0.1763272835641064,-0.7115066041149853,-1.1457323588283028,-0.8186953190947199
-1.205058787791487,-0.0814470551264121,-1.2646182929415224,-1.2646182929415222,-0.2893998641769483,0.1332920463932158,0.2020968145163774,0.5587737238266685,0.1201393827003501,0.3709395542358393,-0.4820532819843823,0.1656187059127561,-0.1315738288987555,-0.5908407786157638,0.1000018717506253,-0.5087474534096524,0.0416545355694672
0.7608705574637542,-0.1926188857214332,0.0654010400674976,0.0654010400674977,-0.9078684639357858,-0.7014517832074721,-1.047155616143195,-0.6750807673414826,-1.3046699908599295,-0.859749037274094,-0.4820532819843823,0.1656187059127561,1.1051095965067756,-1.6962100987535167,-0.0632894679052595,0.8856123090539809,0.0416545355694672
0.8463457463878951,-0.8265419713103177,0.0654010400674976,0.0654010400674977,-0.938974872799396,-1.009352508286591,-1.047155616143195,-0.6750807673414826,-1.3046699908599295,-0.859749037274094,-0.4820532819843823,-0.392346723495129,0.2806539795697548,-0.2108700748184112,-1.3003450713589344,0.8856123090539809,0.0416545355694672
-0.8631580320949231,1.616610690829253,0.0654010400674976,0.0654010400674977,0.7215584238903822,0.4611430388190609,1.7289608964336325,1.4680820320250476,1.0190940096470398,1.6016281457457726,-0.4820532819843823,1.2815495647285264,-0.1315738288987555,0.3418145852504653,0.4018434389933223,-0.8974292993623979,0.0416545355694672
2.042998391325868,0.668425335513661,-1.2646182929415224,-1.2646182929415222,1.009750153067947,1.2634608110150998,0.3409026401452188,0.8331736116944045,0.49323926303345,0.0632674063583559,-0.4820532819843823,0.1656187059127561,-0.5438016373672659,0.6526997065392084,0.268241433820325,-0.982781570956727,-0.8186953190947199
0.8463457463878951,1.6883683571608912,-1.2646182929415224,-1.2646182929415222,0.7224733182687236,0.7929771403201153,0.8961259426605843,-0.162984884853083,1.9180486365937297,-0.2444047415191273,-0.4820532819843823,-1.5082775823108994,-1.7804850627727973,-0.4872124048528494,-1.4933257454977078,-1.073786471011429,-0.8186953190947199
-0.8631580320949231,-1.302378427144615,0.0654010400674976,0.0654010400674977,-0.9865493804731528,-1.471823394243565,-1.1859614417720363,-1.3968393760212343,-1.3046699908599295,-0.859749037274094,-0.4820532819843823,-0.9503121529030142,-0.1315738288987555,1.5508122791511327,-0.7560406058393175,0.1069570338863763,-0.8186953190947199
0.4189698017671905,-0.1318016358944191,1.3954203730765178,1.3954203730765178,-0.6974427569172463,-0.2737512153555932,-0.4919323136278294,0.2342275408568957,-0.4057153639132397,-0.5520768893966107,-0.4820532819843823,0.4446014206166987,0.6928817880382653,-1.178068229938945,-0.3750274799755856,1.1003413319483475,1.1255671642452048
-0.008406142853514,0.0266671918166615,1.3954203730765178,1.3954203730765178,0.5486433863838434,0.4906152270762497,1.3125434195471084,0.8331736116944045,0.7826380134765774,1.909300293623256,-0.4820532819843823,0.7235841353206414,0.2806539795697548,0.2381862114875509,0.7828565648570539,-0.27842076318998,1.1255671642452048
-0.7776828431707823,-0.6352996688299271,0.0654010400674976,0.0654010400674977,-0.7742938846979304,-0.2773549103767891,-0.7695439648855121,-0.162984884853083,-0.4057153639132397,-0.859749037274094,-0.4820532819843823,0.1656187059127561,0.6928817880382653,-1.1089826474303357,1.0055265734787155,0.3005126363077182,0.0416545355694672
0.7608705574637542,1.7773727062792943,-1.2646182929415224,-1.2646182929415222,0.3089410592583767,0.9287111017894856,0.063290988887536,0.5587737238266685,0.7826380134765774,-0.5520768893966107,-0.4820532819843823,-0.6713294381990716,-1.3682572543042868,-1.0744398561760309,1.064905242444492,-0.9170320787253609,-0.8186953190947199
-0.8631580320949231,1.2155417102339796,0.0654010400674976,0.0654010400674977,0.671239233081601,0.5266243466447503,1.4513492451759498,0.8331736116944045,1.2190147058053171,1.6016281457457726,-0.4820532819843823,-0.1133640087911864,-0.9560294458357764,-0.1072417010554968,-0.568008154114359,-1.1337935730163105,-0.8186953190947199
-1.8888602991846144,0.7773517531142833,-1.2646182929415224,-1.2646182929415222,2.092985097024254,1.7026041550657796,0.4797084657740602,1.070869606315068,0.7826380134765774,-0.2444047415191273,1.4128092602512243,1.839514994136412,1.517337404975286,-0.3144984485813255,1.198507247617489,-1.0096730710621231,-0.8186953190947199
0.5044449906913314,0.2595690715548341,0.0654010400674976,0.0654010400674977,0.072898309646276,0.3725692856968878,0.6185142914029015,1.2805323325064204,-0.4057153639132397,0.6786117021133227,1.4128092602512243,1.2815495647285264,0.2806539795697548,-0.7635547348872876,-1.7308404213608135,-0.3095807690055359,0.6520824719662907
-1.8888602991846144,1.63304520295847,-1.2646182929415224,-1.2646182929415222,0.296132537961596,0.1785431662200144,1.5901550708047911,0.8331736116944045,1.3921938899801396,1.6016281457457726,2.521232791480213,-0.1133640087911864,-0.9560294458357764,1.5853550704054375,0.9362514596853098,-1.1457323588283028,-0.8186953190947199
-0.948633221019064,-0.3765038775393258,0.0654010400674976,0.0654010400674977,-0.0313996494846521,0.3271881828055925,0.4797084657740602,0.8331736116944045,0.7826380134765774,0.0632674063583559,-0.4820532819843823,1.002566850024584,0.6928817880382653,-1.0398970649217258,1.0401641303754183,0.4421830060566722,1.5124323266304776
0.5899201796154724,-0.0511100923297476,1.3954203730765178,1.3954203730765178,-0.8310173361551018,-0.3788584893898943,-0.9083497905143536,-0.6750807673414826,-0.4057153639132397,-0.859749037274094,-0.4820532819843823,-0.392346723495129,0.2806539795697548,-0.7635547348872876,-0.3057523661821799,0.5503863368836847,0.0416545355694672
-0.0938813317776549,1.858924195246076,-1.2646182929415224,-1.2646182929415222,1.555942096937808,1.5516447699429723,0.3409026401452188,0.2342275408568957,1.2190147058053171,-0.2444047415191273,2.521232791480213,-1.2292948676069568,-1.7804850627727973,-0.8326403173958973,-0.9787106144609792,-1.4262108739540356,-2.2894731101557304
-0.7776828431707823,-0.7311835811652116,0.0654010400674976,0.0654010400674977,-0.0451230651597743,0.388202619881629,0.3409026401452188,1.4680820320250476,-0.4057153639132397,-0.2444047415191273,-0.4820532819843823,2.397480423544297,1.517337404975286,0.8599564540650371,0.6987367838222043,0.5503863368836847,1.5124323266304776
0.1625442349947678,-1.00813377538925,1.3954203730765178,1.3954203730765178,-0.8914003651256391,-0.5650138533070597,-1.047155616143195,-1.3968393760212343,-0.4057153639132397,-0.859749037274094,-0.4820532819843823,-0.9503121529030142,-0.1315738288987555,1.2399271578623896,-0.0039107989394833,0.8856123090539809,0.0416545355694672
-0.008406142853514,-1.430223643591661,0.0654010400674976,0.0654010400674977,-0.9792302254464208,-1.5731132662752778,-1.047155616143195,-0.6750807673414826,-1.3046699908599295,-0.859749037274094,-0.4820532819843823,-0.392346723495129,0.2806539795697548,-0.4181268223442398,-0.6273868230801355,0.8856123090539809,0.0416545355694672
1.3591968799327403,0.2041981426078511,0.0654010400674976,0.0654010400674977,0.1680473249937895,0.4024844353785498,0.757320117031743,0.8331736116944045,0.1201393827003501,1.2939559978682893,-0.4820532819843823,0.1656187059127561,-0.5438016373672659,0.549071332776294,0.1000018717506253,-0.0474487788157081,1.1255671642452048
0.1625442349947678,-0.9219481361999856,0.0654010400674976,0.0654010400674977,-0.8932301538823222,-0.790046909063054,-0.9083497905143536,-0.6750807673414826,-0.4057153639132397,-0.859749037274094,-0.4820532819843823,-0.6713294381990716,-0.1315738288987555,-1.2471538124475547,-1.1321055092892347,1.3596464266010553,0.6520824719662907
-1.3760091656397686,-1.545265228496178,1.3954203730765178,1.3954203730765178,-0.9847195917164696,-1.4349769365943692,-1.1859614417720363,-1.3968393760212343,-1.3046699908599295,-0.859749037274094,-0.4820532819843823,-0.392346723495129,0.6928817880382653,0.4799857502676844,-0.2760630316992917,1.3596464266010553,0.0416545355694672
-0.6067324653225004,-0.9967156114390092,0.0654010400674976,0.0654010400674977,-0.9609323378795912,-1.0353379873993205,-1.1859614417720363,-1.3968393760212343,-1.3046699908599295,-0.859749037274094,-0.4820532819843823,-0.392346723495129,0.6928817880382653,1.17084157535378,0.3919469941656926,0.1069570338863763,-0.8186953190947199
-1.205058787791487,2.3942402080596605,-1.2646182929415224,-1.2646182929415222,0.9612607510158488,0.5221067715749415,2.006572547691315,0.8331736116944045,1.54494875626063,2.2169724415007392,3.3076718024868312,-0.392346723495129,-1.3682572543042868,0.6872424977935131,0.5948241131320953,-1.4262108739540356,-2.2894731101557304
0.3334946128430496,0.9379704443306396,-1.2646182929415224,-1.2646182929415222,-0.1000167278602628,0.4028744700374908,0.2020968145163774,-0.162984884853083,0.7826380134765774,0.3709395542358393,-0.4820532819843823,-1.5082775823108994,-1.7804850627727973,1.3090127403709992,0.7036850062360189,-0.5087474534096524,0.0416545355694672
-1.2905339767156276,1.3258535954268904,-1.2646182929415224,-1.2646182929415222,1.4013249469980986,1.476656490399503,0.3409026401452188,-0.162984884853083,1.2190147058053171,0.0632674063583559,-0.4820532819843823,-1.5082775823108994,-1.7804850627727973,-0.4181268223442398,0.3968952165795072,-0.982781570956727,-0.8186953190947199
1.3591968799327403,0.1191113225435054,1.3954203730765178,1.3954203730765178,-0.8749322663154926,-0.6542766906573935,-0.9083497905143536,-0.6750807673414826,-1.3046699908599295,-0.5520768893966107,-0.4820532819843823,-0.392346723495129,0.2806539795697548,0.065472255216027,-1.6467206403259635,0.5503863368836847,0.0416545355694672
0.6753953685396132,-0.0226124571987076,0.0654010400674976,0.0654010400674977,-0.300378596717046,0.1157012783189291,0.2020968145163774,0.8331736116944045,-0.4057153639132397,0.3709395542358393,-0.4820532819843823,0.7235841353206414,0.2806539795697548,-0.9017258999045068,-0.0039107989394833,-0.0922096505177403,0.6520824719662907
1.1027713131603178,1.2192681403097902,1.3954203730765178,1.3954203730765178,0.1698771137504724,0.3393867136762067,0.8961259426605843,0.8331736116944045,0.49323926303345,1.2939559978682893,-0.4820532819843823,0.1656187059127561,-0.5438016373672659,0.7908708715564274,-1.503222190325337,-0.1135143792344754,1.1255671642452048
1.4446720688568817,0.5323628630020065,0.0654010400674976,0.0654010400674977,-0.2070593701262154,0.2577914757738008,0.2020968145163774,0.5587737238266685,0.7826380134765774,-0.2444047415191273,-0.4820532819843823,0.1656187059127561,-0.1315738288987555,-1.350782186210469,-0.4047168144584739,0.6719960514881532,1.5124323266304776
0.931820935312036,0.452722363817692,1.3954203730765178,1.3954203730765178,0.1168132398066668,0.3504294155151137,0.757320117031743,1.79262821499482,-0.4057153639132397,0.0632674063583559,-0.4820532819843823,2.67646313824824,1.1051095965067756,-0.2454128660727159,0.6047205579597249,0.2579690359459597,1.5124323266304776
-0.008406142853514,1.0316089436715252,-1.2646182929415224,-1.2646182929415222,0.2348346146127172,0.4672039788661856,0.757320117031743,1.070869606315068,0.1201393827003501,0.986283849990806,-0.4820532819843823,0.4446014206166987,-0.5438016373672659,-1.350782186210469,-1.062830395495829,-1.0547274587736004,-0.8186953190947199
0.5044449906913314,-0.0226124571987076,0.0654010400674976,0.0654010400674977,0.2869835941781813,0.5154798312633857,0.757320117031743,0.8331736116944045,1.0190940096470398,0.3709395542358393,-0.4820532819843823,0.1656187059127561,-0.5438016373672659,1.619897861659742,-0.1573056937677389,-1.0547274587736004,-0.8186953190947199
0.4189698017671905,-0.4922620836122678,1.3954203730765178,1.3954203730765178,-0.5291021913024149,-0.0378887072165148,-0.2143206623701467,0.5587737238266685,-0.4057153639132397,-0.2444047415191273,-0.4820532819843823,1.002566850024584,1.1051095965067756,0.065472255216027,-0.172150361009183,1.1482214525830774,1.5124323266304776
0.1625442349947678,0.5315506923444581,-1.2646182929415224,-1.2646182929415222,1.609920865259955,1.109964568286669,1.3125434195471084,0.2342275408568957,1.0190940096470398,2.2169724415007392,1.4128092602512243,-0.6713294381990716,-0.9560294458357764,-0.9708114824131164,0.570083001063022,-1.1207930591923676,-0.8186953190947199
-0.6067324653225004,-2.0211972338195987,0.0654010400674976,0.0654010400674977,-0.9865493804731528,-1.471823394243565,-1.1859614417720363,-1.3968393760212343,-1.3046699908599295,-0.859749037274094,-0.4820532819843823,-0.1133640087911864,1.1051095965067756,-0.6253835698700686,1.6636401545160706,1.3596464266010553,0.0416545355694672
0.8463457463878951,-0.8643795690031655,2.7254397060855378,2.7254397060855378,-0.8456556462085654,-0.464013953006493,-0.9083497905143536,-0.6750807673414826,0.1201393827003501,-1.1674211851515772,-0.4820532819843823,0.1656187059127561,1.1051095965067756,0.4109001677590749,0.0158820907157756,1.3596464266010553,0.6520824719662907
-0.3503068985500777,-0.7641481549127683,1.3954203730765178,1.3954203730765178,-0.9499536053394936,-0.8870481082377737,-1.1859614417720363,-1.3968393760212343,-0.4057153639132397,-1.1674211851515772,1.4128092602512243,-0.9503121529030142,-0.1315738288987555,-0.4181268223442398,-1.5477561920496696,1.3596464266010553,0.0416545355694672
0.3334946128430496,-0.7134591509328296,1.3954203730765178,1.3954203730765178,-0.970081281663006,-1.4205409279597512,-1.047155616143195,-0.6750807673414826,-1.3046699908599295,-0.859749037274094,-0.4820532819843823,-0.1133640087911864,0.6928817880382653,0.8599564540650371,-0.0880305799743332,0.8856123090539809,0.0416545355694672
-1.974335488108755,1.9589645103582265,-1.2646182929415224,-1.2646182929415222,2.092985097024254,1.3705321887302453,1.173737593918267,0.5587737238266685,0.7826380134765774,1.909300293623256,-0.4820532819843823,-0.6713294381990716,-1.3682572543042868,-0.1072417010554968,1.3073681407214122,-1.1065825691090454,-0.8186953190947199
-0.6067324653225004,0.6329764750488971,0.0654010400674976,0.0654010400674977,0.8871543063701892,1.1883620878896608,0.3409026401452188,-0.162984884853083,1.0190940096470398,0.3709395542358393,-0.4820532819843823,0.1656187059127561,0.6928817880382653,-1.5580389337362976,-0.6273868230801355,-0.5662437680648148,0.0416545355694672
0.5899201796154724,1.6365805340560338,-1.2646182929415224,-1.2646182929415222,1.1286864222523387,0.866660813755495,1.3125434195471084,0.5587737238266685,1.3921938899801396,1.2939559978682893,-0.4820532819843823,-0.6713294381990716,-1.3682572543042868,0.8254136628107323,0.4067916614071369,-1.1207930591923676,-0.8186953190947199
-0.4357820874742186,0.7881488453852221,0.0654010400674976,0.0654010400674977,0.5541327526538922,0.4947686735126512,1.3125434195471084,1.2805323325064204,1.0190940096470398,0.986283849990806,-0.4820532819843823,1.2815495647285264,0.2806539795697548,-0.072698909801192,-0.2414254748025888,-0.5478972431289096,0.6520824719662907
-1.6324347324121913,-0.4764008684177912,0.0654010400674976,0.0654010400674977,-0.4687191623318775,0.3351442087991244,-0.4919323136278294,0.2342275408568957,0.1201393827003501,-0.859749037274094,-0.4820532819843823,0.4446014206166987,0.6928817880382653,-1.2471538124475547,0.5601865562353924,0.5503863368836847,0.6520824719662907
-0.6067324653225004,0.3800092025948204,1.3954203730765178,1.3954203730765178,0.5651114851939899,1.2373596394743014,-0.0755148367413053,-0.162984884853083,0.49323926303345,0.0632674063583559,-0.4820532819843823,0.4446014206166987,1.1051095965067756,-0.4526696135985447,1.3123163631352268,0.1069570338863763,0.6520824719662907
-0.5212572763983595,-1.3328109394304029,0.0654010400674976,0.0654010400674977,-0.9151876189625175,-0.7672948423690336,-1.047155616143195,-0.6750807673414826,-1.3046699908599295,-0.859749037274094,-0.4820532819843823,-0.392346723495129,0.2806539795697548,-0.072698909801192,1.26283413899708,-0.1735214812393563,-0.8186953190947199
-1.034108409943205,-0.6357774162755437,0.0654010400674976,0.0654010400674977,-0.9993579017699332,-1.45941861979858,-1.3247672674008777,-1.3968393760212343,-1.3046699908599295,-1.1674211851515772,-0.4820532819843823,-0.1133640087911864,1.1051095965067756,-0.0036133272925825,-0.2414254748025888,0.5503863368836847,-0.8186953190947199
-0.3503068985500777,-0.7723654109773767,2.7254397060855378,2.7254397060855378,-0.6535278267568555,-0.1311777400884723,-0.4919323136278294,0.2342275408568957,-0.4057153639132397,-0.5520768893966107,-0.4820532819843823,0.7235841353206414,1.1051095965067756,1.5508122791511327,1.5943650407226648,2.526983547721405,2.122860263027301
0.2480194239189087,-0.1074842909125258,-1.2646182929415224,-1.2646182929415222,-0.8072300823182235,-0.4329225189005929,-0.7695439648855121,-0.6750807673414826,-0.4057153639132397,-0.5520768893966107,-0.4820532819843823,-1.2292948676069568,-0.9560294458357764,0.549071332776294,-1.711047531705555,-0.5087474534096524,-0.8186953190947199
1.3591968799327403,0.3582716938192576,1.3954203730765178,1.3954203730765178,-0.1997402150994836,0.1857248375515617,0.3409026401452188,0.2342275408568957,0.7826380134765774,0.3709395542358393,-0.4820532819843823,-0.6713294381990716,-0.9560294458357764,0.3418145852504653,-1.424050631704302,-0.982781570956727,-0.8186953190947199
-0.008406142853514,0.663695635802055,0.0654010400674976,0.0654010400674977,-0.1979104263428007,0.1883260285416103,0.3409026401452188,1.2805323325064204,-0.4057153639132397,0.0632674063583559,1.4128092602512243,1.2815495647285264,0.2806539795697548,1.619897861659742,-1.1865359558411963,0.1979619339410786,1.1255671642452048
-0.2648317096259368,-0.2632777329281526,0.0654010400674976,0.0654010400674977,-0.2546338777999722,0.276077212711014,0.063290988887536,1.070869606315068,-0.4057153639132397,-0.2444047415191273,-0.4820532819843823,1.2815495647285264,0.6928817880382653,-0.7290119436329829,1.030267685547789,0.4169691447109346,1.1255671642452048
-1.6324347324121913,-0.8446008247546315,0.0654010400674976,0.0654010400674977,-0.8767620550721755,-0.8445394283082932,-0.7695439648855121,-0.162984884853083,-1.3046699908599295,-0.5520768893966107,-0.4820532819843823,-0.1133640087911864,0.2806539795697548,-1.2816966037018591,-1.5131186351529666,1.6792747314460452,1.1255671642452048
1.4446720688568817,0.4373866708133938,0.0654010400674976,0.0654010400674977,0.8286010661563348,0.5813822172373281,1.5901550708047911,1.2805323325064204,1.0190940096470398,1.6016281457457726,-0.4820532819843823,1.002566850024584,-0.1315738288987555,0.2727290027418557,1.3568503648595591,-0.876255878889373,0.0416545355694672
1.7010976356293042,0.8368790848381321,-1.2646182929415224,-1.2646182929415222,1.4873250185621971,1.168263882843573,1.0349317682894257,1.637741372355351,0.7826380134765774,0.0632674063583559,2.521232791480213,1.2815495647285264,-0.5438016373672659,-1.350782186210469,0.6987367838222043,-1.0909849017837396,-0.8186953190947199
0.931820935312036,-0.0901898333811989,0.0654010400674976,0.0654010400674977,-0.4796978948719752,-0.031521033585082,-0.0755148367413053,0.8331736116944045,-0.4057153639132397,-0.2444047415191273,-0.4820532819843823,1.002566850024584,0.6928817880382653,-1.5580389337362976,0.0109338683019607,0.1069570338863763,0.6520824719662907
-0.7776828431707823,0.3986413529738742,2.7254397060855378,2.7254397060855378,-1.0066770567966652,-1.6746168452883827,-1.3247672674008777,-2.6306938671893856,-1.3046699908599295,-0.859749037274094,-0.4820532819843823,-1.5082775823108994,-0.5438016373672659,-0.0036133272925825,-0.3156488110098094,0.5503863368836847,-0.8186953190947199
-0.6922076542466413,0.1681759852083471,0.0654010400674976,0.0654010400674977,-0.7431874758343201,-0.3040316606741784,-0.6307381392566708,-1.3968393760212343,-0.4057153639132397,0.0632674063583559,-0.4820532819843823,-1.787260297014842,-1.3682572543042868,-1.5925817249906025,-0.4888365954933237,-0.616950784236665,-0.8186953190947199
1.1882465020844588,1.3597736640656806,-1.2646182929415224,-1.2646182929415222,1.142409837927461,1.187444001809765,0.6185142914029015,-0.162984884853083,0.7826380134765774,1.2939559978682893,-0.4820532819843823,-1.5082775823108994,-1.7804850627727973,0.5145285415219892,-0.2018396954920712,-1.0334885871285773,-0.8186953190947199
0.931820935312036,-1.0191219666384357,2.7254397060855378,2.7254397060855378,-1.01582600058008,-2.0102550223335784,-1.3247672674008777,-1.3968393760212343,-1.3046699908599295,-1.1674211851515772,-0.4820532819843823,-0.392346723495129,0.6928817880382653,-1.6962100987535167,0.0455714251986636,0.5503863368836847,-0.8186953190947199
2.042998391325868,0.8838894334868217,-1.2646182929415224,-1.2646182929415222,1.8532827698987877,1.0613972943645678,1.7289608964336325,1.637741372355351,1.2190147058053171,0.986283849990806,-0.4820532819843823,1.839514994136412,0.2806539795697548,-1.0053542736674212,1.223248359686562,-0.8974292993623979,0.0416545355694672
-1.2905339767156276,-1.367638728215865,0.0654010400674976,0.0654010400674977,-0.8182088148583212,-0.4894636106790955,-0.7695439648855121,-0.162984884853083,-1.3046699908599295,-0.5520768893966107,-0.4820532819843823,0.4446014206166987,1.1051095965067756,1.4471839053882185,-0.8846943885984998,1.6792747314460452,1.1255671642452048
-0.5212572763983595,1.0658634355222472,-1.2646182929415224,-1.2646182929415222,1.3263036079740975,1.1505641788927978,0.8961259426605843,0.5587737238266685,0.7826380134765774,1.2939559978682893,-0.4820532819843823,-0.6713294381990716,-1.3682572543042868,-1.3853249774647738,0.3474129924413605,-1.073786471011429,-0.8186953190947199
-0.3503068985500777,3.1322644620484383,0.0654010400674976,0.0654010400674977,0.0253238019725193,0.0121559045177024,1.3125434195471084,-2.6306938671893856,2.761806959817541,-1.782765480906544,-0.4820532819843823,-2.6242084411266697,-2.192712871241308,1.6889834441683518,-1.1568466213583082,2.145733578649078,3.593638054088312
0.2480194239189087,-0.4000090518636706,2.7254397060855378,2.7254397060855378,-0.8785918438288586,-0.6802621697701225,-0.9083497905143536,-0.6750807673414826,-1.3046699908599295,-0.5520768893966107,-0.4820532819843823,-0.392346723495129,0.2806539795697548,1.17084157535378,-0.6224386006663206,1.3596464266010553,0.6520824719662907
1.3591968799327403,0.5110075521829373,-1.2646182929415224,-1.2646182929415222,-0.2939743360686556,-0.1048932190352565,0.6185142914029015,0.8331736116944045,1.3921938899801396,-0.5520768893966107,1.4128092602512243,-0.1133640087911864,-0.9560294458357764,-0.7635547348872876,-0.6471797127353942,-1.0334885871285773,-0.8186953190947199
0.8463457463878951,0.0227974375071657,-1.2646182929415224,-1.2646182929415222,-0.565697966436074,-0.1260879816678222,-0.2143206623701467,-0.162984884853083,0.1201393827003501,0.0632674063583559,1.4128092602512243,-0.6713294381990716,-0.5438016373672659,0.4799857502676844,-0.2414254748025888,-0.8283757582546425,-0.8186953190947199
-1.6324347324121913,0.7212164282543135,-1.2646182929415224,-1.2646182929415222,0.7599839877807242,1.1892285425885978,0.2020968145163774,-0.162984884853083,0.7826380134765774,0.3709395542358393,-0.4820532819843823,-1.5082775823108994,-1.7804850627727973,-0.1072417010554968,-0.568008154114359,-0.952176756406961,-0.8186953190947199
1.0172961242361769,-1.2308596345357854,1.3954203730765178,1.3954203730765178,-0.8767620550721755,-0.6672010461110813,-0.9083497905143536,-0.6750807673414826,-0.4057153639132397,-0.859749037274094,-0.4820532819843823,-0.6713294381990716,-0.1315738288987555,1.2053843666080848,-1.1370537317030494,1.3596464266010553,0.6520824719662907
0.3334946128430496,-0.8789986408390384,1.3954203730765178,1.3954203730765178,-0.973740859176372,-1.2343855640425854,-1.1859614417720363,-1.3968393760212343,-1.3046699908599295,-0.859749037274094,-0.4820532819843823,-0.392346723495129,0.6928817880382653,0.3072717939961605,-1.4092059644628578,1.3596464266010553,0.0416545355694672
-1.119583598867346,-1.1053553805722611,0.0654010400674976,0.0654010400674977,-0.93531529528603,-0.968881188507909,-1.047155616143195,-0.6750807673414826,-1.3046699908599295,-0.859749037274094,-0.4820532819843823,0.1656187059127561,1.1051095965067756,0.998127619082256,-0.0138072437671126,0.8856123090539809,0.0416545355694672
-0.0938813317776549,-0.0672579559915942,1.3954203730765178,1.3954203730765178,-0.7688045184278814,-0.2532317059946129,-0.7695439648855121,-0.162984884853083,-0.4057153639132397,-0.859749037274094,-0.4820532819843823,-0.1133640087911864,0.2806539795697548,-1.5580389337362976,-1.4092059644628578,-0.5087474534096524,-0.8186953190947199
0.8463457463878951,0.0803660047039858,1.3954203730765178,1.3954203730765178,-0.8694429000454438,-0.6162963195908734,-0.9083497905143536,-0.6750807673414826,-0.4057153639132397,-0.859749037274094,-0.4820532819843823,-0.6713294381990716,-0.1315738288987555,-1.1089826474303357,-1.0083999489438673,0.5503863368836847,0.0416545355694672
0.1625442349947678,0.0104715534102532,0.0654010400674976,0.0654010400674977,-0.8218683923716871,-0.3284733438783894,-0.9083497905143536,-0.6750807673414826,0.1201393827003501,-1.1674211851515772,1.4128092602512243,-0.9503121529030142,-0.5438016373672659,0.9635848278279514,-1.325086183428008,-0.3670770836606984,-0.8186953190947199
-0.5212572763983595,1.365028885967465,0.0654010400674976,0.0654010400674977,2.318049114096257,1.148960377228603,2.006572547691315,1.79262821499482,1.54494875626063,0.6786117021133227,-0.4820532819843823,1.839514994136412,-0.1315738288987555,0.2381862114875509,1.4904523700325565,-1.1763371733780688,-0.8186953190947199
1.7865728245534451,1.5279407649227816,-1.2646182929415224,-1.2646182929415222,1.3574100168377077,0.8827465265057988,1.5901550708047911,1.4680820320250476,1.8052020693197453,-0.2444047415191273,2.521232791480213,1.002566850024584,-0.5438016373672659,1.032670410336561,1.0203712407201595,-1.1457323588283028,-0.8186953190947199
-0.0938813317776549,-0.6211583444396708,1.3954203730765178,1.3954203730765178,-0.9572727603662254,-1.2343855640425854,-1.047155616143195,-0.6750807673414826,-1.3046699908599295,-0.859749037274094,-0.4820532819843823,-0.1133640087911864,0.6928817880382653,1.4126411141339137,-1.5675490817049285,0.8856123090539809,0.0416545355694672
0.8463457463878951,-0.648294399350703,2.7254397060855378,2.7254397060855378,-1.0213153668501287,-2.266536953954465,-1.3247672674008777,-2.6306938671893856,-1.3046699908599295,-0.859749037274094,-0.4820532819843823,-2.0662430117187847,-1.3682572543042868,1.619897861659742,-1.7258921989469986,0.5503863368836847,-0.8186953190947199
1.5301472577810225,1.2728236289634296,-1.2646182929415224,-1.2646182929415222,0.5733455345990631,0.4045307436692352,1.5901550708047911,0.5587737238266685,1.3921938899801396,1.909300293623256,1.4128092602512243,-0.6713294381990716,-1.3682572543042868,-0.1763272835641064,-0.7115066041149853,-1.1457323588283028,-0.8186953190947199
-0.6067324653225004,-0.0097849382838975,0.0654010400674976,0.0654010400674977,-0.6901236018905146,-0.2488157275166909,-0.4919323136278294,0.2342275408568957,-0.4057153639132397,-0.5520768893966107,-0.4820532819843823,-0.1133640087911864,-0.1315738288987555,1.1017559928451706,-1.508170412739152,-0.7023030558309942,-0.8186953190947199
-1.6324347324121913,-1.7011064452563665,0.0654010400674976,0.0654010400674977,-0.93531529528603,-1.174165588264889,-0.9083497905143536,-0.6750807673414826,-0.4057153639132397,-0.859749037274094,-0.4820532819843823,-0.392346723495129,0.2806539795697548,0.9635848278279514,-1.503222190325337,1.3596464266010553,0.6520824719662907
1.957523202401727,0.715674557885159,-1.2646182929415224,-1.2646182929415222,0.8240265942646274,0.6297712064972585,1.4513492451759498,0.8331736116944045,0.7826380134765774,2.2169724415007392,-0.4820532819843823,-0.392346723495129,-1.3682572543042868,-0.9708114824131164,-0.3948203696308444,-1.1337935730163105,-0.8186953190947199
-1.2905339767156276,-1.0213196048882724,0.0654010400674976,0.0654010400674977,-0.9188471964758834,-0.801582176837385,-1.047155616143195,-1.3968393760212343,-0.4057153639132397,-0.859749037274094,-0.4820532819843823,-0.6713294381990716,0.2806539795697548,-1.1435254386846403,-0.9688141696333497,-0.1735214812393563,-0.8186953190947199
0.6753953685396132,-1.1277617357716876,-1.2646182929415224,-1.2646182929415222,-0.9609323378795912,-1.28477070955409,-1.047155616143195,-0.6750807673414826,-1.3046699908599295,-0.859749037274094,-0.4820532819843823,-0.392346723495129,0.2806539795697548,1.0672132015908655,-1.6813581972226666,-0.1735214812393563,-0.8186953190947199
-1.205058787791487,-1.27003492507636,0.0654010400674976,0.0654010400674977,-0.9481238165828106,-0.8639770688922953,-1.1859614417720363,-1.3968393760212343,-0.4057153639132397,-1.1674211851515772,-0.4820532819843823,0.1656187059127561,1.517337404975286,-0.1417844923098016,1.074801687272121,0.1069570338863763,-0.8186953190947199
-0.0938813317776549,-0.9340829213186514,0.0654010400674976,0.0654010400674977,-0.9682514929063232,-1.392165777881866,-1.047155616143195,-1.3968393760212343,-1.3046699908599295,-0.5520768893966107,-0.4820532819843823,-0.9503121529030142,-0.1315738288987555,0.4799857502676844,-1.1914841782550112,0.8856123090539809,0.0416545355694672
0.2480194239189087,0.4505725003124165,0.0654010400674976,0.0654010400674977,0.072898309646276,0.4454197093979046,0.4797084657740602,1.070869606315068,-0.4057153639132397,0.6786117021133227,-0.4820532819843823,0.7235841353206414,-0.1315738288987555,-0.5217551961071543,-0.1127716920434065,-0.616950784236665,0.0416545355694672
-0.6067324653225004,1.061229285299765,-1.2646182929415224,-1.2646182929415222,1.81760188914347,1.147677200341748,1.4513492451759498,0.2342275408568957,1.8052020693197453,0.986283849990806,-0.4820532819843823,-0.9503121529030142,-1.3682572543042868,-1.21261102119325,0.5601865562353924,-1.1337935730163105,-0.8186953190947199
0.4189698017671905,-0.2912259584967334,1.3954203730765178,1.3954203730765178,-0.9151876189625175,-0.7672948423690336,-1.047155616143195,-0.6750807673414826,-1.3046699908599295,-0.859749037274094,-0.4820532819843823,-0.1133640087911864,0.6928817880382653,-1.2471538124475547,0.6789438941669453,0.8856123090539809,0.0416545355694672
-0.7776828431707823,-1.2886193007108522,0.0654010400674976,0.0654010400674977,-0.8932301538823222,-0.3186385136121973,-1.1859614417720363,-1.3968393760212343,-0.4057153639132397,-1.1674211851515772,1.4128092602512243,-0.6713294381990716,0.2806539795697548,0.1000150464703318,1.505297037274,0.1069570338863763,-0.8186953190947199
-1.7179099213363322,0.7222674726346704,-1.2646182929415224,-1.2646182929415222,1.1991332893846325,0.6575900997998343,2.006572547691315,1.2805323325064204,1.3921938899801396,1.909300293623256,-0.4820532819843823,0.4446014206166987,-0.9560294458357764,1.6889834441683518,0.268241433820325,-1.1763371733780688,-0.8186953190947199
-1.6324347324121913,-0.6202506242929989,0.0654010400674976,0.0654010400674977,-0.8731024775588097,-0.6414862687579518,-0.9083497905143536,-0.162984884853083,-1.3046699908599295,-0.859749037274094,-0.4820532819843823,0.4446014206166987,1.1051095965067756,1.516269487896828,0.2039145424407339,0.5503863368836847,0.0416545355694672
-0.3503068985500777,-0.0337678600538591,1.3954203730765178,1.3954203730765178,-0.4632297960618286,0.0029257975130636,-0.0755148367413053,0.5587737238266685,-0.4057153639132397,0.0632674063583559,-0.4820532819843823,0.4446014206166987,0.2806539795697548,-0.3835840310899351,0.7036850062360189,0.5503863368836847,1.1255671642452048
-0.6922076542466413,-0.979468928652244,1.3954203730765178,1.3954203730765178,-0.9828898029597868,-1.3991986440208832,-1.1859614417720363,-1.3968393760212343,-0.4057153639132397,-1.1674211851515772,-0.4820532819843823,-0.1133640087911864,1.1051095965067756,-0.867183108650202,-0.8500568317017968,1.3596464266010553,0.0416545355694672
-0.948633221019064,0.8506859860164566,-1.2646182929415224,-1.2646182929415222,0.486430568656623,0.4425392771269006,1.3125434195471084,1.070869606315068,0.49323926303345,1.909300293623256,-0.4820532819843823,0.1656187059127561,-0.9560294458357764,1.0672132015908655,-1.5180668575667813,-1.1207930591923676,-0.8186953190947199
1.2737216910085998,1.3478299779252616,-1.2646182929415224,-1.2646182929415222,1.2494524801934137,1.3195960682231664,0.4797084657740602,0.2342275408568957,1.2190147058053171,0.0632674063583559,1.4128092602512243,-0.9503121529030142,-1.3682572543042868,1.1362987840994754,-0.3502863679065123,-1.0096730710621231,-0.8186953190947199
1.2737216910085998,1.6655798040049714,-1.2646182929415224,-1.2646182929415222,1.0033458924195566,1.1810815515044133,0.4797084657740602,0.5587737238266685,1.2190147058053171,-0.2444047415191273,-0.4820532819843823,-0.6713294381990716,-1.3682572543042868,-1.0053542736674212,0.8620281234780893,-1.0096730710621231,-0.8186953190947199
-0.3503068985500777,-0.2389126132016976,1.3954203730765178,1.3954203730765178,-0.5583788114093421,0.1307017733167177,-0.4919323136278294,0.5587737238266685,-0.4057153639132397,-0.859749037274094,1.4128092602512243,1.002566850024584,1.1051095965067756,1.1017559928451706,-1.3052932937727493,2.083554244724097,1.839522160832408
1.4446720688568817,0.8258908935889465,0.0654010400674976,0.0654010400674977,-0.0606762695915794,0.2918579805140102,0.4797084657740602,1.2805323325064204,-0.4057153639132397,0.3709395542358393,1.4128092602512243,1.002566850024584,-0.1315738288987555,0.0309294639617222,-1.750633311016072,-0.2454673690562298,0.6520824719662907
0.0770690460706269,1.1498036617171128,-1.2646182929415224,-1.2646182929415222,1.0362820900398495,1.126790247886443,0.6185142914029015,0.2342275408568957,0.7826380134765774,0.986283849990806,-0.4820532819843823,-1.2292948676069568,-1.7804850627727973,0.3763573765047701,-0.7510923834255029,-1.0334885871285773,-0.8186953190947199
-0.7776828431707823,0.5655663104723717,0.0654010400674976,0.0654010400674977,1.053665083228338,0.6220440246570932,1.8677667220624736,1.79262821499482,1.2190147058053171,0.986283849990806,-0.4820532819843823,2.118497708840354,0.2806539795697548,0.4799857502676844,-0.4739919282518796,-0.6759277086391896,0.6520824719662907
-0.6922076542466413,2.403317409526379,-1.2646182929415224,-1.2646182929415222,1.0554948719850208,0.6230985011568977,1.8677667220624736,1.070869606315068,1.6815926404232675,1.2939559978682893,3.3076718024868312,0.4446014206166987,-0.5438016373672659,0.1691006289789414,1.2380930269280064,-1.4262108739540356,-2.2894731101557304
0.3334946128430496,-0.53592820014164,1.3954203730765178,1.3954203730765178,-0.970081281663006,-1.174165588264889,-1.1859614417720363,-1.3968393760212343,-1.3046699908599295,-0.859749037274094,-0.4820532819843823,-0.392346723495129,0.6928817880382653,0.7908708715564274,-0.0336001334223713,1.3596464266010553,0.0416545355694672
-1.2905339767156276,-1.574885570124417,-1.2646182929415224,-1.2646182929415222,-0.9755706479330548,-0.9426192473785804,-1.3247672674008777,-2.6306938671893856,-0.4057153639132397,-1.1674211851515772,1.4128092602512243,-0.9503121529030142,0.2806539795697548,-1.5234961424819928,1.198507247617489,0.5503863368836847,-0.8186953190947199
-1.6324347324121913,-1.063026956890616,0.0654010400674976,0.0654010400674977,-0.9426344503127618,-0.7972438079842846,-1.1859614417720363,-1.3968393760212343,-1.3046699908599295,-0.859749037274094,1.4128092602512243,0.1656187059127561,1.517337404975286,1.343555531625304,-0.7461441610116882,0.1069570338863763,-0.8186953190947199
0.5044449906913314,-0.1497171651050478,1.3954203730765178,1.3954203730765178,-0.5034851487088535,0.0203028956018868,-0.2143206623701467,0.2342275408568957,0.1201393827003501,-0.2444047415191273,-0.4820532819843823,0.1656187059127561,0.2806539795697548,0.0309294639617222,0.288034323475584,1.5647592554749896,1.839522160832408
0.2480194239189087,-0.3373285869987511,0.0654010400674976,0.0654010400674977,-0.9206769852325664,-0.8190897706356913,-1.047155616143195,-0.6750807673414826,-1.3046699908599295,-0.859749037274094,-0.4820532819843823,-0.392346723495129,0.2806539795697548,1.7235262354226566,-1.6467206403259635,-0.1735214812393563,-0.8186953190947199
1.2737216910085998,0.6039772050999596,0.0654010400674976,0.0654010400674977,2.1414744990763523,1.2265525644410609,1.5901550708047911,1.79262821499482,0.7826380134765774,0.986283849990806,1.4128092602512243,2.67646313824824,1.1051095965067756,-1.1089826474303357,1.5003488148601851,-0.125972713574527,1.5124323266304776
1.1027713131603178,-0.2750780948348867,0.0654010400674976,0.0654010400674977,-0.598634164056367,-0.0985130773157088,-0.353126487998988,-0.162984884853083,-0.4057153639132397,0.0632674063583559,-0.4820532819843823,-0.6713294381990716,-0.5438016373672659,-1.3162393949561642,0.5008078872696163,1.3596464266010553,1.5124323266304776
1.2737216910085998,1.2477418880685494,-1.2646182929415224,-1.2646182929415222,0.936558602800629,0.9319117057986244,0.8961259426605843,0.2342275408568957,1.2190147058053171,0.986283849990806,-0.4820532819843823,-1.2292948676069568,-1.7804850627727973,-1.0744398561760309,-1.240966402393158,-1.073786471011429,-0.8186953190947199
0.0770690460706269,-0.3572506554809702,1.3954203730765178,1.3954203730765178,-0.5565490226526592,-0.1034402881223951,-0.2143206623701467,0.5587737238266685,-0.4057153639132397,-0.2444047415191273,-0.4820532819843823,1.002566850024584,1.1051095965067756,0.7217852890478179,1.376643254514818,2.3289649574808835,2.372782181294665
-0.4357820874742186,-0.2790433986335059,1.3954203730765178,1.3954203730765178,-0.0496975370514816,0.3052255985574676,0.4797084657740602,1.070869606315068,-0.4057153639132397,0.6786117021133227,-0.4820532819843823,1.2815495647285264,0.6928817880382653,-0.9708114824131164,0.8422352338228304,1.9096014216657184,2.7985820842302505
-1.3760091656397686,0.9123154065010192,-1.2646182929415224,-1.2646182929415222,0.8972181445319455,1.1161936150107914,0.4797084657740602,-0.162984884853083,0.7826380134765774,0.986283849990806,-0.4820532819843823,-1.5082775823108994,-1.7804850627727973,0.5836141240305988,0.3325683251999161,-1.0096730710621231,-0.8186953190947199
-0.6922076542466413,-0.4974217560249288,0.0654010400674976,0.0654010400674977,-0.1576550736957758,0.3268771673905795,0.2020968145163774,1.2805323325064204,-0.4057153639132397,-0.2444047415191273,-0.4820532819843823,1.839514994136412,1.1051095965067756,1.032670410336561,-1.310241516186564,1.0244204544307591,1.839522160832408
-0.7776828431707823,0.0162522975022161,2.7254397060855378,2.7254397060855378,-1.008506845553348,-1.7348368210660794,-1.3247672674008777,-1.3968393760212343,-1.3046699908599295,-1.1674211851515772,-0.4820532819843823,-0.1133640087911864,1.1051095965067756,-1.6271245162449073,-1.5131186351529666,0.5503863368836847,-0.8186953190947199
1.7865728245534451,1.525695351928383,-1.2646182929415224,-1.2646182929415222,1.915495587626008,1.1368869934871662,1.5901550708047911,1.2805323325064204,1.8052020693197453,0.0632674063583559,2.521232791480213,0.4446014206166987,-0.9560294458357764,1.1017559928451706,-0.6323350454939501,-1.1457323588283028,-0.8186953190947199
1.2737216910085998,-0.3489378499272385,0.0654010400674976,0.0654010400674977,-0.5181234587623171,0.1008483353256741,-0.353126487998988,0.2342275408568957,-0.4057153639132397,-0.2444047415191273,-0.4820532819843823,0.4446014206166987,0.6928817880382653,-0.867183108650202,-0.2562701420440329,-0.1735214812393563,0.0416545355694672
-0.948633221019064,0.8433764500985201,0.0654010400674976,0.0654010400674977,1.0371969844181912,0.6125129759991164,1.8677667220624736,1.79262821499482,0.7826380134765774,1.6016281457457726,-0.4820532819843823,2.118497708840354,0.2806539795697548,-0.0381561185468872,1.17871435796223,-0.9170320787253609,0.0416545355694672
-1.6324347324121913,-0.3177409417284638,0.0654010400674976,0.0654010400674977,-0.8310173361551018,-0.3788584893898943,-0.9083497905143536,-1.3968393760212343,-0.4057153639132397,-0.5520768893966107,-0.4820532819843823,-1.5082775823108994,-0.9560294458357764,1.516269487896828,-1.3597237403247109,-0.3670770836606984,-0.8186953190947199
-0.008406142853514,0.984407496044589,-1.2646182929415224,-1.2646182929415222,0.8761755738300916,1.1814084657343595,0.3409026401452188,-0.162984884853083,1.0190940096470398,0.3709395542358393,-0.4820532819843823,-1.5082775823108994,-1.7804850627727973,0.2381862114875509,-0.6273868230801355,-0.982781570956727,-0.8186953190947199
-0.0938813317776549,1.231020727471963,1.3954203730765178,1.3954203730765178,0.2668559178546688,0.3703950660062394,1.0349317682894257,0.8331736116944045,0.49323926303345,1.6016281457457726,-0.4820532819843823,-0.1133640087911864,-0.9560294458357764,-1.5925817249906025,-1.374568407566155,-0.7713565969387494,0.0416545355694672
-0.948633221019064,-1.009137045025045,0.0654010400674976,0.0654010400674977,-0.7011023344306123,-0.2864104511287542,-0.4919323136278294,0.2342275408568957,-0.4057153639132397,-0.5520768893966107,-0.4820532819843823,0.7235841353206414,1.1051095965067756,-0.1763272835641064,0.9214067924438656,1.1003413319483475,1.1255671642452048
0.5899201796154724,0.5748346109173369,0.0654010400674976,0.0654010400674977,1.238473747653316,0.6786306016733138,2.006572547691315,1.4680820320250476,1.2190147058053171,1.909300293623256,-0.4820532819843823,1.560532279432469,0.2806539795697548,-0.3835840310899351,1.5102452596878146,-0.2588737528336856,1.5124323266304776
-0.7776828431707823,-0.4702857011138966,0.0654010400674976,0.0654010400674977,-0.6937831794038805,-0.1220945172754953,-0.6307381392566708,-0.162984884853083,-0.4057153639132397,-0.5520768893966107,-0.4820532819843823,0.4446014206166987,1.1051095965067756,-0.1072417010554968,0.5255489993386895,1.3596464266010553,1.1255671642452048
-0.6067324653225004,-0.0232096415057286,0.0654010400674976,0.0654010400674977,-0.0872082065634821,0.4191456146711053,0.2020968145163774,1.2805323325064204,0.1201393827003501,-0.5520768893966107,-0.4820532819843823,1.839514994136412,1.1051095965067756,1.2053843666080848,1.2776788062385238,-0.5087474534096524,0.0416545355694672
1.4446720688568817,-0.0151834844193669,0.0654010400674976,0.0654010400674977,0.9786437442043368,1.2448341820066338,0.3409026401452188,-0.6750807673414826,0.1201393827003501,1.6016281457457726,-0.4820532819843823,0.1656187059127561,1.1051095965067756,-0.7635547348872876,1.0550087976168625,-0.1735214812393563,0.6520824719662907
-0.2648317096259368,1.341284837920312,-1.2646182929415224,-1.2646182929415222,1.822176361035177,1.5920883147392515,0.4797084657740602,-0.162984884853083,1.0190940096470398,0.6786117021133227,-0.4820532819843823,-1.2292948676069568,-1.3682572543042868,0.7908708715564274,1.6636401545160706,-1.0096730710621231,-0.8186953190947199
-1.4614843545639096,-0.8377212615377501,0.0654010400674976,0.0654010400674977,-1.008506845553348,-1.7348368210660794,-1.3247672674008777,-1.3968393760212343,-1.3046699908599295,-1.1674211851515772,-0.4820532819843823,-0.1133640087911864,1.1051095965067756,0.5836141240305988,-1.0925197299787173,0.5503863368836847,-0.8186953190947199
0.2480194239189087,-0.7063407139931399,1.3954203730765178,1.3954203730765178,-0.2473147227732404,0.1984922495113499,0.2020968145163774,0.5587737238266685,-0.4057153639132397,0.6786117021133227,-0.4820532819843823,0.7235841353206414,0.6928817880382653,-0.6599263611243733,0.5552383338215777,1.9846925462077136,2.596344955306216
0.5899201796154724,1.4389841905489402,0.0654010400674976,0.0654010400674977,1.6529209010420045,1.771417754689695,0.063290988887536,0.8331736116944045,0.49323926303345,-0.5520768893966107,1.4128092602512243,1.002566850024584,0.6928817880382653,-1.6271245162449073,0.9214067924438656,-0.9170320787253609,-0.8186953190947199
-0.1793565207017958,-0.6337231022593917,0.0654010400674976,0.0654010400674977,-0.9993579017699332,-1.45941861979858,-1.3247672674008777,-1.3968393760212343,-1.3046699908599295,-1.1674211851515772,-0.4820532819843823,-0.1133640087911864,1.1051095965067756,0.549071332776294,0.2781378786479547,0.5503863368836847,-0.8186953190947199
1.5301472577810225,-1.7591527598988033,-1.2646182929415224,-1.2646182929415222,-1.0048472680399825,-1.917409411297879,-1.1859614417720363,-1.3968393760212343,-1.3046699908599295,-0.859749037274094,-0.4820532819843823,-1.5082775823108994,-0.9560294458357764,-0.4181268223442398,-1.3844648523937846,0.1069570338863763,-0.8186953190947199
0.3334946128430496,0.5202758526279024,0.0654010400674976,0.0654010400674977,1.004260786797898,0.5932271981858934,1.8677667220624736,1.070869606315068,1.54494875626063,1.6016281457457726,-0.4820532819843823,0.7235841353206414,-0.1315738288987555,1.3780983228796089,0.5403936665801338,-0.6759277086391896,0.6520824719662907
-0.5212572763983595,-1.4161778686905282,0.0654010400674976,0.0654010400674977,-0.9133578302058346,-0.9589673627750862,-0.9083497905143536,-0.6750807673414826,-1.3046699908599295,-0.5520768893966107,-0.4820532819843823,-0.392346723495129,0.2806539795697548,-0.0036133272925825,-0.7510923834255029,0.5503863368836847,0.0416545355694672
-1.119583598867346,-1.346952263820659,0.0654010400674976,0.0654010400674977,-0.9975281130132504,-1.7195041435449867,-1.1859614417720363,-1.3968393760212343,-1.3046699908599295,-0.859749037274094,-0.4820532819843823,-0.392346723495129,0.6928817880382653,-0.1072417010554968,-0.7263512713564295,0.1069570338863763,-0.8186953190947199
0.931820935312036,1.3332109060893886,0.0654010400674976,0.0654010400674977,0.0674089433762271,0.2980646951318752,0.757320117031743,0.5587737238266685,0.1201393827003501,1.6016281457457726,-0.4820532819843823,-0.392346723495129,-0.9560294458357764,-0.5908407786157638,-0.4245097041137327,-1.0547274587736004,-0.8186953190947199
-0.3503068985500777,-2.119039910681912,0.0654010400674976,0.0654010400674977,-0.93531529528603,-1.3449906853317872,-0.7695439648855121,-0.162984884853083,-0.4057153639132397,-0.859749037274094,-0.4820532819843823,0.1656187059127561,0.6928817880382653,0.1691006289789414,-0.8352121644603527,1.6792747314460452,1.1255671642452048
0.0770690460706269,1.031943366883457,-1.2646182929415224,-1.2646182929415222,2.1433042878330357,1.3899642651397206,1.173737593918267,0.8331736116944045,1.0190940096470398,1.2939559978682893,1.4128092602512243,-0.1133640087911864,-0.9560294458357764,1.6889834441683518,-0.5432670420452856,-1.1065825691090454,-0.8186953190947199
0.931820935312036,0.6261446865765774,0.0654010400674976,0.0654010400674977,0.6675796555682352,1.1251047216968235,0.2020968145163774,0.8331736116944045,0.7826380134765774,-0.5520768893966107,-0.4820532819843823,-0.1133640087911864,-0.9560294458357764,1.654440652914047,0.9857336838234564,-0.5087474534096524,0.0416545355694672
-0.1793565207017958,-1.387895219910016,0.0654010400674976,0.0654010400674977,-0.9920387467432016,-1.5894613816717835,-1.1859614417720363,-0.6750807673414826,-1.3046699908599295,-1.1674211851515772,-0.4820532819843823,0.4446014206166987,1.517337404975286,0.8944992453193418,-0.1028752472157773,0.1069570338863763,-0.8186953190947199
-1.8033851102604728,1.043027107621766,-1.2646182929415224,-1.2646182929415222,1.5275803712092222,1.1281421121119637,1.173737593918267,-0.162984884853083,1.6815926404232675,0.986283849990806,1.4128092602512243,-1.2292948676069568,-1.3682572543042868,-1.4198677687190786,-0.6966619368735413,-1.1065825691090454,-0.8186953190947199
0.931820935312036,0.4404442544653411,0.0654010400674976,0.0654010400674977,0.9301543421522386,0.645252620128987,1.5901550708047911,1.79262821499482,1.0190940096470398,0.6786117021133227,-0.4820532819843823,2.397480423544297,0.6928817880382653,-0.4181268223442398,1.6191061527917383,0.3322483486472227,2.122860263027301
0.4189698017671905,-0.9635599387132058,1.3954203730765178,1.3954203730765178,-1.008506845553348,-2.02969266291758,-1.1859614417720363,-1.3968393760212343,-1.3046699908599295,-0.859749037274094,-0.4820532819843823,-0.6713294381990716,0.2806539795697548,-0.6253835698700686,-1.6318759730845194,1.3596464266010553,0.0416545355694672
-0.2648317096259368,1.351030885810894,0.0654010400674976,0.0654010400674977,2.052729744377229,1.8501545107372888,0.2020968145163774,0.5587737238266685,0.49323926303345,0.0632674063583559,3.3076718024868312,0.4446014206166987,0.2806539795697548,-0.3144984485813255,0.2533967665788811,-0.5087474534096524,0.0416545355694672
1.3591968799327403,1.1070452653344125,0.0654010400674976,0.0654010400674977,1.4809207579138068,1.2276025557148875,0.8961259426605843,1.4680820320250476,0.7826380134765774,0.0632674063583559,-0.4820532819843823,1.2815495647285264,-0.1315738288987555,0.8599564540650371,0.9016139027886068,-0.7385604988411334,0.0416545355694672
-1.6324347324121913,0.749642401268511,-1.2646182929415224,-1.2646182929415222,2.2283894650187923,1.5443043602177955,0.8961259426605843,0.2342275408568957,1.8052020693197453,-0.2444047415191273,-0.4820532819843823,-0.6713294381990716,-0.9560294458357764,1.4126411141339137,1.5498310389983323,-1.073786471011429,-0.8186953190947199
-0.008406142853514,0.6364162566573378,0.0654010400674976,0.0654010400674977,1.5797293507746863,1.1526007904716389,1.173737593918267,1.4680820320250476,1.2190147058053171,0.0632674063583559,-0.4820532819843823,1.560532279432469,0.2806539795697548,0.2727290027418557,1.2578859165832652,-0.2282689382839197,1.1255671642452048
-0.5212572763983595,-0.9886894543526475,0.0654010400674976,0.0654010400674977,-0.9225067739892494,-0.8368492808891929,-1.047155616143195,-0.6750807673414826,-1.3046699908599295,-0.859749037274094,-0.4820532819843823,0.1656187059127561,1.1051095965067756,0.3418145852504653,-0.3354417006650682,0.8856123090539809,0.0416545355694672
-1.3760091656397686,-1.0470701922070162,0.0654010400674976,0.0654010400674977,-0.9920387467432016,-1.5894613816717835,-1.1859614417720363,-1.3968393760212343,-1.3046699908599295,-0.859749037274094,-0.4820532819843823,-0.6713294381990716,0.2806539795697548,0.1000150464703318,-0.5383188196314708,1.3596464266010553,0.0416545355694672
-0.4357820874742186,2.4287335736331905,-1.2646182929415224,-1.2646182929415222,0.6666647611898937,0.2870485264433653,2.145378373320157,0.8331736116944045,1.6815926404232675,2.2169724415007392,3.917681290782164,-0.392346723495129,-1.3682572543042868,-1.5234961424819928,0.4760667752005427,-1.1851065038678643,-0.8186953190947199
0.931820935312036,-1.2117975114556765,-1.2646182929415224,-1.2646182929415222,-0.6553576155135385,-0.1368008234723368,-0.4919323136278294,-0.162984884853083,-0.4057153639132397,-0.2444047415191273,-0.4820532819843823,-0.1133640087911864,0.2806539795697548,1.481726696642523,1.4409701458944089,-0.0474487788157081,0.0416545355694672
0.1625442349947678,1.139293217913544,1.3954203730765178,1.3954203730765178,1.0609842382550696,0.8845956124965028,1.173737593918267,0.2342275408568957,1.2190147058053171,1.6016281457457726,-0.4820532819843823,0.7235841353206414,1.1051095965067756,0.9635848278279514,1.5597274838259618,0.0412075416550101,1.5124323266304776
-0.4357820874742186,-1.0011586626832452,0.0654010400674976,0.0654010400674977,-0.9792302254464208,-1.3306107401373886,-1.1859614417720363,-1.3968393760212343,-1.3046699908599295,-0.859749037274094,-0.4820532819843823,-0.6713294381990716,0.2806539795697548,-0.4872124048528494,1.3370574752043003,1.3596464266010553,0.0416545355694672
0.6753953685396132,0.5487973751312233,0.0654010400674976,0.0654010400674977,0.9749841666909708,1.1640720781726217,0.4797084657740602,1.2805323325064204,0.49323926303345,-0.2444047415191273,1.4128092602512243,1.2815495647285264,0.2806539795697548,-0.0381561185468872,1.3222128079628563,-0.2454673690562298,0.6520824719662907
0.4189698017671905,-0.2802377672475478,0.0654010400674976,0.0654010400674977,-0.450421274765048,0.029068537843811,-0.0755148367413053,-0.162984884853083,0.1201393827003501,0.3709395542358393,-0.4820532819843823,-0.9503121529030142,-0.9560294458357764,1.654440652914047,1.2925234734799682,0.5503863368836847,1.1255671642452048
0.4189698017671905,-1.5839149968465742,1.3954203730765178,1.3954203730765178,-0.9591025491229084,-1.45941861979858,-0.9083497905143536,-0.6750807673414826,-1.3046699908599295,-0.5520768893966107,-0.4820532819843823,-0.6713294381990716,-0.1315738288987555,1.5853550704054375,0.1791734303716607,2.083554244724097,1.1255671642452048
1.0172961242361769,-0.5311507256854724,2.7254397060855378,2.7254397060855378,-1.008506845553348,-1.7348368210660794,-1.3247672674008777,-1.3968393760212343,-1.3046699908599295,-1.1674211851515772,-0.4820532819843823,-0.1133640087911864,1.1051095965067756,-0.867183108650202,-0.7461441610116882,0.5503863368836847,-0.8186953190947199
-0.8631580320949231,-1.7470179747801375,0.0654010400674976,0.0654010400674977,-0.9828898029597868,-1.3991986440208832,-1.1859614417720363,-1.3968393760212343,-0.4057153639132397,-1.1674211851515772,1.4128092602512243,-0.392346723495129,0.6928817880382653,0.3763573765047701,1.3519021424457442,1.3596464266010553,0.0416545355694672
0.0770690460706269,0.8513070576957584,1.3954203730765178,1.3954203730765178,0.5065582449801355,0.458299109754505,1.3125434195471084,1.637741372355351,0.1201393827003501,1.2939559978682893,-0.4820532819843823,1.560532279432469,-0.1315738288987555,-0.1072417010554968,0.2435003217512518,-0.5478972431289096,0.6520824719662907
-0.0938813317776549,-0.3676655497954156,0.0654010400674976,0.0654010400674977,-0.5364213463291467,-0.0550315476255888,-0.2143206623701467,0.2342275408568957,-0.4057153639132397,0.0632674063583559,-0.4820532819843823,-0.1133640087911864,-0.1315738288987555,1.2399271578623896,-1.6912546420502956,0.7047921495857695,1.1255671642452048
-0.7776828431707823,-0.6754304542617352,0.0654010400674976,0.0654010400674977,-0.9938685354998844,-1.3195410276591848,-1.3247672674008777,-1.3968393760212343,-1.3046699908599295,-1.1674211851515772,-0.4820532819843823,0.1656187059127561,1.517337404975286,-0.6253835698700686,1.1341803562378978,0.5503863368836847,-0.8186953190947199
1.4446720688568817,-0.3859632769625377,1.3954203730765178,1.3954203730765178,-0.5364213463291467,-0.0550315476255888,-0.2143206623701467,0.5587737238266685,0.1201393827003501,-0.5520768893966107,-0.4820532819843823,1.002566850024584,1.1051095965067756,-1.3853249774647738,0.7779083424432393,1.5647592554749896,1.839522160832408
0.2480194239189087,-0.6533585222742407,1.3954203730765178,1.3954203730765178,-0.8749322663154926,-0.8317490064088522,-0.7695439648855121,-0.162984884853083,-0.4057153639132397,-0.859749037274094,-0.4820532819843823,0.1656187059127561,0.6928817880382653,-0.6599263611243733,0.584927668304466,1.6792747314460452,1.1255671642452048
0.5044449906913314,1.3505531383652771,-1.2646182929415224,-1.2646182929415222,1.3208142417040487,1.2135286897949535,0.757320117031743,-0.162984884853083,1.3921938899801396,0.6786117021133227,1.4128092602512243,-1.5082775823108994,-1.7804850627727973,-0.072698909801192,-1.7357886437746282,-1.0547274587736004,-0.8186953190947199
-0.0938813317776549,-0.6572760513282981,1.3954203730765178,1.3954203730765178,-0.7029321231872953,0.0045423853904603,-0.7695439648855121,-0.162984884853083,0.1201393827003501,-1.1674211851515772,1.4128092602512243,0.1656187059127561,0.6928817880382653,0.7217852890478179,1.327161030376671,1.6792747314460452,1.1255671642452048
-0.0938813317776549,1.0073393734341936,-1.2646182929415224,-1.2646182929415222,0.5550476470322336,1.2296998623672792,-0.0755148367413053,-0.162984884853083,0.49323926303345,0.0632674063583559,-0.4820532819843823,-1.5082775823108994,-1.7804850627727973,-1.2471538124475547,0.1049500941644399,-0.876255878889373,-0.8186953190947199
-0.0938813317776549,-1.4229618824182864,0.0654010400674976,0.0654010400674977,-0.9170174077192004,-0.9923278981250284,-0.9083497905143536,-0.6750807673414826,0.1201393827003501,-1.1674211851515772,-0.4820532819843823,-0.392346723495129,0.2806539795697548,-1.3162393949561642,-0.4245097041137327,0.5503863368836847,0.0416545355694672
1.3591968799327403,0.8318627366591561,-1.2646182929415224,-1.2646182929415222,1.9164104820043493,1.9837233580068665,-0.0755148367413053,-0.162984884853083,0.7826380134765774,-0.2444047415191273,-0.4820532819843823,0.1656187059127561,0.6928817880382653,-0.6253835698700686,1.4409701458944089,-0.3670770836606984,0.0416545355694672
-1.205058787791487,-0.9586869147679148,0.0654010400674976,0.0654010400674977,-0.9298259290159812,-1.2884495935532845,-0.7695439648855121,-0.162984884853083,-1.3046699908599295,-0.5520768893966107,-0.4820532819843823,-0.392346723495129,-0.1315738288987555,-1.178068229938945,-1.2508628472207877,1.0244204544307591,0.6520824719662907
-0.5212572763983595,0.4801450671960942,0.0654010400674976,0.0654010400674977,-0.6169320516231965,-0.1486933486184361,-0.353126487998988,0.2342275408568957,0.1201393827003501,-0.5520768893966107,-0.4820532819843823,-0.1133640087911864,-0.1315738288987555,-1.6271245162449073,-1.0331410610129408,-0.1735214812393563,0.0416545355694672
0.7608705574637542,-1.0768338580689405,1.3954203730765178,1.3954203730765178,-0.9517833940961766,-1.3644283259157888,-0.9083497905143536,-0.6750807673414826,-1.3046699908599295,-0.5520768893966107,-0.4820532819843823,-0.392346723495129,0.2806539795697548,0.2036434202332462,-1.3349826282556374,2.083554244724097,1.1255671642452048
0.5044449906913314,-0.8827250709148492,1.3954203730765178,1.3954203730765178,-0.858464167505346,-0.5436715693681916,-0.9083497905143536,-0.6750807673414826,-1.3046699908599295,-0.5520768893966107,-0.4820532819843823,-0.1133640087911864,0.6928817880382653,-0.3835840310899351,0.763063675201795,1.3596464266010553,0.6520824719662907
0.5044449906913314,0.690736141223964,0.0654010400674976,0.0654010400674977,0.3693240882289141,0.4024844353785498,1.173737593918267,0.8331736116944045,0.49323926303345,1.909300293623256,-0.4820532819843823,0.1656187059127561,-0.5438016373672659,1.2744699491166944,-0.3354417006650682,-0.8011647543473776,0.0416545355694672
1.1027713131603178,0.4232453464231376,-1.2646182929415224,-1.2646182929415222,0.4781965192515497,0.4920012627838898,1.173737593918267,1.070869606315068,0.7826380134765774,1.2939559978682893,-0.4820532819843823,0.7235841353206414,-0.1315738288987555,0.2381862114875509,0.8620281234780893,-0.8011647543473776,0.0416545355694672
-1.034108409943205,1.2434421610579984,-1.2646182929415224,-1.2646182929415222,0.2458133471528149,1.0733216419349538,-0.2143206623701467,-0.162984884853083,0.49323926303345,-0.2444047415191273,-0.4820532819843823,-1.5082775823108994,-1.7804850627727973,-0.6944691523786781,-1.45373996618719,-0.8283757582546425,-0.8186953190947199
-1.4614843545639096,0.860527583396162,-1.2646182929415224,-1.2646182929415222,0.563281696437307,0.8864419324637498,0.4797084657740602,-0.162984884853083,1.0190940096470398,0.6786117021133227,1.4128092602512243,-1.5082775823108994,-1.7804850627727973,-0.6599263611243733,0.4909114424419866,-1.0096730710621231,-0.8186953190947199
0.0770690460706269,0.5726369726674998,0.0654010400674976,0.0654010400674977,0.6136008872460881,0.5949742841857679,1.173737593918267,1.4680820320250476,0.49323926303345,0.986283849990806,-0.4820532819843823,1.560532279432469,0.2806539795697548,0.5145285415219892,0.3968952165795072,-1.1065825691090454,-0.8186953190947199
-1.034108409943205,-1.307824748024646,0.0654010400674976,0.0654010400674977,-0.8529748012352972,-0.6877881971613302,-0.7695439648855121,-0.162984884853083,-1.3046699908599295,-0.5520768893966107,-0.4820532819843823,0.1656187059127561,0.6928817880382653,-0.1072417010554968,0.7383225631327218,1.0244204544307591,0.6520824719662907
-0.6067324653225004,-0.0232096415057286,0.0654010400674976,0.0654010400674977,-0.0872082065634821,0.4191456146711053,0.2020968145163774,1.2805323325064204,0.1201393827003501,-0.5520768893966107,-0.4820532819843823,1.839514994136412,1.1051095965067756,1.2053843666080848,1.2776788062385238,-0.5087474534096524,0.0416545355694672
1.957523202401727,-0.6733761402455831,-1.2646182929415224,-1.2646182929415222,-0.5135489868706098,-0.0022320230640298,-0.2143206623701467,0.2342275408568957,-0.4057153639132397,0.0632674063583559,-0.4820532819843823,0.4446014206166987,0.6928817880382653,-1.0053542736674212,1.5498310389983323,-0.27842076318998,0.0416545355694672
-0.4357820874742186,0.6585837381339557,0.0654010400674976,0.0654010400674977,-0.1960806375861177,0.2734814921582096,0.2020968145163774,0.5587737238266685,-0.4057153639132397,0.6786117021133227,-0.4820532819843823,-0.6713294381990716,-1.3682572543042868,0.8599564540650371,-1.1568466213583082,-0.952176756406961,-0.8186953190947199
-0.5212572763983595,-0.3600215906655474,1.3954203730765178,1.3954203730765178,-0.971911070419689,-1.449583789532388,-1.047155616143195,-0.6750807673414826,-1.3046699908599295,-0.859749037274094,-0.4820532819843823,-0.6713294381990716,-0.1315738288987555,-1.0744398561760309,-1.3894130748075992,0.8856123090539809,0.0416545355694672
-0.4357820874742186,-1.0139622942257744,0.0654010400674976,0.0654010400674977,-0.9115280414491516,-0.9426192473785804,-0.9083497905143536,-0.162984884853083,-0.4057153639132397,-1.1674211851515772,-0.4820532819843823,0.1656187059127561,0.6928817880382653,0.8944992453193418,-0.0088590213532979,-0.3670770836606984,-0.8186953190947199
1.4446720688568817,1.1190367262193932,-1.2646182929415224,-1.2646182929415222,0.577005112112429,0.5119258119970109,1.3125434195471084,0.8331736116944045,0.49323926303345,2.2169724415007392,-0.4820532819843823,-0.1133640087911864,-0.9560294458357764,-1.1089826474303357,0.8026494545123128,-1.1207930591923676,-0.8186953190947199
1.1027713131603178,-0.0457115461942782,1.3954203730765178,1.3954203730765178,0.4562390541713543,0.5332096770413,1.0349317682894257,0.8331736116944045,0.1201393827003501,1.909300293623256,-0.4820532819843823,0.4446014206166987,-0.1315738288987555,1.343555531625304,0.9065621252024216,2.014500703616341,3.3102999518934184
0.2480194239189087,1.3420492338332988,-1.2646182929415224,-1.2646182929415222,1.2686652621385843,0.998965804937698,1.173737593918267,0.5587737238266685,1.9180486365937297,-0.2444047415191273,-0.4820532819843823,-0.392346723495129,-0.9560294458357764,-1.0398970649217258,-1.5131186351529666,-1.1065825691090454,-0.8186953190947199
1.7010976356293042,-0.7853601414981527,-1.2646182929415224,-1.2646182929415222,-0.3259956393106073,0.1620640874122817,0.063290988887536,1.070869606315068,-0.4057153639132397,-0.2444047415191273,-0.4820532819843823,1.560532279432469,1.1051095965067756,0.4454429590133796,0.1346394286473281,0.0004313418190221,0.6520824719662907
-1.2905339767156276,-0.9287799246723052,-1.2646182929415224,-1.2646182929415222,-0.9444642390694448,-0.8190897706356913,-1.1859614417720363,-1.3968393760212343,-1.3046699908599295,-0.859749037274094,1.4128092602512243,-0.392346723495129,0.6928817880382653,-1.3162393949561642,0.0307267579572195,0.1069570338863763,-0.8186953190947199
-0.008406142853514,-0.6446635187640156,0.0654010400674976,0.0654010400674977,-0.788932194751394,-0.3440881712847998,-0.7695439648855121,-0.162984884853083,-0.4057153639132397,-0.859749037274094,-0.4820532819843823,0.1656187059127561,0.6928817880382653,0.8599564540650371,-0.8401603868741676,1.0244204544307591,0.6520824719662907
-0.948633221019064,1.4639226072101352,-1.2646182929415224,-1.2646182929415222,2.038091434323765,1.5370652505044076,0.757320117031743,-0.6750807673414826,1.3921938899801396,0.986283849990806,1.4128092602512243,-0.9503121529030142,-0.5438016373672659,-0.5908407786157638,1.2479894717556357,-1.0547274587736004,-0.8186953190947199
-0.1793565207017958,-1.6830475918120529,1.3954203730765178,1.3954203730765178,-0.9151876189625175,-0.975534922508191,-0.9083497905143536,-0.162984884853083,-1.3046699908599295,-0.859749037274094,-0.4820532819843823,0.7235841353206414,1.517337404975286,0.9290420365736466,-0.9341766127366468,1.3596464266010553,0.6520824719662907
0.3334946128430496,-1.059778274260422,1.3954203730765178,1.3954203730765178,-0.9938685354998844,-1.3195410276591848,-1.3247672674008777,-2.6306938671893856,-1.3046699908599295,-0.859749037274094,-0.4820532819843823,-0.9503121529030142,0.2806539795697548,-1.488953351227688,0.5948241131320953,0.5503863368836847,-0.8186953190947199
1.4446720688568817,0.1956942380758727,0.0654010400674976,0.0654010400674977,1.4434100884018064,1.146936964884798,1.0349317682894257,-0.162984884853083,1.2190147058053171,1.6016281457457726,2.521232791480213,0.4446014206166987,1.1051095965067756,0.4454429590133796,1.5894168183088502,-0.4659387821770815,0.6520824719662907
-1.6324347324121913,-0.7866978343458796,0.0654010400674976,0.0654010400674977,-0.9810600142031038,-1.3644283259157888,-1.1859614417720363,-1.3968393760212343,-1.3046699908599295,-0.859749037274094,-0.4820532819843823,-0.392346723495129,0.6928817880382653,-1.0053542736674212,0.6195652252011689,0.1069570338863763,-0.8186953190947199
-1.4614843545639096,-0.4523701719032679,0.0654010400674976,0.0654010400674977,-0.8566343787486631,-0.5319722906085754,-0.9083497905143536,-0.162984884853083,-1.3046699908599295,-0.859749037274094,-0.4820532819843823,0.4446014206166987,1.1051095965067756,-0.2108700748184112,0.8818210131333479,-0.3670770836606984,-0.8186953190947199
-1.119583598867346,0.8012869001396832,-1.2646182929415224,-1.2646182929415222,0.4699624698464764,1.2688861589502962,-0.2143206623701467,-0.6750807673414826,0.49323926303345,0.0632674063583559,-0.4820532819843823,-1.787260297014842,-1.7804850627727973,-0.1417844923098016,0.8867692355471626,-0.8283757582546425,-0.8186953190947199
0.3334946128430496,0.2893805121613202,0.0654010400674976,0.0654010400674977,0.636473246704625,0.5018991880643044,1.4513492451759498,1.2805323325064204,0.49323926303345,1.909300293623256,1.4128092602512243,1.002566850024584,-0.1315738288987555,-0.5217551961071543,-1.2360181799793433,-0.074659782722973,1.5124323266304776
0.931820935312036,-0.7934818480736376,1.3954203730765178,1.3954203730765178,-0.9261663515026152,-1.2521450742960876,-0.7695439648855121,-0.162984884853083,-0.4057153639132397,-0.859749037274094,-0.4820532819843823,-0.392346723495129,-0.1315738288987555,0.1345578377246366,-1.3844648523937846,1.6792747314460452,1.1255671642452048
1.1027713131603178,0.3328077549678841,0.0654010400674976,0.0654010400674977,0.2924729604482302,0.3937152001392326,1.0349317682894257,1.4680820320250476,0.1201393827003501,0.986283849990806,-0.4820532819843823,1.560532279432469,0.2806539795697548,-0.1763272835641064,-0.4640954834242504,-1.0909849017837396,-0.8186953190947199
-0.7776828431707823,-0.2617011663576173,0.0654010400674976,0.0654010400674977,-0.8749322663154926,-0.6542766906573935,-0.9083497905143536,-0.6750807673414826,-0.4057153639132397,-0.859749037274094,-0.4820532819843823,-0.9503121529030142,-0.5438016373672659,1.3780983228796089,-1.1568466213583082,-0.3670770836606984,-0.8186953190947199
-1.6324347324121913,-0.5784477228015321,0.0654010400674976,0.0654010400674977,-0.5400809238425126,0.0495912260421577,-0.353126487998988,0.5587737238266685,-0.4057153639132397,-0.5520768893966107,-0.4820532819843823,1.002566850024584,1.1051095965067756,-0.2108700748184112,-1.3696201851523404,0.3764335138253058,0.6520824719662907
-1.2905339767156276,-1.331903219283731,0.0654010400674976,0.0654010400674977,-0.9188471964758834,-1.1825906357759282,-0.7695439648855121,-0.162984884853083,-0.4057153639132397,-0.859749037274094,-0.4820532819843823,0.1656187059127561,0.6928817880382653,0.6526997065392084,-0.8401603868741676,1.0244204544307591,0.6520824719662907
0.6753953685396132,1.3900150773732218,-1.2646182929415224,-1.2646182929415222,0.7581541990240412,0.6399905305427914,1.3125434195471084,0.8331736116944045,1.3921938899801396,0.986283849990806,1.4128092602512243,-0.392346723495129,-1.3682572543042868,-0.1763272835641064,0.5156525545110602,-1.1207930591923676,-0.8186953190947199
0.2480194239189087,-1.185616951435878,-1.2646182929415224,-1.2646182929415222,-0.8438258574518824,-0.4530426392741418,-0.9083497905143536,-0.162984884853083,-1.3046699908599295,-0.859749037274094,-0.4820532819843823,0.7235841353206414,1.517337404975286,0.5145285415219892,1.460763035549668,-0.3670770836606984,-0.8186953190947199
1.872048013477586,1.223137894619286,-1.2646182929415224,-1.2646182929415222,1.0774523370652165,1.150674850461395,0.6185142914029015,-0.6750807673414826,1.0190940096470398,1.2939559978682893,1.4128092602512243,-1.787260297014842,-1.7804850627727973,1.2399271578623896,-1.176639511013567,-1.0334885871285773,-0.8186953190947199
0.4189698017671905,0.585010631508974,0.0654010400674976,0.0654010400674977,-0.0405485932680669,0.2436231606510005,0.6185142914029015,1.2805323325064204,0.49323926303345,0.0632674063583559,1.4128092602512243,1.560532279432469,0.6928817880382653,1.516269487896828,-0.3057523661821799,-1.0334885871285773,-0.8186953190947199
-1.974335488108755,-0.4388021444477518,-1.2646182929415224,-1.2646182929415222,-0.598634164056367,-0.0985130773157088,-0.353126487998988,0.2342275408568957,0.1201393827003501,-0.5520768893966107,-0.4820532819843823,-0.392346723495129,-0.5438016373672659,-1.2816966037018591,0.367205882096619,-0.7713565969387494,-0.8186953190947199
-0.6067324653225004,-1.8767741810096508,0.0654010400674976,0.0654010400674977,-0.9426344503127618,-1.4246483016934857,-0.7695439648855121,-0.162984884853083,-0.4057153639132397,-0.859749037274094,-0.4820532819843823,-0.1133640087911864,0.2806539795697548,1.2744699491166944,-0.9490212799780908,1.6792747314460452,1.1255671642452048
0.1625442349947678,-1.3988834111592017,2.7254397060855378,2.7254397060855378,-0.971911070419689,-1.449583789532388,-1.047155616143195,-0.6750807673414826,-1.3046699908599295,-0.859749037274094,-0.4820532819843823,-0.1133640087911864,0.6928817880382653,-0.7290119436329829,-0.5432670420452856,0.8856123090539809,0.0416545355694672
-1.7179099213363322,-0.0226124571987076,-1.2646182929415224,-1.2646182929415222,1.803878473468348,1.1418211178650426,1.4513492451759498,0.8331736116944045,1.0190940096470398,1.909300293623256,2.521232791480213,-0.1133640087911864,-0.9560294458357764,0.6872424977935131,0.1841216527854753,-1.1337935730163105,-0.8186953190947199
-0.6067324653225004,0.909544471316442,-1.2646182929415224,-1.2646182929415222,1.7105592468775173,1.1553015895097896,1.3125434195471084,0.8331736116944045,1.2190147058053171,1.2939559978682893,-0.4820532819843823,-0.1133640087911864,-0.9560294458357764,-0.2454128660727159,0.763063675201795,-1.1207930591923676,-0.8186953190947199
0.2480194239189087,0.111945110859254,1.3954203730765178,1.3954203730765178,-0.6096128965964647,-0.1283757759612969,-0.353126487998988,-0.162984884853083,-0.4057153639132397,0.0632674063583559,-0.4820532819843823,-0.6713294381990716,-0.5438016373672659,-1.2471538124475547,-0.7906781627360205,1.803075729598364,1.839522160832408
1.1027713131603178,-1.0995746364802983,1.3954203730765178,1.3954203730765178,-0.9810600142031038,-1.6060289414048878,-1.047155616143195,-0.6750807673414826,-1.3046699908599295,-0.859749037274094,-0.4820532819843823,-0.6713294381990716,-0.1315738288987555,1.2744699491166944,-1.2063288454964554,0.8856123090539809,0.0416545355694672
-0.2648317096259368,-0.5510250194231298,1.3954203730765178,1.3954203730765178,-0.8529748012352972,-0.5089012512630976,-0.9083497905143536,-0.162984884853083,-1.3046699908599295,-0.859749037274094,-0.4820532819843823,0.1656187059127561,0.6928817880382653,0.3418145852504653,-0.0929788023881478,0.5503863368836847,0.0416545355694672
-1.3760091656397686,0.6998133426906824,0.0654010400674976,0.0654010400674977,-0.3058679629870948,0.1953021090226867,0.063290988887536,0.2342275408568957,0.49323926303345,0.0632674063583559,-0.4820532819843823,-0.6713294381990716,-0.9560294458357764,-0.6599263611243733,1.6339508200331825,-0.4429979611782864,0.0416545355694672
1.5301472577810225,-1.0043117958243155,1.3954203730765178,1.3954203730765178,-0.9883791692298356,-1.509803765310085,-1.1859614417720363,-1.3968393760212343,-1.3046699908599295,-0.859749037274094,-0.4820532819843823,-0.9503121529030142,-0.1315738288987555,-0.556297987361459,-0.0286519110085567,1.3596464266010553,0.0416545355694672
-0.0938813317776549,-0.0226124571987076,2.7254397060855378,2.7254397060855378,0.8853245176135063,1.1872058679756494,0.3409026401452188,-0.6750807673414826,0.49323926303345,1.2939559978682893,2.521232791480213,-0.1133640087911864,0.6928817880382653,0.6181569152849036,-0.2166843627335154,0.8856123090539809,1.839522160832408
-0.1793565207017958,0.6182140789793391,0.0654010400674976,0.0654010400674977,0.2046431001274485,0.4383667492464337,0.757320117031743,-0.162984884853083,0.49323926303345,1.909300293623256,-0.4820532819843823,-1.2292948676069568,-1.3682572543042868,-0.9017258999045068,0.8620281234780893,-0.3670770836606984,0.6520824719662907
-0.4357820874742186,-0.8328960123370207,0.0654010400674976,0.0654010400674977,-0.9847195917164696,-1.1167475766143669,-1.3247672674008777,-1.3968393760212343,-1.3046699908599295,-1.1674211851515772,-0.4820532819843823,-0.392346723495129,0.6928817880382653,1.1017559928451706,0.0455714251986636,0.5503863368836847,-0.8186953190947199
0.3334946128430496,-0.230743131881651,1.3954203730765178,1.3954203730765178,-1.003017479283299,-1.562333593668681,-1.3247672674008777,-1.3968393760212343,-1.3046699908599295,-1.1674211851515772,-0.4820532819843823,-0.392346723495129,0.6928817880382653,-1.488953351227688,-1.0578821730820145,0.5503863368836847,-0.8186953190947199
0.6753953685396132,0.5957599490353512,0.0654010400674976,0.0654010400674977,1.3519206505676589,1.2294670042083122,0.757320117031743,1.637741372355351,0.49323926303345,-0.2444047415191273,-0.4820532819843823,2.118497708840354,0.6928817880382653,-0.2799556573270207,0.7581154527879803,0.2579690359459597,1.5124323266304776
1.3591968799327403,-0.5441932309508101,0.0654010400674976,0.0654010400674977,0.1131536622933009,0.3466258233895939,0.757320117031743,1.2805323325064204,0.1201393827003501,0.6786117021133227,-0.4820532819843823,1.839514994136412,1.1051095965067756,0.998127619082256,0.8917174579609772,0.5503863368836847,1.839522160832408
1.0172961242361769,0.493617545162487,-1.2646182929415224,-1.2646182929415222,1.308005720407268,1.2765051008463852,0.6185142914029015,0.2342275408568957,1.54494875626063,-0.2444047415191273,-0.4820532819843823,-0.6713294381990716,-0.9560294458357764,-0.0036133272925825,0.0257785355434049,-1.0334885871285773,-0.8186953190947199
-0.6067324653225004,-1.767943312898152,0.0654010400674976,0.0654010400674977,-0.9206769852325664,-1.0266152325933793,-0.9083497905143536,-0.6750807673414826,-1.3046699908599295,-0.5520768893966107,-0.4820532819843823,0.1656187059127561,1.1051095965067756,-0.3490412398356303,0.040623202784849,1.3596464266010553,0.6520824719662907
-1.2905339767156276,-1.175249831865994,0.0654010400674976,0.0654010400674977,-0.971911070419689,-1.2039083447629702,-1.1859614417720363,-1.3968393760212343,-1.3046699908599295,-0.859749037274094,-0.4820532819843823,-0.392346723495129,0.6928817880382653,-1.5925817249906025,-0.5927492661834326,0.1069570338863763,-0.8186953190947199
1.6156224467051634,0.1231244010866862,2.7254397060855378,2.7254397060855378,-0.970081281663006,-1.174165588264889,-1.1859614417720363,-1.3968393760212343,-1.3046699908599295,-0.859749037274094,-0.4820532819843823,-1.2292948676069568,-0.5438016373672659,-0.4181268223442398,0.3078272131308429,0.1069570338863763,-0.8186953190947199
-1.4614843545639096,-1.044155932788754,0.0654010400674976,0.0654010400674977,-0.7468470533476861,-0.3186385136121973,-0.6307381392566708,-0.162984884853083,-0.4057153639132397,-0.5520768893966107,-0.4820532819843823,0.4446014206166987,1.1051095965067756,-0.9362686911588116,0.7284261183050921,1.3596464266010553,1.1255671642452048
-1.205058787791487,-1.32731684380581,0.0654010400674976,0.0654010400674977,-0.9975281130132504,-1.4110098793017738,-1.3247672674008777,-1.3968393760212343,-1.3046699908599295,-1.1674211851515772,-0.4820532819843823,-0.1133640087911864,1.1051095965067756,1.032670410336561,0.4216363286485808,0.5503863368836847,-0.8186953190947199
-1.7179099213363322,-0.8532002787757332,-1.2646182929415224,-1.2646182929415222,-0.9096982526924688,-0.7175861916225862,-1.047155616143195,-1.3968393760212343,-0.4057153639132397,-0.859749037274094,-0.4820532819843823,-1.2292948676069568,-0.5438016373672659,-0.1072417010554968,-0.3107005885959946,-0.1735214812393563,-0.8186953190947199
1.1027713131603178,0.6917394108597591,0.0654010400674976,0.0654010400674977,1.084771492091948,1.154873033651564,0.6185142914029015,1.4680820320250476,0.49323926303345,-0.2444047415191273,-0.4820532819843823,1.2815495647285264,-0.1315738288987555,1.1362987840994754,0.485963220028172,-0.6620051719481421,0.0416545355694672
-0.1793565207017958,-0.7967305307038317,0.0654010400674976,0.0654010400674977,-0.931655717772664,-0.6737143312413949,-1.1859614417720363,-1.3968393760212343,-0.4057153639132397,-1.1674211851515772,1.4128092602512243,-0.392346723495129,0.6928817880382653,-1.350782186210469,0.8966656803747922,0.1069570338863763,-0.8186953190947199
-1.205058787791487,-1.425828367091987,0.0654010400674976,0.0654010400674977,-0.9792302254464208,-1.5731132662752778,-1.047155616143195,-0.6750807673414826,-1.3046699908599295,-0.859749037274094,-0.4820532819843823,0.1656187059127561,1.1051095965067756,0.065472255216027,0.0505196476124785,0.8856123090539809,0.0416545355694672
0.7608705574637542,0.4944297158200355,1.3954203730765178,1.3954203730765178,0.6126859928677466,0.5943065726910159,1.173737593918267,0.2342275408568957,1.0190940096470398,1.909300293623256,-0.4820532819843823,-0.6713294381990716,-0.9560294458357764,-0.3835840310899351,1.4904523700325565,-1.1065825691090454,-0.8186953190947199
0.0770690460706269,1.138863245212489,-1.2646182929415224,-1.2646182929415222,1.4379207221317576,1.0849229994483178,1.173737593918267,1.79262821499482,0.7826380134765774,0.0632674063583559,3.3076718024868312,1.560532279432469,-0.5438016373672659,-1.350782186210469,1.069853464858307,-1.1065825691090454,-0.8186953190947199
-0.2648317096259368,-1.0118602054650607,0.0654010400674976,0.0654010400674977,-0.9261663515026152,-0.6162963195908734,-1.1859614417720363,-1.3968393760212343,-1.3046699908599295,-0.859749037274094,-0.4820532819843823,-0.1133640087911864,1.1051095965067756,-1.21261102119325,1.1886108027898592,0.1069570338863763,-0.8186953190947199
0.3334946128430496,1.4880966279583436,-1.2646182929415224,-1.2646182929415222,1.9978360816767409,1.3329301226970232,1.173737593918267,1.070869606315068,1.2190147058053171,0.6786117021133227,1.4128092602512243,0.1656187059127561,-0.9560294458357764,-1.0744398561760309,0.6393581148564278,-1.1065825691090454,-0.8186953190947199
-1.6324347324121913,0.8026245929874102,-1.2646182929415224,-1.2646182929415222,1.201877972519657,1.0225580285984348,1.0349317682894257,0.2342275408568957,1.0190940096470398,1.6016281457457726,-0.4820532819843823,-0.6713294381990716,-0.9560294458357764,1.5853550704054375,1.6537437096884413,-1.0909849017837396,-0.8186953190947199
-1.4614843545639096,-0.4989505478509025,-1.2646182929415224,-1.2646182929415222,-0.785272617238028,-0.3270635611232366,-0.7695439648855121,-0.6750807673414826,-0.4057153639132397,-0.5520768893966107,-0.4820532819843823,-0.392346723495129,0.2806539795697548,-1.3162393949561642,-0.7411959385978736,-0.5087474534096524,-0.8186953190947199
-0.008406142853514,0.1603887018447939,0.0654010400674976,0.0654010400674977,1.12319705598229,1.176682232145757,0.6185142914029015,0.2342275408568957,0.1201393827003501,1.6016281457457726,2.521232791480213,0.7235841353206414,1.1051095965067756,0.549071332776294,1.1341803562378978,-0.3095807690055359,0.6520824719662907
1.6156224467051634,0.3553096596564337,0.0654010400674976,0.0654010400674977,-0.111910354778702,0.2274869493566194,0.4797084657740602,-0.162984884853083,1.0190940096470398,0.6786117021133227,-0.4820532819843823,-0.9503121529030142,-0.9560294458357764,0.7563280803021227,0.1346394286473281,-0.616950784236665,0.0416545355694672
-0.3503068985500777,-1.178355190262503,0.0654010400674976,0.0654010400674977,-1.0066770567966652,-1.6746168452883827,-1.3247672674008777,-1.3968393760212343,-1.3046699908599295,-1.1674211851515772,1.4128092602512243,-0.1133640087911864,1.1051095965067756,-1.2471538124475547,-0.1770985834229977,0.5503863368836847,-0.8186953190947199
1.4446720688568817,1.4699422250249066,-1.2646182929415224,-1.2646182929415222,0.3693240882289141,0.8083822290557352,0.3409026401452188,-0.6750807673414826,1.6815926404232675,-0.5520768893966107,-0.4820532819843823,-1.787260297014842,-1.7804850627727973,0.3072717939961605,-0.6075939334248766,-0.982781570956727,-0.8186953190947199
0.3334946128430496,-0.3609293108122193,1.3954203730765178,1.3954203730765178,-0.9627621266362744,-1.0618823366451875,-1.1859614417720363,-1.3968393760212343,-1.3046699908599295,-0.859749037274094,-0.4820532819843823,-0.6713294381990716,0.2806539795697548,0.549071332776294,0.0851572045091813,1.3596464266010553,0.0416545355694672
-0.0938813317776549,1.5756199599953349,-1.2646182929415224,-1.2646182929415222,0.730707367673797,1.1692703162235225,0.2020968145163774,0.2342275408568957,0.7826380134765774,0.0632674063583559,-0.4820532819843823,-1.2292948676069568,-1.7804850627727973,-1.6962100987535167,-1.6863064196364812,-0.952176756406961,-0.8186953190947199
-0.1793565207017958,-1.026335953067249,1.3954203730765178,1.3954203730765178,-0.9591025491229084,-1.2593210518814877,-1.047155616143195,-0.6750807673414826,-1.3046699908599295,-0.859749037274094,-0.4820532819843823,-0.1133640087911864,0.6928817880382653,-0.556297987361459,0.9758372389958272,1.803075729598364,0.6520824719662907
-0.6067324653225004,-0.8921366955934995,0.0654010400674976,0.0654010400674977,-1.010336634310031,-1.798146322031272,-1.3247672674008777,-1.3968393760212343,-1.3046699908599295,-1.1674211851515772,1.4128092602512243,-0.6713294381990716,0.2806539795697548,1.4126411141339137,-0.8747979437708704,0.5503863368836847,-0.8186953190947199
1.0172961242361769,0.9200549151200108,0.0654010400674976,0.0654010400674977,0.4882603574133059,0.4439803335287167,1.3125434195471084,0.8331736116944045,1.3921938899801396,0.986283849990806,-0.4820532819843823,0.1656187059127561,-0.5438016373672659,1.5853550704054375,-0.7906781627360205,-0.27842076318998,1.1255671642452048
-1.4614843545639096,0.9601379258072572,0.0654010400674976,0.0654010400674977,1.5531974138027835,1.199578831065642,1.0349317682894257,1.2805323325064204,0.7826380134765774,0.6786117021133227,2.521232791480213,0.7235841353206414,-0.5438016373672659,1.516269487896828,0.8966656803747922,-0.7713565969387494,0.0416545355694672
0.2480194239189087,0.855367910983501,-1.2646182929415224,-1.2646182929415222,0.8432393762097984,1.1603094106203895,0.3409026401452188,0.2342275408568957,1.2190147058053171,-0.2444047415191273,-0.4820532819843823,-0.6713294381990716,-0.9560294458357764,-0.3835840310899351,-0.5432670420452856,-0.1735214812393563,0.6520824719662907
-0.4357820874742186,0.9671608132578238,-1.2646182929415224,-1.2646182929415222,1.1158779009555582,1.1725577014305602,0.6185142914029015,-0.162984884853083,0.7826380134765774,1.2939559978682893,-0.4820532819843823,-1.5082775823108994,-1.7804850627727973,-1.0744398561760309,1.2677823614108945,-1.0334885871285773,-0.8186953190947199
-0.6067324653225004,0.3891341788061006,0.0654010400674976,0.0654010400674977,1.2970269878671703,1.135419637134275,0.8961259426605843,1.79262821499482,0.49323926303345,-0.2444047415191273,-0.4820532819843823,2.118497708840354,0.2806539795697548,0.2727290027418557,0.9906819062372711,0.1789029217032497,1.5124323266304776
-0.7776828431707823,-0.6311910407976229,1.3954203730765178,1.3954203730765178,-0.9499536053394936,-1.1393952701597945,-1.047155616143195,-0.6750807673414826,-1.3046699908599295,-0.859749037274094,-0.4820532819843823,-0.1133640087911864,0.6928817880382653,-0.1417844923098016,-0.7016101592873558,0.8856123090539809,0.0416545355694672
1.1882465020844588,-0.0534032800687081,0.0654010400674976,0.0654010400674977,-0.858464167505346,-0.5436715693681916,-0.9083497905143536,-0.6750807673414826,-1.3046699908599295,-0.5520768893966107,1.4128092602512243,-0.392346723495129,0.2806539795697548,0.4109001677590749,0.2979307683032133,-0.3670770836606984,-0.8186953190947199
-0.008406142853514,0.7934040672870066,-1.2646182929415224,-1.2646182929415222,1.5111122723990755,1.6146467273220049,0.2020968145163774,-0.162984884853083,0.49323926303345,0.6786117021133227,-0.4820532819843823,-1.5082775823108994,-1.7804850627727973,-1.488953351227688,1.0401641303754183,-0.952176756406961,-0.8186953190947199
2.213948769174149,0.6314954579674852,-1.2646182929415224,-1.2646182929415222,0.6071966265976978,1.1714448918915468,0.063290988887536,0.5587737238266685,0.49323926303345,-0.2444047415191273,-0.4820532819843823,-0.6713294381990716,-1.3682572543042868,0.549071332776294,-0.2018396954920712,-0.9170320787253609,-0.8186953190947199
1.7865728245534451,-0.2471776440108677,1.3954203730765178,1.3954203730765178,-0.261953032826704,0.1762024398064526,0.2020968145163774,0.2342275408568957,1.2190147058053171,-0.5520768893966107,-0.4820532819843823,-0.1133640087911864,-0.1315738288987555,0.1000150464703318,-0.4443025937689914,-0.5087474534096524,0.0416545355694672
1.0172961242361769,1.2786043730553924,-1.2646182929415224,-1.2646182929415222,1.953006257138008,1.3148087578664618,1.173737593918267,0.2342275408568957,1.3921938899801396,1.2939559978682893,1.4128092602512243,-0.9503121529030142,-1.3682572543042868,1.3090127403709992,1.4112808114115207,-1.1065825691090454,-0.8186953190947199
-0.008406142853514,0.493617545162487,0.0654010400674976,0.0654010400674977,0.1241323948333986,0.3580016151422612,0.757320117031743,0.8331736116944045,0.1201393827003501,1.2939559978682893,-0.4820532819843823,0.1656187059127561,-0.5438016373672659,-0.3835840310899351,-1.260759292048417,-0.3670770836606984,0.6520824719662907
-0.7776828431707823,-1.1185412100712842,1.3954203730765178,1.3954203730765178,-0.93531529528603,-1.3449906853317872,-0.7695439648855121,-0.6750807673414826,-0.4057153639132397,-0.5520768893966107,-0.4820532819843823,-0.9503121529030142,-0.5438016373672659,0.1345578377246366,-1.1321055092892347,1.0244204544307591,0.6520824719662907
-0.7776828431707823,-0.6754304542617352,0.0654010400674976,0.0654010400674977,-0.9938685354998844,-1.3195410276591848,-1.3247672674008777,-1.3968393760212343,-1.3046699908599295,-1.1674211851515772,-0.4820532819843823,0.1656187059127561,1.517337404975286,-0.6253835698700686,1.1341803562378978,0.5503863368836847,-0.8186953190947199
0.1625442349947678,-0.0179544196039442,1.3954203730765178,1.3954203730765178,-0.1356976086155804,0.2736547101316808,0.3409026401452188,0.8331736116944045,0.49323926303345,0.0632674063583559,-0.4820532819843823,1.002566850024584,0.6928817880382653,0.6181569152849036,0.9609925717543834,1.2052406138989713,2.122860263027301
-0.008406142853514,0.1408488313190682,0.0654010400674976,0.0654010400674977,0.2000686282357411,0.5027107847940909,0.6185142914029015,0.8331736116944045,0.1201393827003501,0.986283849990806,-0.4820532819843823,0.1656187059127561,-0.5438016373672659,0.549071332776294,1.5993132631364797,-0.6620051719481421,0.0416545355694672
0.7608705574637542,1.3221749400956413,-1.2646182929415224,-1.2646182929415222,0.9374734971789704,0.6004625189580137,1.7289608964336325,0.2342275408568957,1.8052020693197453,1.6016281457457726,-0.4820532819843823,-0.9503121529030142,-1.3682572543042868,0.5145285415219892,0.268241433820325,-1.1567343940151056,-0.8186953190947199
-0.6067324653225004,-0.9669519455770847,0.0654010400674976,0.0654010400674977,-0.9462940278261276,-1.0945079719031905,-1.047155616143195,-0.6750807673414826,-1.3046699908599295,-0.859749037274094,-0.4820532819843823,-0.1133640087911864,0.6928817880382653,1.1362987840994754,0.5750312234768367,0.8856123090539809,0.0416545355694672
0.5899201796154724,0.9636254821602596,-1.2646182929415224,-1.2646182929415222,2.1497085484814256,1.803506093965608,0.3409026401452188,0.2342275408568957,0.49323926303345,0.6786117021133227,-0.4820532819843823,-0.6713294381990716,-0.9560294458357764,-0.7635547348872876,1.163869690720786,-0.982781570956727,-0.8186953190947199
-0.5212572763983595,0.0362699154735585,0.0654010400674976,0.0654010400674977,0.7718776146991634,1.1972452785827787,0.2020968145163774,-0.6750807673414826,0.7826380134765774,0.6786117021133227,-0.4820532819843823,0.1656187059127561,1.1051095965067756,0.4799857502676844,1.0945945769273802,-0.5087474534096524,0.0416545355694672
-1.2905339767156276,-0.7725565099556234,0.0654010400674976,0.0654010400674977,-0.9847195917164696,-1.4349769365943692,-1.1859614417720363,-1.3968393760212343,-1.3046699908599295,-0.859749037274094,-0.4820532819843823,-0.6713294381990716,0.2806539795697548,0.5836141240305988,-1.4141541868766727,0.1069570338863763,-0.8186953190947199
-0.5212572763983595,-0.1756588514020381,1.3954203730765178,1.3954203730765178,-0.5748469102194886,-0.0361874462056808,-0.353126487998988,0.5587737238266685,-0.4057153639132397,-0.5520768893966107,-0.4820532819843823,1.002566850024584,1.1051095965067756,0.6872424977935131,1.26283413899708,1.803075729598364,1.839522160832408
-0.0938813317776549,-1.06570234258607,0.0654010400674976,0.0654010400674977,-0.9865493804731528,-1.471823394243565,-1.1859614417720363,-1.3968393760212343,-0.4057153639132397,-1.1674211851515772,1.4128092602512243,-1.2292948676069568,-0.5438016373672659,0.1000150464703318,-0.2463736972164034,0.1069570338863763,-0.8186953190947199
0.2480194239189087,0.5711559555860878,0.0654010400674976,0.0654010400674977,1.4690271309953675,1.221844267616378,0.8961259426605843,0.2342275408568957,0.49323926303345,1.909300293623256,1.4128092602512243,0.7235841353206414,1.1051095965067756,-0.1417844923098016,1.1935590252036743,-0.1135143792344754,1.1255671642452048
-0.2648317096259368,-0.6342963991941318,1.3954203730765178,1.3954203730765178,-0.9060386751791027,-0.8948352928571242,-0.9083497905143536,-0.162984884853083,-1.3046699908599295,-0.859749037274094,-0.4820532819843823,0.4446014206166987,1.1051095965067756,-1.6271245162449073,0.090105426922996,1.3596464266010553,0.6520824719662907
-0.5212572763983595,-0.2750303200903251,1.3954203730765178,1.3954203730765178,-0.8200386036150041,-0.4991441675036837,-0.7695439648855121,-0.162984884853083,0.1201393827003501,-1.1674211851515772,-0.4820532819843823,0.4446014206166987,1.1051095965067756,1.2744699491166944,1.6141579303779234,1.6792747314460452,1.1255671642452048
-0.0938813317776549,-1.398357888969023,-1.2646182929415224,-1.2646182929415222,-0.8914003651256391,-0.3040316606741784,-1.1859614417720363,-1.3968393760212343,-0.4057153639132397,-1.1674211851515772,1.4128092602512243,0.1656187059127561,1.517337404975286,-0.9017258999045068,0.565134778649207,0.1069570338863763,-0.8186953190947199
-1.7179099213363322,-1.0307790043114844,0.0654010400674976,0.0654010400674977,-0.971911070419689,-1.2039083447629702,-1.1859614417720363,-1.3968393760212343,-1.3046699908599295,-0.859749037274094,-0.4820532819843823,-0.1133640087911864,1.1051095965067756,-1.2471538124475547,0.9510961269267536,0.1069570338863763,-0.8186953190947199
0.6753953685396132,0.6961346873594334,0.0654010400674976,0.0654010400674977,1.4241973064566351,1.2657242715209729,0.757320117031743,-0.162984884853083,1.0190940096470398,1.2939559978682893,-0.4820532819843823,-0.1133640087911864,0.2806539795697548,-1.21261102119325,-0.4146132592861034,-0.7023030558309942,0.0416545355694672
-0.008406142853514,-1.0048373180144945,0.0654010400674976,0.0654010400674977,-0.9462940278261276,-0.8413293753468676,-1.1859614417720363,-1.3968393760212343,-1.3046699908599295,-0.859749037274094,-0.4820532819843823,-0.392346723495129,0.6928817880382653,1.481726696642523,0.1296912062335135,0.1069570338863763,-0.8186953190947199
-0.008406142853514,-0.873026797768829,1.3954203730765178,1.3954203730765178,-1.008506845553348,-1.7348368210660794,-1.3247672674008777,-1.3968393760212343,-1.3046699908599295,-1.1674211851515772,-0.4820532819843823,-0.1133640087911864,1.1051095965067756,-0.3835840310899351,0.9065621252024216,0.5503863368836847,-0.8186953190947199
-1.3760091656397686,-1.52252445008482,0.0654010400674976,0.0654010400674977,-0.9993579017699332,-1.45941861979858,-1.3247672674008777,-2.6306938671893856,-1.3046699908599295,-0.859749037274094,-0.4820532819843823,-0.6713294381990716,0.6928817880382653,0.8599564540650371,-0.6273868230801355,0.5503863368836847,-0.8186953190947199
1.2737216910085998,-1.1673192242687558,-1.2646182929415224,-1.2646182929415222,-0.4467616972516821,0.1401534883455822,-0.2143206623701467,0.2342275408568957,-0.4057153639132397,0.0632674063583559,-0.4820532819843823,0.4446014206166987,0.6928817880382653,-1.21261102119325,1.0401641303754183,0.2307580320386945,0.6520824719662907
-0.3503068985500777,-0.7723654109773767,2.7254397060855378,2.7254397060855378,-0.6535278267568555,-0.1311777400884723,-0.4919323136278294,0.2342275408568957,-0.4057153639132397,-0.5520768893966107,-0.4820532819843823,0.7235841353206414,1.1051095965067756,1.5508122791511327,1.5943650407226648,2.526983547721405,2.122860263027301
-1.034108409943205,-0.7506279022018139,0.0654010400674976,0.0654010400674977,-1.0048472680399825,-1.6171988336378609,-1.3247672674008777,-2.6306938671893856,-0.4057153639132397,-1.1674211851515772,-0.4820532819843823,-1.787260297014842,-0.9560294458357764,-0.556297987361459,-1.3003450713589344,0.5503863368836847,-0.8186953190947199
-0.1793565207017958,-1.98789823686011,0.0654010400674976,0.0654010400674977,-0.9645919153929572,-1.3373005379126868,-1.047155616143195,-1.3968393760212343,0.1201393827003501,-1.1674211851515772,-0.4820532819843823,-0.9503121529030142,-0.1315738288987555,-0.5908407786157638,0.2781378786479547,1.803075729598364,0.6520824719662907
0.0770690460706269,-0.3850555568158659,0.0654010400674976,0.0654010400674977,-0.1393571861289463,0.3515140066815195,0.2020968145163774,1.070869606315068,0.49323926303345,-0.5520768893966107,1.4128092602512243,1.2815495647285264,0.6928817880382653,-1.3162393949561642,-0.4838883730795091,-0.0922096505177403,0.6520824719662907
0.7608705574637542,0.5506605901691286,0.0654010400674976,0.0654010400674977,0.7398563114572116,0.6276416064413961,1.3125434195471084,0.2342275408568957,1.0190940096470398,2.2169724415007392,-0.4820532819843823,-0.9503121529030142,-1.3682572543042868,0.998127619082256,1.376643254514818,-0.27842076318998,1.1255671642452048
1.7010976356293042,-0.622591586776521,0.0654010400674976,0.0654010400674977,-0.8310173361551018,-0.3788584893898943,-0.9083497905143536,-0.6750807673414826,-0.4057153639132397,-0.859749037274094,-0.4820532819843823,-0.392346723495129,0.2806539795697548,0.2381862114875509,1.5547792614121472,-0.3670770836606984,-0.8186953190947199
0.0770690460706269,1.5196757341136116,1.3954203730765178,1.3954203730765178,1.1067289571721437,1.2411717754115104,0.4797084657740602,-0.6750807673414826,0.1201393827003501,1.909300293623256,-0.4820532819843823,-0.6713294381990716,-0.1315738288987555,0.2727290027418557,0.3127754355446576,-0.2454673690562298,0.6520824719662907
-0.8631580320949231,1.8367089390248963,-1.2646182929415224,-1.2646182929415222,1.5257505824525393,1.2490685692581849,0.8961259426605843,0.5587737238266685,1.2190147058053171,0.6786117021133227,1.4128092602512243,-0.9503121529030142,-1.7804850627727973,-1.4544105599733834,-0.8747979437708704,-1.4262108739540356,-2.2894731101557304
-0.8631580320949231,0.50852326546573,0.0654010400674976,0.0654010400674977,-0.6334001504333431,-0.1956689210557953,-0.353126487998988,-0.162984884853083,-0.4057153639132397,0.0632674063583559,-0.4820532819843823,-0.6713294381990716,-0.5438016373672659,-1.6962100987535167,-0.7510923834255029,-0.1735214812393563,0.0416545355694672
-2.059810677032896,1.0719786028261418,-1.2646182929415224,-1.2646182929415222,0.8743457850734087,1.1802457104265598,0.3409026401452188,0.5587737238266685,0.7826380134765774,0.0632674063583559,-0.4820532819843823,-0.6713294381990716,-1.3682572543042868,0.5836141240305988,-1.473532855842449,-0.982781570956727,-0.8186953190947199
1.957523202401727,-0.040265225314247,-1.2646182929415224,-1.2646182929415222,-0.6571874042702215,-0.1424496418812321,-0.4919323136278294,0.2342275408568957,-0.4057153639132397,-0.5520768893966107,-0.4820532819843823,0.1656187059127561,0.2806539795697548,1.2744699491166944,0.4117398838209515,-0.7023030558309942,-0.8186953190947199
0.0770690460706269,0.9040026009472876,0.0654010400674976,0.0654010400674977,0.4004304970925242,0.4874214257371314,1.0349317682894257,0.5587737238266685,0.49323926303345,1.909300293623256,-0.4820532819843823,-0.392346723495129,-0.9560294458357764,1.0672132015908655,-1.1370537317030494,-0.4659387821770815,0.6520824719662907
-1.8888602991846144,0.8039145110905754,-1.2646182929415224,-1.2646182929415222,1.8843891787623976,1.175786766754466,1.4513492451759498,0.2342275408568957,1.6815926404232675,1.2939559978682893,-0.4820532819843823,-0.9503121529030142,-1.3682572543042868,0.2381862114875509,-0.4344061489413621,-1.1337935730163105,-0.8186953190947199
-0.1793565207017958,-0.3836700892235772,1.3954203730765178,1.3954203730765178,-0.6992725456739294,-0.1410350117344584,-0.6307381392566708,-0.162984884853083,-0.4057153639132397,-0.5520768893966107,-0.4820532819843823,0.4446014206166987,1.1051095965067756,-1.0744398561760309,1.475607702791112,1.3596464266010553,1.1255671642452048
-1.2905339767156276,-1.7442470395955605,0.0654010400674976,0.0654010400674977,-0.9536131828528596,-0.9345256795708756,-1.1859614417720363,-1.3968393760212343,-0.4057153639132397,-1.1674211851515772,-0.4820532819843823,-0.1133640087911864,1.1051095965067756,0.065472255216027,1.5498310389983323,1.3596464266010553,0.0416545355694672
-1.5469595434880503,-1.3574149328796663,0.0654010400674976,0.0654010400674977,-0.9902089579865184,-1.5489900618931016,-1.1859614417720363,-1.3968393760212343,-1.3046699908599295,-0.859749037274094,-0.4820532819843823,-0.392346723495129,0.6928817880382653,0.7563280803021227,0.980785461409642,0.1069570338863763,-0.8186953190947199
-0.948633221019064,-1.7839000775817515,0.0654010400674976,0.0654010400674977,-0.863953533775395,-0.7576708975631978,-0.7695439648855121,-0.6750807673414826,0.1201393827003501,-0.859749037274094,-0.4820532819843823,-0.1133640087911864,0.6928817880382653,0.7563280803021227,1.2034554700313034,1.6792747314460452,1.1255671642452048
1.1027713131603178,-0.9774623893806536,1.3954203730765178,1.3954203730765178,-0.9225067739892494,-1.0441228263916855,-0.9083497905143536,-0.6750807673414826,-0.4057153639132397,-0.859749037274094,-0.4820532819843823,-0.392346723495129,0.2806539795697548,1.0672132015908655,0.5403936665801338,2.083554244724097,1.1255671642452048
0.3334946128430496,1.1189411767302695,-1.2646182929415224,-1.2646182929415222,0.7892606078876514,0.6607042440844803,1.3125434195471084,1.4680820320250476,0.7826380134765774,0.986283849990806,-0.4820532819843823,1.2815495647285264,-0.1315738288987555,-1.6271245162449073,1.4162290338253354,-1.1207930591923676,-0.8186953190947199
-0.4357820874742186,-0.4529912435825697,1.3954203730765178,1.3954203730765178,-0.7413576870776372,-0.2967925509607906,-0.6307381392566708,-0.6750807673414826,-0.4057153639132397,-0.2444047415191273,-0.4820532819843823,-0.6713294381990716,-0.1315738288987555,1.17084157535378,-0.1770985834229977,1.9096014216657184,1.5124323266304776
0.7608705574637542,-1.0198863625514225,-1.2646182929415224,-1.2646182929415222,-0.411995710874706,0.3223898338227141,-0.353126487998988,0.5587737238266685,-0.4057153639132397,-0.5520768893966107,-0.4820532819843823,0.7235841353206414,0.6928817880382653,-0.6944691523786781,0.5997723355459103,-0.7713565969387494,-0.8186953190947199
1.1882465020844588,0.1751510979143519,2.7254397060855378,2.7254397060855378,-0.223527468936362,0.1514008274129822,0.3409026401452188,0.8331736116944045,0.49323926303345,0.0632674063583559,1.4128092602512243,1.002566850024584,0.6928817880382653,-1.3162393949561642,-0.5135777075623974,1.803075729598364,2.596344955306216
0.3334946128430496,-0.1838761074666464,1.3954203730765178,1.3954203730765178,-0.9645919153929572,-1.0890101246482895,-1.1859614417720363,-1.3968393760212343,-1.3046699908599295,-0.859749037274094,-0.4820532819843823,-0.6713294381990716,0.2806539795697548,0.2036434202332462,-1.6516688627397782,0.1069570338863763,-0.8186953190947199
-0.2648317096259368,-1.1772563711375843,0.0654010400674976,0.0654010400674977,-0.9115280414491516,-0.9426192473785804,-0.9083497905143536,-0.6750807673414826,-1.3046699908599295,-0.5520768893966107,-0.4820532819843823,0.1656187059127561,1.1051095965067756,-1.0398970649217258,1.5547792614121472,1.3596464266010553,0.6520824719662907
-0.1793565207017958,0.6666098952203173,1.3954203730765178,1.3954203730765178,-0.5419107125991955,-0.0680467613860607,-0.2143206623701467,0.5587737238266685,-0.4057153639132397,-0.2444047415191273,-0.4820532819843823,0.4446014206166987,0.2806539795697548,-1.661667307499212,-1.6021866386016312,0.2307580320386945,0.6520824719662907
-0.4357820874742186,-1.0273392227030438,0.0654010400674976,0.0654010400674977,-0.9554429716095424,-1.209943880838375,-1.047155616143195,-0.162984884853083,-1.3046699908599295,-1.1674211851515772,-0.4820532819843823,0.7235841353206414,1.517337404975286,-1.0398970649217258,0.169276985544031,-0.1735214812393563,-0.8186953190947199
0.5044449906913314,-0.067735703437211,1.3954203730765178,1.3954203730765178,-0.1430167636423122,0.1867009267032216,0.4797084657740602,1.070869606315068,-0.4057153639132397,0.6786117021133227,-0.4820532819843823,1.2815495647285264,0.6928817880382653,-0.7290119436329829,1.3172645855490417,-0.2454673690562298,0.6520824719662907
-1.119583598867346,-1.3491021273259345,0.0654010400674976,0.0654010400674977,-0.8950599426390051,-0.8044829176976724,-0.9083497905143536,-0.162984884853083,-1.3046699908599295,-0.859749037274094,-0.4820532819843823,0.4446014206166987,1.1051095965067756,0.9290420365736466,1.163869690720786,0.5503863368836847,0.0416545355694672
-0.6067324653225004,0.095701697708284,0.0654010400674976,0.0654010400674977,0.5083880337368184,1.096195528966115,0.063290988887536,0.2342275408568957,0.49323926303345,0.0632674063583559,-0.4820532819843823,-0.392346723495129,-0.5438016373672659,0.0309294639617222,1.2034554700313034,0.4169691447109346,1.1255671642452048
1.1882465020844588,0.6979979023973387,0.0654010400674976,0.0654010400674977,1.6776230492572242,0.6863388297151091,2.700601675835522,1.79262821499482,1.6815926404232675,1.909300293623256,1.4128092602512243,2.118497708840354,0.2806539795697548,-1.661667307499212,0.5057561096834309,-0.8105063866580067,0.6520824719662907
-1.5469595434880503,-0.235616155826942,0.0654010400674976,0.0654010400674977,-0.3644212032009493,0.0960112370330501,0.063290988887536,0.5587737238266685,-0.4057153639132397,0.3709395542358393,-0.4820532819843823,0.7235841353206414,0.6928817880382653,1.4126411141339137,1.5943650407226648,0.0004313418190221,0.6520824719662907
0.5899201796154724,1.1091951288396875,0.0654010400674976,0.0654010400674977,0.9237500815038484,1.0590442447175386,0.6185142914029015,0.5587737238266685,0.7826380134765774,0.6786117021133227,-0.4820532819843823,-0.392346723495129,-0.9560294458357764,1.17084157535378,0.8323387889952011,-0.6620051719481421,0.0416545355694672
2.213948769174149,1.1470805012770973,-1.2646182929415224,-1.2646182929415222,1.103984274037119,1.0963152616788197,0.757320117031743,-0.162984884853083,1.0190940096470398,1.2939559978682893,-0.4820532819843823,-1.5082775823108994,-1.7804850627727973,0.8254136628107323,-1.3052932937727493,-1.0547274587736004,-0.8186953190947199
-0.5212572763983595,-1.5319360747634705,0.0654010400674976,0.0654010400674977,-0.8968897313956881,-0.8190897706356913,-0.9083497905143536,-0.6750807673414826,-0.4057153639132397,-0.859749037274094,1.4128092602512243,-0.6713294381990716,-0.1315738288987555,-0.867183108650202,-0.6570761575630235,1.3596464266010553,0.6520824719662907
-2.1452858659570366,1.351030885810894,-1.2646182929415224,-1.2646182929415222,1.4818356522921483,1.1656180840427564,1.0349317682894257,-0.6750807673414826,1.3921938899801396,1.6016281457457726,3.917681290782164,-0.6713294381990716,-0.1315738288987555,-1.3162393949561642,-1.082623285151088,-1.0909849017837396,-0.8186953190947199
-1.034108409943205,1.873256618614579,-1.2646182929415224,-1.2646182929415222,1.3876015313229764,0.8484477242718206,1.7289608964336325,1.070869606315068,1.6815926404232675,0.986283849990806,2.521232791480213,0.1656187059127561,-0.9560294458357764,-0.556297987361459,0.68389211658076,-1.1567343940151056,-0.8186953190947199
-0.1793565207017958,-0.1122617653686934,1.3954203730765178,1.3954203730765178,0.334558101851938,0.4310953938693712,1.0349317682894257,1.637741372355351,0.1201393827003501,0.6786117021133227,-0.4820532819843823,2.397480423544297,1.1051095965067756,-1.5580389337362976,0.6294616700287982,1.1267166791401524,2.596344955306216
-0.3503068985500777,-0.690527273543225,0.0654010400674976,0.0654010400674977,-0.9517833940961766,-1.1624663095052727,-1.047155616143195,-0.6750807673414826,-1.3046699908599295,-0.859749037274094,-0.4820532819843823,-0.1133640087911864,0.6928817880382653,-1.21261102119325,-1.4834293006700785,0.8856123090539809,0.0416545355694672
-1.205058787791487,-1.0395217825662713,0.0654010400674976,0.0654010400674977,-0.9572727603662254,-1.2343855640425854,-1.047155616143195,-0.6750807673414826,-1.3046699908599295,-0.859749037274094,-0.4820532819843823,-0.392346723495129,0.2806539795697548,-0.6599263611243733,-1.5626008592911136,-0.1735214812393563,-0.8186953190947199
-1.119583598867346,-1.5938999184599645,0.0654010400674976,0.0654010400674977,-1.0213153668501287,-2.266536953954465,-1.3247672674008777,-1.3968393760212343,-1.3046699908599295,-1.1674211851515772,-0.4820532819843823,-0.1133640087911864,1.1051095965067756,0.8944992453193418,-1.6318759730845194,0.5503863368836847,-0.8186953190947199
-0.4357820874742186,1.4680790099870011,-1.2646182929415224,-1.2646182929415222,1.567835723856247,1.5572287156714832,0.3409026401452188,-0.162984884853083,0.7826380134765774,0.6786117021133227,2.521232791480213,-1.5082775823108994,-1.7804850627727973,-0.7980975261415925,0.1791734303716607,-0.982781570956727,-0.8186953190947199
2.3848991470224314,1.966990667444588,-1.2646182929415224,-1.2646182929415222,2.433325805767283,1.4395907282432647,1.3125434195471084,1.070869606315068,1.8052020693197453,-0.2444047415191273,1.4128092602512243,-0.1133640087911864,-1.3682572543042868,0.9635848278279514,0.4364809958900252,-1.4262108739540356,-2.2894731101557304
1.3591968799327403,-0.1513892811647064,2.7254397060855378,2.7254397060855378,-1.003017479283299,-1.562333593668681,-1.3247672674008777,-1.3968393760212343,-1.3046699908599295,-1.1674211851515772,-0.4820532819843823,-0.1133640087911864,1.1051095965067756,-1.4198677687190786,-0.7263512713564295,0.5503863368836847,-0.8186953190947199
-1.4614843545639096,1.961401022330872,-1.2646182929415224,-1.2646182929415222,1.5632612519645397,0.8855901279662102,1.8677667220624736,0.8331736116944045,1.3921938899801396,2.2169724415007392,3.3076718024868312,-0.6713294381990716,-1.7804850627727973,-0.2454128660727159,-1.424050631704302,-1.1669057793013278,-0.8186953190947199
-1.7179099213363322,1.126441811626453,0.0654010400674976,0.0654010400674977,1.1341757885223878,1.182843299853538,0.6185142914029015,-0.6750807673414826,1.0190940096470398,1.2939559978682893,2.521232791480213,-0.392346723495129,0.2806539795697548,-0.7290119436329829,-1.3300344058418228,-0.6620051719481421,0.0416545355694672
-1.7179099213363322,-1.9803020524748036,0.0654010400674976,0.0654010400674977,-0.9609323378795912,-1.28477070955409,-1.047155616143195,-1.3968393760212343,-1.3046699908599295,-0.5520768893966107,-0.4820532819843823,-0.9503121529030142,-0.1315738288987555,0.1000150464703318,-1.473532855842449,0.8856123090539809,0.0416545355694672
0.0770690460706269,0.4519101931601434,0.0654010400674976,0.0654010400674977,0.5550476470322336,0.4954595577556825,1.3125434195471084,0.5587737238266685,1.0190940096470398,1.909300293623256,-0.4820532819843823,-0.392346723495129,-0.9560294458357764,-1.661667307499212,0.3771023269242487,-0.8283757582546425,0.0416545355694672
0.6753953685396132,1.577053202332185,-1.2646182929415224,-1.2646182929415222,2.005155236703472,1.7467565532304443,0.3409026401452188,-0.6750807673414826,0.7826380134765774,0.986283849990806,3.917681290782164,-0.9503121529030142,-0.5438016373672659,-1.661667307499212,0.3078272131308429,-0.982781570956727,-0.8186953190947199
-1.7179099213363322,-0.4523223971587063,0.0654010400674976,0.0654010400674977,0.0939408803481299,0.4679595079593966,0.4797084657740602,1.2805323325064204,-0.4057153639132397,0.3709395542358393,-0.4820532819843823,1.839514994136412,1.1051095965067756,-0.2454128660727159,1.2578859165832652,0.4421830060566722,1.5124323266304776
0.1625442349947678,0.7383197868073936,1.3954203730765178,1.3954203730765178,0.8624521581549695,0.6030416740327955,1.5901550708047911,1.4680820320250476,1.2190147058053171,0.986283849990806,-0.4820532819843823,1.839514994136412,0.6928817880382653,0.9290420365736466,0.8323387889952011,1.9096014216657184,3.593638054088312
0.4189698017671905,1.1170301869478028,0.0654010400674976,0.0654010400674977,0.9146011377204336,0.6356824470488049,1.5901550708047911,1.2805323325064204,0.49323926303345,2.2169724415007392,-0.4820532819843823,0.7235841353206414,-0.5438016373672659,-0.7635547348872876,-0.6818172696320971,-1.1457323588283028,-0.8186953190947199
-0.0938813317776549,-1.0433915368757671,0.0654010400674976,0.0654010400674977,-0.93531529528603,-0.968881188507909,-1.047155616143195,-1.3968393760212343,-1.3046699908599295,-0.5520768893966107,-0.4820532819843823,-0.9503121529030142,-0.1315738288987555,-0.7290119436329829,-1.0232446161853117,0.8856123090539809,0.0416545355694672
1.1027713131603178,-0.0435616826890027,0.0654010400674976,0.0654010400674977,-0.9554429716095424,-0.9589673627750862,-1.1859614417720363,-1.3968393760212343,-1.3046699908599295,-0.859749037274094,-0.4820532819843823,-0.9503121529030142,-0.1315738288987555,-0.0036133272925825,0.0950536493368106,0.1069570338863763,-0.8186953190947199
0.2480194239189087,0.7365521212586116,0.0654010400674976,0.0654010400674977,0.3016219042316449,0.4019381797077845,1.0349317682894257,0.8331736116944045,0.1201393827003501,1.909300293623256,-0.4820532819843823,0.4446014206166987,-0.1315738288987555,-1.2816966037018591,-0.8104710523912794,-0.4659387821770815,0.6520824719662907
1.7010976356293042,-0.0155656823758603,0.0654010400674976,0.0654010400674977,-0.18510190504602,0.2063824690107615,0.3409026401452188,1.4680820320250476,-0.4057153639132397,-0.2444047415191273,-0.4820532819843823,2.118497708840354,1.1051095965067756,-1.21261102119325,-0.2909076989407358,-0.5662437680648148,0.0416545355694672
-0.1793565207017958,-0.9480331467306607,0.0654010400674976,0.0654010400674977,-0.8163790261016381,-0.4798583896904603,-0.7695439648855121,-0.6750807673414826,-0.4057153639132397,-0.5520768893966107,-0.4820532819843823,-0.1133640087911864,0.6928817880382653,1.3780983228796089,-0.2117361403197005,1.0244204544307591,0.6520824719662907
-1.4614843545639096,-2.119039910681912,0.0654010400674976,0.0654010400674977,-0.973740859176372,-1.4793265460304692,-1.047155616143195,-0.6750807673414826,-1.3046699908599295,-0.859749037274094,-0.4820532819843823,0.1656187059127561,1.1051095965067756,1.619897861659742,0.7581154527879803,0.8856123090539809,0.0416545355694672
-1.7179099213363322,-1.1066452986754267,0.0654010400674976,0.0654010400674977,-0.977400436689738,-1.297695065007778,-1.1859614417720363,-1.3968393760212343,-1.3046699908599295,-0.859749037274094,-0.4820532819843823,-0.1133640087911864,1.1051095965067756,0.2381862114875509,0.0307267579572195,0.1069570338863763,-0.8186953190947199
1.7865728245534451,0.2086889685966487,0.0654010400674976,0.0654010400674977,-0.7541662083744178,-0.3483812701102785,-0.6307381392566708,-0.6750807673414826,-0.4057153639132397,-0.2444047415191273,-0.4820532819843823,-0.9503121529030142,-0.5438016373672659,0.7908708715564274,-0.8055228299774645,0.1069570338863763,0.0416545355694672
1.957523202401727,-1.6126276183281416,-1.2646182929415224,-1.2646182929415222,-1.013996211823397,-1.935428193617863,-1.3247672674008777,-2.6306938671893856,-1.3046699908599295,-0.859749037274094,-0.4820532819843823,-1.2292948676069568,-0.1315738288987555,-1.21261102119325,-0.1325645816986655,0.5503863368836847,-0.8186953190947199
-1.7179099213363322,-1.0307790043114844,0.0654010400674976,0.0654010400674977,-0.971911070419689,-1.2039083447629702,-1.1859614417720363,-1.3968393760212343,-1.3046699908599295,-0.859749037274094,-0.4820532819843823,-0.1133640087911864,1.1051095965067756,-1.2471538124475547,0.9510961269267536,0.1069570338863763,-0.8186953190947199
-0.4357820874742186,-1.5156448868679386,-1.2646182929415224,-1.2646182929415222,-0.977400436689738,-1.297695065007778,-1.1859614417720363,-1.3968393760212343,-1.3046699908599295,-0.859749037274094,-0.4820532819843823,-0.1133640087911864,1.1051095965067756,1.7235262354226566,-1.2360181799793433,0.1069570338863763,-0.8186953190947199
0.8463457463878951,-1.3644378203302328,-1.2646182929415224,-1.2646182929415222,-1.003017479283299,-1.562333593668681,-1.3247672674008777,-1.3968393760212343,-1.3046699908599295,-1.1674211851515772,-0.4820532819843823,-0.1133640087911864,1.1051095965067756,0.7908708715564274,-0.0138072437671126,0.5503863368836847,-0.8186953190947199
-0.2648317096259368,-0.441286431164959,0.0654010400674976,0.0654010400674977,-0.6882938131338316,-0.2426597812496931,-0.4919323136278294,0.5587737238266685,-1.3046699908599295,-0.5520768893966107,-0.4820532819843823,1.002566850024584,1.1051095965067756,1.481726696642523,-0.4492508161828062,-0.0474487788157081,0.0416545355694672
0.4189698017671905,1.404156401763478,-1.2646182929415224,-1.2646182929415222,1.1469843098191683,1.2638005948212234,0.4797084657740602,0.2342275408568957,1.0190940096470398,0.3709395542358393,2.521232791480213,-1.2292948676069568,-1.7804850627727973,1.3090127403709992,-0.8500568317017968,-1.0096730710621231,-0.8186953190947199
-0.6067324653225004,-1.3294667073110855,0.0654010400674976,0.0654010400674977,-0.9517833940961766,-1.1624663095052727,-1.047155616143195,-0.6750807673414826,-1.3046699908599295,-0.859749037274094,-0.4820532819843823,0.1656187059127561,1.1051095965067756,-1.4544105599733834,0.1544323183025871,0.8856123090539809,0.0416545355694672
1.3591968799327403,0.1840372004028237,0.0654010400674976,0.0654010400674977,-0.2564636665566551,0.1846083610684243,0.2020968145163774,-0.162984884853083,0.1201393827003501,0.986283849990806,-0.4820532819843823,-0.9503121529030142,-0.9560294458357764,1.4471839053882185,-0.815419274805094,-0.5087474534096524,0.0416545355694672
1.1882465020844588,0.291625925155719,0.0654010400674976,0.0654010400674977,0.5486433863838434,0.4906152270762497,1.3125434195471084,0.2342275408568957,1.3921938899801396,1.6016281457457726,-0.4820532819843823,-0.6713294381990716,-0.9560294458357764,0.7563280803021227,0.3424647700275458,-0.0191156685372722,1.5124323266304776
-0.008406142853514,0.2360638972304893,0.0654010400674976,0.0654010400674977,0.7920052910226758,0.5575309500539181,1.5901550708047911,1.2805323325064204,1.6815926404232675,0.3709395542358393,-0.4820532819843823,1.560532279432469,0.6928817880382653,-0.867183108650202,0.7135814510636482,-0.616950784236665,0.6520824719662907
-0.1793565207017958,-0.7464714994249481,0.0654010400674976,0.0654010400674977,-0.931655717772664,-1.1355916780342747,-0.9083497905143536,-0.6750807673414826,-1.3046699908599295,-0.5520768893966107,-0.4820532819843823,-0.6713294381990716,-0.1315738288987555,-1.1089826474303357,-0.4888365954933237,-0.3670770836606984,-0.8186953190947199
-0.948633221019064,0.9064868876644948,1.3954203730765178,1.3954203730765178,-0.2509743002866063,0.1929574210975742,0.2020968145163774,0.2342275408568957,0.1201393827003501,0.6786117021133227,-0.4820532819843823,-0.6713294381990716,-0.9560294458357764,1.3090127403709992,-0.7115066041149853,-0.5087474534096524,0.0416545355694672
-0.6067324653225004,0.6753526734751041,0.0654010400674976,0.0654010400674977,0.7371116283221872,0.5208669275048912,1.5901550708047911,1.4680820320250476,1.0190940096470398,1.2939559978682893,-0.4820532819843823,1.839514994136412,0.6928817880382653,-0.9708114824131164,1.5151934821016293,-0.616950784236665,0.6520824719662907
-0.2648317096259368,-0.6147087539238445,2.7254397060855378,2.7254397060855378,-0.4028467670912912,0.1215927676335997,-0.0755148367413053,0.5587737238266685,-0.4057153639132397,0.0632674063583559,-0.4820532819843823,1.002566850024584,1.1051095965067756,1.4126411141339137,1.604261485550294,1.7311298417814909,2.122860263027301
0.2480194239189087,1.801928924983996,-1.2646182929415224,-1.2646182929415222,1.616325125908345,1.0588719181153694,1.4513492451759498,1.070869606315068,1.3921938899801396,0.986283849990806,2.521232791480213,0.4446014206166987,-0.5438016373672659,-0.1763272835641064,1.475607702791112,-1.1337935730163105,-0.8186953190947199
-1.2905339767156276,-0.460921851179808,0.0654010400674976,0.0654010400674977,-0.5547192338959762,0.014197699305824,-0.353126487998988,0.2342275408568957,-0.4057153639132397,-0.2444047415191273,1.4128092602512243,0.1656187059127561,0.2806539795697548,0.7563280803021227,0.4958596648558012,0.8856123090539809,1.1255671642452048
1.4446720688568817,-0.0742808434421607,0.0654010400674976,0.0654010400674977,-0.5455702901125614,-0.0768004482054849,-0.2143206623701467,-0.6750807673414826,-0.4057153639132397,0.6786117021133227,-0.4820532819843823,-1.5082775823108994,-1.3682572543042868,0.1000150464703318,-1.5774455265325578,-0.27842076318998,0.0416545355694672
-1.119583598867346,0.7075050765651124,-1.2646182929415224,-1.2646182929415222,1.0820268089569236,1.0838004303232345,0.757320117031743,0.5587737238266685,1.3921938899801396,0.0632674063583559,-0.4820532819843823,-0.392346723495129,-0.9560294458357764,0.998127619082256,1.4261254786529651,-1.0547274587736004,-0.8186953190947199
0.4189698017671905,0.4176557013094215,0.0654010400674976,0.0654010400674977,0.5943881053009171,1.259376092445469,-0.0755148367413053,-0.6750807673414826,0.1201393827003501,0.6786117021133227,1.4128092602512243,-0.1133640087911864,0.6928817880382653,-1.6271245162449073,-0.864901498943241,0.5503863368836847,1.1255671642452048
1.7010976356293042,0.8747644572755415,-1.2646182929415224,-1.2646182929415222,0.3098559536367182,0.3507006526699129,1.173737593918267,-0.162984884853083,1.3921938899801396,1.6016281457457726,-0.4820532819843823,-1.5082775823108994,-1.7804850627727973,0.3763573765047701,-0.3651310351479564,-1.1065825691090454,-0.8186953190947199
0.931820935312036,-0.0637703996385919,0.0654010400674976,0.0654010400674977,-0.7925917722647599,-0.361350895591588,-0.7695439648855121,-0.162984884853083,-0.4057153639132397,-0.859749037274094,-0.4820532819843823,-0.1133640087911864,0.2806539795697548,-0.8326403173958973,-0.9985035041162378,0.3005126363077182,0.0416545355694672
0.5044449906913314,1.3505531383652771,-1.2646182929415224,-1.2646182929415222,1.3208142417040487,1.2135286897949535,0.757320117031743,-0.162984884853083,1.3921938899801396,0.6786117021133227,1.4128092602512243,-1.5082775823108994,-1.7804850627727973,-0.072698909801192,-1.7357886437746282,-1.0547274587736004,-0.8186953190947199
-0.5212572763983595,-0.8920411461043761,0.0654010400674976,0.0654010400674977,-0.8200386036150041,-0.4991441675036837,-0.7695439648855121,0.2342275408568957,-1.3046699908599295,-0.859749037274094,-0.4820532819843823,0.4446014206166987,0.6928817880382653,-0.1072417010554968,-1.1321055092892347,0.3005126363077182,0.0416545355694672
-0.008406142853514,0.7035875475110549,-1.2646182929415224,-1.2646182929415222,1.3171546641906828,1.145851440567162,0.8961259426605843,-0.6750807673414826,1.54494875626063,0.986283849990806,-0.4820532819843823,-1.787260297014842,-1.7804850627727973,1.17084157535378,-1.1667430661859377,-1.073786471011429,-0.8186953190947199
1.1882465020844588,1.1182245555618446,-1.2646182929415224,-1.2646182929415222,2.122261717131181,1.7139799468184462,0.4797084657740602,0.5587737238266685,1.2190147058053171,-0.2444047415191273,2.521232791480213,-0.6713294381990716,-1.3682572543042868,-1.1089826474303357,0.3869987717518779,-1.0096730710621231,-0.8186953190947199
-0.0938813317776549,-0.9542916382682404,0.0654010400674976,0.0654010400674977,-1.012166423066714,-1.8648795829392828,-1.3247672674008777,-1.3968393760212343,-1.3046699908599295,-1.1674211851515772,-0.4820532819843823,-0.1133640087911864,1.1051095965067756,-1.2471538124475547,1.2479894717556357,0.5503863368836847,-0.8186953190947199
1.5301472577810225,0.09245301507809,1.3954203730765178,1.3954203730765178,-0.0478677482947987,0.2348226622765282,0.6185142914029015,1.070869606315068,0.1201393827003501,0.6786117021133227,-0.4820532819843823,1.002566850024584,0.2806539795697548,1.2744699491166944,-1.181587733427382,-0.3095807690055359,0.6520824719662907
-0.1793565207017958,-0.1235366050852491,0.0654010400674976,0.0654010400674977,0.5888987390308682,0.5207541526253803,1.3125434195471084,1.070869606315068,0.49323926303345,1.909300293623256,-0.4820532819843823,1.2815495647285264,0.6928817880382653,1.481726696642523,1.6290025976193676,-0.5478972431289096,0.6520824719662907
-0.5212572763983595,0.4586942068879015,0.0654010400674976,0.0654010400674977,1.2970269878671703,0.6229894591483205,2.284184198948998,0.8331736116944045,1.8052020693197453,2.2169724415007392,-0.4820532819843823,0.1656187059127561,-0.5438016373672659,-0.072698909801192,0.5206007769248748,-0.5384268494778462,1.1255671642452048
-0.948633221019064,-0.6902883998204166,0.0654010400674976,0.0654010400674977,-1.008506845553348,-1.7348368210660794,-1.3247672674008777,-1.3968393760212343,-1.3046699908599295,-1.1674211851515772,-0.4820532819843823,-0.1133640087911864,1.1051095965067756,-1.0744398561760309,-0.4541990385966209,0.5503863368836847,-0.8186953190947199
-1.034108409943205,0.2428001362136857,0.0654010400674976,0.0654010400674977,0.6181753591377954,0.4886842366865782,1.4513492451759498,1.2805323325064204,1.2190147058053171,0.986283849990806,1.4128092602512243,1.2815495647285264,0.2806539795697548,1.1017559928451706,1.6834330441713294,0.3993743348241013,2.122860263027301
-0.7776828431707823,-0.6420836825576851,1.3954203730765178,1.3954203730765178,-0.9591025491229084,-1.009352508286591,-1.1859614417720363,-1.3968393760212343,-1.3046699908599295,-0.859749037274094,-0.4820532819843823,-0.392346723495129,0.6928817880382653,1.4471839053882185,0.9362514596853098,1.3596464266010553,0.0416545355694672
-1.6324347324121913,-1.497108285978008,0.0654010400674976,0.0654010400674977,-0.9938685354998844,-1.6313048690936796,-1.1859614417720363,-1.3968393760212343,-0.4057153639132397,-1.1674211851515772,-0.4820532819843823,-0.9503121529030142,-0.1315738288987555,0.3072717939961605,-1.5428079696358548,0.1069570338863763,-0.8186953190947199
1.1027713131603178,0.5087143644439768,0.0654010400674976,0.0654010400674977,0.7407712058355532,0.628261995832667,1.3125434195471084,1.2805323325064204,0.49323926303345,1.6016281457457726,-0.4820532819843823,1.002566850024584,-0.1315738288987555,-0.3144984485813255,0.7036850062360189,-0.27842076318998,1.1255671642452048
-0.2648317096259368,-0.4878190323680318,1.3954203730765178,1.3954203730765178,-0.9828898029597868,-1.3991986440208832,-1.1859614417720363,-1.3968393760212343,-1.3046699908599295,-0.859749037274094,-0.4820532819843823,-1.5082775823108994,-0.9560294458357764,0.6181569152849036,-1.498273967911523,1.3596464266010553,0.0416545355694672
-0.6922076542466413,0.19048679091865,0.0654010400674976,0.0654010400674977,-0.0917826784551895,0.2531773968752706,0.4797084657740602,1.070869606315068,-0.4057153639132397,0.6786117021133227,-0.4820532819843823,0.7235841353206414,-0.1315738288987555,-1.0398970649217258,-1.5675490817049285,-1.0096730710621231,-0.8186953190947199
-0.2648317096259368,0.4851614153750702,0.0654010400674976,0.0654010400674977,-0.0698252133749941,0.3580016151422612,0.3409026401452188,0.8331736116944045,0.1201393827003501,0.3709395542358393,-0.4820532819843823,0.4446014206166987,-0.1315738288987555,1.516269487896828,1.2875752510661531,0.1979619339410786,1.1255671642452048
-0.6922076542466413,-0.5126618995401037,0.0654010400674976,0.0654010400674977,-0.1137401435353849,0.3851997336202081,0.2020968145163774,1.070869606315068,0.49323926303345,-0.5520768893966107,-0.4820532819843823,1.560532279432469,1.1051095965067756,-0.2799556573270207,1.2479894717556357,1.3596464266010553,2.122860263027301
-0.3503068985500777,-0.6159986720270098,0.0654010400674976,0.0654010400674977,-0.9115280414491516,-0.7339343070190919,-1.047155616143195,-0.6750807673414826,-0.4057153639132397,-1.1674211851515772,-0.4820532819843823,-0.1133640087911864,0.6928817880382653,0.3763573765047701,-0.8550050541156116,-0.1735214812393563,-0.8186953190947199
-0.2648317096259368,-0.6733761402455831,0.0654010400674976,0.0654010400674977,-0.9408046615560788,-1.0300969405945166,-1.047155616143195,-0.6750807673414826,-1.3046699908599295,-0.859749037274094,-0.4820532819843823,-0.392346723495129,0.2806539795697548,0.1691006289789414,-0.1573056937677389,-0.1735214812393563,-0.8186953190947199
-0.4357820874742186,-0.9374271534379688,0.0654010400674976,0.0654010400674977,-0.4979957824388047,0.1460344508378107,-0.353126487998988,0.8331736116944045,0.1201393827003501,-1.1674211851515772,1.4128092602512243,1.560532279432469,1.517337404975286,-0.7980975261415925,1.6092097079641088,-0.1735214812393563,0.0416545355694672
-0.5212572763983595,-0.4203133183023831,0.0654010400674976,0.0654010400674977,-0.5528894451392933,-0.094496302115697,-0.2143206623701467,0.2342275408568957,0.1201393827003501,-0.2444047415191273,-0.4820532819843823,-0.1133640087911864,-0.1315738288987555,-0.6599263611243733,-0.5531634868729148,0.7047921495857695,1.1255671642452048
0.7608705574637542,1.4951672901534716,-1.2646182929415224,-1.2646182929415222,0.3272389468252062,0.5514954139785132,0.757320117031743,0.5587737238266685,1.6815926404232675,-0.5520768893966107,-0.4820532819843823,-0.392346723495129,-0.9560294458357764,1.516269487896828,1.3519021424457442,-1.0547274587736004,-0.8186953190947199
0.4189698017671905,1.2884937451796594,-1.2646182929415224,-1.2646182929415222,0.5093029281151599,0.1712724174597359,2.145378373320157,0.5587737238266685,1.8052020693197453,2.2169724415007392,-0.4820532819843823,-0.392346723495129,-0.9560294458357764,-0.4872124048528494,1.4805559252049263,-1.1851065038678643,-0.8186953190947199
-0.6067324653225004,0.6329764750488971,0.0654010400674976,0.0654010400674977,0.8871543063701892,1.1883620878896608,0.3409026401452188,-0.162984884853083,1.0190940096470398,0.3709395542358393,-0.4820532819843823,0.1656187059127561,0.6928817880382653,-1.5580389337362976,-0.6273868230801355,-0.5662437680648148,0.0416545355694672
-0.4357820874742186,0.3935772300503365,0.0654010400674976,0.0654010400674977,0.3052814817450108,0.4668857229412014,0.8961259426605843,1.070869606315068,0.1201393827003501,1.2939559978682893,-0.4820532819843823,1.002566850024584,0.2806539795697548,1.481726696642523,0.070312537267737,-0.7385604988411334,0.0416545355694672
-0.008406142853514,-1.80635420752574,0.0654010400674976,0.0654010400674977,-1.003017479283299,-1.8648795829392828,-1.1859614417720363,-1.3968393760212343,-1.3046699908599295,-0.859749037274094,-0.4820532819843823,-0.392346723495129,0.6928817880382653,-0.867183108650202,-0.9886070592886086,0.1069570338863763,-0.8186953190947199
1.4446720688568817,-1.1178245889028589,-1.2646182929415224,-1.2646182929415222,-0.6645065592969532,-0.165307048224369,-0.4919323136278294,0.2342275408568957,-0.4057153639132397,-0.5520768893966107,-0.4820532819843823,0.7235841353206414,1.1051095965067756,1.619897861659742,1.26283413899708,-0.7023030558309942,-0.8186953190947199
0.931820935312036,1.2945611377389925,0.0654010400674976,0.0654010400674977,2.705049436134701,1.7106977228734843,0.8961259426605843,-0.6750807673414826,1.0190940096470398,1.909300293623256,-0.4820532819843823,-0.392346723495129,0.2806539795697548,-1.3162393949561642,1.4310737010667798,-0.7385604988411334,0.0416545355694672
-0.6067324653225004,-0.2649020742432497,0.0654010400674976,0.0654010400674977,-0.4742085286019263,-0.0199316088300732,-0.0755148367413053,0.8331736116944045,-0.4057153639132397,-0.2444047415191273,-0.4820532819843823,1.2815495647285264,1.1051095965067756,1.7235262354226566,1.0846981320997506,-0.3670770836606984,0.0416545355694672
1.1882465020844588,1.153768965515732,-1.2646182929415224,-1.2646182929415222,1.8926232281674709,1.289972106388066,1.173737593918267,-0.162984884853083,1.0190940096470398,2.2169724415007392,1.4128092602512243,-0.1133640087911864,0.2806539795697548,0.7908708715564274,0.68389211658076,-1.1065825691090454,-0.8186953190947199
0.4189698017671905,0.3082993110077441,0.0654010400674976,0.0654010400674977,0.6007923659493074,1.3701760309820086,-0.2143206623701467,-0.6750807673414826,1.2190147058053171,-0.859749037274094,-0.4820532819843823,0.1656187059127561,1.1051095965067756,0.9635848278279514,0.8867692355471626,0.7047921495857695,1.1255671642452048
2.128473580250009,0.1795941491585878,-1.2646182929415224,-1.2646182929415222,0.2083026776408144,0.3769269832340706,0.8961259426605843,1.4680820320250476,0.7826380134765774,0.0632674063583559,1.4128092602512243,1.839514994136412,0.6928817880382653,1.2399271578623896,-0.6917137144597266,-1.073786471011429,-0.8186953190947199
0.5899201796154724,0.3619981238950684,0.0654010400674976,0.0654010400674977,0.1735366912638383,0.343011575805693,0.8961259426605843,0.5587737238266685,0.49323926303345,1.6016281457457726,-0.4820532819843823,0.1656187059127561,-0.1315738288987555,1.343555531625304,0.4364809958900252,-0.4189321939961432,0.6520824719662907
-0.7776828431707823,0.1771576371859423,0.0654010400674976,0.0654010400674977,-0.9609323378795912,-1.28477070955409,-1.047155616143195,-0.6750807673414826,-1.3046699908599295,-0.859749037274094,-0.4820532819843823,-1.2292948676069568,-0.9560294458357764,-0.9362686911588116,-1.3300344058418228,-0.1735214812393563,-0.8186953190947199
-0.1793565207017958,1.2797509669248726,0.0654010400674976,0.0654010400674977,1.9685594615698132,1.5789685278461143,0.6185142914029015,0.2342275408568957,1.6815926404232675,-0.5520768893966107,-0.4820532819843823,0.1656187059127561,0.2806539795697548,1.17084157535378,0.3968952165795072,-1.0334885871285773,-0.8186953190947199
1.7010976356293042,0.7670801830335229,0.0654010400674976,0.0654010400674977,0.746260572105602,0.5270537307743022,1.5901550708047911,0.8331736116944045,1.3921938899801396,1.6016281457457726,-0.4820532819843823,-0.1133640087911864,-0.9560294458357764,0.4799857502676844,-1.5626008592911136,-0.616950784236665,0.6520824719662907
2.128473580250009,0.6411459563689438,-1.2646182929415224,-1.2646182929415222,0.3254091580685233,0.4230650163684994,1.0349317682894257,0.2342275408568957,0.49323926303345,2.2169724415007392,-0.4820532819843823,-0.9503121529030142,-1.3682572543042868,-1.3853249774647738,0.485963220028172,-1.0909849017837396,-0.8186953190947199
1.6156224467051634,-1.177734118583201,1.3954203730765178,1.3954203730765178,-0.9225067739892494,-0.5794498619416776,-1.1859614417720363,-1.3968393760212343,-0.4057153639132397,-1.1674211851515772,-0.4820532819843823,-0.1133640087911864,1.1051095965067756,1.481726696642523,1.6735365993437,1.3596464266010553,0.0416545355694672
0.6753953685396132,-0.1683970902286632,0.0654010400674976,0.0654010400674977,-0.9810600142031038,-1.3644283259157888,-1.1859614417720363,-1.3968393760212343,-1.3046699908599295,-0.859749037274094,-0.4820532819843823,-0.9503121529030142,-0.1315738288987555,-1.6271245162449073,-0.6323350454939501,0.1069570338863763,-0.8186953190947199
-1.8033851102604728,-1.317427471681543,-1.2646182929415224,-1.2646182929415222,-0.5583788114093421,0.2715311130302987,-0.6307381392566708,0.2342275408568957,-0.4057153639132397,-0.859749037274094,-0.4820532819843823,0.7235841353206414,1.1051095965067756,-1.488953351227688,0.9560443493405684,-0.616950784236665,-0.8186953190947199
-1.3760091656397686,0.5971931913722015,0.0654010400674976,0.0654010400674977,1.555942096937808,1.263317716160387,0.8961259426605843,0.2342275408568957,0.49323926303345,1.909300293623256,-0.4820532819843823,0.7235841353206414,1.1051095965067756,0.5836141240305988,1.584468595895035,-0.7385604988411334,0.0416545355694672
1.1027713131603178,-0.0435616826890027,0.0654010400674976,0.0654010400674977,-0.9554429716095424,-0.9589673627750862,-1.1859614417720363,-1.3968393760212343,-1.3046699908599295,-0.859749037274094,-0.4820532819843823,-0.9503121529030142,-0.1315738288987555,-0.0036133272925825,0.0950536493368106,0.1069570338863763,-0.8186953190947199
1.3591968799327403,0.0859078750731403,-1.2646182929415224,-1.2646182929415222,1.1744311411694126,0.6897762857555769,1.8677667220624736,1.637741372355351,0.7826380134765774,1.909300293623256,-0.4820532819843823,1.839514994136412,0.2806539795697548,-0.6944691523786781,1.213351914858933,-0.9170320787253609,0.0416545355694672
-0.6067324653225004,0.6597781067479976,0.0654010400674976,0.0654010400674977,0.5413242313571115,0.4315825166268368,1.4513492451759498,0.5587737238266685,1.8052020693197453,0.6786117021133227,-0.4820532819843823,-0.392346723495129,-0.9560294458357764,0.9635848278279514,-0.7164548265288,-1.1337935730163105,-0.8186953190947199
-1.7179099213363322,1.4027709341711894,-1.2646182929415224,-1.2646182929415222,1.030792723769801,0.8670503099262779,1.173737593918267,-0.162984884853083,1.3921938899801396,1.6016281457457726,-0.4820532819843823,-1.5082775823108994,-1.7804850627727973,0.9635848278279514,-0.0434965782500008,-1.1065825691090454,-0.8186953190947199
-1.974335488108755,-0.808339793632319,-1.2646182929415224,-1.2646182929415222,-0.788932194751394,-0.3440881712847998,-0.7695439648855121,-0.6750807673414826,-0.4057153639132397,-0.5520768893966107,-0.4820532819843823,-0.1133640087911864,0.6928817880382653,0.7563280803021227,0.0950536493368106,-0.5087474534096524,-0.8186953190947199
0.8463457463878951,0.4488526095081961,0.0654010400674976,0.0654010400674977,0.1918345788306678,0.3609778998445225,0.8961259426605843,0.5587737238266685,0.1201393827003501,1.909300293623256,-0.4820532819843823,0.1656187059127561,-0.1315738288987555,-0.0036133272925825,1.0203712407201595,0.4593814368289822,1.839522160832408
-1.034108409943205,-0.5823652518555895,0.0654010400674976,0.0654010400674977,-0.6443788829734408,-0.1034402881223951,-0.4919323136278294,0.2342275408568957,0.1201393827003501,-0.859749037274094,1.4128092602512243,0.4446014206166987,0.6928817880382653,1.654440652914047,0.2286556545098075,0.5503863368836847,0.6520824719662907
-0.8631580320949231,0.3963959399794755,0.0654010400674976,0.0654010400674977,0.6822179656216988,0.5879147165211964,1.3125434195471084,0.8331736116944045,0.7826380134765774,1.909300293623256,-0.4820532819843823,-0.1133640087911864,-0.9560294458357764,-1.488953351227688,0.5156525545110602,-1.1207930591923676,-0.8186953190947199
0.4189698017671905,-0.1402099909372741,1.3954203730765178,1.3954203730765178,-0.4046765558479742,0.022798881625289,0.063290988887536,0.8331736116944045,0.1201393827003501,-0.2444047415191273,1.4128092602512243,1.002566850024584,0.6928817880382653,1.516269487896828,-0.5036812627347679,0.0004313418190221,0.6520824719662907
0.8463457463878951,1.780334740442118,-1.2646182929415224,-1.2646182929415222,2.3729427767967457,1.6632539999139266,0.757320117031743,0.5587737238266685,1.2190147058053171,0.3709395542358393,1.4128092602512243,-0.9503121529030142,-1.7804850627727973,0.998127619082256,-1.2360181799793433,-1.0547274587736004,-0.8186953190947199
1.957523202401727,-0.3693376658550743,0.0654010400674976,0.0654010400674977,-0.3131871180138266,0.1833188627781077,0.063290988887536,0.8331736116944045,0.1201393827003501,-0.2444047415191273,-0.4820532819843823,1.2815495647285264,1.1051095965067756,0.4454429590133796,0.2979307683032133,0.4169691447109346,1.1255671642452048
-0.5212572763983595,1.4004777464322289,-1.2646182929415224,-1.2646182929415222,2.5614110187350896,1.5405866927446097,1.173737593918267,0.5587737238266685,1.3921938899801396,0.986283849990806,-0.4820532819843823,-0.6713294381990716,-1.3682572543042868,-0.072698909801192,0.4315327734762101,-1.1065825691090454,-0.8186953190947199
0.6753953685396132,-0.736295478833311,1.3954203730765178,1.3954203730765178,-0.7871024059947109,-0.3355465131951908,-0.7695439648855121,-0.162984884853083,-0.4057153639132397,-0.859749037274094,-0.4820532819843823,0.4446014206166987,1.1051095965067756,-1.3853249774647738,0.7779083424432393,1.6792747314460452,1.1255671642452048
-1.8033851102604728,-1.2306685355575386,0.0654010400674976,0.0654010400674977,-0.9627621266362744,-1.0618823366451875,-1.1859614417720363,-1.3968393760212343,-1.3046699908599295,-0.859749037274094,-0.4820532819843823,-0.392346723495129,0.6928817880382653,0.9635848278279514,0.0505196476124785,0.1069570338863763,-0.8186953190947199
0.8463457463878951,0.9321897002386766,-1.2646182929415224,-1.2646182929415222,0.3821326095256948,0.741239444049622,0.4797084657740602,0.2342275408568957,1.0190940096470398,0.3709395542358393,-0.4820532819843823,-0.9503121529030142,-1.3682572543042868,-0.867183108650202,-0.2166843627335154,-1.0096730710621231,-0.8186953190947199
2.128473580250009,1.3534196230389777,-1.2646182929415224,-1.2646182929415222,2.135070238427962,1.5089282392568444,0.8961259426605843,0.8331736116944045,0.49323926303345,1.2939559978682893,2.521232791480213,-0.1133640087911864,-0.9560294458357764,-1.0398970649217258,-1.1568466213583082,-1.073786471011429,-0.8186953190947199
0.3334946128430496,-1.014010068970336,1.3954203730765178,1.3954203730765178,-0.9444642390694448,-1.0726620092517838,-1.047155616143195,-0.6750807673414826,-1.3046699908599295,-0.859749037274094,-0.4820532819843823,-0.1133640087911864,0.6928817880382653,0.6181569152849036,-0.9935552817024232,0.8856123090539809,0.0416545355694672
-1.5469595434880503,1.0318955921388953,-1.2646182929415224,-1.2646182929415222,1.8926232281674709,1.9738248221137815,-0.0755148367413053,-0.6750807673414826,0.7826380134765774,0.0632674063583559,1.4128092602512243,-0.6713294381990716,-0.1315738288987555,1.5853550704054375,-1.1568466213583082,-0.876255878889373,-0.8186953190947199
-1.8888602991846144,-0.4377988748119567,-1.2646182929415224,-1.2646182929415222,-0.3845488795244617,0.1554103534119998,-0.0755148367413053,0.5587737238266685,-0.4057153639132397,0.0632674063583559,-0.4820532819843823,0.1656187059127561,-0.1315738288987555,-0.0381561185468872,-0.1820468058368125,-0.876255878889373,-0.8186953190947199
1.3591968799327403,0.8909123209373881,-1.2646182929415224,-1.2646182929415222,1.8368146710886408,1.677202114710285,0.3409026401452188,-0.6750807673414826,0.7826380134765774,0.986283849990806,2.521232791480213,-0.392346723495129,0.2806539795697548,0.8254136628107323,1.4013843665838914,-0.982781570956727,-0.8186953190947199
-1.5469595434880503,-1.2569446450664608,0.0654010400674976,0.0654010400674977,-0.6553576155135385,0.1620640874122817,-0.7695439648855121,-0.6750807673414826,0.1201393827003501,-0.859749037274094,-0.4820532819843823,-0.392346723495129,0.2806539795697548,-0.4872124048528494,1.5102452596878146,1.0244204544307591,0.6520824719662907
-1.4614843545639096,-0.906516893706564,0.0654010400674976,0.0654010400674977,-0.9627621266362744,-1.0618823366451875,-1.1859614417720363,-1.3968393760212343,-1.3046699908599295,-0.859749037274094,-0.4820532819843823,-0.1133640087911864,1.1051095965067756,0.9290420365736466,1.079749909685936,0.1069570338863763,-0.8186953190947199
0.931820935312036,1.2425344409113266,-1.2646182929415224,-1.2646182929415222,1.3226440304607316,1.1486812423446298,0.8961259426605843,0.2342275408568957,1.0190940096470398,1.2939559978682893,-0.4820532819843823,-0.9503121529030142,-1.3682572543042868,-1.0053542736674212,-0.6917137144597266,-1.073786471011429,-0.8186953190947199
-0.6922076542466413,-0.0717487819803918,-1.2646182929415224,-1.2646182929415222,-0.2308466239630938,0.2230963466467048,0.2020968145163774,0.2342275408568957,0.7826380134765774,0.0632674063583559,-0.4820532819843823,-0.6713294381990716,-0.9560294458357764,0.7908708715564274,-1.6467206403259635,-0.952176756406961,-0.8186953190947199
0.4189698017671905,0.4769919340550236,-1.2646182929415224,-1.2646182929415222,2.10304893518601,1.7065264207809243,0.4797084657740602,0.2342275408568957,1.54494875626063,-0.5520768893966107,-0.4820532819843823,0.7235841353206414,1.1051095965067756,-1.0053542736674212,1.6438472648608116,-1.0096730710621231,-0.8186953190947199
0.7608705574637542,-0.1290307007098419,1.3954203730765178,1.3954203730765178,-0.2875700754202653,0.224760898035805,0.063290988887536,0.2342275408568957,-0.4057153639132397,0.6786117021133227,-0.4820532819843823,0.1656187059127561,0.2806539795697548,0.6872424977935131,-0.5729563765281737,1.181174846716828,1.839522160832408
-0.5212572763983595,-0.1993551247046296,0.0654010400674976,0.0654010400674977,-0.0862933121851407,0.3374490921354993,0.3409026401452188,0.2342275408568957,0.49323926303345,0.6786117021133227,-0.4820532819843823,-0.1133640087911864,-0.1315738288987555,1.0672132015908655,0.7185296734774628,0.1979619339410786,1.1255671642452048
-0.008406142853514,0.994870165103596,0.0654010400674976,0.0654010400674977,1.0856863864702897,1.2291758697175297,0.4797084657740602,0.2342275408568957,1.3921938899801396,-0.2444047415191273,-0.4820532819843823,-1.2292948676069568,-1.7804850627727973,0.549071332776294,-0.3453381454926974,-1.0096730710621231,-0.8186953190947199
-0.6922076542466413,0.2913870514329106,1.3954203730765178,1.3954203730765178,-0.1375273973722633,0.1939970937699823,0.4797084657740602,1.2805323325064204,0.1201393827003501,0.0632674063583559,1.4128092602512243,1.560532279432469,0.6928817880382653,0.1000150464703318,-1.6962028644641105,1.0672291256633304,2.122860263027301
0.5899201796154724,0.6431047208959725,1.3954203730765178,1.3954203730765178,-0.5638681776793909,-0.0084499942396036,-0.353126487998988,-0.162984884853083,0.1201393827003501,-0.2444047415191273,-0.4820532819843823,-0.6713294381990716,-0.5438016373672659,0.549071332776294,0.3820505493380633,-0.1735214812393563,0.0416545355694672
-1.119583598867346,-1.1125693670010746,0.0654010400674976,0.0654010400674977,-0.9554429716095424,-1.209943880838375,-1.047155616143195,-0.6750807673414826,-1.3046699908599295,-0.859749037274094,-0.4820532819843823,-0.392346723495129,0.2806539795697548,0.2727290027418557,0.1148465389920696,0.8856123090539809,0.0416545355694672
1.5301472577810225,-0.2151207904099828,0.0654010400674976,0.0654010400674977,-0.4559106410350968,0.0179322397281755,-0.0755148367413053,0.8331736116944045,-0.4057153639132397,-0.2444047415191273,-0.4820532819843823,1.002566850024584,0.6928817880382653,0.7217852890478179,0.4463774407176544,0.5503863368836847,1.1255671642452048
0.1625442349947678,-0.3307834469938014,0.0654010400674976,0.0654010400674977,-0.863953533775395,-0.5794498619416776,-0.9083497905143536,-0.6750807673414826,-0.4057153639132397,-0.859749037274094,-0.4820532819843823,-0.6713294381990716,-0.1315738288987555,-1.6962100987535167,-0.9490212799780908,-0.3670770836606984,-0.8186953190947199
0.1625442349947678,1.20044489095249,-1.2646182929415224,-1.2646182929415222,0.7755371922125293,1.1157723577316143,0.3409026401452188,1.2805323325064204,0.49323926303345,-0.5520768893966107,1.4128092602512243,0.7235841353206414,-0.5438016373672659,-1.0398970649217258,-1.0875715075649026,-0.982781570956727,-0.8186953190947199
1.4446720688568817,0.2576103070278054,0.0654010400674976,0.0654010400674977,-0.6151022628665136,-0.1435825145334565,-0.353126487998988,-0.6750807673414826,-0.4057153639132397,0.3709395542358393,-0.4820532819843823,-1.5082775823108994,-1.3682572543042868,0.0309294639617222,-0.1424610265262948,-0.1735214812393563,0.0416545355694672
-1.034108409943205,-1.3812067556713812,0.0654010400674976,0.0654010400674977,-0.9005493089090539,-0.8488325271337724,-0.9083497905143536,-0.162984884853083,-1.3046699908599295,-0.859749037274094,-0.4820532819843823,0.1656187059127561,0.6928817880382653,0.6181569152849036,-0.8203674972189086,1.3596464266010553,0.6520824719662907
-0.6922076542466413,-1.2679328363156463,0.0654010400674976,0.0654010400674977,-0.9408046615560788,-1.2343855640425854,-0.9083497905143536,-0.162984884853083,-1.3046699908599295,-0.859749037274094,-0.4820532819843823,0.4446014206166987,1.1051095965067756,-0.1072417010554968,-0.5927492661834326,1.3596464266010553,0.6520824719662907
-0.008406142853514,-0.3925561917120491,0.0654010400674976,0.0654010400674977,-0.6718257143236851,-0.1885957517389939,-0.4919323136278294,0.2342275408568957,-0.4057153639132397,-0.5520768893966107,-0.4820532819843823,0.4446014206166987,0.6928817880382653,-0.4181268223442398,1.6735365993437,-0.0474487788157081,0.0416545355694672
-1.2905339767156276,-0.4368911546652848,0.0654010400674976,0.0654010400674977,-0.2967190192036801,0.3059640159698289,-0.0755148367413053,0.2342275408568957,1.0190940096470398,-0.859749037274094,-0.4820532819843823,0.1656187059127561,0.2806539795697548,-0.3835840310899351,1.109439244168824,-0.3670770836606984,0.0416545355694672
-1.119583598867346,1.5438019801172582,-1.2646182929415224,-1.2646182929415222,2.006985025460155,1.4586603691188846,0.8961259426605843,1.070869606315068,1.2190147058053171,0.0632674063583559,2.521232791480213,0.1656187059127561,-0.9560294458357764,-1.3853249774647738,-0.1375128041124801,-1.073786471011429,-0.8186953190947199
-0.6067324653225004,0.1052566466206193,0.0654010400674976,0.0654010400674977,0.1223026060767157,0.3561129159704302,0.757320117031743,0.2342275408568957,1.2190147058053171,0.6786117021133227,-0.4820532819843823,-0.6713294381990716,-0.9560294458357764,0.2381862114875509,0.1791734303716607,-0.7023030558309942,0.0416545355694672
-1.8033851102604728,-1.298126474878626,0.0654010400674976,0.0654010400674977,-0.9645919153929572,-1.535789244422814,-0.9083497905143536,-0.6750807673414826,-1.3046699908599295,-0.5520768893966107,-0.4820532819843823,-0.6713294381990716,-0.1315738288987555,1.6889834441683518,-1.1914841782550112,0.5503863368836847,0.0416545355694672
0.4189698017671905,1.6131231344762509,-1.2646182929415224,-1.2646182929415222,1.165282197385998,1.527196463530478,0.063290988887536,-0.162984884853083,1.2190147058053171,-0.5520768893966107,-0.4820532819843823,-1.5082775823108994,-1.7804850627727973,0.6526997065392084,-0.8945908334261292,-0.9170320787253609,-0.8186953190947199
-0.948633221019064,-0.1913289676182679,0.0654010400674976,0.0654010400674977,-0.7944215610214428,-0.3700736503975289,-0.7695439648855121,-0.162984884853083,-1.3046699908599295,-0.5520768893966107,-0.4820532819843823,-0.1133640087911864,0.2806539795697548,0.7908708715564274,-0.7214030489426146,-0.5087474534096524,-0.8186953190947199
0.0770690460706269,-1.545074129517931,1.3954203730765178,1.3954203730765178,-0.9133578302058346,-0.9589673627750862,-0.9083497905143536,-0.162984884853083,-0.4057153639132397,-1.1674211851515772,1.4128092602512243,0.4446014206166987,1.1051095965067756,-0.072698909801192,-0.9886070592886086,2.083554244724097,1.1255671642452048
-0.3503068985500777,-1.179836207343915,1.3954203730765178,1.3954203730765178,-1.0011876905266162,-1.8144944374277776,-1.1859614417720363,-1.3968393760212343,-1.3046699908599295,-0.859749037274094,-0.4820532819843823,-0.6713294381990716,0.2806539795697548,-0.556297987361459,-1.2953968489451195,1.3596464266010553,0.0416545355694672
0.5044449906913314,-0.5879548969693057,1.3954203730765178,1.3954203730765178,-0.9408046615560788,-1.0300969405945166,-1.047155616143195,-1.3968393760212343,-0.4057153639132397,-0.859749037274094,-0.4820532819843823,-1.5082775823108994,-0.9560294458357764,1.3090127403709992,-1.3052932937727493,0.8856123090539809,0.0416545355694672
-1.7179099213363322,-1.4514356301770457,0.0654010400674976,0.0654010400674977,-0.8731024775588097,-0.6414862687579518,-0.9083497905143536,-0.162984884853083,-0.4057153639132397,-1.1674211851515772,1.4128092602512243,0.1656187059127561,0.6928817880382653,-1.6962100987535167,-1.3448790730832667,0.5503863368836847,0.0416545355694672
-0.1793565207017958,0.4132126500651855,0.0654010400674976,0.0654010400674977,-0.0771443684017259,0.2715311130302987,0.4797084657740602,0.8331736116944045,0.1201393827003501,0.6786117021133227,-0.4820532819843823,0.7235841353206414,0.2806539795697548,0.8254136628107323,-1.0479857282543847,-0.616950784236665,0.0416545355694672
0.5044449906913314,-1.4062884965662612,-1.2646182929415224,-1.2646182929415222,-0.7431874758343201,-0.1465003992681786,-0.7695439648855121,-0.162984884853083,0.1201393827003501,-1.1674211851515772,-0.4820532819843823,0.4446014206166987,1.1051095965067756,0.8599564540650371,0.4117398838209515,-0.5087474534096524,-0.8186953190947199
1.7010976356293042,1.425750586305356,-1.2646182929415224,-1.2646182929415222,0.7279626845387726,0.5146489563293174,1.5901550708047911,-0.162984884853083,1.54494875626063,2.2169724415007392,-0.4820532819843823,-1.5082775823108994,-1.7804850627727973,-1.5580389337362976,-0.5878010437696177,-1.1457323588283028,-0.8186953190947199
1.4446720688568817,-0.4009645467549041,1.3954203730765178,1.3954203730765178,-0.60046395281305,-0.1034402881223951,-0.353126487998988,0.2342275408568957,-0.4057153639132397,-0.2444047415191273,-0.4820532819843823,0.7235841353206414,1.1051095965067756,0.0309294639617222,1.4904523700325565,1.803075729598364,1.839522160832408
-0.7776828431707823,0.1445274866503173,0.0654010400674976,0.0654010400674977,0.407749652119256,0.5553107637490825,0.8961259426605843,0.8331736116944045,0.1201393827003501,1.6016281457457726,-0.4820532819843823,0.4446014206166987,-0.1315738288987555,0.2727290027418557,0.6492545596840571,-0.7385604988411334,0.0416545355694672
-1.119583598867346,1.340233793539955,-1.2646182929415224,-1.2646182929415222,1.5495378362894177,1.326181131706439,0.757320117031743,0.5587737238266685,1.2190147058053171,0.3709395542358393,1.4128092602512243,-0.6713294381990716,-1.3682572543042868,-0.6599263611243733,0.4760667752005427,-1.0547274587736004,-0.8186953190947199
-0.0938813317776549,-1.7456802819324106,-1.2646182929415224,-1.2646182929415222,-0.9225067739892494,-1.0441228263916855,-0.9083497905143536,-0.6750807673414826,-1.3046699908599295,-0.5520768893966107,-0.4820532819843823,-0.6713294381990716,-0.1315738288987555,-0.7635547348872876,-0.1177199144572214,0.5503863368836847,0.0416545355694672
0.8463457463878951,1.7158866100284167,0.0654010400674976,0.0654010400674977,2.050899955620546,1.476126670042596,0.8961259426605843,0.5587737238266685,1.8052020693197453,-0.5520768893966107,3.917681290782164,0.4446014206166987,0.2806539795697548,0.4109001677590749,0.2435003217512518,-1.073786471011429,-0.8186953190947199
-0.7776828431707823,-0.8989207093212576,0.0654010400674976,0.0654010400674977,-0.8968897313956881,-0.8190897706356913,-0.9083497905143536,-0.6750807673414826,-1.3046699908599295,-0.5520768893966107,-0.4820532819843823,-0.6713294381990716,-0.1315738288987555,-1.5580389337362976,-0.3008041437683653,-0.3670770836606984,-0.8186953190947199
-0.948633221019064,1.427804900321508,-1.2646182929415224,-1.2646182929415222,0.9054521939370188,0.91267014293244,0.8961259426605843,0.8331736116944045,1.2190147058053171,0.3709395542358393,-0.4820532819843823,-0.392346723495129,-1.3682572543042868,0.8944992453193418,0.1197947614058842,-1.4262108739540356,-2.2894731101557304
-0.1793565207017958,0.938495966520818,0.0654010400674976,0.0654010400674977,0.3867070814174021,0.2570236594703785,1.5901550708047911,1.2805323325064204,0.49323926303345,2.2169724415007392,-0.4820532819843823,0.7235841353206414,-0.5438016373672659,-1.2816966037018591,0.0752607596815521,-0.876255878889373,0.0416545355694672
-0.0938813317776549,0.5069466988951947,0.0654010400674976,0.0654010400674977,0.3391325737436454,0.3764657561348769,1.173737593918267,0.8331736116944045,0.49323926303345,1.909300293623256,-0.4820532819843823,0.1656187059127561,-0.5438016373672659,-1.2471538124475547,-0.9341766127366468,0.0412075416550101,1.5124323266304776
0.5044449906913314,-0.145990735029237,0.0654010400674976,0.0654010400674977,-0.4339531759549014,0.0618869616896028,-0.0755148367413053,-0.162984884853083,0.1201393827003501,0.3709395542358393,-0.4820532819843823,-0.9503121529030142,-0.9560294458357764,-1.3853249774647738,-0.5828528213558031,0.1069570338863763,0.6520824719662907
1.6156224467051634,0.0144368572088724,0.0654010400674976,0.0654010400674977,-0.5547192338959762,0.014197699305824,-0.353126487998988,-0.162984884853083,0.1201393827003501,-0.2444047415191273,-0.4820532819843823,-0.6713294381990716,-0.5438016373672659,-0.0381561185468872,-1.641772417912149,-0.1735214812393563,0.0416545355694672
0.5899201796154724,0.7027753768535064,0.0654010400674976,0.0654010400674977,0.9091117714503848,1.2021528980422855,0.3409026401452188,0.2342275408568957,0.1201393827003501,0.986283849990806,-0.4820532819843823,0.7235841353206414,1.1051095965067756,1.0672132015908655,1.074801687272121,0.1979619339410786,1.1255671642452048
1.5301472577810225,-1.077646028726489,1.3954203730765178,1.3954203730765178,-1.0194855780934458,-2.1750681023118763,-1.3247672674008777,-1.3968393760212343,-1.3046699908599295,-1.1674211851515772,-0.4820532819843823,-0.9503121529030142,-0.1315738288987555,0.3763573765047701,-0.2909076989407358,0.5503863368836847,-0.8186953190947199
-0.8631580320949231,-0.1989251520035745,0.0654010400674976,0.0654010400674977,-1.0011876905266162,-1.509803765310085,-1.3247672674008777,-1.3968393760212343,-1.3046699908599295,-1.1674211851515772,-0.4820532819843823,-0.6713294381990716,0.2806539795697548,-0.2108700748184112,0.0257785355434049,0.5503863368836847,-0.8186953190947199
-0.0938813317776549,-0.6523552526384455,1.3954203730765178,1.3954203730765178,-1.008506845553348,-1.7348368210660794,-1.3247672674008777,-1.3968393760212343,-1.3046699908599295,-1.1674211851515772,-0.4820532819843823,-0.392346723495129,0.6928817880382653,-1.0398970649217258,1.064905242444492,0.5503863368836847,-0.8186953190947199
-0.4357820874742186,-0.3280125118092242,0.0654010400674976,0.0654010400674977,-0.3644212032009493,0.295721096869386,-0.2143206623701467,0.5587737238266685,-0.4057153639132397,-0.2444047415191273,-0.4820532819843823,0.4446014206166987,0.2806539795697548,-0.7980975261415925,1.4904523700325565,1.1482214525830774,1.5124323266304776
0.0770690460706269,-0.6407459897099581,1.3954203730765178,1.3954203730765178,-0.970081281663006,-1.174165588264889,-1.1859614417720363,-1.3968393760212343,-1.3046699908599295,-0.859749037274094,-0.4820532819843823,-0.392346723495129,0.6928817880382653,0.3072717939961605,-0.9935552817024232,1.3596464266010553,0.0416545355694672
-0.7776828431707823,-0.6335797780257066,0.0654010400674976,0.0654010400674977,-0.7157406444840759,-0.1996654642171978,-0.6307381392566708,0.2342275408568957,-0.4057153639132397,-0.859749037274094,-0.4820532819843823,0.7235841353206414,1.1051095965067756,-0.2454128660727159,-0.320597033423624,0.7618113109016622,0.6520824719662907
-0.0938813317776549,0.5999641265567788,0.0654010400674976,0.0654010400674977,-0.5291021913024149,-0.0378887072165148,-0.2143206623701467,0.5587737238266685,-0.4057153639132397,-0.2444047415191273,-0.4820532819843823,0.1656187059127561,-0.1315738288987555,-0.7635547348872876,-0.1078234696295919,-0.8283757582546425,-0.8186953190947199
-1.034108409943205,-0.711643710639486,0.0654010400674976,0.0654010400674977,-0.9261663515026152,-0.8731538001463899,-1.047155616143195,-0.6750807673414826,-1.3046699908599295,-0.859749037274094,-0.4820532819843823,0.1656187059127561,1.1051095965067756,0.2381862114875509,-0.4146132592861034,0.8856123090539809,0.0416545355694672
-0.6922076542466413,0.4844925689512068,0.0654010400674976,0.0654010400674977,1.2110269163030716,1.1555713446562998,0.757320117031743,0.8331736116944045,0.7826380134765774,0.6786117021133227,3.3076718024868312,0.4446014206166987,-0.1315738288987555,-0.7635547348872876,0.7927530096846832,-0.3670770836606984,0.6520824719662907
0.0770690460706269,-0.027127170559786,1.3954203730765178,1.3954203730765178,-0.7065917007006611,-0.1667497890875873,-0.6307381392566708,0.2342275408568957,-0.4057153639132397,-0.859749037274094,-0.4820532819843823,0.4446014206166987,0.6928817880382653,-1.350782186210469,-1.310241516186564,0.7618113109016622,0.6520824719662907
-0.0938813317776549,-1.843857382006656,1.3954203730765178,1.3954203730765178,-0.9499536053394936,-1.3417806323703616,-0.9083497905143536,-0.162984884853083,-1.3046699908599295,-0.859749037274094,-0.4820532819843823,0.4446014206166987,1.1051095965067756,-0.0381561185468872,-0.2166843627335154,2.083554244724097,1.1255671642452048
0.2480194239189087,-0.2093878210625816,1.3954203730765178,1.3954203730765178,-0.9023790976657368,-0.8639770688922953,-0.9083497905143536,-0.6750807673414826,-1.3046699908599295,-0.5520768893966107,-0.4820532819843823,-0.6713294381990716,-0.1315738288987555,-0.3490412398356303,-0.3354417006650682,0.5503863368836847,0.0416545355694672
1.1027713131603178,0.1312938824067329,1.3954203730765178,1.3954203730765178,-0.6242512066499283,-0.1693509800776358,-0.353126487998988,0.2342275408568957,0.1201393827003501,-0.5520768893966107,-0.4820532819843823,0.4446014206166987,0.6928817880382653,1.2399271578623896,0.0059856458881461,1.803075729598364,1.839522160832408
-0.4357820874742186,-0.3175976174947787,1.3954203730765178,1.3954203730765178,-0.6462086717301238,-0.2334830499955985,-0.353126487998988,-0.162984884853083,-0.4057153639132397,0.0632674063583559,1.4128092602512243,-0.1133640087911864,0.2806539795697548,0.5145285415219892,1.198507247617489,1.3596464266010553,1.5124323266304776
1.5301472577810225,-0.5334439134244329,0.0654010400674976,0.0654010400674977,-0.2271870464497279,0.3172689554886682,0.063290988887536,1.070869606315068,-0.4057153639132397,-0.2444047415191273,-0.4820532819843823,1.560532279432469,1.1051095965067756,0.6872424977935131,0.565134778649207,1.5335992496594335,2.122860263027301
0.1625442349947678,-0.1927144352105566,1.3954203730765178,1.3954203730765178,-0.9536131828528596,-0.9345256795708756,-1.1859614417720363,-1.3968393760212343,-1.3046699908599295,-0.859749037274094,-0.4820532819843823,-0.1133640087911864,1.1051095965067756,0.1691006289789414,-0.5036812627347679,0.1069570338863763,-0.8186953190947199
1.5301472577810225,-1.1659337566764671,-1.2646182929415224,-1.2646182929415222,-0.7779534622112962,-0.1116962698612437,-0.9083497905143536,-0.6750807673414826,-0.4057153639132397,-0.859749037274094,-0.4820532819843823,-0.1133640087911864,0.6928817880382653,0.2727290027418557,0.4265845510623955,-0.3670770836606984,-0.8186953190947199
-1.205058787791487,-0.5924934977026649,0.0654010400674976,0.0654010400674977,-0.938974872799396,-1.009352508286591,-1.047155616143195,-0.6750807673414826,-1.3046699908599295,-0.859749037274094,-0.4820532819843823,-0.392346723495129,0.2806539795697548,0.5145285415219892,-1.3201379610141937,0.8856123090539809,0.0416545355694672
-0.1793565207017958,-1.194598603413473,1.3954203730765178,1.3954203730765178,-0.9243365627459325,-1.2343855640425854,-0.7695439648855121,-0.6750807673414826,-0.4057153639132397,-0.5520768893966107,-0.4820532819843823,-0.9503121529030142,-0.5438016373672659,-1.350782186210469,-1.3943612972214137,1.6792747314460452,1.1255671642452048
1.1882465020844588,1.3350741211272938,-1.2646182929415224,-1.2646182929415222,2.198197950533524,1.4108196979882204,1.173737593918267,0.5587737238266685,1.9180486365937297,-0.2444047415191273,3.3076718024868312,-0.392346723495129,-0.9560294458357764,0.549071332776294,1.4360219234805944,-1.1065825691090454,-0.8186953190947199
0.6753953685396132,0.4748420705497481,0.0654010400674976,0.0654010400674977,0.0783876759163248,0.3098947984894141,0.757320117031743,0.2342275408568957,0.7826380134765774,1.2939559978682893,-0.4820532819843823,-0.9503121529030142,-1.3682572543042868,0.8599564540650371,-0.3255452558374386,-0.7023030558309942,0.0416545355694672
1.1882465020844588,0.0959405714310924,0.0654010400674976,0.0654010400674977,-0.1741231725059223,0.2216519173795159,0.3409026401452188,1.070869606315068,-0.4057153639132397,0.3709395542358393,1.4128092602512243,1.2815495647285264,0.6928817880382653,-1.5580389337362976,-1.53785974722204,-0.1735214812393563,0.6520824719662907
0.8463457463878951,-1.3201984068661203,-1.2646182929415224,-1.2646182929415222,-0.938974872799396,-1.009352508286591,-1.047155616143195,-1.3968393760212343,-0.4057153639132397,-0.859749037274094,-0.4820532819843823,-1.2292948676069568,-0.5438016373672659,1.5508122791511327,-0.2018396954920712,-0.1735214812393563,-0.8186953190947199
-1.2905339767156276,-0.5814575317089177,0.0654010400674976,0.0654010400674977,-0.8914003651256391,-0.5650138533070597,-1.047155616143195,-0.6750807673414826,-0.4057153639132397,-1.1674211851515772,-0.4820532819843823,-0.1133640087911864,0.6928817880382653,-0.2799556573270207,1.342005697618115,0.8856123090539809,0.0416545355694672
-0.5212572763983595,1.9257132881433,-1.2646182929415224,-1.2646182929415222,1.999665870433424,1.333664148688296,1.173737593918267,0.5587737238266685,1.9180486365937297,-0.2444047415191273,2.521232791480213,-0.6713294381990716,-1.3682572543042868,-0.8326403173958973,1.0401641303754183,-1.4262108739540356,-2.2894731101557304
0.3334946128430496,0.8612442045645871,-1.2646182929415224,-1.2646182929415222,1.260431212733511,1.1162238432578069,0.8961259426605843,-0.162984884853083,1.3921938899801396,0.986283849990806,-0.4820532819843823,-1.5082775823108994,-1.7804850627727973,1.5508122791511327,-0.6075939334248766,-1.073786471011429,-0.8186953190947199
-0.6922076542466413,-0.8922800198271845,0.0654010400674976,0.0654010400674977,-0.9499536053394936,-0.8870481082377737,-1.1859614417720363,-1.3968393760212343,-1.3046699908599295,-0.859749037274094,-0.4820532819843823,-1.2292948676069568,-0.5438016373672659,-1.3853249774647738,-1.0083999489438673,0.1069570338863763,-0.8186953190947199
-0.2648317096259368,0.3878442607029354,-1.2646182929415224,-1.2646182929415222,-0.3406339493640709,0.0489680174109179,0.2020968145163774,-0.162984884853083,0.7826380134765774,0.3709395542358393,-0.4820532819843823,-1.5082775823108994,-1.7804850627727973,-0.072698909801192,-0.3107005885959946,-0.952176756406961,-0.8186953190947199
-0.5212572763983595,-1.6432512295921764,0.0654010400674976,0.0654010400674977,-0.9133578302058346,-0.9589673627750862,-0.9083497905143536,-0.162984884853083,-0.4057153639132397,-1.1674211851515772,-0.4820532819843823,0.1656187059127561,0.6928817880382653,-1.2816966037018591,-0.3502863679065123,1.3596464266010553,0.6520824719662907
-0.008406142853514,-1.3350563524248016,0.0654010400674976,0.0654010400674977,-0.9170174077192004,-0.7843194525305968,-1.047155616143195,-0.6750807673414826,-1.3046699908599295,-0.859749037274094,-0.4820532819843823,-0.1133640087911864,0.6928817880382653,1.0672132015908655,1.2727305838247092,-0.1735214812393563,-0.8186953190947199
-0.008406142853514,-0.4627372914731517,1.3954203730765178,1.3954203730765178,-0.9847195917164696,-1.4349769365943692,-1.1859614417720363,-1.3968393760212343,-1.3046699908599295,-0.859749037274094,-0.4820532819843823,-0.1133640087911864,1.1051095965067756,-1.0053542736674212,-0.4987330403209533,1.3596464266010553,0.0416545355694672
-0.7776828431707823,-1.2245055935090825,0.0654010400674976,0.0654010400674977,-0.9243365627459325,-1.0618823366451875,-0.9083497905143536,-0.6750807673414826,-0.4057153639132397,-0.859749037274094,-0.4820532819843823,-0.392346723495129,0.2806539795697548,-0.3490412398356303,0.1791734303716607,1.3596464266010553,0.6520824719662907
-1.034108409943205,-0.9920814612165266,0.0654010400674976,0.0654010400674977,-0.8950599426390051,-0.9803096467139544,-0.7695439648855121,-0.162984884853083,-1.3046699908599295,-0.5520768893966107,-0.4820532819843823,0.4446014206166987,1.1051095965067756,0.2727290027418557,1.6191061527917383,1.0244204544307591,0.6520824719662907
0.6753953685396132,-1.0402384037346963,0.0654010400674976,0.0654010400674977,-0.9627621266362744,-1.0618823366451875,-1.1859614417720363,-1.3968393760212343,-1.3046699908599295,-0.859749037274094,-0.4820532819843823,-0.392346723495129,0.6928817880382653,-0.7635547348872876,0.6888403389945745,0.1069570338863763,-0.8186953190947199
0.7608705574637542,0.5232378867907264,0.0654010400674976,0.0654010400674977,0.4589837373063787,0.5354183230251384,1.0349317682894257,0.5587737238266685,0.49323926303345,1.909300293623256,-0.4820532819843823,0.1656187059127561,-0.1315738288987555,1.17084157535378,1.5498310389983323,-0.4659387821770815,0.6520824719662907
1.1882465020844588,1.0057150321190966,-1.2646182929415224,-1.2646182929415222,1.0664736045251184,1.2181203221281256,0.4797084657740602,-0.162984884853083,0.7826380134765774,0.986283849990806,-0.4820532819843823,-1.5082775823108994,-1.7804850627727973,1.032670410336561,-0.3403899230788828,-1.0096730710621231,-0.8186953190947199
1.7865728245534451,0.4592197290780799,1.3954203730765178,1.3954203730765178,0.0472812670527147,0.3446074015694597,0.6185142914029015,0.5587737238266685,0.1201393827003501,1.2939559978682893,-0.4820532819843823,0.1656187059127561,-0.1315738288987555,0.6872424977935131,1.0550087976168625,-0.3095807690055359,0.6520824719662907
0.2480194239189087,-0.106863219233224,1.3954203730765178,1.3954203730765178,-0.8035705048048576,-0.4146367819633803,-0.7695439648855121,-0.162984884853083,-0.4057153639132397,-0.859749037274094,-0.4820532819843823,0.1656187059127561,0.6928817880382653,0.9635848278279514,0.8174941217537568,1.6792747314460452,1.1255671642452048
-1.4614843545639096,-1.4316568859285117,0.0654010400674976,0.0654010400674977,-0.6498682492434896,0.0197952810901264,-0.6307381392566708,0.5587737238266685,-0.4057153639132397,-1.1674211851515772,-0.4820532819843823,1.560532279432469,1.9295652134437968,-1.178068229938945,0.9560443493405684,1.3596464266010553,1.1255671642452048
-0.3503068985500777,-0.4503158578871158,0.0654010400674976,0.0654010400674977,-0.9170174077192004,-0.7843194525305968,-1.047155616143195,-1.3968393760212343,-0.4057153639132397,-0.859749037274094,-0.4820532819843823,-0.9503121529030142,-0.1315738288987555,1.7235262354226566,-1.0677786179096436,0.8856123090539809,0.0416545355694672
1.1027713131603178,-1.2280409246066464,2.7254397060855378,2.7254397060855378,-0.9883791692298356,-1.509803765310085,-1.1859614417720363,-1.3968393760212343,-1.3046699908599295,-0.859749037274094,-0.4820532819843823,-0.392346723495129,0.6928817880382653,0.4109001677590749,0.5997723355459103,0.1069570338863763,-0.8186953190947199
-0.5212572763983595,-1.0058405876502894,0.0654010400674976,0.0654010400674977,-0.9572727603662254,-0.9839028506139884,-1.1859614417720363,-1.3968393760212343,-1.3046699908599295,-0.859749037274094,-0.4820532819843823,-0.392346723495129,0.6928817880382653,-0.9017258999045068,1.2727305838247092,1.3596464266010553,0.0416545355694672
0.3334946128430496,1.4004299716876674,-1.2646182929415224,-1.2646182929415222,1.028962935013118,1.122495281680587,0.6185142914029015,0.8331736116944045,0.7826380134765774,0.3709395542358393,1.4128092602512243,-0.1133640087911864,-0.9560294458357764,1.2053843666080848,-1.4883775230838932,-1.0334885871285773,-0.8186953190947199
-0.008406142853514,-1.1933086853103076,-1.2646182929415224,-1.2646182929415222,-0.5492298676259273,0.0275894907309944,-0.353126487998988,-0.162984884853083,-0.4057153639132397,0.0632674063583559,-0.4820532819843823,-0.1133640087911864,0.2806539795697548,0.8599564540650371,-0.1968914730782564,-0.1735214812393563,0.0416545355694672
2.128473580250009,-0.3272003411516757,-1.2646182929415224,-1.2646182929415222,-0.5528894451392933,-0.094496302115697,-0.2143206623701467,-0.162984884853083,-0.4057153639132397,0.3709395542358393,-0.4820532819843823,-0.9503121529030142,-0.9560294458357764,1.4126411141339137,-0.0385483558361861,-0.8283757582546425,-0.8186953190947199
-0.3503068985500777,-1.57068139260299,0.0654010400674976,0.0654010400674977,-0.971911070419689,-1.2039083447629702,-1.1859614417720363,-1.3968393760212343,-1.3046699908599295,-0.859749037274094,-0.4820532819843823,-0.1133640087911864,1.1051095965067756,-0.2799556573270207,1.045112352789233,0.1069570338863763,-0.8186953190947199
0.1625442349947678,-1.3988834111592017,2.7254397060855378,2.7254397060855378,-0.971911070419689,-1.449583789532388,-1.047155616143195,-0.6750807673414826,-1.3046699908599295,-0.859749037274094,-0.4820532819843823,-0.1133640087911864,0.6928817880382653,-0.7290119436329829,-0.5432670420452856,0.8856123090539809,0.0416545355694672
-0.008406142853514,-0.1726968172392141,-1.2646182929415224,-1.2646182929415222,0.5559625414105751,0.4961500554900254,1.3125434195471084,0.8331736116944045,0.49323926303345,2.2169724415007392,-0.4820532819843823,0.4446014206166987,-0.1315738288987555,0.8254136628107323,1.2034554700313034,-0.5478972431289096,0.6520824719662907
-0.4357820874742186,-0.2874995284209226,1.3954203730765178,1.3954203730765178,-0.3571020481742175,0.1088682769148555,0.063290988887536,0.8331736116944045,0.1201393827003501,-0.2444047415191273,-0.4820532819843823,1.002566850024584,0.6928817880382653,1.343555531625304,-0.0781341351467037,0.809691431536393,1.5124323266304776
0.3334946128430496,-0.767444612287524,2.7254397060855378,2.7254397060855378,-0.9755706479330548,-1.265634439907478,-1.1859614417720363,-1.3968393760212343,-1.3046699908599295,-0.859749037274094,-0.4820532819843823,-0.1133640087911864,1.1051095965067756,1.5508122791511327,0.3226718803722869,1.3596464266010553,0.0416545355694672
-0.6067324653225004,3.1322644620484383,1.3954203730765178,1.3954203730765178,-0.8438258574518824,1.7026041550657796,-1.6023789186585604,-2.6306938671893856,-1.3046699908599295,-1.4750933330290608,-0.4820532819843823,-2.345225726422727,-1.7804850627727973,-0.6253835698700686,0.1841216527854753,-1.4262108739540356,-2.2894731101557304
-0.7776828431707823,0.1102252200550336,1.3954203730765178,1.3954203730765178,-0.9627621266362744,-1.0618823366451875,-1.1859614417720363,-1.3968393760212343,-1.3046699908599295,-0.859749037274094,-0.4820532819843823,-1.2292948676069568,-0.5438016373672659,-0.6253835698700686,0.565134778649207,0.1069570338863763,-0.8186953190947199
0.7608705574637542,-1.0191697413829972,0.0654010400674976,0.0654010400674977,-0.4431021197383162,0.0437623383827217,-0.0755148367413053,-1.3968393760212343,0.1201393827003501,0.986283849990806,-0.4820532819843823,-1.787260297014842,-1.3682572543042868,-1.488953351227688,1.6191061527917383,0.966924139775597,1.5124323266304776
0.6753953685396132,0.1242709949561665,0.0654010400674976,0.0654010400674977,-0.300378596717046,0.1157012783189291,0.2020968145163774,0.8331736116944045,-0.4057153639132397,0.3709395542358393,-0.4820532819843823,0.7235841353206414,0.2806539795697548,-0.9017258999045068,-0.0039107989394833,-0.0922096505177403,0.6520824719662907
-0.1793565207017958,-0.9661397749195364,-1.2646182929415224,-1.2646182929415222,-0.8657833225320779,-0.3788584893898943,-1.047155616143195,-0.6750807673414826,-0.4057153639132397,-1.1674211851515772,-0.4820532819843823,-0.1133640087911864,0.6928817880382653,1.481726696642523,-0.0187554661809274,-0.1735214812393563,-0.8186953190947199
1.7010976356293042,0.9766679874255974,-1.2646182929415224,-1.2646182929415222,0.6785583881083328,1.2230731390062948,0.063290988887536,0.2342275408568957,0.49323926303345,0.0632674063583559,2.521232791480213,-1.2292948676069568,-1.7804850627727973,0.1000150464703318,-1.2013806230826405,-0.9170320787253609,-0.8186953190947199
-0.7776828431707823,-0.7108793147264991,0.0654010400674976,0.0654010400674977,-0.9792302254464208,-1.3306107401373886,-1.1859614417720363,-1.3968393760212343,-1.3046699908599295,-0.859749037274094,-0.4820532819843823,-0.392346723495129,0.6928817880382653,0.0309294639617222,-0.8451086092879823,0.1069570338863763,-0.8186953190947199
1.1882465020844588,0.9927680763428824,-1.2646182929415224,-1.2646182929415222,0.7554095158890168,0.7533204344770236,1.0349317682894257,0.8331736116944045,1.54494875626063,0.0632674063583559,1.4128092602512243,-0.1133640087911864,-0.9560294458357764,0.1691006289789414,0.1841216527854753,-1.0909849017837396,-0.8186953190947199
-0.6067324653225004,-1.8264673749862053,0.0654010400674976,0.0654010400674977,-0.973740859176372,-1.4793265460304692,-1.047155616143195,-0.6750807673414826,-1.3046699908599295,-0.859749037274094,-0.4820532819843823,-0.392346723495129,0.2806539795697548,1.516269487896828,0.847183456236645,0.8856123090539809,0.0416545355694672
-0.5212572763983595,1.5450918982204236,0.0654010400674976,0.0654010400674977,0.9054521939370188,0.91267014293244,0.8961259426605843,1.2805323325064204,0.7826380134765774,0.3709395542358393,-0.4820532819843823,0.4446014206166987,-0.9560294458357764,0.2381862114875509,0.1841216527854753,-1.073786471011429,-0.8186953190947199
0.7608705574637542,0.9132709013922528,0.0654010400674976,0.0654010400674977,2.18996390112845,1.101664756904594,2.006572547691315,1.79262821499482,1.9180486365937297,-0.2444047415191273,-0.4820532819843823,2.397480423544297,0.6928817880382653,-0.7290119436329829,1.4459183683082235,0.1576640500582264,2.122860263027301
-0.6922076542466413,-0.82974287919595,1.3954203730765178,1.3954203730765178,-0.8511450124786143,-0.4975254595104298,-0.9083497905143536,-0.162984884853083,-1.3046699908599295,-0.859749037274094,-0.4820532819843823,0.7235841353206414,1.517337404975286,1.5508122791511327,1.5201417045154444,1.3596464266010553,0.6520824719662907
-0.6922076542466413,-1.102918868599616,0.0654010400674976,0.0654010400674977,-0.6901236018905146,-0.2488157275166909,-0.4919323136278294,0.2342275408568957,-0.4057153639132397,-0.5520768893966107,-0.4820532819843823,1.002566850024584,1.517337404975286,0.9290420365736466,1.0104747958925302,0.5503863368836847,0.6520824719662907
-0.0938813317776549,0.8231199584043694,0.0654010400674976,0.0654010400674977,1.8148572060084451,1.1465082045151858,1.4513492451759498,1.070869606315068,0.49323926303345,2.2169724415007392,-0.4820532819843823,1.560532279432469,1.1051095965067756,-0.2108700748184112,-0.6521279351492089,-0.8533150578905776,0.0416545355694672
0.931820935312036,0.6513219769605809,-1.2646182929415224,-1.2646182929415222,0.7224733182687236,1.253803307291396,0.063290988887536,-0.162984884853083,0.7826380134765774,0.0632674063583559,-0.4820532819843823,-1.5082775823108994,-1.7804850627727973,-0.1072417010554968,-1.671461752395037,-0.9170320787253609,-0.8186953190947199
-0.0938813317776549,0.5069466988951947,0.0654010400674976,0.0654010400674977,0.3391325737436454,0.3764657561348769,1.173737593918267,0.8331736116944045,0.49323926303345,1.909300293623256,-0.4820532819843823,0.1656187059127561,-0.5438016373672659,-1.2471538124475547,-0.9341766127366468,0.0412075416550101,1.5124323266304776
0.7608705574637542,-0.938143774606394,-1.2646182929415224,-1.2646182929415222,-0.8694429000454438,-0.6162963195908734,-0.9083497905143536,-0.6750807673414826,-0.4057153639132397,-0.859749037274094,1.4128092602512243,-0.1133640087911864,0.6928817880382653,-0.7635547348872876,-1.0875715075649026,-0.3670770836606984,-0.8186953190947199
-0.3503068985500777,1.5317627444877158,-1.2646182929415224,-1.2646182929415222,1.3281333967307805,1.089134746330645,1.0349317682894257,0.8331736116944045,1.3921938899801396,0.3709395542358393,-0.4820532819843823,-0.1133640087911864,-0.9560294458357764,-1.2816966037018591,0.4117398838209515,-1.0909849017837396,-0.8186953190947199
0.5899201796154724,-0.2748392211120783,2.7254397060855378,2.7254397060855378,-1.010336634310031,-1.798146322031272,-1.3247672674008777,-1.3968393760212343,-1.3046699908599295,-1.1674211851515772,-0.4820532819843823,-0.392346723495129,0.6928817880382653,-1.5925817249906025,-1.2013806230826405,0.5503863368836847,-0.8186953190947199
1.4446720688568817,1.5631507516647372,-1.2646182929415224,-1.2646182929415222,1.1222821616039484,0.4489876873835564,2.5617958502066807,1.4680820320250476,1.9180486365937297,1.6016281457457726,-0.4820532819843823,1.2815495647285264,-0.1315738288987555,0.7908708715564274,0.1791734303716607,-1.208072885717573,-0.8186953190947199
0.5899201796154724,0.2066824293250583,0.0654010400674976,0.0654010400674977,-0.3607616256875833,0.1024564979869876,0.063290988887536,0.2342275408568957,0.1201393827003501,0.3709395542358393,-0.4820532819843823,-0.392346723495129,-0.5438016373672659,-1.488953351227688,0.9065621252024216,-0.9170320787253609,-0.8186953190947199
1.6156224467051634,0.5381913818385311,0.0654010400674976,0.0654010400674977,1.6629847392037604,1.1906712834518165,1.173737593918267,1.2805323325064204,0.7826380134765774,0.986283849990806,-0.4820532819843823,1.560532279432469,0.6928817880382653,0.1345578377246366,1.4112808114115207,0.0412075416550101,1.5124323266304776
-0.1793565207017958,1.0432182066000126,0.0654010400674976,0.0654010400674977,1.117707689712241,1.2473845301462754,0.4797084657740602,0.8331736116944045,0.1201393827003501,0.6786117021133227,1.4128092602512243,-0.392346723495129,-1.3682572543042868,0.3072717939961605,-0.5878010437696177,-0.616950784236665,0.0416545355694672
0.7608705574637542,0.5506605901691286,0.0654010400674976,0.0654010400674977,0.7398563114572116,0.6276416064413961,1.3125434195471084,0.2342275408568957,1.0190940096470398,2.2169724415007392,-0.4820532819843823,-0.9503121529030142,-1.3682572543042868,0.998127619082256,1.376643254514818,-0.27842076318998,1.1255671642452048
1.7865728245534451,1.160218556031558,-1.2646182929415224,-1.2646182929415222,1.2494524801934137,1.0480683813445886,1.0349317682894257,0.5587737238266685,1.6815926404232675,0.0632674063583559,-0.4820532819843823,-0.6713294381990716,-1.3682572543042868,0.2727290027418557,-1.5180668575667813,-1.0909849017837396,-0.8186953190947199
0.8463457463878951,0.5257221735079336,0.0654010400674976,0.0654010400674977,1.3372823405141951,1.156195814524389,0.8961259426605843,1.4680820320250476,0.7826380134765774,0.0632674063583559,-0.4820532819843823,1.560532279432469,0.2806539795697548,-0.4181268223442398,0.9510961269267536,-0.1135143792344754,1.1255671642452048
0.4189698017671905,-0.2842030710461669,0.0654010400674976,0.0654010400674977,-0.1823572219109956,0.3817257621851102,0.063290988887536,0.5587737238266685,0.7826380134765774,-0.5520768893966107,1.4128092602512243,0.1656187059127561,-0.1315738288987555,-1.0053542736674212,0.3177236579584722,-0.4429979611782864,0.0416545355694672
1.872048013477586,1.2314984749175797,-1.2646182929415224,-1.2646182929415222,2.6300280971107,2.2488607205540188,-0.0755148367413053,0.2342275408568957,0.1201393827003501,0.0632674063583559,2.521232791480213,-0.9503121529030142,-1.3682572543042868,0.8254136628107323,0.6047205579597249,-0.876255878889373,-0.8186953190947199
-0.1793565207017958,-0.2575925383253131,1.3954203730765178,1.3954203730765178,-0.6096128965964647,-0.1283757759612969,-0.353126487998988,-0.162984884853083,-0.4057153639132397,0.0632674063583559,-0.4820532819843823,-0.1133640087911864,0.2806539795697548,0.2381862114875509,-0.1919432506644418,2.219613532490276,2.122860263027301
-0.0938813317776549,2.561499588770089,-1.2646182929415224,-1.2646182929415222,1.6355379078535162,0.7454864249832867,2.4229900245778397,1.4680820320250476,1.54494875626063,2.2169724415007392,2.521232791480213,0.7235841353206414,-0.9560294458357764,-0.4526696135985447,0.8422352338228304,-1.4262108739540356,-2.2894731101557304
-0.0938813317776549,0.1637329339641112,0.0654010400674976,0.0654010400674977,-0.6096128965964647,-0.1283757759612969,-0.353126487998988,-0.162984884853083,-0.4057153639132397,0.0632674063583559,-0.4820532819843823,-0.6713294381990716,-0.5438016373672659,-1.3853249774647738,-0.7708852730807616,-0.7713565969387494,-0.8186953190947199
-0.6922076542466413,1.2829996495550666,0.0654010400674976,0.0654010400674977,0.9585160678808244,0.6132356756376233,1.7289608964336325,1.070869606315068,1.2190147058053171,1.909300293623256,-0.4820532819843823,0.4446014206166987,-0.5438016373672659,-0.2454128660727159,-1.5675490817049285,-0.647555598786431,0.6520824719662907
0.931820935312036,0.7181110698578045,0.0654010400674976,0.0654010400674977,0.0207493300808119,0.4653023171205173,0.3409026401452188,1.070869606315068,-0.4057153639132397,0.3709395542358393,-0.4820532819843823,0.7235841353206414,-0.1315738288987555,-0.7290119436329829,-0.3354417006650682,-0.5662437680648148,0.0416545355694672
0.7608705574637542,2.2416954486742275,-1.2646182929415224,-1.2646182929415222,2.2805384445842565,1.5636404945993512,0.8961259426605843,0.2342275408568957,1.2190147058053171,0.986283849990806,1.4128092602512243,-1.2292948676069568,-1.7804850627727973,-0.9017258999045068,-1.097467952392532,-1.4262108739540356,-2.2894731101557304
-1.3760091656397686,-1.086962103916016,0.0654010400674976,0.0654010400674977,-0.9517833940961766,-0.9105586222782804,-1.1859614417720363,-1.3968393760212343,-1.3046699908599295,-0.859749037274094,-0.4820532819843823,0.1656187059127561,1.517337404975286,-0.3835840310899351,1.5696239286535911,1.3596464266010553,0.0416545355694672
-0.4357820874742186,0.7448171520677817,0.0654010400674976,0.0654010400674977,1.1085587459288264,0.6077394726997788,2.006572547691315,1.4680820320250476,1.2190147058053171,1.909300293623256,-0.4820532819843823,1.560532279432469,0.2806539795697548,0.4799857502676844,1.6438472648608116,-0.2588737528336856,1.5124323266304776
1.6156224467051634,-0.0591840241606709,0.0654010400674976,0.0654010400674977,-0.9170174077192004,-0.9923278981250284,-0.9083497905143536,-1.3968393760212343,-0.4057153639132397,-0.5520768893966107,-0.4820532819843823,-1.787260297014842,-1.3682572543042868,0.7563280803021227,-1.3696201851523404,-0.3670770836606984,-0.8186953190947199
1.1882465020844588,-0.1157970964662575,0.0654010400674976,0.0654010400674977,-0.3717403582276811,0.0830188574029855,0.063290988887536,1.070869606315068,-0.4057153639132397,-0.2444047415191273,-0.4820532819843823,1.560532279432469,1.1051095965067756,-1.3853249774647738,1.688381266585144,-0.4429979611782864,0.0416545355694672
-0.5212572763983595,3.1322644620484383,-1.2646182929415224,-1.2646182929415222,-1.0286345218768604,-4.076384989268159,-1.7411847442874018,-2.6306938671893856,-1.3046699908599295,-1.782765480906544,-0.4820532819843823,-2.6242084411266697,-2.192712871241308,1.1017559928451706,-1.0479857282543847,-1.4262108739540356,-2.2894731101557304
1.3591968799327403,0.4501903023559231,0.0654010400674976,0.0654010400674977,-0.7376981095642713,-0.282440474505862,-0.6307381392566708,-0.162984884853083,-0.4057153639132397,-0.5520768893966107,-0.4820532819843823,-0.1133640087911864,0.2806539795697548,1.3090127403709992,-0.879746166184685,0.1069570338863763,0.0416545355694672
0.931820935312036,-1.2117975114556765,-1.2646182929415224,-1.2646182929415222,-0.6553576155135385,-0.1368008234723368,-0.4919323136278294,-0.162984884853083,-0.4057153639132397,-0.2444047415191273,-0.4820532819843823,-0.1133640087911864,0.2806539795697548,1.481726696642523,1.4409701458944089,-0.0474487788157081,0.0416545355694672
1.872048013477586,1.0130245680370331,0.0654010400674976,0.0654010400674977,0.9054521939370188,0.5807678848287068,1.7289608964336325,1.4680820320250476,0.49323926303345,2.2169724415007392,-0.4820532819843823,1.002566850024584,-0.5438016373672659,-0.4526696135985447,-0.2562701420440329,-1.1567343940151056,-0.8186953190947199
0.2480194239189087,-0.2446455825490988,2.7254397060855378,2.7254397060855378,-0.6315703616766601,0.0744176750835204,-0.6307381392566708,-0.162984884853083,0.1201393827003501,-0.859749037274094,1.4128092602512243,-0.1133640087911864,0.2806539795697548,1.2744699491166944,-0.5086294851485825,1.3596464266010553,1.1255671642452048
0.5044449906913314,0.210122210933499,0.0654010400674976,0.0654010400674977,0.0527706333227635,0.2821127487864183,0.757320117031743,1.070869606315068,0.1201393827003501,0.986283849990806,-0.4820532819843823,1.002566850024584,0.2806539795697548,1.17084157535378,1.064905242444492,-0.0474487788157081,1.1255671642452048
-1.3760091656397686,-1.52252445008482,0.0654010400674976,0.0654010400674977,-0.9993579017699332,-1.45941861979858,-1.3247672674008777,-2.6306938671893856,-1.3046699908599295,-0.859749037274094,-0.4820532819843823,-0.6713294381990716,0.6928817880382653,0.8599564540650371,-0.6273868230801355,0.5503863368836847,-0.8186953190947199
-0.5212572763983595,0.309350355388101,0.0654010400674976,0.0654010400674977,0.8313457492913593,0.6345024616167251,1.4513492451759498,0.8331736116944045,0.7826380134765774,2.2169724415007392,-0.4820532819843823,0.1656187059127561,-0.5438016373672659,1.3090127403709992,-0.8302639420465381,-1.1337935730163105,-0.8186953190947199
-0.948633221019064,-1.2368792523505563,-1.2646182929415224,-1.2646182929415222,-0.9042088864224198,-0.6698022371011298,-1.047155616143195,-0.6750807673414826,-1.3046699908599295,-0.859749037274094,-0.4820532819843823,0.1656187059127561,1.1051095965067756,-0.6944691523786781,1.5151934821016293,-0.1735214812393563,-0.8186953190947199
1.1027713131603178,-1.776924964875747,-1.2646182929415224,-1.2646182929415222,-0.9920387467432016,-1.5894613816717835,-1.1859614417720363,-1.3968393760212343,-1.3046699908599295,-0.859749037274094,-0.4820532819843823,-0.6713294381990716,0.2806539795697548,1.343555531625304,0.9411996820991244,0.1069570338863763,-0.8186953190947199
0.8463457463878951,-1.5844405190367523,-1.2646182929415224,-1.2646182929415222,-0.9298259290159812,-0.6542766906573935,-1.1859614417720363,-1.3968393760212343,-0.4057153639132397,-1.1674211851515772,-0.4820532819843823,-0.1133640087911864,1.1051095965067756,0.9635848278279514,0.9609925717543834,0.1069570338863763,-0.8186953190947199
-0.4357820874742186,-0.3242383069888518,0.0654010400674976,0.0654010400674977,-1.003017479283299,-1.562333593668681,-1.3247672674008777,-1.3968393760212343,-1.3046699908599295,-1.1674211851515772,-0.4820532819843823,-0.392346723495129,0.6928817880382653,-0.8326403173958973,0.2731896562341401,0.5503863368836847,-0.8186953190947199
-1.5469595434880503,-1.4710710501918944,0.0654010400674976,0.0654010400674977,-0.931655717772664,-0.9296948919248924,-1.047155616143195,-0.6750807673414826,-1.3046699908599295,-0.859749037274094,-0.4820532819843823,-0.392346723495129,0.2806539795697548,-0.5217551961071543,-0.3799757023894005,0.8856123090539809,0.0416545355694672
0.0770690460706269,-1.082949025372835,0.0654010400674976,0.0654010400674977,-0.977400436689738,-1.297695065007778,-1.1859614417720363,-1.3968393760212343,-1.3046699908599295,-0.859749037274094,-0.4820532819843823,-0.1133640087911864,1.1051095965067756,-0.2108700748184112,0.3078272131308429,0.1069570338863763,-0.8186953190947199
-0.1793565207017958,0.1354502851835988,1.3954203730765178,1.3954203730765178,-0.6773150805937339,-0.206355261992496,-0.4919323136278294,-0.162984884853083,-0.4057153639132397,-0.2444047415191273,-0.4820532819843823,-0.9503121529030142,-0.9560294458357764,0.9290420365736466,-0.5927492661834326,0.5503863368836847,0.6520824719662907
0.4189698017671905,0.3558829565911738,0.0654010400674976,0.0654010400674977,0.8780053625867745,0.563632977502093,1.7289608964336325,1.070869606315068,1.54494875626063,1.2939559978682893,-0.4820532819843823,0.7235841353206414,-0.1315738288987555,1.1017559928451706,-0.0929788023881478,-0.647555598786431,0.6520824719662907
0.5899201796154724,0.3531597961511583,1.3954203730765178,1.3954203730765178,0.0106854919190556,0.3762665365931733,0.4797084657740602,0.5587737238266685,0.1201393827003501,0.986283849990806,-0.4820532819843823,0.4446014206166987,0.2806539795697548,1.3090127403709992,-0.5976974885972473,0.4421830060566722,1.5124323266304776
-0.0938813317776549,0.7107059844507447,0.0654010400674976,0.0654010400674977,0.6282391972995517,1.1868943928518516,0.063290988887536,0.2342275408568957,0.49323926303345,0.0632674063583559,-0.4820532819843823,-0.6713294381990716,-0.9560294458357764,-0.556297987361459,1.4904523700325565,0.4169691447109346,1.1255671642452048
-0.948633221019064,1.2181693211848716,0.0654010400674976,0.0654010400674977,0.1497494374269599,0.3841443554730093,0.757320117031743,0.8331736116944045,0.7826380134765774,0.6786117021133227,-0.4820532819843823,0.1656187059127561,-0.5438016373672659,-0.3835840310899351,-0.7857299403222058,-0.7023030558309942,0.0416545355694672
-0.5212572763983595,0.0362699154735585,0.0654010400674976,0.0654010400674977,0.7718776146991634,1.1972452785827787,0.2020968145163774,-0.6750807673414826,0.7826380134765774,0.6786117021133227,-0.4820532819843823,0.1656187059127561,1.1051095965067756,0.4799857502676844,1.0945945769273802,-0.5087474534096524,0.0416545355694672
-0.4357820874742186,-1.199328303125079,1.3954203730765178,1.3954203730765178,-1.0194855780934458,-2.1750681023118763,-1.3247672674008777,-1.3968393760212343,-1.3046699908599295,-1.1674211851515772,-0.4820532819843823,-0.1133640087911864,1.1051095965067756,-0.7980975261415925,-1.5626008592911136,0.5503863368836847,-0.8186953190947199
0.5044449906913314,1.4067362379698083,0.0654010400674976,0.0654010400674977,1.231154592626584,1.166402615877814,0.757320117031743,1.637741372355351,0.49323926303345,-0.2444047415191273,1.4128092602512243,1.560532279432469,-0.1315738288987555,-1.1089826474303357,1.2529376941694503,-0.3670770836606984,0.6520824719662907
-0.8631580320949231,0.8829817133401499,-1.2646182929415224,-1.2646182929415222,0.0143450694324215,0.3804434091679941,0.4797084657740602,-0.6750807673414826,0.1201393827003501,1.909300293623256,-0.4820532819843823,-1.787260297014842,-1.7804850627727973,0.8944992453193418,-0.8698497213570557,-1.0096730710621231,-0.8186953190947199
-1.3760091656397686,-0.7505323527126906,0.0654010400674976,0.0654010400674977,-0.7248895882674906,-0.2334830499955985,-0.6307381392566708,0.2342275408568957,-0.4057153639132397,-0.859749037274094,1.4128092602512243,1.002566850024584,1.517337404975286,-1.2471538124475547,0.1197947614058842,1.3596464266010553,1.1255671642452048
-0.948633221019064,0.6421014512601774,-1.2646182929415224,-1.2646182929415222,0.1223026060767157,0.2912683542342506,0.8961259426605843,-0.162984884853083,0.49323926303345,2.2169724415007392,-0.4820532819843823,-1.2292948676069568,-1.3682572543042868,-1.0398970649217258,-0.8203674972189086,-1.073786471011429,-0.8186953190947199
0.5044449906913314,0.7769695551577899,0.0654010400674976,0.0654010400674977,0.6081115209760393,0.590962586175344,1.173737593918267,1.2805323325064204,1.6815926404232675,-0.5520768893966107,-0.4820532819843823,1.2815495647285264,0.2806539795697548,0.065472255216027,-0.4937848179071386,-0.8011647543473776,0.0416545355694672
0.1625442349947678,0.8068287705088376,-1.2646182929415224,-1.2646182929415222,2.4616875314958686,1.1130008912642844,2.284184198948998,1.79262821499482,1.0190940096470398,2.2169724415007392,-0.4820532819843823,2.397480423544297,0.6928817880382653,1.1017559928451706,1.5547792614121472,-1.1932811264931322,-0.8186953190947199
-1.119583598867346,-0.5167227528278461,-1.2646182929415224,-1.2646182929415222,-0.2921445473119727,0.1289178019993205,0.2020968145163774,1.2805323325064204,-0.4057153639132397,-0.2444047415191273,-0.4820532819843823,1.839514994136412,1.1051095965067756,-0.5908407786157638,-0.073185912732889,-0.952176756406961,-0.8186953190947199
1.1882465020844588,-0.6167152931954348,0.0654010400674976,0.0654010400674977,-0.5693575439494398,-0.0222408043922285,-0.353126487998988,-0.162984884853083,-0.4057153639132397,0.0632674063583559,-0.4820532819843823,-0.392346723495129,-0.1315738288987555,1.2053843666080848,-0.5234741523900267,-0.1735214812393563,0.0416545355694672
0.1625442349947678,0.6651288781389054,-1.2646182929415224,-1.2646182929415222,1.0573246607417035,1.2128207662493358,0.4797084657740602,-0.6750807673414826,1.54494875626063,0.0632674063583559,-0.4820532819843823,-1.787260297014842,-1.7804850627727973,1.3090127403709992,-0.8005746075636498,-1.0096730710621231,-0.8186953190947199
-0.6067324653225004,0.6985234245875171,0.0654010400674976,0.0654010400674977,0.221111198937595,0.4541796089641582,0.757320117031743,0.5587737238266685,0.1201393827003501,1.6016281457457726,-0.4820532819843823,-0.1133640087911864,-0.5438016373672659,1.7235262354226566,0.6195652252011689,-0.7023030558309942,0.0416545355694672
-0.2648317096259368,1.6722204934990446,-1.2646182929415224,-1.2646182929415222,2.212836260586988,1.4163221408397704,1.173737593918267,0.5587737238266685,1.2190147058053171,1.2939559978682893,-0.4820532819843823,-0.6713294381990716,-1.3682572543042868,1.619897861659742,1.4904523700325565,-1.1065825691090454,-0.8186953190947199
-1.119583598867346,3.1322644620484383,-1.2646182929415224,-1.2646182929415222,0.1515792261836429,-0.182530556890584,2.284184198948998,-2.6306938671893856,3.062434502329086,-1.4750933330290608,-0.4820532819843823,-2.6242084411266697,-2.192712871241308,-0.9708114824131164,1.6834330441713294,1.4381703613598742,3.593638054088312
-1.7179099213363322,1.2416744955092165,-1.2646182929415224,-1.2646182929415222,1.423282412078294,1.1370375962166486,1.0349317682894257,-0.162984884853083,1.0190940096470398,1.909300293623256,2.521232791480213,-1.5082775823108994,-1.7804850627727973,-0.3144984485813255,-1.5329115248082257,-1.0909849017837396,-0.8186953190947199
-0.008406142853514,0.8418476582725465,-1.2646182929415224,-1.2646182929415222,0.8560478975065791,1.2525380435537898,0.2020968145163774,0.2342275408568957,1.2190147058053171,-0.5520768893966107,-0.4820532819843823,-0.9503121529030142,-1.3682572543042868,-1.5925817249906025,-0.4047168144584739,-0.952176756406961,-0.8186953190947199
0.7608705574637542,-0.0594228978834793,0.0654010400674976,0.0654010400674977,-0.1375273973722633,0.1939970937699823,0.4797084657740602,0.2342275408568957,1.0190940096470398,0.3709395542358393,1.4128092602512243,0.1656187059127561,0.2806539795697548,1.6889834441683518,1.3815914769286326,0.7618113109016622,1.839522160832408
-0.0938813317776549,0.4468938449811674,-1.2646182929415224,-1.2646182929415222,0.711494585728626,1.3437129876660114,-0.0755148367413053,0.5587737238266685,0.49323926303345,-0.5520768893966107,-0.4820532819843823,-0.6713294381990716,-1.3682572543042868,0.8254136628107323,-0.2265808075611446,-0.876255878889373,-0.8186953190947199
0.931820935312036,-0.455762178767147,0.0654010400674976,0.0654010400674977,-0.5455702901125614,0.1620640874122817,-0.4919323136278294,-1.3968393760212343,0.7826380134765774,-0.5520768893966107,-0.4820532819843823,-1.5082775823108994,-0.9560294458357764,1.4126411141339137,-0.0088590213532979,0.5503863368836847,0.6520824719662907
1.4446720688568817,-1.8522657370495104,-1.2646182929415224,-1.2646182929415222,-0.9865493804731528,-1.471823394243565,-1.1859614417720363,-1.3968393760212343,-1.3046699908599295,-0.859749037274094,-0.4820532819843823,-0.6713294381990716,0.2806539795697548,-0.6944691523786781,-0.568008154114359,0.1069570338863763,-0.8186953190947199
1.7010976356293042,-0.2047058960955373,1.3954203730765178,1.3954203730765178,-0.8182088148583212,-0.3088814298527834,-0.9083497905143536,-0.6750807673414826,0.1201393827003501,-1.1674211851515772,-0.4820532819843823,-0.1133640087911864,0.6928817880382653,-1.5925817249906025,0.2088627648545489,1.3596464266010553,0.6520824719662907
0.6753953685396132,0.4810050125982044,1.3954203730765178,1.3954203730765178,-0.8090598710749064,-0.442167990355087,-0.7695439648855121,-0.6750807673414826,-0.4057153639132397,-0.5520768893966107,-0.4820532819843823,-1.2292948676069568,-0.9560294458357764,1.5508122791511327,-0.0781341351467037,-0.5087474534096524,-0.8186953190947199
-2.2307610548811776,-0.8136427902786652,-1.2646182929415224,-1.2646182929415222,-0.9975281130132504,-1.4110098793017738,-1.3247672674008777,-1.3968393760212343,-1.3046699908599295,-1.1674211851515772,-0.4820532819843823,-0.6713294381990716,0.2806539795697548,0.549071332776294,-1.2805521817036758,0.5503863368836847,-0.8186953190947199
1.7010976356293042,-1.2104598186079496,1.3954203730765178,1.3954203730765178,-0.93531529528603,-0.968881188507909,-1.047155616143195,-0.6750807673414826,-1.3046699908599295,-0.859749037274094,-0.4820532819843823,0.1656187059127561,1.1051095965067756,-0.556297987361459,0.4612221079590983,1.803075729598364,0.6520824719662907
0.6753953685396132,-0.2826742792201933,-1.2646182929415224,-1.2646182929415222,0.1204728173200327,0.3542213222393486,0.757320117031743,1.2805323325064204,0.7826380134765774,0.0632674063583559,-0.4820532819843823,1.2815495647285264,0.2806539795697548,-0.1072417010554968,-0.5729563765281737,-0.7023030558309942,0.0416545355694672
0.7608705574637542,1.271438161371141,-1.2646182929415224,-1.2646182929415222,0.7974946572927246,0.4193594104950182,2.006572547691315,1.637741372355351,1.3921938899801396,1.2939559978682893,1.4128092602512243,1.2815495647285264,-0.5438016373672659,-0.6944691523786781,-1.3498272954970816,-1.1763371733780688,-0.8186953190947199
-0.3503068985500777,1.2921246257663468,0.0654010400674976,0.0654010400674977,0.3034516929883278,0.5992469315269107,0.6185142914029015,1.4680820320250476,0.49323926303345,-0.2444047415191273,-0.4820532819843823,1.002566850024584,-0.5438016373672659,1.7235262354226566,-0.3403899230788828,-0.3095807690055359,0.6520824719662907
-0.7776828431707823,0.9350561849123772,1.3954203730765178,1.3954203730765178,0.0070259144056897,0.2308910971988775,0.757320117031743,1.2805323325064204,0.1201393827003501,0.6786117021133227,-0.4820532819843823,0.7235841353206414,-0.5438016373672659,-0.7980975261415925,-1.21127706791027,-0.7023030558309942,0.0416545355694672
-0.7776828431707823,0.9157074133648982,0.0654010400674976,0.0654010400674977,1.407729207646489,1.2575563137627788,0.757320117031743,0.5587737238266685,0.1201393827003501,1.6016281457457726,1.4128092602512243,1.002566850024584,1.1051095965067756,-0.6599263611243733,-1.0677786179096436,-0.3670770836606984,0.6520824719662907
-1.6324347324121913,1.8341768775631275,-1.2646182929415224,-1.2646182929415222,1.9264743201661052,1.7991354104350457,0.2020968145163774,-0.162984884853083,0.7826380134765774,0.3709395542358393,3.3076718024868312,-1.5082775823108994,-1.7804850627727973,-0.7635547348872876,-1.4487917437733755,-0.952176756406961,-0.8186953190947199
0.0770690460706269,-0.5025814284375899,0.0654010400674976,0.0654010400674977,-0.6974427569172463,-0.2737512153555932,-0.4919323136278294,0.2342275408568957,-0.4057153639132397,-0.5520768893966107,-0.4820532819843823,0.4446014206166987,0.6928817880382653,-0.867183108650202,-0.8352121644603527,0.5503863368836847,0.6520824719662907
-1.4614843545639096,0.9601379258072572,0.0654010400674976,0.0654010400674977,1.5531974138027835,1.199578831065642,1.0349317682894257,1.2805323325064204,0.7826380134765774,0.6786117021133227,2.521232791480213,0.7235841353206414,-0.5438016373672659,1.516269487896828,0.8966656803747922,-0.7713565969387494,0.0416545355694672
-0.0938813317776549,-0.7726520594447468,0.0654010400674976,0.0654010400674977,-0.93531529528603,-0.968881188507909,-1.047155616143195,-1.3968393760212343,-0.4057153639132397,-0.859749037274094,-0.4820532819843823,-1.787260297014842,-1.3682572543042868,-0.5217551961071543,-1.7407368661884428,-0.1735214812393563,-0.8186953190947199
1.5301472577810225,-0.4141981509984885,0.0654010400674976,0.0654010400674977,0.1259621835900816,0.3598874285999487,0.757320117031743,1.4680820320250476,0.49323926303345,0.0632674063583559,-0.4820532819843823,2.118497708840354,1.1051095965067756,1.343555531625304,0.4513256631314691,-0.7023030558309942,0.0416545355694672
1.7865728245534451,0.6936981753867879,0.0654010400674976,0.0654010400674977,0.577005112112429,1.3523672418005888,-0.2143206623701467,-0.6750807673414826,0.7826380134765774,-0.2444047415191273,1.4128092602512243,-0.1133640087911864,0.6928817880382653,1.619897861659742,-0.6620243799768384,0.2307580320386945,0.6520824719662907
-0.1793565207017958,-0.7967305307038317,0.0654010400674976,0.0654010400674977,-0.931655717772664,-0.6737143312413949,-1.1859614417720363,-1.3968393760212343,-0.4057153639132397,-1.1674211851515772,1.4128092602512243,-0.392346723495129,0.6928817880382653,-1.350782186210469,0.8966656803747922,0.1069570338863763,-0.8186953190947199
-1.4614843545639096,-1.270942645223032,0.0654010400674976,0.0654010400674977,-1.0066770567966652,-1.6746168452883827,-1.3247672674008777,-1.3968393760212343,-1.3046699908599295,-1.1674211851515772,-0.4820532819843823,-0.1133640087911864,1.1051095965067756,-0.7980975261415925,-0.0088590213532979,0.5503863368836847,-0.8186953190947199
0.3334946128430496,0.1622041421381376,0.0654010400674976,0.0654010400674977,0.6126859928677466,0.5382236230072747,1.3125434195471084,1.070869606315068,1.0190940096470398,1.2939559978682893,-0.4820532819843823,0.7235841353206414,-0.1315738288987555,-0.0036133272925825,1.2974716958937829,-0.27842076318998,1.1255671642452048
-0.5212572763983595,-0.8888880129633054,0.0654010400674976,0.0654010400674977,-0.8346769136684677,-0.3996029216978198,-0.9083497905143536,-0.6750807673414826,-0.4057153639132397,-0.859749037274094,-0.4820532819843823,-0.392346723495129,0.2806539795697548,-1.3162393949561642,0.6937885614083892,0.5503863368836847,0.0416545355694672
1.3591968799327403,0.312599038018295,-1.2646182929415224,-1.2646182929415222,0.0509408445660806,0.3486409498256997,0.6185142914029015,0.5587737238266685,0.7826380134765774,0.6786117021133227,-0.4820532819843823,-0.1133640087911864,-0.5438016373672659,-0.1763272835641064,0.2830861010617693,-0.3095807690055359,0.6520824719662907
-1.119583598867346,-0.0756185362898876,0.0654010400674976,0.0654010400674977,-0.6132724741098307,-0.138492756112807,-0.353126487998988,0.2342275408568957,-0.4057153639132397,-0.2444047415191273,-0.4820532819843823,0.4446014206166987,0.6928817880382653,0.8944992453193418,-0.1375128041124801,0.3764335138253058,0.6520824719662907
-0.5212572763983595,1.1830548839320396,-1.2646182929415224,-1.2646182929415222,1.5422186812626857,2.0412861429456832,-0.353126487998988,-0.162984884853083,0.1201393827003501,-0.2444047415191273,-0.4820532819843823,-1.5082775823108994,-1.7804850627727973,0.5145285415219892,1.064905242444492,-0.7713565969387494,-0.8186953190947199
0.7608705574637542,1.6936235790626757,-1.2646182929415224,-1.2646182929415222,0.9640054341508733,1.1574243170324696,0.4797084657740602,0.5587737238266685,0.49323926303345,0.6786117021133227,1.4128092602512243,-0.6713294381990716,-1.3682572543042868,-1.0398970649217258,1.4360219234805944,-1.0096730710621231,-0.8186953190947199
-0.7776828431707823,-1.2423255732305878,0.0654010400674976,0.0654010400674977,-0.9517833940961766,-1.1624663095052727,-1.047155616143195,-0.6750807673414826,-1.3046699908599295,-0.859749037274094,-0.4820532819843823,-0.1133640087911864,0.6928817880382653,-0.1417844923098016,0.7383225631327218,0.8856123090539809,0.0416545355694672
-0.0938813317776549,0.327504758321538,0.0654010400674976,0.0654010400674977,0.9667501172858975,0.6181981044852055,1.7289608964336325,1.79262821499482,1.0190940096470398,0.986283849990806,-0.4820532819843823,2.118497708840354,0.2806539795697548,0.9635848278279514,0.5008078872696163,0.0517698335214897,1.839522160832408
0.931820935312036,-0.3198430304891775,1.3954203730765178,1.3954203730765178,-1.0011876905266162,-1.509803765310085,-1.3247672674008777,-1.3968393760212343,-1.3046699908599295,-1.1674211851515772,-0.4820532819843823,-0.392346723495129,0.6928817880382653,-1.3853249774647738,-1.2953968489451195,0.5503863368836847,-0.8186953190947199
0.3334946128430496,1.096487046786282,0.0654010400674976,0.0654010400674977,0.7261328957820896,1.166122483178484,0.2020968145163774,0.5587737238266685,0.7826380134765774,-0.2444047415191273,-0.4820532819843823,-0.1133640087911864,-0.5438016373672659,-1.661667307499212,1.0055265734787155,-0.5087474534096524,0.0416545355694672
1.2737216910085998,0.3466624308907703,-1.2646182929415224,-1.2646182929415222,0.4983241955750621,0.5666488098277169,1.0349317682894257,1.79262821499482,-0.4057153639132397,0.6786117021133227,-0.4820532819843823,2.397480423544297,0.6928817880382653,1.4126411141339137,0.3424647700275458,-1.0909849017837396,-0.8186953190947199
-1.2905339767156276,-1.570203645157373,0.0654010400674976,0.0654010400674977,-1.010336634310031,-2.089912638695277,-1.1859614417720363,-1.3968393760212343,-1.3046699908599295,-0.859749037274094,-0.4820532819843823,-0.392346723495129,0.6928817880382653,-0.2108700748184112,-1.5675490817049285,1.3596464266010553,0.0416545355694672
0.3334946128430496,0.9715083150129364,-1.2646182929415224,-1.2646182929415222,1.8185167835218117,1.669400162891638,0.3409026401452188,0.5587737238266685,1.2190147058053171,-0.5520768893966107,-0.4820532819843823,-0.392346723495129,-0.9560294458357764,1.032670410336561,0.7284261183050921,-0.982781570956727,-0.8186953190947199
-0.6067324653225004,-2.119039910681912,0.0654010400674976,0.0654010400674977,-0.9096982526924688,-1.1008213599291807,-0.7695439648855121,0.2342275408568957,-0.4057153639132397,-1.1674211851515772,1.4128092602512243,1.002566850024584,1.517337404975286,-1.0398970649217258,1.6982777114127734,2.277109847145438,1.5124323266304776
0.2480194239189087,-0.3373285869987511,0.0654010400674976,0.0654010400674977,-0.9206769852325664,-0.8190897706356913,-1.047155616143195,-0.6750807673414826,-1.3046699908599295,-0.859749037274094,-0.4820532819843823,-0.392346723495129,0.2806539795697548,1.7235262354226566,-1.6467206403259635,-0.1735214812393563,-0.8186953190947199
1.1882465020844588,1.3635000941414914,-1.2646182929415224,-1.2646182929415222,1.2110269163030716,0.8579604465985023,1.4513492451759498,0.8331736116944045,1.0190940096470398,1.909300293623256,1.4128092602512243,-0.392346723495129,-1.3682572543042868,0.4454429590133796,-0.6719208248044677,-1.1337935730163105,-0.8186953190947199
-0.6067324653225004,1.1063286441659872,-1.2646182929415224,-1.2646182929415222,0.6035370490843318,0.531533825231977,1.3125434195471084,-0.162984884853083,1.54494875626063,1.6016281457457726,-0.4820532819843823,-1.5082775823108994,-1.7804850627727973,-0.2799556573270207,-0.983658836874794,-1.1207930591923676,-0.8186953190947199
0.3334946128430496,0.2439945048277276,2.7254397060855378,2.7254397060855378,-0.2875700754202653,0.1361996205716185,0.2020968145163774,0.8331736116944045,0.49323926303345,-0.2444047415191273,-0.4820532819843823,1.002566850024584,0.6928817880382653,0.3763573765047701,-0.4591472610104355,1.3596464266010553,2.122860263027301
-1.8888602991846144,1.8171690684991708,-1.2646182929415224,-1.2646182929415222,0.3867070814174021,0.2081736692164161,1.7289608964336325,1.79262821499482,1.2190147058053171,0.6786117021133227,1.4128092602512243,1.560532279432469,-0.5438016373672659,-1.1089826474303357,0.4265845510623955,-1.1567343940151056,-0.8186953190947199
1.7010976356293042,-0.7600395268804642,1.3954203730765178,1.3954203730765178,-1.0194855780934458,-2.1750681023118763,-1.3247672674008777,-2.6306938671893856,-1.3046699908599295,-0.859749037274094,-0.4820532819843823,-1.2292948676069568,-0.1315738288987555,-0.867183108650202,-0.3898721472170298,0.5503863368836847,-0.8186953190947199
1.3591968799327403,0.0830413903994397,1.3954203730765178,1.3954203730765178,-0.1613146512091417,0.2392307550618183,0.3409026401452188,1.070869606315068,0.1201393827003501,0.0632674063583559,-0.4820532819843823,1.560532279432469,1.1051095965067756,0.3763573765047701,1.6685883769298853,1.5106584286606386,2.372782181294665
-0.7776828431707823,0.6936026258976645,1.3954203730765178,1.3954203730765178,0.0692387321329101,0.4414573796131159,0.4797084657740602,0.2342275408568957,0.1201393827003501,1.2939559978682893,-0.4820532819843823,-0.6713294381990716,-0.9560294458357764,0.2727290027418557,0.1395876510611432,1.0672291256633304,2.122860263027301
1.7865728245534451,-0.3240472080106051,2.7254397060855378,2.7254397060855378,-0.5199532475190001,-0.0167896521025449,-0.2143206623701467,0.8331736116944045,-0.4057153639132397,-0.5520768893966107,-0.4820532819843823,1.2815495647285264,1.1051095965067756,0.8599564540650371,-0.4838883730795091,1.1482214525830774,1.5124323266304776
-0.3503068985500777,1.8077574438205208,1.3954203730765178,1.3954203730765178,1.6538357954203458,1.9763589266098736,-0.2143206623701467,0.2342275408568957,0.49323926303345,-0.5520768893966107,3.3076718024868312,-0.1133640087911864,-0.1315738288987555,-0.9362686911588116,-0.4492508161828062,0.2307580320386945,0.6520824719662907
1.7010976356293042,0.9636254821602596,-1.2646182929415224,-1.2646182929415222,1.9173253763826907,1.088007048976777,1.7289608964336325,0.2342275408568957,1.54494875626063,2.2169724415007392,3.3076718024868312,-0.9503121529030142,-1.3682572543042868,-0.1072417010554968,-1.4487917437733755,-1.1567343940151056,-0.8186953190947199
-0.3503068985500777,0.7441960803884798,0.0654010400674976,0.0654010400674977,1.119537478468924,1.1746216896505783,0.6185142914029015,1.2805323325064204,1.0190940096470398,-0.5520768893966107,-0.4820532819843823,0.7235841353206414,-0.5438016373672659,0.6872424977935131,0.5107043320972455,-0.6620051719481421,0.0416545355694672
1.4446720688568817,0.8929188602089786,0.0654010400674976,0.0654010400674977,-0.4284638096848526,0.0726353431233355,-0.0755148367413053,0.2342275408568957,-0.4057153639132397,0.3709395542358393,-0.4820532819843823,-0.9503121529030142,-1.3682572543042868,-0.6944691523786781,-1.62197952825689,-0.876255878889373,-0.8186953190947199
-1.7179099213363322,-1.6419135367444493,0.0654010400674976,0.0654010400674977,-1.0066770567966652,-1.6746168452883827,-1.3247672674008777,-1.3968393760212343,-1.3046699908599295,-1.1674211851515772,-0.4820532819843823,-0.392346723495129,0.6928817880382653,-0.4181268223442398,0.565134778649207,0.5503863368836847,-0.8186953190947199
-0.008406142853514,0.5268209926328521,0.0654010400674976,0.0654010400674977,1.313495086677317,1.2097483968920395,0.757320117031743,1.070869606315068,1.0190940096470398,0.0632674063583559,-0.4820532819843823,0.4446014206166987,-0.5438016373672659,-0.7980975261415925,1.658691932102256,-0.7023030558309942,0.0416545355694672
1.3591968799327403,0.5853928294654674,0.0654010400674976,0.0654010400674977,0.971324589177605,0.5736352841602874,1.8677667220624736,0.8331736116944045,1.6815926404232675,1.6016281457457726,-0.4820532819843823,0.4446014206166987,-0.1315738288987555,-1.4198677687190786,0.5403936665801338,-0.4429979611782864,1.1255671642452048
1.1027713131603178,-0.808053145164949,1.3954203730765178,1.3954203730765178,-0.862123745018712,-0.5674081599122975,-0.9083497905143536,-0.162984884853083,-1.3046699908599295,-0.859749037274094,-0.4820532819843823,0.4446014206166987,1.1051095965067756,-0.7980975261415925,0.6245134476149835,0.5503863368836847,0.0416545355694672
1.6156224467051634,-0.1475195268552106,2.7254397060855378,2.7254397060855378,-0.9243365627459325,-1.0618823366451875,-0.9083497905143536,-0.6750807673414826,-0.4057153639132397,-0.859749037274094,-0.4820532819843823,-0.6713294381990716,-0.1315738288987555,1.032670410336561,-0.864901498943241,1.3596464266010553,0.6520824719662907
-0.7776828431707823,-0.6283723308684839,0.0654010400674976,0.0654010400674977,-0.8401662799385166,-0.6109647144626905,-0.7695439648855121,-0.162984884853083,-1.3046699908599295,-0.5520768893966107,-0.4820532819843823,-0.1133640087911864,0.2806539795697548,0.7563280803021227,-0.1078234696295919,0.3005126363077182,0.0416545355694672
0.4189698017671905,1.4508801019447977,-1.2646182929415224,-1.2646182929415222,0.578834900869112,0.6281999709240915,1.0349317682894257,0.8331736116944045,1.6815926404232675,-0.2444047415191273,1.4128092602512243,-0.1133640087911864,-0.9560294458357764,1.17084157535378,-0.983658836874794,-1.0909849017837396,-0.8186953190947199
1.4446720688568817,1.5282751881347134,-1.2646182929415224,-1.2646182929415222,1.7224528737959564,1.3390785707669346,0.8961259426605843,0.2342275408568957,0.7826380134765774,1.6016281457457726,1.4128092602512243,-1.2292948676069568,-1.7804850627727973,0.2727290027418557,0.2929825458893986,-1.073786471011429,-0.8186953190947199
-0.5212572763983595,-1.6650365131123008,0.0654010400674976,0.0654010400674977,-0.970081281663006,-1.6171988336378609,-0.9083497905143536,-0.6750807673414826,-1.3046699908599295,-0.5520768893966107,-0.4820532819843823,-0.6713294381990716,-0.1315738288987555,-0.4181268223442398,-0.7510923834255029,1.3596464266010553,0.6520824719662907
-2.2307610548811776,0.9224436523480948,-1.2646182929415224,-1.2646182929415222,0.6392179298396494,0.5038692837227213,1.4513492451759498,-0.162984884853083,1.54494875626063,1.909300293623256,-0.4820532819843823,-1.5082775823108994,-1.7804850627727973,-0.6599263611243733,-1.1964324006688258,-1.1337935730163105,-0.8186953190947199
-0.0938813317776549,-0.8674849273996744,0.0654010400674976,0.0654010400674977,-0.9883791692298356,-1.1939142442639032,-1.3247672674008777,-1.3968393760212343,-1.3046699908599295,-1.1674211851515772,1.4128092602512243,-0.392346723495129,0.6928817880382653,-0.5217551961071543,-0.3304934782512535,0.5503863368836847,-0.8186953190947199
1.2737216910085998,0.5594033684239155,-1.2646182929415224,-1.2646182929415222,1.1835800849528273,0.6491718126601955,2.006572547691315,1.637741372355351,1.8052020693197453,0.3709395542358393,1.4128092602512243,1.839514994136412,0.2806539795697548,-1.6962100987535167,-1.0034517265300524,-1.1763371733780688,-0.8186953190947199
-0.2648317096259368,1.5091175155654812,-1.2646182929415224,-1.2646182929415222,1.3592398055943906,1.0457077461697857,1.173737593918267,0.8331736116944045,1.8052020693197453,-0.2444047415191273,-0.4820532819843823,-0.392346723495129,-1.3682572543042868,1.3780983228796089,-0.8599532765294263,-1.1065825691090454,-0.8186953190947199
0.931820935312036,-0.0160912045660388,0.0654010400674976,0.0654010400674977,-0.2180381026663131,0.1594068965734023,0.3409026401452188,-0.162984884853083,0.1201393827003501,1.2939559978682893,-0.4820532819843823,-0.9503121529030142,-0.9560294458357764,1.481726696642523,-0.419561481699918,-0.5662437680648148,0.0416545355694672
-0.5212572763983595,0.309350355388101,0.0654010400674976,0.0654010400674977,0.8313457492913593,0.6345024616167251,1.4513492451759498,0.8331736116944045,0.7826380134765774,2.2169724415007392,-0.4820532819843823,0.1656187059127561,-0.5438016373672659,1.3090127403709992,-0.8302639420465381,-1.1337935730163105,-0.8186953190947199
-0.008406142853514,1.390110626862345,-1.2646182929415224,-1.2646182929415222,1.754474177037908,1.0687723506017803,1.5901550708047911,1.2805323325064204,1.0190940096470398,1.6016281457457726,3.3076718024868312,1.839514994136412,1.1051095965067756,-1.0053542736674212,0.6542027820978717,-1.1457323588283028,-0.8186953190947199
-0.8631580320949231,1.129977142724017,-1.2646182929415224,-1.2646182929415222,1.5733250901262958,1.208990946933965,1.0349317682894257,1.2805323325064204,1.2190147058053171,0.0632674063583559,-0.4820532819843823,0.4446014206166987,-0.9560294458357764,0.2381862114875509,-1.4636364110148194,-1.0909849017837396,-0.8186953190947199
-0.7776828431707823,0.5733058190913632,-1.2646182929415224,-1.2646182929415222,0.7371116283221872,0.5721556650923022,1.4513492451759498,1.070869606315068,0.49323926303345,2.2169724415007392,-0.4820532819843823,0.4446014206166987,-0.5438016373672659,-0.7290119436329829,0.748219007960351,-1.1337935730163105,-0.8186953190947199
-0.2648317096259368,0.4951941117330223,0.0654010400674976,0.0654010400674977,1.2037077612763398,1.1516090148715117,0.757320117031743,1.070869606315068,1.2190147058053171,-0.2444047415191273,-0.4820532819843823,1.002566850024584,0.2806539795697548,0.2036434202332462,1.6487954872746262,0.2579690359459597,1.5124323266304776
0.4189698017671905,0.3180453588983261,0.0654010400674976,0.0654010400674977,1.0564097663633625,1.2908840685018017,0.3409026401452188,-0.162984884853083,0.7826380134765774,0.6786117021133227,-0.4820532819843823,0.4446014206166987,1.1051095965067756,-0.8326403173958973,-0.3502863679065123,0.5503863368836847,1.5124323266304776
-0.8631580320949231,-0.5347338315275981,0.0654010400674976,0.0654010400674977,-0.8712726888021267,-0.6288270329847909,-0.9083497905143536,-0.6750807673414826,-0.4057153639132397,-0.859749037274094,-0.4820532819843823,-0.9503121529030142,-0.5438016373672659,-1.6962100987535167,0.5799794458906513,0.5503863368836847,0.0416545355694672
0.8463457463878951,-0.622304938309151,0.0654010400674976,0.0654010400674977,-0.858464167505346,-0.7222350282594758,-0.7695439648855121,-0.162984884853083,0.1201393827003501,-1.1674211851515772,-0.4820532819843823,-0.392346723495129,-0.1315738288987555,1.2744699491166944,-1.3349826282556374,-0.5087474534096524,-0.8186953190947199
-1.034108409943205,-0.7802482438300533,0.0654010400674976,0.0654010400674977,-0.9188471964758834,-1.009352508286591,-0.9083497905143536,-0.162984884853083,-1.3046699908599295,-0.859749037274094,-0.4820532819843823,0.1656187059127561,0.6928817880382653,-1.4198677687190786,-0.419561481699918,0.5503863368836847,0.0416545355694672
0.1625442349947678,1.3038294381839577,1.3954203730765178,1.3954203730765178,-0.0076123956477738,0.2824668628809283,0.6185142914029015,1.2805323325064204,-0.4057153639132397,0.6786117021133227,-0.4820532819843823,1.2815495647285264,0.2806539795697548,-0.556297987361459,-1.424050631704302,-0.6620051719481421,0.0416545355694672
-1.6324347324121913,1.262695383116354,-1.2646182929415224,-1.2646182929415222,1.4241973064566351,1.1374892941788528,1.0349317682894257,0.8331736116944045,0.7826380134765774,1.2939559978682893,-0.4820532819843823,-0.1133640087911864,-0.9560294458357764,-1.2471538124475547,-0.5432670420452856,-1.0909849017837396,-0.8186953190947199
-0.7776828431707823,-0.9664264233869064,0.0654010400674976,0.0654010400674977,-0.8822514213422245,-0.4952628288713858,-1.047155616143195,-0.6750807673414826,-0.4057153639132397,-1.1674211851515772,1.4128092602512243,-0.1133640087911864,0.6928817880382653,-1.2816966037018591,0.3028789907170279,-0.1735214812393563,-0.8186953190947199
1.4446720688568817,1.11182273979058,-1.2646182929415224,-1.2646182929415222,0.3007070098533034,0.5278762997270715,0.757320117031743,-0.6750807673414826,1.9180486365937297,-0.2444047415191273,-0.4820532819843823,-1.787260297014842,-1.7804850627727973,1.481726696642523,-1.5626008592911136,-1.0547274587736004,-0.8186953190947199
1.1882465020844588,-0.1494782913822394,0.0654010400674976,0.0654010400674977,-0.5968043752996841,0.0315296845574939,-0.4919323136278294,-0.162984884853083,0.1201393827003501,-0.5520768893966107,-0.4820532819843823,-0.1133640087911864,0.2806539795697548,1.4126411141339137,0.367205882096619,0.5503863368836847,0.6520824719662907
-0.6922076542466413,1.1050387260628218,-1.2646182929415224,-1.2646182929415222,1.5230058993175148,1.457262417992421,0.4797084657740602,-0.162984884853083,1.2190147058053171,0.3709395542358393,-0.4820532819843823,-1.2292948676069568,-1.3682572543042868,-1.4198677687190786,1.4954005924463707,-1.0096730710621231,-0.8186953190947199
-1.5469595434880503,0.7441005308993565,-1.2646182929415224,-1.2646182929415222,1.3198993473257072,0.677122197373794,2.145378373320157,1.79262821499482,1.0190940096470398,1.909300293623256,-0.4820532819843823,2.118497708840354,0.2806539795697548,-1.488953351227688,1.525089926929259,-1.1851065038678643,-0.8186953190947199
0.3334946128430496,-0.2371449476529156,0.0654010400674976,0.0654010400674977,-0.7047619119439782,-0.00193670910929,-0.7695439648855121,-0.6750807673414826,-0.4057153639132397,-0.5520768893966107,-0.4820532819843823,-0.9503121529030142,-0.5438016373672659,1.4471839053882185,-0.2612183644578476,-0.5087474534096524,-0.8186953190947199
1.1027713131603178,0.4874546031140307,0.0654010400674976,0.0654010400674977,-0.2162083139096302,0.2445623601900016,0.2020968145163774,0.8331736116944045,-0.4057153639132397,0.3709395542358393,-0.4820532819843823,0.7235841353206414,0.2806539795697548,0.1000150464703318,0.2237074320959929,0.3005126363077182,1.1255671642452048
-0.8631580320949231,0.9654409224536034,0.0654010400674976,0.0654010400674977,0.3473666231487187,0.5039728859108838,0.8961259426605843,0.5587737238266685,0.1201393827003501,1.909300293623256,-0.4820532819843823,-0.6713294381990716,-1.3682572543042868,-1.5925817249906025,0.0356749803710343,-0.7385604988411334,0.0416545355694672
1.5301472577810225,1.2939400660596905,-1.2646182929415224,-1.2646182929415222,1.45804839845527,1.2165049744972145,0.8961259426605843,1.2805323325064204,1.0190940096470398,0.0632674063583559,-0.4820532819843823,0.4446014206166987,-0.9560294458357764,0.2727290027418557,-0.765937050666947,-1.073786471011429,-0.8186953190947199
0.3334946128430496,-0.436413407219668,1.3954203730765178,1.3954203730765178,0.1570685924536917,0.4602236609978199,0.6185142914029015,1.070869606315068,0.49323926303345,0.3709395542358393,-0.4820532819843823,1.560532279432469,1.1051095965067756,-1.3853249774647738,0.3820505493380633,1.223587138834876,2.372782181294665
-0.2648317096259368,-0.8710680332418002,1.3954203730765178,1.3954203730765178,-0.8914003651256391,-0.7757777944409878,-0.9083497905143536,-0.6750807673414826,-1.3046699908599295,-0.5520768893966107,-0.4820532819843823,-0.1133640087911864,0.6928817880382653,-0.9362686911588116,0.4364809958900252,1.3596464266010553,0.6520824719662907
1.0172961242361769,-2.1508101158154265,0.0654010400674976,0.0654010400674977,-0.788932194751394,2.005150144336381,-1.6023789186585604,-2.6306938671893856,-1.3046699908599295,-1.4750933330290608,-0.4820532819843823,2.955445852952182,6.051843298128901,0.9290420365736466,1.0599570200306774,-1.4262108739540356,-2.2894731101557304
1.3591968799327403,-0.4969917833238737,1.3954203730765178,1.3954203730765178,-1.010336634310031,-1.798146322031272,-1.3247672674008777,-1.3968393760212343,-1.3046699908599295,-1.1674211851515772,-0.4820532819843823,-0.392346723495129,0.6928817880382653,1.2744699491166944,0.6245134476149835,0.5503863368836847,-0.8186953190947199
0.3334946128430496,-0.5300519065605538,0.0654010400674976,0.0654010400674977,-0.8694429000454438,-0.6162963195908734,-0.9083497905143536,-0.6750807673414826,-0.4057153639132397,-0.859749037274094,-0.4820532819843823,-0.392346723495129,0.2806539795697548,0.5145285415219892,-0.2513219196302182,0.5503863368836847,0.0416545355694672
0.931820935312036,1.0699242888099898,-1.2646182929415224,-1.2646182929415222,1.0792821258218992,1.1517257357253456,0.6185142914029015,-0.6750807673414826,1.9180486365937297,-0.5520768893966107,-0.4820532819843823,-1.787260297014842,-1.7804850627727973,1.4126411141339137,-0.9886070592886086,-1.0334885871285773,-0.8186953190947199
1.1882465020844588,-0.0349144539233393,1.3954203730765178,1.3954203730765178,-0.9609323378795912,-1.0353379873993205,-1.1859614417720363,-1.3968393760212343,-1.3046699908599295,-0.859749037274094,-0.4820532819843823,-1.5082775823108994,-0.9560294458357764,1.032670410336561,-0.7956263851498352,1.3596464266010553,0.0416545355694672
-0.1793565207017958,0.9747569976431304,0.0654010400674976,0.0654010400674977,1.470856919752051,1.1603094106203895,1.0349317682894257,0.8331736116944045,1.6815926404232675,-0.2444047415191273,-0.4820532819843823,-0.392346723495129,-1.3682572543042868,-0.7290119436329829,-0.3156488110098094,-0.7713565969387494,0.0416545355694672
-0.4357820874742186,0.9369193999502826,-1.2646182929415224,-1.2646182929415222,1.0262182518780936,1.051408747843373,0.757320117031743,0.2342275408568957,0.7826380134765774,1.2939559978682893,-0.4820532819843823,-1.2292948676069568,-1.7804850627727973,1.2744699491166944,-1.3300344058418228,-1.0547274587736004,-0.8186953190947199
-0.6067324653225004,-0.7439394379631792,1.3954203730765178,1.3954203730765178,-0.9865493804731528,-1.471823394243565,-1.1859614417720363,-1.3968393760212343,-1.3046699908599295,-0.859749037274094,-0.4820532819843823,-1.2292948676069568,-0.5438016373672659,-0.2454128660727159,-1.374568407566155,1.3596464266010553,0.0416545355694672
-0.0938813317776549,-1.4938118286032525,0.0654010400674976,0.0654010400674977,-0.9938685354998844,-1.6313048690936796,-1.1859614417720363,-1.3968393760212343,-0.4057153639132397,-1.1674211851515772,-0.4820532819843823,-0.392346723495129,0.6928817880382653,-0.3490412398356303,-1.508170412739152,0.1069570338863763,-0.8186953190947199
-0.2648317096259368,-1.0217973523338892,0.0654010400674976,0.0654010400674977,-0.9956983242565676,-1.3644283259157888,-1.3247672674008777,-1.3968393760212343,-1.3046699908599295,-1.1674211851515772,-0.4820532819843823,-0.392346723495129,0.6928817880382653,-1.4198677687190786,-1.245914624806973,0.5503863368836847,-0.8186953190947199
-0.2648317096259368,-0.9681463141911268,0.0654010400674976,0.0654010400674977,-0.970081281663006,-1.174165588264889,-1.1859614417720363,-1.3968393760212343,-1.3046699908599295,-0.859749037274094,-0.4820532819843823,-0.1133640087911864,1.1051095965067756,-0.3144984485813255,0.1098983165782549,0.1069570338863763,-0.8186953190947199
-1.4614843545639096,-1.501551337222244,0.0654010400674976,0.0654010400674977,-0.93531529528603,-0.968881188507909,-1.047155616143195,-0.6750807673414826,-1.3046699908599295,-0.859749037274094,-0.4820532819843823,-0.1133640087911864,0.6928817880382653,-1.5234961424819928,1.2578859165832652,0.8856123090539809,0.0416545355694672
0.7608705574637542,-1.6583002741291044,1.3954203730765178,1.3954203730765178,-0.9536131828528596,-1.554691063566689,-0.7695439648855121,-0.162984884853083,-1.3046699908599295,-0.5520768893966107,-0.4820532819843823,0.1656187059127561,0.6928817880382653,1.619897861659742,-1.0875715075649026,2.277109847145438,1.5124323266304776
0.0770690460706269,-0.4438662673712896,0.0654010400674976,0.0654010400674977,0.31717510866345,0.5425895627140819,0.757320117031743,0.8331736116944045,1.54494875626063,-0.5520768893966107,1.4128092602512243,1.002566850024584,0.6928817880382653,-0.7290119436329829,0.9362514596853098,0.5503863368836847,1.839522160832408
-0.7776828431707823,-0.385628853750606,0.0654010400674976,0.0654010400674977,0.0884515140780811,0.4621191279707208,0.4797084657740602,1.070869606315068,-0.4057153639132397,0.6786117021133227,1.4128092602512243,1.2815495647285264,0.6928817880382653,-0.9362686911588116,-1.5972384161878166,0.7618113109016622,1.839522160832408
-0.6067324653225004,-0.5290964116693203,0.0654010400674976,0.0654010400674977,-0.3497828931474857,0.1215927676335997,0.063290988887536,1.070869606315068,-0.4057153639132397,-0.2444047415191273,-0.4820532819843823,1.839514994136412,1.517337404975286,-0.6599263611243733,1.5102452596878146,0.4169691447109346,1.1255671642452048
2.042998391325868,0.5251488765731934,-1.2646182929415224,-1.2646182929415222,1.4763462860220995,1.6884577002865913,0.063290988887536,-0.162984884853083,1.2190147058053171,-0.5520768893966107,-0.4820532819843823,-1.2292948676069568,-1.3682572543042868,-0.1417844923098016,0.8719245683057186,-0.9170320787253609,-0.8186953190947199
1.0172961242361769,1.440990729820531,-1.2646182929415224,-1.2646182929415222,0.2943027492049131,0.6641731884297488,0.4797084657740602,0.5587737238266685,0.7826380134765774,0.3709395542358393,3.3076718024868312,-0.6713294381990716,-1.3682572543042868,0.3072717939961605,1.213351914858933,-1.0096730710621231,-0.8186953190947199
1.6156224467051634,-1.6741137145790193,-1.2646182929415224,-1.2646182929415222,-0.9481238165828106,-1.1167475766143669,-1.047155616143195,-0.6750807673414826,-1.3046699908599295,-0.859749037274094,1.4128092602512243,-0.1133640087911864,0.6928817880382653,-0.0036133272925825,-0.0434965782500008,-0.1735214812393563,-0.8186953190947199
-0.7776828431707823,-0.0280826654510196,1.3954203730765178,1.3954203730765178,-0.5455702901125614,-0.0768004482054849,-0.2143206623701467,-0.162984884853083,0.49323926303345,-0.2444047415191273,-0.4820532819843823,-0.6713294381990716,-0.5438016373672659,-0.4181268223442398,-0.5482152644591003,0.7047921495857695,1.1255671642452048
0.6753953685396132,-0.2546782789070509,0.0654010400674976,0.0654010400674977,-0.7157406444840759,-0.0415421820141982,-0.7695439648855121,-1.3968393760212343,-0.4057153639132397,-0.2444047415191273,-0.4820532819843823,-1.5082775823108994,-0.9560294458357764,0.7217852890478179,0.4760667752005427,0.3005126363077182,0.0416545355694672
0.5899201796154724,-0.318744211364259,-1.2646182929415224,-1.2646182929415222,-0.4632297960618286,0.0029257975130636,-0.0755148367413053,0.2342275408568957,-0.4057153639132397,0.3709395542358393,1.4128092602512243,0.4446014206166987,0.6928817880382653,-0.556297987361459,0.847183456236645,-0.876255878889373,-0.8186953190947199
1.2737216910085998,0.8869947918833307,0.0654010400674976,0.0654010400674977,0.3638347219588652,0.4564470356858217,1.0349317682894257,1.637741372355351,0.49323926303345,0.3709395542358393,-0.4820532819843823,1.839514994136412,0.2806539795697548,1.6889834441683518,-1.7456850886022577,-0.4659387821770815,0.6520824719662907
0.3334946128430496,0.3968259126805305,0.0654010400674976,0.0654010400674977,0.8276861717779933,0.6321391010708953,1.4513492451759498,1.79262821499482,0.7826380134765774,0.6786117021133227,-0.4820532819843823,2.67646313824824,1.1051095965067756,-1.1089826474303357,1.2875752510661531,-0.5838385779516478,0.6520824719662907
-0.3503068985500777,1.0544452715720063,-1.2646182929415224,-1.2646182929415222,1.669388999852151,1.082911412323011,1.4513492451759498,0.8331736116944045,1.0190940096470398,1.909300293623256,-0.4820532819843823,-0.1133640087911864,-0.9560294458357764,0.1691006289789414,0.6443063372702424,-1.1337935730163105,-0.8186953190947199
0.0770690460706269,-1.5539124572618417,0.0654010400674976,0.0654010400674977,-0.9298259290159812,-1.2884495935532845,-0.7695439648855121,0.2342275408568957,-1.3046699908599295,-0.859749037274094,-0.4820532819843823,0.7235841353206414,1.1051095965067756,-0.3490412398356303,-0.7758334954945765,1.0244204544307591,0.6520824719662907
-0.0938813317776549,0.4785685006255589,0.0654010400674976,0.0654010400674977,0.0088557031623727,0.3014397078774574,0.6185142914029015,0.2342275408568957,0.7826380134765774,0.986283849990806,-0.4820532819843823,-0.392346723495129,-0.5438016373672659,1.1017559928451706,-0.7708852730807616,0.02564520316476,1.1255671642452048
1.1027713131603178,-0.2327018964086797,1.3954203730765178,1.3954203730765178,-0.9645919153929572,-1.0890101246482895,-1.1859614417720363,-1.3968393760212343,-1.3046699908599295,-0.859749037274094,-0.4820532819843823,-0.9503121529030142,-0.1315738288987555,0.7563280803021227,0.5255489993386895,0.1069570338863763,-0.8186953190947199
1.5301472577810225,-0.8129739438548016,1.3954203730765178,1.3954203730765178,-0.7285491657808565,-0.0894144023252262,-0.7695439648855121,-0.6750807673414826,-0.4057153639132397,-0.5520768893966107,-0.4820532819843823,-0.392346723495129,0.2806539795697548,0.4454429590133796,0.8521316786504597,1.0244204544307591,0.6520824719662907
2.128473580250009,1.4743852762691425,-1.2646182929415224,-1.2646182929415222,0.8505585312365302,0.453597545917319,2.006572547691315,0.8331736116944045,1.54494875626063,2.2169724415007392,-0.4820532819843823,-0.392346723495129,-1.3682572543042868,-1.4198677687190786,-0.5828528213558031,-1.1763371733780688,-0.8186953190947199
0.931820935312036,-0.1749900049781746,-1.2646182929415224,-1.2646182929415222,1.6931762536890291,1.1475886788028882,1.3125434195471084,-0.6750807673414826,1.54494875626063,1.909300293623256,3.3076718024868312,0.1656187059127561,1.1051095965067756,0.9290420365736466,0.471118552786728,-0.5478972431289096,0.6520824719662907
-0.6067324653225004,-0.1038534103258384,1.3954203730765178,1.3954203730765178,-0.2015700038561666,0.1831181530178563,0.3409026401452188,1.070869606315068,-0.4057153639132397,0.3709395542358393,-0.4820532819843823,1.2815495647285264,0.6928817880382653,0.5836141240305988,-0.5779045989419885,0.8856123090539809,1.839522160832408
-0.1793565207017958,0.2386437334368198,0.0654010400674976,0.0654010400674977,-0.9243365627459325,-0.8548680632091767,-1.047155616143195,-1.3968393760212343,-0.4057153639132397,-0.859749037274094,-0.4820532819843823,-1.787260297014842,-1.3682572543042868,1.17084157535378,-1.2657075144622316,-0.1735214812393563,-0.8186953190947199
1.0172961242361769,0.1630163127956861,0.0654010400674976,0.0654010400674977,-0.298548807960363,0.2071701299615183,0.063290988887536,-0.162984884853083,0.7826380134765774,0.0632674063583559,-0.4820532819843823,-0.9503121529030142,-0.9560294458357764,-0.7290119436329829,-0.5086294851485825,0.4169691447109346,1.1255671642452048
-0.2648317096259368,0.3731774141225007,1.3954203730765178,1.3954203730765178,0.8276861717779933,1.3244572980911031,0.063290988887536,-0.162984884853083,0.1201393827003501,0.6786117021133227,1.4128092602512243,0.4446014206166987,1.1051095965067756,1.3090127403709992,0.5453418889939484,1.5335992496594335,2.122860263027301
-0.2648317096259368,0.9865095848053028,0.0654010400674976,0.0654010400674977,1.5138569555341,1.1809725608497492,1.0349317682894257,0.5587737238266685,1.6815926404232675,0.0632674063583559,-0.4820532819843823,-0.6713294381990716,-1.3682572543042868,-0.2108700748184112,0.471118552786728,-0.7713565969387494,0.0416545355694672
-1.034108409943205,-1.1935475590331162,-1.2646182929415224,-1.2646182929415222,-0.9078684639357858,-0.442167990355087,-1.1859614417720363,-1.3968393760212343,-0.4057153639132397,-1.1674211851515772,-0.4820532819843823,-0.6713294381990716,0.2806539795697548,-1.6962100987535167,-0.4838883730795091,0.1069570338863763,-0.8186953190947199
-0.2648317096259368,-1.4569297258016385,0.0654010400674976,0.0654010400674977,-0.9517833940961766,-1.1624663095052727,-1.047155616143195,-0.6750807673414826,-1.3046699908599295,-0.859749037274094,-0.4820532819843823,0.1656187059127561,1.1051095965067756,-1.661667307499212,0.4018434389933223,0.8856123090539809,0.0416545355694672
-0.5212572763983595,1.0183275646833791,-1.2646182929415224,-1.2646182929415222,0.1186430285633498,0.5716588791455888,0.3409026401452188,0.5587737238266685,0.7826380134765774,0.0632674063583559,-0.4820532819843823,-0.6713294381990716,-1.3682572543042868,-1.661667307499212,-1.607134861015446,-0.982781570956727,-0.8186953190947199
1.1882465020844588,0.0427672807339465,0.0654010400674976,0.0654010400674977,0.5340050763303797,0.5354883740860805,1.173737593918267,0.5587737238266685,1.3921938899801396,0.986283849990806,-0.4820532819843823,-0.1133640087911864,-0.5438016373672659,0.7908708715564274,0.7729601200294246,0.3005126363077182,1.839522160832408
-1.4614843545639096,1.9093265507586443,-1.2646182929415224,-1.2646182929415222,1.2037077612763398,0.9078905953548784,1.3125434195471084,0.5587737238266685,1.0190940096470398,1.909300293623256,-0.4820532819843823,-0.9503121529030142,-1.7804850627727973,0.7908708715564274,-0.6719208248044677,-1.4262108739540356,-2.2894731101557304
-0.0938813317776549,0.6742538543501856,0.0654010400674976,0.0654010400674977,-0.1338678198588974,0.1988373535728593,0.4797084657740602,0.5587737238266685,0.7826380134765774,0.3709395542358393,-0.4820532819843823,-0.392346723495129,-0.9560294458357764,-1.2816966037018591,-1.5131186351529666,-0.616950784236665,0.0416545355694672
-0.6067324653225004,-1.007226055242578,1.3954203730765178,1.3954203730765178,-1.003017479283299,-1.562333593668681,-1.3247672674008777,-1.3968393760212343,-1.3046699908599295,-1.1674211851515772,-0.4820532819843823,-0.6713294381990716,0.2806539795697548,1.3780983228796089,-1.21127706791027,0.5503863368836847,-0.8186953190947199
1.2737216910085998,-1.4020843190448338,-1.2646182929415224,-1.2646182929415222,-0.1356976086155804,0.196419596349315,0.4797084657740602,1.637741372355351,0.1201393827003501,-0.5520768893966107,-0.4820532819843823,2.67646313824824,1.517337404975286,0.6181569152849036,1.1292321338240832,-0.2454673690562298,0.6520824719662907
-0.2648317096259368,0.6607336016392311,0.0654010400674976,0.0654010400674977,0.3674942994722311,0.4595796888089757,1.0349317682894257,1.4680820320250476,0.1201393827003501,0.986283849990806,-0.4820532819843823,1.2815495647285264,-0.1315738288987555,0.1691006289789414,-1.2953968489451195,-1.0909849017837396,-0.8186953190947199
-0.7776828431707823,-1.2445709862249863,0.0654010400674976,0.0654010400674977,-0.938974872799396,-1.009352508286591,-1.047155616143195,-0.6750807673414826,-1.3046699908599295,-0.859749037274094,-0.4820532819843823,0.1656187059127561,1.1051095965067756,-0.5217551961071543,-0.2612183644578476,0.8856123090539809,0.0416545355694672
-0.948633221019064,1.173213286552334,-1.2646182929415224,-1.2646182929415222,1.8148572060084451,1.5149157178142243,0.6185142914029015,0.5587737238266685,0.7826380134765774,0.6786117021133227,2.521232791480213,-0.392346723495129,-0.9560294458357764,-1.178068229938945,0.3276201027861015,-1.0334885871285773,-0.8186953190947199
-0.2648317096259368,-1.423296305630218,0.0654010400674976,0.0654010400674977,-0.938974872799396,-1.009352508286591,-1.047155616143195,-0.6750807673414826,-1.3046699908599295,-0.859749037274094,-0.4820532819843823,-0.1133640087911864,0.6928817880382653,-0.2108700748184112,-0.1424610265262948,0.8856123090539809,0.0416545355694672
0.6753953685396132,0.2501574468761839,-1.2646182929415224,-1.2646182929415222,0.0161748581891045,0.3097793657403982,0.6185142914029015,1.070869606315068,0.49323926303345,0.3709395542358393,1.4128092602512243,0.7235841353206414,-0.1315738288987555,-1.6962100987535167,-1.6813581972226666,-1.0334885871285773,-0.8186953190947199
0.5044449906913314,-1.4062884965662612,-1.2646182929415224,-1.2646182929415222,-0.7431874758343201,-0.1465003992681786,-0.7695439648855121,-0.162984884853083,0.1201393827003501,-1.1674211851515772,-0.4820532819843823,0.4446014206166987,1.1051095965067756,0.8599564540650371,0.4117398838209515,-0.5087474534096524,-0.8186953190947199
0.8463457463878951,1.7158866100284167,0.0654010400674976,0.0654010400674977,2.050899955620546,1.476126670042596,0.8961259426605843,0.5587737238266685,1.8052020693197453,-0.5520768893966107,3.917681290782164,0.4446014206166987,0.2806539795697548,0.4109001677590749,0.2435003217512518,-1.073786471011429,-0.8186953190947199
0.8463457463878951,1.2659440657465482,0.0654010400674976,0.0654010400674977,1.637367696610199,1.0684609166454755,1.4513492451759498,1.637741372355351,0.1201393827003501,1.6016281457457726,-0.4820532819843823,2.397480423544297,1.1051095965067756,0.065472255216027,0.4216363286485808,-1.1337935730163105,-0.8186953190947199
1.2737216910085998,1.98500174614434,2.7254397060855378,2.7254397060855378,1.8166869947651283,1.752989300577284,0.2020968145163774,-0.162984884853083,0.7826380134765774,0.3709395542358393,2.521232791480213,-0.392346723495129,-0.1315738288987555,1.654440652914047,0.3177236579584722,-0.0922096505177403,0.6520824719662907
0.5899201796154724,-0.6686464405339771,2.7254397060855378,2.7254397060855378,-0.973740859176372,-1.2343855640425854,-1.1859614417720363,-1.3968393760212343,-1.3046699908599295,-0.859749037274094,-0.4820532819843823,-0.1133640087911864,1.1051095965067756,0.8944992453193418,0.8867692355471626,1.3596464266010553,0.0416545355694672
0.931820935312036,1.3921649408784973,0.0654010400674976,0.0654010400674977,1.6721336829871754,1.1947841318690955,1.173737593918267,1.2805323325064204,1.6815926404232675,-0.5520768893966107,-0.4820532819843823,0.7235841353206414,-0.5438016373672659,1.17084157535378,0.2979307683032133,-1.1065825691090454,-0.8186953190947199
-1.2905339767156276,-1.6876817420345354,0.0654010400674976,0.0654010400674977,-0.9993579017699332,-1.7660856969309722,-1.1859614417720363,-1.3968393760212343,-1.3046699908599295,-0.859749037274094,-0.4820532819843823,-0.6713294381990716,0.2806539795697548,-0.9017258999045068,-1.1568466213583082,0.1069570338863763,-0.8186953190947199
-0.6067324653225004,0.1699436507571292,1.3954203730765178,1.3954203730765178,-0.9243365627459325,-0.8548680632091767,-1.047155616143195,-0.6750807673414826,-1.3046699908599295,-0.859749037274094,-0.4820532819843823,-0.6713294381990716,-0.1315738288987555,0.549071332776294,-0.666972602390653,-0.1735214812393563,-0.8186953190947199
-1.974335488108755,-0.1464684824748538,-1.2646182929415224,-1.2646182929415222,0.1707920081288139,0.4739429352748556,0.6185142914029015,0.8331736116944045,0.7826380134765774,0.3709395542358393,-0.4820532819843823,0.7235841353206414,0.2806539795697548,1.5508122791511327,1.5003488148601851,-1.0334885871285773,-0.8186953190947199
0.1625442349947678,0.2255056786823588,1.3954203730765178,1.3954203730765178,-0.0478677482947987,0.2348226622765282,0.6185142914029015,1.070869606315068,0.49323926303345,0.3709395542358393,-0.4820532819843823,0.7235841353206414,-0.1315738288987555,-0.2454128660727159,0.3276201027861015,-0.3095807690055359,0.6520824719662907
-0.948633221019064,-1.2767711640595565,0.0654010400674976,0.0654010400674977,-0.9481238165828106,-1.1167475766143669,-1.047155616143195,-0.6750807673414826,-1.3046699908599295,-0.859749037274094,-0.4820532819843823,-0.1133640087911864,0.6928817880382653,-1.350782186210469,-0.4146132592861034,0.8856123090539809,0.0416545355694672
0.1625442349947678,-0.7841657728841107,1.3954203730765178,1.3954203730765178,-0.9682514929063232,-1.145122726692252,-1.1859614417720363,-1.3968393760212343,-1.3046699908599295,-0.859749037274094,-0.4820532819843823,-0.1133640087911864,1.1051095965067756,1.5508122791511327,0.7234778958912774,1.3596464266010553,0.0416545355694672
1.1027713131603178,0.9333362941081568,0.0654010400674976,0.0654010400674977,0.6886222262700891,0.5388036346100292,1.4513492451759498,0.8331736116944045,1.0190940096470398,1.909300293623256,-0.4820532819843823,-0.1133640087911864,-0.9560294458357764,0.0309294639617222,0.5107043320972455,-0.074659782722973,1.5124323266304776
-0.2648317096259368,-0.1127872875588719,0.0654010400674976,0.0654010400674977,-0.335144583094022,0.2423436562527233,-0.0755148367413053,0.8331736116944045,-0.4057153639132397,-0.2444047415191273,-0.4820532819843823,1.002566850024584,0.6928817880382653,-0.1072417010554968,0.3771023269242487,-0.3670770836606984,0.0416545355694672
-0.948633221019064,1.4259416852836024,-1.2646182929415224,-1.2646182929415222,1.438835616510099,0.8262432442683951,1.8677667220624736,1.070869606315068,1.3921938899801396,1.909300293623256,-0.4820532819843823,0.1656187059127561,-0.9560294458357764,1.6889834441683518,1.4360219234805944,-1.1669057793013278,-0.8186953190947199
-0.948633221019064,-0.2850152417037154,0.0654010400674976,0.0654010400674977,-0.9554429716095424,-0.9589673627750862,-1.1859614417720363,-1.3968393760212343,-1.3046699908599295,-0.859749037274094,-0.4820532819843823,-0.6713294381990716,0.2806539795697548,-0.2454128660727159,0.040623202784849,0.1069570338863763,-0.8186953190947199
-0.6922076542466413,0.2280377401441277,0.0654010400674976,0.0654010400674977,0.2714303897463762,0.5012783213868603,0.757320117031743,1.070869606315068,1.2190147058053171,-0.2444047415191273,1.4128092602512243,0.7235841353206414,-0.1315738288987555,-0.6599263611243733,-1.2558110696346023,-0.7023030558309942,0.0416545355694672
1.6156224467051634,-0.851767036438883,1.3954203730765178,1.3954203730765178,-0.9005493089090539,-0.8488325271337724,-0.9083497905143536,-0.6750807673414826,-0.4057153639132397,-0.859749037274094,-0.4820532819843823,-0.6713294381990716,-0.1315738288987555,-1.3162393949561642,-0.1276163592848507,1.3596464266010553,0.6520824719662907
-0.4357820874742186,-0.5640197499439058,0.0654010400674976,0.0654010400674977,-0.5089745149789024,0.0080621539391155,-0.2143206623701467,-0.162984884853083,0.1201393827003501,0.0632674063583559,-0.4820532819843823,-0.392346723495129,-0.1315738288987555,0.4109001677590749,1.1044910217550097,0.2307580320386945,0.6520824719662907
-1.6324347324121913,-0.8446008247546315,0.0654010400674976,0.0654010400674977,-0.8767620550721755,-0.8445394283082932,-0.7695439648855121,-0.162984884853083,-1.3046699908599295,-0.5520768893966107,-0.4820532819843823,-0.1133640087911864,0.2806539795697548,-1.2816966037018591,-1.5131186351529666,1.6792747314460452,1.1255671642452048
-1.034108409943205,-1.5496127302512903,0.0654010400674976,0.0654010400674977,-0.9115280414491516,-1.1167475766143669,-0.7695439648855121,0.2342275408568957,-1.3046699908599295,-0.859749037274094,-0.4820532819843823,1.002566850024584,1.517337404975286,0.9290420365736466,1.198507247617489,1.6792747314460452,1.1255671642452048
0.7608705574637542,1.464257030422067,-1.2646182929415224,-1.2646182929415222,0.8862394119918477,1.1092821755721842,0.4797084657740602,-0.162984884853083,1.2190147058053171,0.3709395542358393,-0.4820532819843823,-1.5082775823108994,-1.7804850627727973,-1.6271245162449073,-0.0830823575605185,-1.0096730710621231,-0.8186953190947199
-0.0938813317776549,1.4021976372364493,-1.2646182929415224,-1.2646182929415222,1.9475168908679596,1.5005927557933707,0.757320117031743,0.5587737238266685,1.2190147058053171,0.3709395542358393,3.3076718024868312,-0.6713294381990716,-1.3682572543042868,-0.2108700748184112,-0.9242801679090176,-1.0547274587736004,-0.8186953190947199
-1.8888602991846144,0.4664337155068931,-1.2646182929415224,-1.2646182929415222,1.25951631835517,1.2510851126409286,0.6185142914029015,-0.162984884853083,1.2190147058053171,0.6786117021133227,-0.4820532819843823,-0.9503121529030142,-0.9560294458357764,-0.7635547348872876,1.406332588997706,-0.6620051719481421,0.0416545355694672
1.1027713131603178,0.1638284834532346,0.0654010400674976,0.0654010400674977,0.3583453556888164,0.451733097423895,1.0349317682894257,1.070869606315068,1.0190940096470398,0.6786117021133227,-0.4820532819843823,0.7235841353206414,-0.1315738288987555,0.3763573765047701,0.980785461409642,-0.4659387821770815,0.6520824719662907
0.5044449906913314,-0.0895687617018971,0.0654010400674976,0.0654010400674977,-0.6828044468637827,-0.2243740443124799,-0.4919323136278294,-0.162984884853083,-0.4057153639132397,-0.2444047415191273,-0.4820532819843823,-0.392346723495129,-0.1315738288987555,1.032670410336561,-0.518525929976212,-0.0474487788157081,0.0416545355694672
-0.948633221019064,-1.7572895448608978,1.3954203730765178,1.3954203730765178,-0.9426344503127618,-1.4246483016934857,-0.7695439648855121,-0.162984884853083,-0.4057153639132397,-0.859749037274094,-0.4820532819843823,-0.392346723495129,-0.1315738288987555,1.619897861659742,0.3028789907170279,1.6792747314460452,1.1255671642452048
-0.4357820874742186,-0.1284574037751017,0.0654010400674976,0.0654010400674977,-0.3662509919576322,0.2924687506714371,-0.2143206623701467,0.5587737238266685,0.49323926303345,-0.859749037274094,-0.4820532819843823,0.4446014206166987,0.2806539795697548,-1.1089826474303357,0.1346394286473281,-0.27842076318998,0.0416545355694672
1.2737216910085998,0.6434869188524659,0.0654010400674976,0.0654010400674977,-0.0442081707814328,0.2392307550618183,0.6185142914029015,0.8331736116944045,0.1201393827003501,0.986283849990806,-0.4820532819843823,0.1656187059127561,-0.5438016373672659,-1.6962100987535167,-0.914383723081388,-0.3095807690055359,0.6520824719662907
1.0172961242361769,1.4567563955258838,-1.2646182929415224,-1.2646182929415222,1.5778995620180032,0.989486045357722,1.5901550708047911,1.070869606315068,1.3921938899801396,1.2939559978682893,2.521232791480213,0.1656187059127561,-0.9560294458357764,-0.3835840310899351,1.218300137272747,-1.1457323588283028,-0.8186953190947199
0.2480194239189087,-1.003834048378699,1.3954203730765178,1.3954203730765178,-0.9755706479330548,-1.265634439907478,-1.1859614417720363,-1.3968393760212343,-0.4057153639132397,-1.1674211851515772,1.4128092602512243,-0.9503121529030142,-0.1315738288987555,-0.2108700748184112,-1.5823937489463724,1.3596464266010553,0.0416545355694672
-0.4357820874742186,-0.2618444905913024,0.0654010400674976,0.0654010400674977,-0.223527468936362,0.1514008274129822,0.3409026401452188,1.070869606315068,-0.4057153639132397,0.3709395542358393,2.521232791480213,1.560532279432469,1.1051095965067756,-1.661667307499212,-1.2360181799793433,-0.1735214812393563,0.6520824719662907
-0.8631580320949231,0.4117794077283352,0.0654010400674976,0.0654010400674977,0.6163455703811125,0.4361544083279816,1.5901550708047911,1.637741372355351,0.1201393827003501,1.909300293623256,-0.4820532819843823,2.118497708840354,0.6928817880382653,-0.8326403173958973,0.4958596648558012,0.3322483486472227,2.122860263027301
-0.3503068985500777,-0.6343919486832552,0.0654010400674976,0.0654010400674977,-0.9645919153929572,-1.0890101246482895,-1.1859614417720363,-1.3968393760212343,-1.3046699908599295,-0.859749037274094,-0.4820532819843823,-0.392346723495129,0.6928817880382653,-1.6271245162449073,-1.1716912885997524,0.1069570338863763,-0.8186953190947199
-1.3760091656397686,0.167316039806237,1.3954203730765178,1.3954203730765178,0.2906431716915472,0.4537201083192817,0.8961259426605843,0.8331736116944045,0.1201393827003501,1.6016281457457726,-0.4820532819843823,0.4446014206166987,-0.1315738288987555,0.5836141240305988,0.6987367838222043,-0.4189321939961432,0.6520824719662907
0.2480194239189087,-0.6734716897347065,1.3954203730765178,1.3954203730765178,-0.9664217041496402,-1.1167475766143669,-1.1859614417720363,-1.3968393760212343,-1.3046699908599295,-0.859749037274094,-0.4820532819843823,-0.1133640087911864,1.1051095965067756,-0.0036133272925825,1.3815914769286326,1.3596464266010553,0.0416545355694672
-1.7179099213363322,1.6174228614868016,-1.2646182929415224,-1.2646182929415222,0.903622405180336,0.579632928732231,1.7289608964336325,0.8331736116944045,1.6815926404232675,1.2939559978682893,1.4128092602512243,-0.392346723495129,-1.3682572543042868,-1.5234961424819928,0.3276201027861015,-1.1567343940151056,-0.8186953190947199
-0.008406142853514,-1.367638728215865,0.0654010400674976,0.0654010400674977,-0.9664217041496402,-1.3644283259157888,-1.047155616143195,-0.6750807673414826,-1.3046699908599295,-0.859749037274094,-0.4820532819843823,0.1656187059127561,1.1051095965067756,0.7563280803021227,-0.9886070592886086,0.8856123090539809,0.0416545355694672
-0.008406142853514,-0.346501337954593,1.3954203730765178,1.3954203730765178,-0.5053149374655365,0.0162361220118359,-0.2143206623701467,0.8331736116944045,-0.4057153639132397,-0.5520768893966107,-0.4820532819843823,1.2815495647285264,1.1051095965067756,-0.4872124048528494,-1.0875715075649026,1.5647592554749896,1.839522160832408
-1.5469595434880503,-2.119039910681912,-1.2646182929415224,-1.2646182929415222,-1.012166423066714,-1.8648795829392828,-1.3247672674008777,-2.6306938671893856,-1.3046699908599295,-0.859749037274094,-0.4820532819843823,-0.9503121529030142,0.2806539795697548,1.5508122791511327,0.9016139027886068,0.5503863368836847,-0.8186953190947199
-1.7179099213363322,-0.6292800510151558,0.0654010400674976,0.0654010400674977,-0.4156552883880719,0.2012503839952982,-0.2143206623701467,0.2342275408568957,-0.4057153639132397,0.0632674063583559,-0.4820532819843823,0.4446014206166987,0.6928817880382653,1.0672132015908655,1.3815914769286326,1.5647592554749896,1.839522160832408
-0.5212572763983595,-0.1118317926676383,0.0654010400674976,0.0654010400674977,-0.3644212032009493,0.295721096869386,-0.2143206623701467,0.8331736116944045,-0.4057153639132397,-0.5520768893966107,-0.4820532819843823,1.002566850024584,0.6928817880382653,0.4109001677590749,-0.7906781627360205,-0.27842076318998,0.0416545355694672
-0.3503068985500777,0.2890938636939502,0.0654010400674976,0.0654010400674977,-0.3058679629870948,0.1068109781680468,0.2020968145163774,0.2342275408568957,0.1201393827003501,0.6786117021133227,-0.4820532819843823,-0.392346723495129,-0.5438016373672659,-0.6944691523786781,0.1445358734749578,-0.0922096505177403,0.6520824719662907
0.2480194239189087,-0.4012511952222742,0.0654010400674976,0.0654010400674977,-0.3205062730405584,0.0827856031893186,0.2020968145163774,0.5587737238266685,-0.4057153639132397,0.6786117021133227,-0.4820532819843823,0.1656187059127561,-0.1315738288987555,-1.6962100987535167,0.5255489993386895,-0.0922096505177403,0.6520824719662907
-1.4614843545639096,-1.54645959711022,1.3954203730765178,1.3954203730765178,-1.0213153668501287,-2.266536953954465,-1.3247672674008777,-1.3968393760212343,-1.3046699908599295,-1.1674211851515772,-0.4820532819843823,-0.392346723495129,0.6928817880382653,1.0672132015908655,-0.3750274799755856,0.5503863368836847,-0.8186953190947199
-0.7776828431707823,0.0629282229389739,0.0654010400674976,0.0654010400674977,-0.150335918669044,0.4257888436044429,0.063290988887536,-0.6750807673414826,0.49323926303345,0.6786117021133227,-0.4820532819843823,-1.2292948676069568,-0.9560294458357764,0.1691006289789414,0.3226718803722869,0.0004313418190221,0.6520824719662907
-0.8631580320949231,-1.0180709222580786,0.0654010400674976,0.0654010400674977,-0.9133578302058346,-0.7505018667521967,-1.047155616143195,-0.6750807673414826,-1.3046699908599295,-0.859749037274094,-0.4820532819843823,-0.1133640087911864,0.6928817880382653,0.7563280803021227,1.3172645855490417,0.8856123090539809,0.0416545355694672
-1.205058787791487,0.8727579180039511,-1.2646182929415224,-1.2646182929415222,1.9667296728131305,1.6523082905169486,0.4797084657740602,0.5587737238266685,1.3921938899801396,-0.5520768893966107,2.521232791480213,-0.392346723495129,-0.9560294458357764,-0.7635547348872876,-0.3948203696308444,-1.0096730710621231,-0.8186953190947199
0.8463457463878951,0.5061823029822079,0.0654010400674976,0.0654010400674977,0.7810265584825781,1.2033767599848506,0.2020968145163774,0.5587737238266685,1.0190940096470398,-0.5520768893966107,1.4128092602512243,-0.392346723495129,-0.9560294458357764,0.4109001677590749,-0.8896426110123145,-0.5087474534096524,0.0416545355694672
-0.6067324653225004,-1.4418329065201485,0.0654010400674976,0.0654010400674977,-0.9572727603662254,-1.6012726169526743,-0.7695439648855121,0.2342275408568957,-1.3046699908599295,-0.859749037274094,-0.4820532819843823,0.4446014206166987,0.6928817880382653,0.2036434202332462,-1.6615653075674075,1.0244204544307591,0.6520824719662907
-1.034108409943205,-0.4519401992022129,1.3954203730765178,1.3954203730765178,-0.7065917007006611,-0.1667497890875873,-0.6307381392566708,-0.162984884853083,-0.4057153639132397,-0.5520768893966107,-0.4820532819843823,0.1656187059127561,0.6928817880382653,-0.4872124048528494,-1.325086183428008,1.3596464266010553,1.1255671642452048
-0.7776828431707823,0.4534389849861171,0.0654010400674976,0.0654010400674977,0.7416861002138947,0.6288820735487727,1.3125434195471084,0.5587737238266685,1.3921938899801396,1.2939559978682893,-0.4820532819843823,-0.392346723495129,-0.9560294458357764,-0.5217551961071543,-0.4344061489413621,-1.1207930591923676,-0.8186953190947199
1.3591968799327403,1.3834221626237104,-1.2646182929415224,-1.2646182929415222,1.7517294939028836,1.4876139917234683,0.6185142914029015,0.2342275408568957,1.54494875626063,-0.2444047415191273,3.3076718024868312,-0.9503121529030142,-1.3682572543042868,1.5853550704054375,-0.3403899230788828,-1.0334885871285773,-0.8186953190947199
-0.1793565207017958,-0.4309193115950752,1.3954203730765178,1.3954203730765178,0.0491110558093976,0.4194342302851755,0.4797084657740602,0.8331736116944045,1.2190147058053171,-0.5520768893966107,-0.4820532819843823,0.7235841353206414,0.2806539795697548,0.5145285415219892,0.0505196476124785,1.0672291256633304,2.122860263027301
-1.205058787791487,-0.5700871425032387,0.0654010400674976,0.0654010400674977,-0.7541662083744178,-0.1911172330407493,-0.7695439648855121,-0.162984884853083,-1.3046699908599295,-0.5520768893966107,-0.4820532819843823,0.4446014206166987,1.1051095965067756,-0.6599263611243733,0.7234778958912774,0.3005126363077182,0.0416545355694672
1.1027713131603178,1.6515340291038385,-1.2646182929415224,-1.2646182929415222,1.1799205074394614,0.6471826669146827,2.006572547691315,0.8331736116944045,1.6815926404232675,1.909300293623256,-0.4820532819843823,-0.6713294381990716,-1.7804850627727973,-1.2816966037018591,-1.3300344058418228,-1.1763371733780688,-0.8186953190947199
-0.7776828431707823,-1.6595901922322696,0.0654010400674976,0.0654010400674977,-0.8054002935615405,-0.4237457876464983,-0.7695439648855121,-0.162984884853083,-0.4057153639132397,-0.859749037274094,-0.4820532819843823,0.7235841353206414,1.517337404975286,1.619897861659742,0.8620281234780893,1.6792747314460452,1.1255671642452048
-0.2648317096259368,-1.2943522700582533,0.0654010400674976,0.0654010400674977,-0.8822514213422245,-0.7068065190159896,-0.9083497905143536,-0.162984884853083,-0.4057153639132397,-1.1674211851515772,1.4128092602512243,0.4446014206166987,1.1051095965067756,-1.1435254386846403,-1.062830395495829,1.3596464266010553,0.6520824719662907
-0.5212572763983595,-0.767157963820154,0.0654010400674976,0.0654010400674977,-0.9151876189625175,-0.7672948423690336,-1.047155616143195,-0.6750807673414826,-1.3046699908599295,-0.859749037274094,-0.4820532819843823,0.1656187059127561,1.1051095965067756,-1.1435254386846403,1.3222128079628563,0.8856123090539809,0.0416545355694672
-0.5212572763983595,-0.7275049258339625,1.3954203730765178,1.3954203730765178,-1.010336634310031,-1.798146322031272,-1.3247672674008777,-2.6306938671893856,-1.3046699908599295,-0.859749037274094,-0.4820532819843823,-1.2292948676069568,-0.1315738288987555,0.998127619082256,-0.0632894679052595,0.5503863368836847,-0.8186953190947199
-1.034108409943205,-0.0355355256026411,1.3954203730765178,1.3954203730765178,-0.938974872799396,-1.009352508286591,-1.047155616143195,-0.6750807673414826,-1.3046699908599295,-0.859749037274094,-0.4820532819843823,-0.392346723495129,0.2806539795697548,1.17084157535378,-1.7011510868779252,0.8856123090539809,0.0416545355694672
-0.2648317096259368,1.6722204934990446,-1.2646182929415224,-1.2646182929415222,2.212836260586988,1.4163221408397704,1.173737593918267,0.5587737238266685,1.2190147058053171,1.2939559978682893,-0.4820532819843823,-0.6713294381990716,-1.3682572543042868,1.619897861659742,1.4904523700325565,-1.1065825691090454,-0.8186953190947199
-0.0938813317776549,1.4436183407714227,-1.2646182929415224,-1.2646182929415222,2.305240592799476,1.6387598773730057,0.757320117031743,-0.162984884853083,0.1201393827003501,2.2169724415007392,-0.4820532819843823,-1.5082775823108994,-1.7804850627727973,0.6181569152849036,0.040623202784849,-1.0547274587736004,-0.8186953190947199
1.3591968799327403,-0.2686762790636221,2.7254397060855378,2.7254397060855378,-0.5583788114093421,-0.1079367035430901,-0.2143206623701467,0.8331736116944045,-0.4057153639132397,-0.5520768893966107,-0.4820532819843823,1.560532279432469,1.517337404975286,1.3090127403709992,1.1193356889964534,0.7047921495857695,1.1255671642452048
0.8463457463878951,-0.4592019603755877,1.3954203730765178,1.3954203730765178,-0.938974872799396,-1.009352508286591,-1.047155616143195,-0.6750807673414826,-1.3046699908599295,-0.859749037274094,-0.4820532819843823,-0.1133640087911864,0.6928817880382653,-0.5217551961071543,-0.7609888282531323,0.8856123090539809,0.0416545355694672
0.5899201796154724,-0.0315224470594603,1.3954203730765178,1.3954203730765178,-0.0076123956477738,0.3551674814792029,0.4797084657740602,1.4680820320250476,0.1201393827003501,-0.2444047415191273,-0.4820532819843823,2.118497708840354,1.1051095965067756,-0.1072417010554968,0.4958596648558012,1.3596464266010553,2.372782181294665
-0.7776828431707823,0.7757274117991863,-1.2646182929415224,-1.2646182929415222,1.304346142893902,1.205006690453411,0.757320117031743,-0.6750807673414826,1.2190147058053171,1.2939559978682893,-0.4820532819843823,-0.6713294381990716,-0.1315738288987555,-1.4544105599733834,-0.7857299403222058,-0.7023030558309942,0.0416545355694672
-0.3503068985500777,-0.9574447714093112,0.0654010400674976,0.0654010400674977,-0.8877407876122733,-0.5366387032291743,-1.047155616143195,-0.6750807673414826,-1.3046699908599295,-0.859749037274094,1.4128092602512243,0.4446014206166987,1.517337404975286,0.8254136628107323,0.748219007960351,0.8856123090539809,0.0416545355694672
0.3334946128430496,-0.0222063718699334,1.3954203730765178,1.3954203730765178,-0.3936978233078765,0.1386173777951623,-0.0755148367413053,0.5587737238266685,0.1201393827003501,-0.2444047415191273,-0.4820532819843823,0.1656187059127561,-0.1315738288987555,0.1691006289789414,1.5102452596878146,1.3596464266010553,1.839522160832408
-1.205058787791487,1.1836281808667797,-1.2646182929415224,-1.2646182929415222,0.7069201138369186,0.5002276150427005,1.5901550708047911,-0.162984884853083,1.8052020693197453,1.6016281457457726,-0.4820532819843823,-1.5082775823108994,-1.7804850627727973,1.516269487896828,-0.929228390322832,-1.1457323588283028,-0.8186953190947199
-1.8888602991846144,-1.1937386580113627,0.0654010400674976,0.0654010400674977,-1.013996211823397,-1.935428193617863,-1.3247672674008777,-1.3968393760212343,-1.3046699908599295,-1.1674211851515772,-0.4820532819843823,-0.392346723495129,0.6928817880382653,0.1000150464703318,-1.45373996618719,0.5503863368836847,-0.8186953190947199
2.213948769174149,-0.1388722980895472,-1.2646182929415224,-1.2646182929415222,0.5385795482220871,0.4829640831911964,1.3125434195471084,1.070869606315068,1.8052020693197453,-0.2444047415191273,1.4128092602512243,1.002566850024584,0.2806539795697548,0.1345578377246366,0.7878047872708686,-0.8283757582546425,0.0416545355694672
-0.2648317096259368,0.1626818895837543,0.0654010400674976,0.0654010400674977,0.8331755380480422,0.6356824470488049,1.4513492451759498,1.2805323325064204,1.8052020693197453,-0.2444047415191273,-0.4820532819843823,1.2815495647285264,0.2806539795697548,1.1017559928451706,1.0401641303754183,-0.8533150578905776,0.0416545355694672
1.1027713131603178,0.5845328840633572,0.0654010400674976,0.0654010400674977,0.4031751802275487,0.5514954139785132,0.8961259426605843,0.8331736116944045,1.6815926404232675,-0.5520768893966107,-0.4820532819843823,0.4446014206166987,-0.1315738288987555,-1.4198677687190786,-0.1375128041124801,-1.073786471011429,-0.8186953190947199
0.931820935312036,1.2648930213661913,0.0654010400674976,0.0654010400674977,1.6199847034217112,1.0605449304595576,1.4513492451759498,1.637741372355351,1.2190147058053171,0.3709395542358393,-0.4820532819843823,1.2815495647285264,-0.5438016373672659,1.654440652914047,-0.9737623920471642,-0.8533150578905776,0.0416545355694672
-0.4357820874742186,-0.7055285433355913,0.0654010400674976,0.0654010400674977,-0.3058679629870948,0.1068109781680468,0.2020968145163774,0.2342275408568957,0.1201393827003501,0.6786117021133227,-0.4820532819843823,0.1656187059127561,0.2806539795697548,0.0309294639617222,-0.1573056937677389,-0.0922096505177403,0.6520824719662907
-1.4614843545639096,-1.4336634252001017,0.0654010400674976,0.0654010400674977,-0.8859109988555903,-0.9105586222782804,-0.7695439648855121,0.2342275408568957,-1.3046699908599295,-0.859749037274094,-0.4820532819843823,0.7235841353206414,1.1051095965067756,-0.3835840310899351,-0.5135777075623974,1.6792747314460452,1.1255671642452048
0.931820935312036,1.407691732861042,-1.2646182929415224,-1.2646182929415222,0.6181753591377954,0.8537814133988946,0.6185142914029015,0.2342275408568957,0.49323926303345,1.2939559978682893,-0.4820532819843823,-0.9503121529030142,-1.3682572543042868,0.4109001677590749,0.763063675201795,-1.0334885871285773,-0.8186953190947199
-0.0938813317776549,0.1090308514409917,0.0654010400674976,0.0654010400674977,-0.6681661368103191,-0.1768964729793778,-0.4919323136278294,0.2342275408568957,-0.4057153639132397,-0.5520768893966107,-0.4820532819843823,0.1656187059127561,0.2806539795697548,-0.1072417010554968,-0.1820468058368125,-0.0474487788157081,0.0416545355694672
0.1625442349947678,0.7151968104395423,-1.2646182929415224,-1.2646182929415222,0.4937497236833548,0.9109197904263256,0.3409026401452188,0.2342275408568957,1.0190940096470398,0.0632674063583559,-0.4820532819843823,-0.9503121529030142,-1.3682572543042868,0.8254136628107323,-0.0187554661809274,-0.982781570956727,-0.8186953190947199
-0.3503068985500777,0.250587419577239,-1.2646182929415224,-1.2646182929415222,-0.2912296529336312,0.3147907377450059,-0.0755148367413053,-0.162984884853083,0.49323926303345,0.0632674063583559,-0.4820532819843823,-0.9503121529030142,-0.9560294458357764,-1.0398970649217258,-0.7263512713564295,-0.876255878889373,-0.8186953190947199
-0.008406142853514,0.3373941304458051,2.7254397060855378,2.7254397060855378,-0.5236128250323661,-0.0251860427679935,-0.2143206623701467,0.2342275408568957,-0.4057153639132397,0.0632674063583559,-0.4820532819843823,-0.1133640087911864,-0.1315738288987555,-1.350782186210469,0.5354454441663191,1.1482214525830774,1.5124323266304776
-0.6922076542466413,1.586942574456452,-1.2646182929415224,-1.2646182929415222,1.200048183762974,1.2191775082038483,0.6185142914029015,-0.162984884853083,0.7826380134765774,1.2939559978682893,-0.4820532819843823,-1.787260297014842,-2.192712871241308,1.5508122791511327,-1.3498272954970816,-1.0334885871285773,-0.8186953190947199
0.6753953685396132,1.651772902826647,-1.2646182929415224,-1.2646182929415222,1.0317076181481424,1.0546327758008975,0.757320117031743,1.070869606315068,0.7826380134765774,0.3709395542358393,1.4128092602512243,-0.1133640087911864,-1.3682572543042868,-1.350782186210469,-0.6620243799768384,-1.4262108739540356,-2.2894731101557304
-0.1793565207017958,-0.2948090643388591,0.0654010400674976,0.0654010400674977,-0.9883791692298356,-1.1939142442639032,-1.3247672674008777,-1.3968393760212343,-1.3046699908599295,-1.1674211851515772,-0.4820532819843823,-0.392346723495129,0.6928817880382653,-0.4181268223442398,-0.7164548265288,0.5503863368836847,-0.8186953190947199
-0.4357820874742186,-0.1894657525803625,0.0654010400674976,0.0654010400674977,-0.9170174077192004,-0.7843194525305968,-1.047155616143195,-0.6750807673414826,-1.3046699908599295,-0.859749037274094,-0.4820532819843823,-0.6713294381990716,-0.1315738288987555,1.5508122791511327,-0.879746166184685,-0.1735214812393563,-0.8186953190947199
-1.4614843545639096,-0.2834864498777418,-1.2646182929415224,-1.2646182929415222,-0.675485291837051,-0.2004069870198846,-0.4919323136278294,-0.6750807673414826,-0.4057153639132397,0.0632674063583559,-0.4820532819843823,-0.9503121529030142,-0.5438016373672659,-0.9017258999045068,-1.2013806230826405,-0.7023030558309942,-0.8186953190947199
0.2480194239189087,1.2691449736321805,-1.2646182929415224,-1.2646182929415222,1.4031547357547816,1.0677487723803416,1.173737593918267,-0.162984884853083,1.8052020693197453,0.6786117021133227,-0.4820532819843823,-1.5082775823108994,-1.7804850627727973,0.8944992453193418,0.0554678700262931,-1.1065825691090454,-0.8186953190947199
-1.974335488108755,1.1112016681112782,-1.2646182929415224,-1.2646182929415222,1.2531120577067796,1.1781111432177926,0.757320117031743,-0.162984884853083,1.8052020693197453,-0.2444047415191273,-0.4820532819843823,-1.2292948676069568,-1.3682572543042868,-0.3144984485813255,-0.5927492661834326,-1.0547274587736004,-0.8186953190947199
0.5044449906913314,0.0202176013008352,0.0654010400674976,0.0654010400674977,1.065558710146777,0.6762412691966668,1.7289608964336325,1.637741372355351,1.0190940096470398,1.2939559978682893,-0.4820532819843823,2.397480423544297,1.1051095965067756,-0.867183108650202,0.8224423441675714,0.0517698335214897,1.839522160832408
-0.2648317096259368,-0.7746108239717755,0.0654010400674976,0.0654010400674977,-0.713910855727393,-0.1930117302169159,-0.6307381392566708,-0.162984884853083,-0.4057153639132397,-0.5520768893966107,-0.4820532819843823,0.1656187059127561,0.6928817880382653,-1.3162393949561642,-0.0187554661809274,0.1069570338863763,0.0416545355694672
-2.1452858659570366,2.0865230783379025,-1.2646182929415224,-1.2646182929415222,1.7535592826595665,1.4884139040443685,0.6185142914029015,1.070869606315068,0.49323926303345,0.3709395542358393,1.4128092602512243,0.1656187059127561,-0.9560294458357764,-0.6944691523786781,1.0846981320997506,-1.0334885871285773,-0.8186953190947199
1.2737216910085998,0.5238589584700282,-1.2646182929415224,-1.2646182929415222,0.7142392688636504,1.2480993782637846,0.063290988887536,-0.162984884853083,0.7826380134765774,0.0632674063583559,-0.4820532819843823,-1.5082775823108994,-1.7804850627727973,0.065472255216027,0.2979307683032133,-0.9170320787253609,-0.8186953190947199
0.7608705574637542,1.0156044042433636,-1.2646182929415224,-1.2646182929415222,0.7920052910226758,1.210694556131894,0.2020968145163774,-0.162984884853083,0.7826380134765774,0.3709395542358393,-0.4820532819843823,-1.2292948676069568,-1.3682572543042868,1.2744699491166944,-0.8352121644603527,-0.952176756406961,-0.8186953190947199
-1.119583598867346,1.5438019801172582,-1.2646182929415224,-1.2646182929415222,2.006985025460155,1.4586603691188846,0.8961259426605843,1.070869606315068,1.2190147058053171,0.0632674063583559,2.521232791480213,0.1656187059127561,-0.9560294458357764,-1.3853249774647738,-0.1375128041124801,-1.073786471011429,-0.8186953190947199
1.2737216910085998,-0.4418119533551374,0.0654010400674976,0.0654010400674977,-0.3991871895779253,0.1284308165252786,-0.0755148367413053,-0.162984884853083,0.1201393827003501,0.3709395542358393,-0.4820532819843823,-0.9503121529030142,-0.9560294458357764,-0.6599263611243733,-0.6422314903215796,-0.3670770836606984,0.0416545355694672
1.2737216910085998,1.0884131149553584,-1.2646182929415224,-1.2646182929415222,1.932878580814496,1.1440204061009314,1.5901550708047911,0.8331736116944045,1.6815926404232675,0.986283849990806,1.4128092602512243,-0.1133640087911864,-0.9560294458357764,0.8254136628107323,0.2632932114065104,-1.1457323588283028,-0.8186953190947199
1.1882465020844588,-0.2789956238889442,1.3954203730765178,1.3954203730765178,-0.9554429716095424,-0.9589673627750862,-1.1859614417720363,-1.3968393760212343,-1.3046699908599295,-0.859749037274094,2.521232791480213,-0.392346723495129,0.6928817880382653,-0.8326403173958973,-1.3696201851523404,0.1069570338863763,-0.8186953190947199
-2.059810677032896,0.9793433731210512,-1.2646182929415224,-1.2646182929415222,0.9237500815038484,0.9896274678348682,0.757320117031743,-0.6750807673414826,1.8052020693197453,0.0632674063583559,-0.4820532819843823,-1.787260297014842,-1.7804850627727973,0.6181569152849036,0.4166881062347662,-1.0547274587736004,-0.8186953190947199
-0.008406142853514,-0.573144726155186,0.0654010400674976,0.0654010400674977,-0.8657833225320779,-0.5916102033394331,-0.9083497905143536,-0.6750807673414826,-1.3046699908599295,-0.5520768893966107,-0.4820532819843823,-0.392346723495129,0.2806539795697548,0.6181569152849036,0.8273905665813861,-0.3670770836606984,-0.8186953190947199
1.7865728245534451,-0.8306028245980602,1.3954203730765178,1.3954203730765178,-0.9261663515026152,-1.0799011189651715,-0.9083497905143536,-1.3968393760212343,-0.4057153639132397,-0.5520768893966107,-0.4820532819843823,-1.2292948676069568,-0.5438016373672659,0.3072717939961605,-1.473532855842449,1.3596464266010553,0.6520824719662907
-1.4614843545639096,1.4895298702951938,0.0654010400674976,0.0654010400674977,1.812112522873421,1.0439830189533763,1.7289608964336325,1.79262821499482,0.7826380134765774,1.2939559978682893,1.4128092602512243,1.839514994136412,-0.1315738288987555,1.1362987840994754,-1.5428079696358548,-1.1567343940151056,-0.8186953190947199
-0.8631580320949231,-1.3115989528450185,-1.2646182929415224,-1.2646182929415222,-0.18510190504602,0.3778746992544867,0.063290988887536,0.8331736116944045,-0.4057153639132397,0.0632674063583559,-0.4820532819843823,1.2815495647285264,1.1051095965067756,1.6889834441683518,1.5498310389983323,0.0004313418190221,0.6520824719662907
-0.7776828431707823,1.2291575124340572,-1.2646182929415224,-1.2646182929415222,0.8258563830213104,0.927567734715644,0.757320117031743,0.2342275408568957,1.0190940096470398,0.986283849990806,1.4128092602512243,-0.9503121529030142,-1.3682572543042868,1.516269487896828,-1.062830395495829,-1.0547274587736004,-0.8186953190947199
-1.119583598867346,1.0635224730387252,-1.2646182929415224,-1.2646182929415222,2.2723043951791837,1.626665733778868,0.757320117031743,0.2342275408568957,0.7826380134765774,1.2939559978682893,1.4128092602512243,-0.9503121529030142,-1.3682572543042868,0.1345578377246366,-0.8550050541156116,-1.0547274587736004,-0.8186953190947199
-2.059810677032896,1.0719786028261418,-1.2646182929415224,-1.2646182929415222,0.8743457850734087,1.1802457104265598,0.3409026401452188,0.5587737238266685,0.7826380134765774,0.0632674063583559,-0.4820532819843823,-0.6713294381990716,-1.3682572543042868,0.5836141240305988,-1.473532855842449,-0.982781570956727,-0.8186953190947199
-0.6067324653225004,0.7902987088904976,0.0654010400674976,0.0654010400674977,1.5513676250461006,1.1987196144155952,1.0349317682894257,0.8331736116944045,1.6815926404232675,-0.2444047415191273,-0.4820532819843823,-0.1133640087911864,-0.9560294458357764,-1.488953351227688,-0.6422314903215796,-1.0909849017837396,-0.8186953190947199
-0.4357820874742186,1.3270479640409325,-1.2646182929415224,-1.2646182929415222,0.9969416317711663,0.9684278016600428,0.8961259426605843,0.8331736116944045,0.7826380134765774,0.986283849990806,-0.4820532819843823,-0.392346723495129,-1.3682572543042868,-0.2454128660727159,-1.3448790730832667,-1.073786471011429,-0.8186953190947199
-1.7179099213363322,-0.2746003473892699,0.0654010400674976,0.0654010400674977,-0.8108896598315893,-0.2706065902967481,-0.9083497905143536,-1.3968393760212343,-0.4057153639132397,-0.5520768893966107,-0.4820532819843823,-1.5082775823108994,-0.9560294458357764,0.998127619082256,-1.062830395495829,-0.3670770836606984,-0.8186953190947199
1.5301472577810225,0.625619164386399,0.0654010400674976,0.0654010400674977,0.7279626845387726,0.5659314226131311,1.4513492451759498,1.79262821499482,0.1201393827003501,1.2939559978682893,1.4128092602512243,2.397480423544297,0.6928817880382653,-0.6944691523786781,1.6438472648608116,-0.8533150578905776,0.0416545355694672
-1.7179099213363322,-1.2618176690117515,0.0654010400674976,0.0654010400674977,-0.9810600142031038,-1.3644283259157888,-1.1859614417720363,-1.3968393760212343,-1.3046699908599295,-0.859749037274094,-0.4820532819843823,-0.1133640087911864,1.1051095965067756,1.1362987840994754,0.9906819062372711,0.1069570338863763,-0.8186953190947199
1.4446720688568817,1.11182273979058,-1.2646182929415224,-1.2646182929415222,0.3007070098533034,0.5278762997270715,0.757320117031743,-0.6750807673414826,1.9180486365937297,-0.2444047415191273,-0.4820532819843823,-1.787260297014842,-1.7804850627727973,1.481726696642523,-1.5626008592911136,-1.0547274587736004,-0.8186953190947199
-0.1793565207017958,-0.905943596771824,0.0654010400674976,0.0654010400674977,-0.9554429716095424,-1.4110098793017738,-0.9083497905143536,-0.162984884853083,-1.3046699908599295,-0.859749037274094,-0.4820532819843823,0.4446014206166987,1.1051095965067756,0.998127619082256,-1.5774455265325578,0.5503863368836847,0.0416545355694672
-0.1793565207017958,0.9526850656556358,-1.2646182929415224,-1.2646182929415222,0.6318987748129176,0.937269784101933,0.4797084657740602,1.4680820320250476,0.49323926303345,-0.5520768893966107,-0.4820532819843823,1.002566850024584,-0.5438016373672659,0.1691006289789414,-0.5234741523900267,-1.0096730710621231,-0.8186953190947199
-0.0938813317776549,0.7491646538228942,0.0654010400674976,0.0654010400674977,2.254006507612354,1.1255390925152955,2.006572547691315,1.79262821499482,1.0190940096470398,1.6016281457457726,1.4128092602512243,2.67646313824824,1.1051095965067756,-0.1417844923098016,0.2435003217512518,-0.7023030558309942,0.6520824719662907
-0.1793565207017958,0.1616786199479591,0.0654010400674976,0.0654010400674977,0.3857921870390606,0.3072471688746135,1.4513492451759498,1.070869606315068,1.0190940096470398,1.6016281457457726,-0.4820532819843823,0.7235841353206414,-0.1315738288987555,0.3418145852504653,-0.0187554661809274,-0.5838385779516478,0.6520824719662907
-0.5212572763983595,0.4156013872932694,0.0654010400674976,0.0654010400674977,0.4443454272529151,0.4648573499819066,1.173737593918267,1.2805323325064204,0.7826380134765774,0.986283849990806,-0.4820532819843823,1.2815495647285264,0.2806539795697548,-1.4198677687190786,-0.1474092489401094,-0.8011647543473776,0.0416545355694672
1.4446720688568817,0.6199339697835595,1.3954203730765178,1.3954203730765178,0.9594309622591658,1.3172279732181746,0.2020968145163774,0.8331736116944045,0.49323926303345,-0.2444047415191273,-0.4820532819843823,0.7235841353206414,0.2806539795697548,0.065472255216027,0.1494840958887725,1.6792747314460452,2.372782181294665
0.5899201796154724,0.2012361084450272,0.0654010400674976,0.0654010400674977,0.2869835941781813,0.5154798312633857,0.757320117031743,1.070869606315068,0.7826380134765774,0.3709395542358393,-0.4820532819843823,0.7235841353206414,-0.1315738288987555,0.065472255216027,-0.0484448006638154,-0.7023030558309942,0.0416545355694672
-1.205058787791487,1.441372927777024,-1.2646182929415224,-1.2646182929415222,1.009750153067947,1.6419165662239756,-0.2143206623701467,-0.162984884853083,0.1201393827003501,0.0632674063583559,1.4128092602512243,-1.5082775823108994,-1.7804850627727973,0.9290420365736466,0.2138109872683636,-0.8283757582546425,-0.8186953190947199
1.3591968799327403,2.031820995814783,-1.2646182929415224,-1.2646182929415222,2.5888578500853336,1.7382736011584905,0.757320117031743,0.5587737238266685,1.54494875626063,-0.2444047415191273,3.3076718024868312,-0.6713294381990716,-1.3682572543042868,0.4454429590133796,0.6344098924426131,-1.4262108739540356,-2.2894731101557304
-1.4614843545639096,-1.765220152458136,-1.2646182929415224,-1.2646182929415222,-0.9188471964758834,-1.009352508286591,-0.9083497905143536,-0.6750807673414826,-0.4057153639132397,-0.859749037274094,-0.4820532819843823,-0.1133640087911864,0.6928817880382653,1.2744699491166944,0.9906819062372711,1.3596464266010553,0.6520824719662907
-1.5469595434880503,-0.0139413410607633,-1.2646182929415224,-1.2646182929415222,1.2476226914367303,1.175194407710109,0.757320117031743,0.2342275408568957,0.7826380134765774,1.2939559978682893,2.521232791480213,0.7235841353206414,1.1051095965067756,0.3763573765047701,1.3964361441700768,-1.0547274587736004,-0.8186953190947199
-1.119583598867346,0.2905748807753622,0.0654010400674976,0.0654010400674977,0.1982388394790581,0.5009323051377478,0.6185142914029015,0.2342275408568957,0.7826380134765774,0.986283849990806,-0.4820532819843823,-0.6713294381990716,-0.9560294458357764,0.2381862114875509,-1.0925197299787173,-0.3095807690055359,0.6520824719662907
-0.8631580320949231,0.7844224153094114,1.3954203730765178,1.3954203730765178,-0.4815276836286581,0.0680868501233431,-0.2143206623701467,0.2342275408568957,0.1201393827003501,-0.2444047415191273,-0.4820532819843823,-0.6713294381990716,-0.9560294458357764,1.17084157535378,-0.4047168144584739,-0.27842076318998,0.0416545355694672
-0.6922076542466413,-0.5773011289320519,0.0654010400674976,0.0654010400674977,-0.9481238165828106,-1.1167475766143669,-1.047155616143195,-0.6750807673414826,-1.3046699908599295,-0.859749037274094,-0.4820532819843823,-0.9503121529030142,-0.5438016373672659,1.481726696642523,-0.7362477161840587,-0.1735214812393563,-0.8186953190947199
-0.5212572763983595,0.7662202376314127,0.0654010400674976,0.0654010400674977,0.7810265584825781,1.2033767599848506,0.2020968145163774,-0.162984884853083,0.1201393827003501,0.986283849990806,-0.4820532819843823,0.4446014206166987,1.1051095965067756,-0.6253835698700686,1.3964361441700768,-0.5087474534096524,0.0416545355694672
-0.8631580320949231,-1.143384077243356,0.0654010400674976,0.0654010400674977,-0.9645919153929572,-1.3373005379126868,-1.047155616143195,-0.6750807673414826,-1.3046699908599295,-0.859749037274094,-0.4820532819843823,-0.9503121529030142,-0.5438016373672659,1.0672132015908655,-1.503222190325337,-0.1735214812393563,-0.8186953190947199
-0.6067324653225004,0.0160134237794077,1.3954203730765178,1.3954203730765178,-0.898719520152371,-0.8338715601012436,-0.9083497905143536,-0.6750807673414826,-0.4057153639132397,-0.859749037274094,1.4128092602512243,-0.6713294381990716,-0.1315738288987555,-0.3490412398356303,-1.4933257454977078,1.3596464266010553,0.6520824719662907
-0.3503068985500777,-0.3728252222080767,1.3954203730765178,1.3954203730765178,-0.7267193770241736,-0.2403591940636857,-0.6307381392566708,-0.162984884853083,-0.4057153639132397,-0.5520768893966107,-0.4820532819843823,-0.1133640087911864,0.2806539795697548,-1.0053542736674212,0.8026494545123128,1.3596464266010553,1.1255671642452048
-0.1793565207017958,-0.4341679942252692,1.3954203730765178,1.3954203730765178,-0.7999109272914916,-0.2153317718708664,-0.9083497905143536,-0.162984884853083,-0.4057153639132397,-1.1674211851515772,-0.4820532819843823,0.4446014206166987,1.1051095965067756,0.1345578377246366,0.2979307683032133,-0.3670770836606984,-0.8186953190947199
-0.6067324653225004,-0.2746481221338316,1.3954203730765178,1.3954203730765178,-0.9408046615560788,-0.7757777944409878,-1.1859614417720363,-1.3968393760212343,-0.4057153639132397,-1.1674211851515772,-0.4820532819843823,-0.6713294381990716,0.2806539795697548,1.2053843666080848,-1.508170412739152,0.1069570338863763,-0.8186953190947199
-0.6067324653225004,-1.6686673936989882,1.3954203730765178,1.3954203730765178,-0.9426344503127618,-1.4246483016934857,-0.7695439648855121,-0.162984884853083,-1.3046699908599295,-0.5520768893966107,-0.4820532819843823,0.4446014206166987,1.1051095965067756,0.0309294639617222,0.7432707855465365,2.277109847145438,1.5124323266304776
0.3334946128430496,0.3773815916439282,0.0654010400674976,0.0654010400674977,-0.3122722236354852,0.1848231465328048,0.063290988887536,0.5587737238266685,0.1201393827003501,0.0632674063583559,-0.4820532819843823,0.1656187059127561,-0.1315738288987555,1.619897861659742,1.0945945769273802,0.0004313418190221,0.6520824719662907
1.4446720688568817,0.0881532880675391,0.0654010400674976,0.0654010400674977,0.2302601427210098,0.4628777751101731,0.757320117031743,0.5587737238266685,1.0190940096470398,0.6786117021133227,-0.4820532819843823,0.1656187059127561,-0.1315738288987555,1.5508122791511327,1.6191061527917383,-0.0474487788157081,1.1255671642452048
-0.3503068985500777,0.3433181987714529,1.3954203730765178,1.3954203730765178,-0.863953533775395,-0.5794498619416776,-0.9083497905143536,-0.6750807673414826,-1.3046699908599295,-0.5520768893966107,-0.4820532819843823,-0.6713294381990716,-0.1315738288987555,-0.8326403173958973,-1.4883775230838932,0.5503863368836847,0.0416545355694672
1.0172961242361769,0.1138083258971593,0.0654010400674976,0.0654010400674977,-0.3790595132544129,0.1653775515980941,-0.0755148367413053,0.5587737238266685,0.1201393827003501,-0.2444047415191273,-0.4820532819843823,0.4446014206166987,0.2806539795697548,-0.0381561185468872,0.367205882096619,0.5503863368836847,1.1255671642452048
0.1625442349947678,0.8977918841542696,0.0654010400674976,0.0654010400674977,0.8505585312365302,0.5954748308643205,1.5901550708047911,0.2342275408568957,1.3921938899801396,2.2169724415007392,-0.4820532819843823,-0.9503121529030142,-1.3682572543042868,0.549071332776294,1.4459183683082235,-0.876255878889373,0.0416545355694672
0.5899201796154724,0.03545774481601,0.0654010400674976,0.0654010400674977,0.0180046469457874,0.3118555052844995,0.6185142914029015,0.8331736116944045,0.49323926303345,0.6786117021133227,-0.4820532819843823,0.4446014206166987,-0.1315738288987555,0.6872424977935131,-1.4883775230838932,-0.3095807690055359,0.6520824719662907
-0.008406142853514,-0.5175826982299563,0.0654010400674976,0.0654010400674977,-0.9225067739892494,-0.8368492808891929,-1.047155616143195,-0.6750807673414826,-1.3046699908599295,-0.859749037274094,-0.4820532819843823,-0.392346723495129,0.2806539795697548,-1.2816966037018591,0.9510961269267536,0.8856123090539809,0.0416545355694672
-0.5212572763983595,-0.5552291969445573,0.0654010400674976,0.0654010400674977,-0.7669747296711985,-0.4022206632261547,-0.6307381392566708,-0.6750807673414826,-0.4057153639132397,-0.2444047415191273,-0.4820532819843823,-0.392346723495129,0.2806539795697548,1.2053843666080848,-0.4739919282518796,1.9096014216657184,1.5124323266304776
-0.948633221019064,-0.0798704885558768,1.3954203730765178,1.3954203730765178,-0.6169320516231965,-0.1486933486184361,-0.353126487998988,-0.162984884853083,-0.4057153639132397,0.0632674063583559,-0.4820532819843823,-0.392346723495129,-0.1315738288987555,-0.072698909801192,-1.7308404213608135,2.219613532490276,2.122860263027301
0.8463457463878951,0.1384600940909844,0.0654010400674976,0.0654010400674977,0.2366644033694001,0.4689302234384114,0.757320117031743,0.5587737238266685,0.1201393827003501,1.6016281457457726,-0.4820532819843823,-0.1133640087911864,-0.5438016373672659,1.3090127403709992,-0.3156488110098094,-0.3670770836606984,0.6520824719662907
-0.3503068985500777,1.9635508858361477,-1.2646182929415224,-1.2646182929415222,1.5385591037493198,1.0767765487896817,1.3125434195471084,0.8331736116944045,1.3921938899801396,0.986283849990806,2.521232791480213,-0.392346723495129,-1.3682572543042868,-0.4872124048528494,-0.1968914730782564,-1.1207930591923676,-0.8186953190947199
-0.3503068985500777,-0.8782820196706134,0.0654010400674976,0.0654010400674977,-0.8694429000454438,-0.7941542827967889,-0.7695439648855121,-0.162984884853083,-1.3046699908599295,-0.5520768893966107,-0.4820532819843823,0.1656187059127561,0.6928817880382653,-0.072698909801192,1.342005697618115,1.0244204544307591,0.6520824719662907
-0.4357820874742186,-0.8245354320387274,0.0654010400674976,0.0654010400674977,-0.9975281130132504,-1.4110098793017738,-1.3247672674008777,-1.3968393760212343,-1.3046699908599295,-1.1674211851515772,-0.4820532819843823,-0.1133640087911864,1.1051095965067756,-0.0381561185468872,0.4364809958900252,0.5503863368836847,-0.8186953190947199
-0.948633221019064,-0.3747839867351054,0.0654010400674976,0.0654010400674977,0.1717069025071554,0.4061199745842174,0.757320117031743,1.637741372355351,0.1201393827003501,0.0632674063583559,-0.4820532819843823,2.67646313824824,1.517337404975286,-0.1072417010554968,1.3370574752043003,0.5503863368836847,1.839522160832408
-1.6324347324121913,1.546190717345342,-1.2646182929415224,-1.2646182929415222,0.9475373353407266,1.0736777409657865,0.6185142914029015,-0.162984884853083,0.7826380134765774,1.2939559978682893,-0.4820532819843823,-1.5082775823108994,-1.7804850627727973,-0.7635547348872876,-1.0232446161853117,-1.0334885871285773,-0.8186953190947199
0.0770690460706269,-0.5326317427668844,2.7254397060855378,2.7254397060855378,-0.8914003651256391,-0.9519344966360694,-0.7695439648855121,-0.162984884853083,-1.3046699908599295,-0.5520768893966107,-0.4820532819843823,0.1656187059127561,0.6928817880382653,-0.4181268223442398,0.8620281234780893,1.6792747314460452,1.1255671642452048
-1.6324347324121913,-1.7265226093631785,0.0654010400674976,0.0654010400674977,-0.8712726888021267,-0.8065590572417731,-0.7695439648855121,-0.162984884853083,-1.3046699908599295,-0.5520768893966107,-0.4820532819843823,0.4446014206166987,1.1051095965067756,-1.4198677687190786,1.1886108027898592,1.0244204544307591,0.6520824719662907
0.8463457463878951,0.3438437209616314,0.0654010400674976,0.0654010400674977,-0.1411869748856292,0.2663585430649207,0.3409026401452188,1.070869606315068,-0.4057153639132397,0.3709395542358393,-0.4820532819843823,0.7235841353206414,-0.1315738288987555,-0.6944691523786781,-0.6422314903215796,-0.1735214812393563,0.6520824719662907
-0.1793565207017958,1.3720039986734698,-1.2646182929415224,-1.2646182929415222,1.6977507255807367,1.0955706480961724,1.4513492451759498,0.2342275408568957,1.2190147058053171,2.2169724415007392,-0.4820532819843823,-0.9503121529030142,-1.3682572543042868,1.2399271578623896,1.3321092527904856,-1.1337935730163105,-0.8186953190947199
0.5899201796154724,1.522112246086257,-1.2646182929415224,-1.2646182929415222,0.6007923659493074,0.4759976069000116,1.4513492451759498,-0.6750807673414826,1.54494875626063,2.2169724415007392,-0.4820532819843823,-2.0662430117187847,-2.192712871241308,-1.6271245162449073,-1.028192838599126,-1.1337935730163105,-0.8186953190947199
0.8463457463878951,1.4676968120305076,-1.2646182929415224,-1.2646182929415222,2.3683683049050384,1.6616142166676229,0.757320117031743,-0.6750807673414826,0.7826380134765774,1.909300293623256,1.4128092602512243,-1.787260297014842,-1.7804850627727973,0.5836141240305988,1.6982777114127734,-1.0547274587736004,-0.8186953190947199
0.3334946128430496,0.2439945048277276,2.7254397060855378,2.7254397060855378,-0.2875700754202653,0.1361996205716185,0.2020968145163774,0.8331736116944045,0.49323926303345,-0.2444047415191273,-0.4820532819843823,1.002566850024584,0.6928817880382653,0.3763573765047701,-0.4591472610104355,1.3596464266010553,2.122860263027301
1.4446720688568817,-0.7716010150643898,1.3954203730765178,1.3954203730765178,-0.8676131112887608,-0.6038915451458886,-0.9083497905143536,-0.6750807673414826,-1.3046699908599295,-0.5520768893966107,-0.4820532819843823,-0.9503121529030142,-0.5438016373672659,0.1691006289789414,-0.8747979437708704,1.3596464266010553,0.6520824719662907
1.2737216910085998,0.0596317655642183,0.0654010400674976,0.0654010400674977,0.8203670167512616,0.627398760465611,1.4513492451759498,1.637741372355351,1.2190147058053171,0.3709395542358393,1.4128092602512243,2.118497708840354,0.6928817880382653,0.7217852890478179,-0.3156488110098094,-0.074659782722973,1.5124323266304776
0.7608705574637542,-0.2424957190438234,1.3954203730765178,1.3954203730765178,-0.9975281130132504,-1.4110098793017738,-1.3247672674008777,-2.6306938671893856,-0.4057153639132397,-1.1674211851515772,-0.4820532819843823,-1.5082775823108994,-0.5438016373672659,0.2036434202332462,-0.0088590213532979,0.5503863368836847,-0.8186953190947199
0.3334946128430496,-2.245117461580176,-1.2646182929415224,-1.2646182929415222,-1.0286345218768604,-4.076384989268159,-1.7411847442874018,-2.6306938671893856,-1.3046699908599295,-1.782765480906544,-0.4820532819843823,1.2815495647285264,3.578476447317838,-1.0053542736674212,-1.715995754119369,-1.4262108739540356,-2.2894731101557304
-0.8631580320949231,-0.8787119923716684,0.0654010400674976,0.0654010400674977,-0.9408046615560788,-1.0300969405945166,-1.047155616143195,-0.6750807673414826,-1.3046699908599295,-0.859749037274094,-0.4820532819843823,-0.1133640087911864,0.6928817880382653,0.998127619082256,-0.1375128041124801,-0.1735214812393563,-0.8186953190947199
-0.7776828431707823,0.5655663104723717,0.0654010400674976,0.0654010400674977,1.053665083228338,0.6220440246570932,1.8677667220624736,1.79262821499482,1.2190147058053171,0.986283849990806,-0.4820532819843823,2.118497708840354,0.2806539795697548,0.4799857502676844,-0.4739919282518796,-0.6759277086391896,0.6520824719662907
1.6156224467051634,1.3810812001401884,-1.2646182929415224,-1.2646182929415222,1.0683033932818014,0.8324454904813926,1.3125434195471084,0.5587737238266685,1.9180486365937297,0.0632674063583559,2.521232791480213,-0.392346723495129,-0.9560294458357764,-1.1089826474303357,-0.1770985834229977,-1.1207930591923676,-0.8186953190947199
-0.4357820874742186,0.6448246117001929,0.0654010400674976,0.0654010400674977,-0.298548807960363,0.1186505381880228,0.2020968145163774,0.2342275408568957,0.1201393827003501,0.6786117021133227,-0.4820532819843823,-0.392346723495129,-0.5438016373672659,-0.2108700748184112,-0.2067879179058859,-0.5087474534096524,0.0416545355694672
-0.7776828431707823,1.4483002657384672,-1.2646182929415224,-1.2646182929415222,2.255836296369037,1.6205739297967297,0.757320117031743,0.5587737238266685,1.2190147058053171,0.3709395542358393,-0.4820532819843823,-0.6713294381990716,-1.3682572543042868,-1.2471538124475547,-0.6818172696320971,-1.0547274587736004,-0.8186953190947199
-0.008406142853514,1.1420163783535595,-1.2646182929415224,-1.2646182929415222,2.8001984514822147,1.4061509353399957,1.7289608964336325,1.4680820320250476,1.3921938899801396,0.986283849990806,3.3076718024868312,1.2815495647285264,-0.1315738288987555,-0.1072417010554968,-0.5284223748038415,-1.1567343940151056,-0.8186953190947199
-0.6067324653225004,1.3297711244809478,-1.2646182929415224,-1.2646182929415222,1.103984274037119,0.6507188335453429,1.8677667220624736,0.2342275408568957,1.6815926404232675,2.2169724415007392,-0.4820532819843823,-0.9503121529030142,-1.3682572543042868,0.549071332776294,0.2929825458893986,-1.1669057793013278,-0.8186953190947199
1.1027713131603178,-0.7889910220848401,1.3954203730765178,1.3954203730765178,-0.9572727603662254,-1.2343855640425854,-1.047155616143195,-0.6750807673414826,-1.3046699908599295,-0.859749037274094,-0.4820532819843823,-0.6713294381990716,-0.1315738288987555,-1.661667307499212,-1.750633311016072,0.8856123090539809,0.0416545355694672
1.2737216910085998,1.6161329433836364,-1.2646182929415224,-1.2646182929415222,2.1021340408076687,1.7061703657754417,0.4797084657740602,-0.6750807673414826,0.7826380134765774,1.2939559978682893,3.917681290782164,-1.787260297014842,-1.7804850627727973,-1.488953351227688,-1.2558110696346023,-1.0096730710621231,-0.8186953190947199
-0.2648317096259368,-1.288523751221729,0.0654010400674976,0.0654010400674977,-1.0048472680399825,-1.6171988336378609,-1.3247672674008777,-2.6306938671893856,-1.3046699908599295,-0.859749037274094,-0.4820532819843823,-0.6713294381990716,0.6928817880382653,-0.5908407786157638,1.1044910217550097,0.5503863368836847,-0.8186953190947199
-1.034108409943205,-0.4698079536682799,0.0654010400674976,0.0654010400674977,0.0088557031623727,0.3014397078774574,0.6185142914029015,1.637741372355351,-0.4057153639132397,0.0632674063583559,1.4128092602512243,2.67646313824824,1.517337404975286,-0.5217551961071543,1.5498310389983323,0.3452735080097503,1.5124323266304776
-1.7179099213363322,0.6016840173609991,0.0654010400674976,0.0654010400674977,0.4031751802275487,0.4897134684904151,1.0349317682894257,0.5587737238266685,0.49323926303345,1.909300293623256,-0.4820532819843823,-0.1133640087911864,-0.5438016373672659,0.7217852890478179,-1.1024161748063463,-0.1735214812393563,1.1255671642452048
1.2737216910085998,0.6082769321105104,1.3954203730765178,1.3954203730765178,-0.8419960686951995,-0.442167990355087,-0.9083497905143536,-1.3968393760212343,-0.4057153639132397,-0.5520768893966107,-0.4820532819843823,-1.5082775823108994,-0.9560294458357764,-0.0036133272925825,-1.715995754119369,0.5503863368836847,0.0416545355694672
-2.2307610548811776,-0.8136427902786652,-1.2646182929415224,-1.2646182929415222,-0.9975281130132504,-1.4110098793017738,-1.3247672674008777,-1.3968393760212343,-1.3046699908599295,-1.1674211851515772,-0.4820532819843823,-0.6713294381990716,0.2806539795697548,0.549071332776294,-1.2805521817036758,0.5503863368836847,-0.8186953190947199
-0.7776828431707823,1.1266329106046995,-1.2646182929415224,-1.2646182929415222,1.6922613593106877,1.1471813979320262,1.3125434195471084,1.2805323325064204,0.7826380134765774,1.2939559978682893,1.4128092602512243,1.2815495647285264,0.2806539795697548,-0.8326403173958973,-0.6026457110110619,-1.1207930591923676,-0.8186953190947199
1.0172961242361769,-1.2308596345357854,1.3954203730765178,1.3954203730765178,-0.8767620550721755,-0.6672010461110813,-0.9083497905143536,-0.6750807673414826,-0.4057153639132397,-0.859749037274094,-0.4820532819843823,-0.6713294381990716,-0.1315738288987555,1.2053843666080848,-1.1370537317030494,1.3596464266010553,0.6520824719662907
-0.3503068985500777,0.0473058814673058,0.0654010400674976,0.0654010400674977,0.655686028649796,0.5691889190089748,1.3125434195471084,1.2805323325064204,1.54494875626063,0.0632674063583559,1.4128092602512243,1.2815495647285264,0.2806539795697548,-1.4544105599733834,-0.1672021385953684,-0.5478972431289096,0.6520824719662907
1.1027713131603178,-0.2756036170250652,0.0654010400674976,0.0654010400674977,-0.411995710874706,0.1043300433268115,-0.0755148367413053,-0.162984884853083,-0.4057153639132397,0.6786117021133227,-0.4820532819843823,-0.6713294381990716,-0.5438016373672659,-0.5217551961071543,-0.5729563765281737,0.5503863368836847,1.1255671642452048
1.1027713131603178,1.2504172737640034,0.0654010400674976,0.0654010400674977,-0.07348479088836,0.0707564195332838,0.8961259426605843,0.8331736116944045,0.7826380134765774,0.986283849990806,2.521232791480213,1.002566850024584,0.6928817880382653,-0.3835840310899351,1.5003488148601851,-1.073786471011429,-0.8186953190947199
-1.5469595434880503,2.069324170295699,-1.2646182929415224,-1.2646182929415222,2.327198057879672,2.2499447621521527,-0.2143206623701467,0.2342275408568957,0.49323926303345,-0.5520768893966107,2.521232791480213,-1.2292948676069568,-1.7804850627727973,-1.661667307499212,-0.4492508161828062,-0.8283757582546425,-0.8186953190947199
-1.034108409943205,0.2141352894766799,1.3954203730765178,1.3954203730765178,0.1836005294255945,0.4866114521755593,0.6185142914029015,1.2805323325064204,1.0190940096470398,-0.5520768893966107,2.521232791480213,1.839514994136412,1.1051095965067756,-0.8326403173958973,0.5206007769248748,0.3452735080097503,1.5124323266304776
-1.5469595434880503,-1.405571875397836,0.0654010400674976,0.0654010400674977,-0.933485506529347,-0.9491325325088946,-1.047155616143195,-0.6750807673414826,-1.3046699908599295,-0.859749037274094,-0.4820532819843823,0.1656187059127561,1.1051095965067756,-0.8326403173958973,0.7284261183050921,0.8856123090539809,0.0416545355694672
1.2737216910085998,-0.7130291782317746,0.0654010400674976,0.0654010400674977,-0.4961659936821218,0.0364373040170003,-0.2143206623701467,0.5587737238266685,0.1201393827003501,-0.5520768893966107,-0.4820532819843823,1.002566850024584,1.1051095965067756,0.0309294639617222,0.268241433820325,1.1482214525830774,1.5124323266304776
1.2737216910085998,-0.7512489738811157,0.0654010400674976,0.0654010400674977,-0.1466763411556781,0.2590189892195303,0.3409026401452188,-0.162984884853083,1.54494875626063,-0.5520768893966107,1.4128092602512243,-0.6713294381990716,-0.5438016373672659,-0.1072417010554968,0.7828565648570539,0.8856123090539809,1.839522160832408
1.3591968799327403,0.6551917312700767,0.0654010400674976,0.0654010400674977,0.5321752875736967,0.5340865969133195,1.173737593918267,0.8331736116944045,1.0190940096470398,1.2939559978682893,-0.4820532819843823,-0.1133640087911864,-0.9560294458357764,1.619897861659742,1.223248359686562,-0.8011647543473776,0.0416545355694672
1.4446720688568817,1.5282751881347134,-1.2646182929415224,-1.2646182929415222,1.7224528737959564,1.3390785707669346,0.8961259426605843,0.2342275408568957,0.7826380134765774,1.6016281457457726,1.4128092602512243,-1.2292948676069568,-1.7804850627727973,0.2727290027418557,0.2929825458893986,-1.073786471011429,-0.8186953190947199
0.0770690460706269,-1.545074129517931,1.3954203730765178,1.3954203730765178,-0.9133578302058346,-0.9589673627750862,-0.9083497905143536,-0.162984884853083,-0.4057153639132397,-1.1674211851515772,1.4128092602512243,0.4446014206166987,1.1051095965067756,-0.072698909801192,-0.9886070592886086,2.083554244724097,1.1255671642452048
0.5044449906913314,-0.7222974786767398,1.3954203730765178,1.3954203730765178,-1.008506845553348,-1.7348368210660794,-1.3247672674008777,-1.3968393760212343,-1.3046699908599295,-1.1674211851515772,-0.4820532819843823,-0.6713294381990716,0.2806539795697548,0.1000150464703318,0.3028789907170279,0.5503863368836847,-0.8186953190947199
-0.8631580320949231,1.2284408912656322,0.0654010400674976,0.0654010400674977,2.5248152436014304,1.5877059349510985,1.0349317682894257,1.637741372355351,0.1201393827003501,0.6786117021133227,3.3076718024868312,1.560532279432469,-0.1315738288987555,-0.6599263611243733,1.5795203734812204,-1.0909849017837396,-0.8186953190947199
-0.6067324653225004,-0.1274541341393066,0.0654010400674976,0.0654010400674977,-0.8273577586417359,-0.5386440077611788,-0.7695439648855121,-1.3968393760212343,-0.4057153639132397,-0.2444047415191273,-0.4820532819843823,-1.787260297014842,-1.3682572543042868,0.4799857502676844,-0.914383723081388,-0.5087474534096524,-0.8186953190947199
-0.7776828431707823,-1.0360820009578309,0.0654010400674976,0.0654010400674977,-0.5291021913024149,-0.0378887072165148,-0.2143206623701467,0.8331736116944045,-0.4057153639132397,-0.5520768893966107,-0.4820532819843823,1.560532279432469,1.517337404975286,0.065472255216027,0.6195652252011689,1.9574815423004484,2.122860263027301
0.0770690460706269,-0.8504771183357176,0.0654010400674976,0.0654010400674977,-0.8511450124786143,-0.4975254595104298,-0.9083497905143536,-0.162984884853083,-1.3046699908599295,-0.859749037274094,-0.4820532819843823,0.4446014206166987,1.1051095965067756,-1.21261102119325,1.5003488148601851,-0.3670770836606984,-0.8186953190947199
-0.1793565207017958,-0.6525463516166922,1.3954203730765178,1.3954203730765178,-0.9591025491229084,-1.45941861979858,-0.9083497905143536,-0.6750807673414826,-1.3046699908599295,-0.5520768893966107,-0.4820532819843823,-0.6713294381990716,-0.1315738288987555,-1.0053542736674212,-1.3943612972214137,1.3596464266010553,0.6520824719662907
1.5301472577810225,0.3610426290038349,-1.2646182929415224,-1.2646182929415222,-0.2967190192036801,0.1215927676335997,0.2020968145163774,0.2342275408568957,0.1201393827003501,0.6786117021133227,-0.4820532819843823,-0.6713294381990716,-0.9560294458357764,0.2381862114875509,-1.3993095196352283,-0.952176756406961,-0.8186953190947199
0.3334946128430496,0.911025488397854,-1.2646182929415224,-1.2646182929415222,1.2430482195450232,1.1070001902283508,0.8961259426605843,0.8331736116944045,1.2190147058053171,0.3709395542358393,1.4128092602512243,-0.1133640087911864,-0.9560294458357764,-0.2799556573270207,-1.339930850669452,-1.073786471011429,-0.8186953190947199
-0.008406142853514,0.1103685442887186,-1.2646182929415224,-1.2646182929415222,-0.6077831078397817,-0.1233482143542841,-0.353126487998988,-0.6750807673414826,-0.4057153639132397,0.3709395542358393,-0.4820532819843823,-1.5082775823108994,-1.3682572543042868,0.7908708715564274,0.2138109872683636,-0.7713565969387494,-0.8186953190947199
-0.3503068985500777,-0.9342262455523364,0.0654010400674976,0.0654010400674977,-0.9682514929063232,-1.145122726692252,-1.1859614417720363,-1.3968393760212343,-1.3046699908599295,-0.859749037274094,-0.4820532819843823,-0.1133640087911864,1.1051095965067756,-1.661667307499212,0.9313032372714952,0.1069570338863763,-0.8186953190947199
-0.6067324653225004,-1.5132561496398549,-1.2646182929415224,-1.2646182929415222,-0.788932194751394,-0.3440881712847998,-0.7695439648855121,-0.6750807673414826,-0.4057153639132397,-0.5520768893966107,-0.4820532819843823,-0.1133640087911864,0.6928817880382653,-0.7635547348872876,0.6937885614083892,-0.5087474534096524,-0.8186953190947199
-0.3503068985500777,-0.8070976502737155,0.0654010400674976,0.0654010400674977,-0.8950599426390051,-0.9803096467139544,-0.7695439648855121,-0.162984884853083,-0.4057153639132397,-0.859749037274094,-0.4820532819843823,0.1656187059127561,0.6928817880382653,0.9635848278279514,-1.7011510868779252,1.0244204544307591,0.6520824719662907
-0.4357820874742186,-1.1186367595604074,0.0654010400674976,0.0654010400674977,-0.9243365627459325,-0.8548680632091767,-1.047155616143195,-0.6750807673414826,-1.3046699908599295,-0.859749037274094,-0.4820532819843823,0.1656187059127561,1.1051095965067756,1.3090127403709992,0.0158820907157756,-0.1735214812393563,-0.8186953190947199
1.3591968799327403,0.6043116283118912,2.7254397060855378,2.7254397060855378,1.3647291718644394,1.2359704838206862,0.757320117031743,1.79262821499482,0.49323926303345,-0.5520768893966107,-0.4820532819843823,2.397480423544297,0.6928817880382653,1.1017559928451706,0.6344098924426131,0.830864852009418,2.122860263027301
0.2480194239189087,-0.8738389684263774,0.0654010400674976,0.0654010400674977,-0.9096982526924688,-0.7175861916225862,-1.047155616143195,-1.3968393760212343,-0.4057153639132397,-0.859749037274094,-0.4820532819843823,-0.9503121529030142,-0.1315738288987555,0.065472255216027,-1.7258921989469986,-0.1735214812393563,-0.8186953190947199
-0.7776828431707823,-1.6486975504722077,0.0654010400674976,0.0654010400674977,-0.933485506529347,-0.9491325325088946,-1.047155616143195,-0.6750807673414826,-0.4057153639132397,-1.1674211851515772,-0.4820532819843823,0.1656187059127561,1.1051095965067756,1.032670410336561,1.2331448045141915,0.8856123090539809,0.0416545355694672
0.1625442349947678,0.2133231188191313,0.0654010400674976,0.0654010400674977,0.2448984527744734,0.4766685852627974,0.757320117031743,0.5587737238266685,0.7826380134765774,0.986283849990806,-0.4820532819843823,-0.1133640087911864,-0.5438016373672659,-1.3162393949561642,0.4612221079590983,-0.3670770836606984,0.6520824719662907
-0.7776828431707823,-1.1087473874361404,0.0654010400674976,0.0654010400674977,-0.8676131112887608,-0.6038915451458886,-0.9083497905143536,-0.6750807673414826,0.1201393827003501,-1.1674211851515772,1.4128092602512243,-0.1133640087911864,0.6928817880382653,0.1691006289789414,-0.2067879179058859,-0.3670770836606984,-0.8186953190947199
-1.5469595434880503,-1.758913886175995,0.0654010400674976,0.0654010400674977,-0.8932301538823222,-0.5794498619416776,-1.047155616143195,-0.6750807673414826,-0.4057153639132397,-1.1674211851515772,-0.4820532819843823,0.4446014206166987,1.517337404975286,1.516269487896828,0.8026494545123128,0.8856123090539809,0.0416545355694672
0.931820935312036,-0.9402936381116692,0.0654010400674976,0.0654010400674977,-0.9993579017699332,-1.7660856969309722,-1.1859614417720363,-1.3968393760212343,-1.3046699908599295,-0.859749037274094,-0.4820532819843823,-1.2292948676069568,-0.5438016373672659,-1.6962100987535167,-0.1078234696295919,0.1069570338863763,-0.8186953190947199
0.4189698017671905,0.7864289545810018,0.0654010400674976,0.0654010400674977,1.1762609299260955,0.645190310278761,2.006572547691315,1.637741372355351,1.3921938899801396,1.2939559978682893,-0.4820532819843823,1.839514994136412,0.2806539795697548,0.1691006289789414,1.228196582100377,-0.2588737528336856,1.5124323266304776
-0.1793565207017958,1.083683415243753,-1.2646182929415224,-1.2646182929415222,1.2220056488431692,0.974177612840714,1.173737593918267,1.2805323325064204,1.54494875626063,-0.2444047415191273,1.4128092602512243,0.4446014206166987,-0.9560294458357764,-0.9708114824131164,0.0554678700262931,-1.1065825691090454,-0.8186953190947199
-0.1793565207017958,1.9035935814112437,-1.2646182929415224,-1.2646182929415222,1.5833889282880522,1.276130267214528,0.8961259426605843,1.2805323325064204,1.2190147058053171,-0.2444047415191273,-0.4820532819843823,0.4446014206166987,-0.9560294458357764,0.3072717939961605,0.8620281234780893,-1.073786471011429,-0.8186953190947199
-0.008406142853514,0.8045355827698771,-1.2646182929415224,-1.2646182929415222,0.9566862791241414,1.2315146498551532,0.3409026401452188,0.2342275408568957,0.7826380134765774,0.3709395542358393,-0.4820532819843823,-0.9503121529030142,-1.3682572543042868,-1.5925817249906025,-1.7308404213608135,-0.982781570956727,-0.8186953190947199
-0.6922076542466413,-0.993658027787062,0.0654010400674976,0.0654010400674977,-0.938974872799396,-0.7546787393270175,-1.1859614417720363,-1.3968393760212343,-1.3046699908599295,-0.859749037274094,-0.4820532819843823,-0.1133640087911864,1.1051095965067756,1.7235262354226566,0.8372870114090157,0.1069570338863763,-0.8186953190947199
-0.3503068985500777,1.3251847490030269,-1.2646182929415224,-1.2646182929415222,1.3089206147856094,1.20737982071333,0.757320117031743,0.5587737238266685,1.2190147058053171,0.3709395542358393,1.4128092602512243,-0.6713294381990716,-1.3682572543042868,0.7217852890478179,-1.5131186351529666,-1.0547274587736004,-0.8186953190947199
-0.948633221019064,-1.136265640303666,-1.2646182929415224,-1.2646182929415222,-0.4668893735751945,0.098945074088172,-0.2143206623701467,0.5587737238266685,-0.4057153639132397,-0.2444047415191273,-0.4820532819843823,1.002566850024584,1.1051095965067756,0.549071332776294,1.5597274838259618,-0.27842076318998,0.0416545355694672
0.931820935312036,-0.6937281814288573,1.3954203730765178,1.3954203730765178,-0.9261663515026152,-1.2521450742960876,-0.7695439648855121,-0.162984884853083,-1.3046699908599295,-0.5520768893966107,-0.4820532819843823,-0.6713294381990716,-0.5438016373672659,-0.1763272835641064,-1.1420019541168642,1.6792747314460452,1.1255671642452048
-0.2648317096259368,-0.2595035281077802,1.3954203730765178,1.3954203730765178,-0.8712726888021267,-0.6288270329847909,-0.9083497905143536,-0.6750807673414826,-1.3046699908599295,-0.5520768893966107,-0.4820532819843823,-0.1133640087911864,0.6928817880382653,-1.488953351227688,-0.3453381454926974,1.3596464266010553,0.6520824719662907
-0.1793565207017958,-0.703665328297686,0.0654010400674976,0.0654010400674977,-0.9078684639357858,-0.7014517832074721,-1.047155616143195,-1.3968393760212343,0.1201393827003501,-1.1674211851515772,1.4128092602512243,-0.6713294381990716,0.2806539795697548,-1.3853249774647738,-1.3003450713589344,-0.1735214812393563,-0.8186953190947199
1.3591968799327403,-0.1983518550688344,0.0654010400674976,0.0654010400674977,0.1588983812103747,0.4620617323247785,0.6185142914029015,0.8331736116944045,0.49323926303345,0.6786117021133227,-0.4820532819843823,0.4446014206166987,-0.1315738288987555,1.5853550704054375,0.2088627648545489,0.02564520316476,1.1255671642452048
0.8463457463878951,0.4455083773888788,0.0654010400674976,0.0654010400674977,0.0811323590513493,0.454288715233219,0.4797084657740602,0.5587737238266685,1.0190940096470398,0.0632674063583559,1.4128092602512243,-0.392346723495129,-0.9560294458357764,0.7217852890478179,-1.4191024092904874,-0.616950784236665,0.0416545355694672
1.2737216910085998,-0.6142310064782277,1.3954203730765178,1.3954203730765178,-0.9408046615560788,-1.0300969405945166,-1.047155616143195,-0.6750807673414826,-1.3046699908599295,-0.859749037274094,-0.4820532819843823,0.1656187059127561,1.1051095965067756,1.481726696642523,1.2331448045141915,1.803075729598364,0.6520824719662907
-1.8888602991846144,-2.0938148455533465,-1.2646182929415224,-1.2646182929415222,-0.713910855727393,2.3262220298943888,-1.6023789186585604,-2.6306938671893856,-0.4057153639132397,-1.782765480906544,-0.4820532819843823,2.67646313824824,5.639615489660391,0.4454429590133796,1.460763035549668,17.62360717161721,3.593638054088312
0.5899201796154724,1.1573998461024193,-1.2646182929415224,-1.2646182929415222,0.7160690576203333,1.2493691979930177,0.063290988887536,0.2342275408568957,1.0190940096470398,-0.5520768893966107,1.4128092602512243,-0.9503121529030142,-1.3682572543042868,1.2399271578623896,-1.5675490817049285,-0.9170320787253609,-0.8186953190947199
-1.4614843545639096,-0.8182291657565861,0.0654010400674976,0.0654010400674977,-0.973740859176372,-1.2343855640425854,-1.1859614417720363,-1.3968393760212343,-0.4057153639132397,-1.1674211851515772,-0.4820532819843823,-0.6713294381990716,0.2806539795697548,-1.6271245162449073,-0.0979270248019624,0.1069570338863763,-0.8186953190947199
0.3334946128430496,-0.8927577672728013,0.0654010400674976,0.0654010400674977,-0.8163790261016381,-0.4798583896904603,-0.7695439648855121,-0.6750807673414826,-0.4057153639132397,-0.5520768893966107,-0.4820532819843823,-0.1133640087911864,0.6928817880382653,-1.6962100987535167,1.3370574752043003,1.0244204544307591,0.6520824719662907
0.2480194239189087,-0.8728356987905822,0.0654010400674976,0.0654010400674977,-0.8163790261016381,-0.2992008730281957,-0.9083497905143536,-0.6750807673414826,-1.3046699908599295,-0.5520768893966107,-0.4820532819843823,-0.9503121529030142,-0.5438016373672659,1.4471839053882185,-0.3799757023894005,-0.3670770836606984,-0.8186953190947199
0.7608705574637542,1.203072501903382,0.0654010400674976,0.0654010400674977,0.9008777220453114,0.5306563185829201,1.8677667220624736,1.070869606315068,1.3921938899801396,1.909300293623256,-0.4820532819843823,0.1656187059127561,-0.9560294458357764,-1.5925817249906025,-0.469043705838065,-1.1669057793013278,-0.8186953190947199
-1.2905339767156276,-0.7958705853017215,0.0654010400674976,0.0654010400674977,-0.2409104621248501,0.3928898810393085,-0.0755148367413053,0.8331736116944045,-0.4057153639132397,-0.2444047415191273,-0.4820532819843823,1.2815495647285264,1.1051095965067756,0.6526997065392084,1.1836625803760443,1.3596464266010553,1.839522160832408
0.2480194239189087,-0.3499888943075954,0.0654010400674976,0.0654010400674977,0.2247707764509609,0.3926726000479985,0.8961259426605843,0.8331736116944045,0.1201393827003501,1.6016281457457726,1.4128092602512243,0.4446014206166987,-0.1315738288987555,1.6889834441683518,0.0257785355434049,0.4593814368289822,1.839522160832408
0.3334946128430496,0.911025488397854,-1.2646182929415224,-1.2646182929415222,1.2430482195450232,1.1070001902283508,0.8961259426605843,0.8331736116944045,1.2190147058053171,0.3709395542358393,1.4128092602512243,-0.1133640087911864,-0.9560294458357764,-0.2799556573270207,-1.339930850669452,-1.073786471011429,-0.8186953190947199
0.2480194239189087,-1.1031577423224244,1.3954203730765178,1.3954203730765178,-1.0176557893367628,-2.089912638695277,-1.3247672674008777,-1.3968393760212343,-1.3046699908599295,-1.1674211851515772,1.4128092602512243,-0.1133640087911864,1.1051095965067756,-1.1435254386846403,-1.6318759730845194,0.5503863368836847,-0.8186953190947199
1.7010976356293042,0.8237888048282328,-1.2646182929415224,-1.2646182929415222,2.7096239080264084,1.4268287653518723,1.5901550708047911,1.070869606315068,1.54494875626063,0.986283849990806,-0.4820532819843823,0.7235841353206414,-0.1315738288987555,1.1362987840994754,0.7135814510636482,-1.1457323588283028,-0.8186953190947199
-0.0938813317776549,-1.2371659008179268,1.3954203730765178,1.3954203730765178,-0.937145084042713,-0.9889509749023732,-1.047155616143195,-1.3968393760212343,0.1201393827003501,-1.1674211851515772,-0.4820532819843823,-0.6713294381990716,0.2806539795697548,-1.661667307499212,0.7234778958912774,0.8856123090539809,0.0416545355694672
-1.205058787791487,-1.1826549172730538,0.0654010400674976,0.0654010400674977,-0.971911070419689,-1.2039083447629702,-1.1859614417720363,-1.3968393760212343,-1.3046699908599295,-0.859749037274094,-0.4820532819843823,-0.392346723495129,0.6928817880382653,0.5145285415219892,0.4760667752005427,0.1069570338863763,-0.8186953190947199
-1.3760091656397686,0.8953553721816241,-1.2646182929415224,-1.2646182929415222,0.7316222620521384,0.7371860260619101,1.0349317682894257,-0.162984884853083,1.0190940096470398,1.909300293623256,-0.4820532819843823,-1.2292948676069568,-1.3682572543042868,0.6526997065392084,1.376643254514818,-1.0909849017837396,-0.8186953190947199
-0.4357820874742186,-0.4442006905832213,0.0654010400674976,0.0654010400674977,-0.5455702901125614,-0.0768004482054849,-0.2143206623701467,0.8331736116944045,-0.4057153639132397,-0.5520768893966107,-0.4820532819843823,1.2815495647285264,1.1051095965067756,1.6889834441683518,1.5597274838259618,0.7047921495857695,1.1255671642452048
1.5301472577810225,0.0696166871776086,-1.2646182929415224,-1.2646182929415222,-0.5309319800590978,-0.0421521472689883,-0.2143206623701467,0.5587737238266685,-0.4057153639132397,-0.2444047415191273,-0.4820532819843823,0.7235841353206414,0.6928817880382653,-0.5908407786157638,-0.1474092489401094,-0.8283757582546425,-0.8186953190947199
1.4446720688568817,0.97332375530628,-1.2646182929415224,-1.2646182929415222,1.2476226914367303,0.9878484055668916,1.173737593918267,0.8331736116944045,1.3921938899801396,0.6786117021133227,-0.4820532819843823,-0.1133640087911864,-0.9560294458357764,1.3090127403709992,1.1143874665826388,-1.1065825691090454,-0.8186953190947199
-1.5469595434880503,0.7524611111976499,-1.2646182929415224,-1.2646182929415222,0.5605370133022824,0.8843646281844322,0.4797084657740602,-0.6750807673414826,1.54494875626063,0.0632674063583559,-0.4820532819843823,-1.787260297014842,-1.7804850627727973,1.2053843666080848,0.5008078872696163,-1.0096730710621231,-0.8186953190947199
1.7010976356293042,0.52505332708407,1.3954203730765178,1.3954203730765178,1.1158779009555582,1.1725577014305602,0.6185142914029015,-0.162984884853083,0.7826380134765774,1.2939559978682893,1.4128092602512243,0.4446014206166987,1.1051095965067756,-1.5925817249906025,1.3964361441700768,2.0022424140024806,2.9832101176914887
0.931820935312036,0.6373717515485714,1.3954203730765178,1.3954203730765178,0.9393032859356534,0.6508476644695186,1.5901550708047911,1.070869606315068,1.2190147058053171,1.6016281457457726,1.4128092602512243,0.7235841353206414,-0.1315738288987555,-0.5217551961071543,-0.073185912732889,-0.876255878889373,0.0416545355694672
-1.5469595434880503,-0.470811223304075,-1.2646182929415224,-1.2646182929415222,0.1515792261836429,0.3859906754402564,0.757320117031743,0.5587737238266685,0.1201393827003501,1.6016281457457726,-0.4820532819843823,0.1656187059127561,-0.1315738288987555,-0.9017258999045068,0.8966656803747922,-0.7023030558309942,0.0416545355694672
-0.3503068985500777,-0.7641481549127683,1.3954203730765178,1.3954203730765178,-0.9499536053394936,-0.8870481082377737,-1.1859614417720363,-1.3968393760212343,-0.4057153639132397,-1.1674211851515772,1.4128092602512243,-0.9503121529030142,-0.1315738288987555,-0.4181268223442398,-1.5477561920496696,1.3596464266010553,0.0416545355694672
0.4189698017671905,0.6531374172539246,0.0654010400674976,0.0654010400674977,-0.1137401435353849,0.2251247196059995,0.4797084657740602,0.2342275408568957,0.7826380134765774,0.6786117021133227,-0.4820532819843823,-0.9503121529030142,-1.3682572543042868,-0.9362686911588116,-1.3597237403247109,-1.0096730710621231,-0.8186953190947199
0.6753953685396132,-1.6718683015846203,1.3954203730765178,1.3954203730765178,-0.970081281663006,-1.4205409279597512,-1.047155616143195,-1.3968393760212343,-0.4057153639132397,-0.859749037274094,-0.4820532819843823,-0.392346723495129,0.6928817880382653,-1.0398970649217258,1.4904523700325565,1.803075729598364,0.6520824719662907
-1.974335488108755,1.5131783688532237,-1.2646182929415224,-1.2646182929415222,1.6282187528267844,1.1183324963924666,1.3125434195471084,0.2342275408568957,1.8052020693197453,0.6786117021133227,2.521232791480213,-1.2292948676069568,-1.7804850627727973,-1.4544105599733834,-1.4586881886010048,-1.1207930591923676,-0.8186953190947199
0.3334946128430496,0.5886415120956614,0.0654010400674976,0.0654010400674977,2.196368161776841,1.197687764277794,1.7289608964336325,1.2805323325064204,1.6815926404232675,0.6786117021133227,-0.4820532819843823,1.2815495647285264,0.2806539795697548,0.1000150464703318,1.688381266585144,0.4813327957759297,2.372782181294665
1.1027713131603178,-1.411782592190854,-1.2646182929415224,-1.2646182929415222,-1.0066770567966652,-1.6746168452883827,-1.3247672674008777,-1.3968393760212343,-1.3046699908599295,-1.1674211851515772,-0.4820532819843823,-0.1133640087911864,1.1051095965067756,1.4471839053882185,1.6834330441713294,0.5503863368836847,-0.8186953190947199
-0.7776828431707823,0.7246562098627543,-1.2646182929415224,-1.2646182929415222,0.6181753591377954,0.4886842366865782,1.4513492451759498,-0.162984884853083,1.3921938899801396,2.2169724415007392,-0.4820532819843823,-1.2292948676069568,-1.3682572543042868,1.516269487896828,-1.1716912885997524,-1.1337935730163105,-0.8186953190947199
-0.1793565207017958,-0.905943596771824,0.0654010400674976,0.0654010400674977,-0.9554429716095424,-1.4110098793017738,-0.9083497905143536,-0.162984884853083,-1.3046699908599295,-0.859749037274094,-0.4820532819843823,0.4446014206166987,1.1051095965067756,0.998127619082256,-1.5774455265325578,0.5503863368836847,0.0416545355694672
0.2480194239189087,0.9009450172953404,0.0654010400674976,0.0654010400674977,1.4864101241838557,1.2302511933577962,0.8961259426605843,0.5587737238266685,1.2190147058053171,0.6786117021133227,-0.4820532819843823,-0.392346723495129,-0.9560294458357764,-0.9017258999045068,1.0846981320997506,0.4593814368289822,1.839522160832408
1.1882465020844588,0.3855510729639749,0.0654010400674976,0.0654010400674977,0.3620049332021823,0.4548777224827396,1.0349317682894257,1.4680820320250476,0.1201393827003501,0.986283849990806,-0.4820532819843823,1.560532279432469,0.2806539795697548,1.17084157535378,1.0995427993411948,-0.4659387821770815,0.6520824719662907
1.3591968799327403,-0.579642091415574,0.0654010400674976,0.0654010400674977,-0.9536131828528596,-1.1859768235457795,-1.047155616143195,-0.6750807673414826,-1.3046699908599295,-0.859749037274094,-0.4820532819843823,-0.6713294381990716,-0.1315738288987555,1.481726696642523,-1.1321055092892347,0.8856123090539809,0.0416545355694672
0.931820935312036,-0.2505696508747467,-1.2646182929415224,-1.2646182929415222,-0.18510190504602,0.3778746992544867,0.063290988887536,0.8331736116944045,-0.4057153639132397,0.0632674063583559,-0.4820532819843823,0.7235841353206414,0.2806539795697548,-1.5580389337362976,-0.0385483558361861,-0.9170320787253609,-0.8186953190947199
0.6753953685396132,1.7434048628959424,-1.2646182929415224,-1.2646182929415222,2.550432286194992,1.5964551894869037,1.0349317682894257,0.2342275408568957,1.3921938899801396,0.986283849990806,1.4128092602512243,-1.2292948676069568,-1.7804850627727973,-0.5908407786157638,0.0356749803710343,-1.0909849017837396,-0.8186953190947199
-1.034108409943205,1.6872217632914108,-1.2646182929415224,-1.2646182929415222,1.3354525517575122,0.8715934566287862,1.5901550708047911,0.8331736116944045,1.3921938899801396,1.6016281457457726,2.521232791480213,-0.392346723495129,-1.3682572543042868,-0.7635547348872876,0.3474129924413605,-1.1457323588283028,-0.8186953190947199
-0.6067324653225004,-1.1918754429734577,1.3954203730765178,1.3954203730765178,-0.9993579017699332,-1.7660856969309722,-1.1859614417720363,-1.3968393760212343,-1.3046699908599295,-0.859749037274094,-0.4820532819843823,-0.392346723495129,0.6928817880382653,-1.350782186210469,-0.2018396954920712,1.3596464266010553,0.0416545355694672
0.0770690460706269,-0.0879444203868001,0.0654010400674976,0.0654010400674977,-0.3150169067705096,0.1803047839470612,0.063290988887536,0.2342275408568957,-0.4057153639132397,0.6786117021133227,-0.4820532819843823,-0.1133640087911864,-0.1315738288987555,-1.3853249774647738,-0.9688141696333497,-0.4429979611782864,0.0416545355694672
-0.7776828431707823,-0.5179171214418881,0.0654010400674976,0.0654010400674977,-1.003017479283299,-1.562333593668681,-1.3247672674008777,-1.3968393760212343,-1.3046699908599295,-1.1674211851515772,-0.4820532819843823,-0.392346723495129,0.6928817880382653,0.549071332776294,0.3919469941656926,0.5503863368836847,-0.8186953190947199
0.3334946128430496,0.689828421077292,-1.2646182929415224,-1.2646182929415222,0.6602605005415033,1.3075225303872668,-0.0755148367413053,0.2342275408568957,0.49323926303345,-0.2444047415191273,-0.4820532819843823,-0.9503121529030142,-1.3682572543042868,0.6526997065392084,-1.2360181799793433,-0.876255878889373,-0.8186953190947199
-0.1793565207017958,-0.723300748312535,0.0654010400674976,0.0654010400674977,-0.3863786682811447,0.0566164674036892,0.063290988887536,1.070869606315068,0.1201393827003501,-0.5520768893966107,-0.4820532819843823,1.839514994136412,1.517337404975286,-1.1435254386846403,1.163869690720786,1.181174846716828,1.839522160832408
1.1027713131603178,1.3186396089980772,-1.2646182929415224,-1.2646182929415222,1.5202612161824904,1.534739739372844,0.3409026401452188,0.5587737238266685,1.2190147058053171,-0.5520768893966107,-0.4820532819843823,-0.392346723495129,-0.9560294458357764,-1.2816966037018591,1.5943650407226648,-0.982781570956727,-0.8186953190947199
-1.119583598867346,-0.5434766097823849,0.0654010400674976,0.0654010400674977,-1.012166423066714,-1.8648795829392828,-1.3247672674008777,-2.6306938671893856,-1.3046699908599295,-0.859749037274094,-0.4820532819843823,-1.5082775823108994,-0.5438016373672659,1.5853550704054375,-0.1869950282506271,0.5503863368836847,-0.8186953190947199
-0.0938813317776549,1.1222376341050255,-1.2646182929415224,-1.2646182929415222,2.2439426694505973,1.550103044188767,0.8961259426605843,0.5587737238266685,1.54494875626063,0.0632674063583559,1.4128092602512243,-0.392346723495129,-0.9560294458357764,-1.1435254386846403,0.7828565648570539,-1.073786471011429,-0.8186953190947199
-0.6922076542466413,0.1136172269189126,0.0654010400674976,0.0654010400674977,0.7270477901604311,0.6189232526583415,1.3125434195471084,1.79262821499482,1.2190147058053171,-0.2444047415191273,-0.4820532819843823,2.67646313824824,1.1051095965067756,-0.1072417010554968,0.7729601200294246,-0.27842076318998,1.1255671642452048
-0.0938813317776549,-1.3229693420506976,1.3954203730765178,1.3954203730765178,-1.008506845553348,-2.02969266291758,-1.1859614417720363,-1.3968393760212343,-1.3046699908599295,-0.859749037274094,-0.4820532819843823,-1.2292948676069568,-0.5438016373672659,-1.5925817249906025,-0.4640954834242504,1.3596464266010553,0.0416545355694672
0.931820935312036,1.557704430784706,-1.2646182929415224,-1.2646182929415222,-0.0826337346717748,-0.1147121899151549,1.3125434195471084,1.4680820320250476,1.6815926404232675,-0.5520768893966107,3.917681290782164,1.2815495647285264,-0.1315738288987555,1.0672132015908655,0.92635501485768,-1.4262108739540356,-2.2894731101557304
-1.205058787791487,-0.3859632769625377,0.0654010400674976,0.0654010400674977,-0.9975281130132504,-1.4110098793017738,-1.3247672674008777,-1.3968393760212343,-1.3046699908599295,-1.1674211851515772,-0.4820532819843823,-0.6713294381990716,0.2806539795697548,0.9635848278279514,-1.4685846334286343,0.5503863368836847,-0.8186953190947199
0.931820935312036,0.9476687174766598,-1.2646182929415224,-1.2646182929415222,0.8331755380480422,1.0753201891305078,0.4797084657740602,0.2342275408568957,1.3921938899801396,-0.2444047415191273,-0.4820532819843823,-0.9503121529030142,-1.3682572543042868,-1.6962100987535167,-1.2360181799793433,-1.0096730710621231,-0.8186953190947199
-0.3503068985500777,1.6238246772580662,-1.2646182929415224,-1.2646182929415222,1.992346715406692,1.4527829072128018,0.8961259426605843,0.8331736116944045,1.2190147058053171,0.3709395542358393,1.4128092602512243,-0.392346723495129,-1.3682572543042868,0.4454429590133796,-1.5972384161878166,-1.073786471011429,-0.8186953190947199
-0.4357820874742186,-0.6050582555223858,0.0654010400674976,0.0654010400674977,-0.7962513497781257,-0.3788584893898943,-0.7695439648855121,-0.6750807673414826,-0.4057153639132397,-0.5520768893966107,-0.4820532819843823,-0.6713294381990716,-0.1315738288987555,1.4471839053882185,-1.4339470765319315,0.3005126363077182,0.0416545355694672
0.8463457463878951,0.9321897002386766,-1.2646182929415224,-1.2646182929415222,0.3821326095256948,0.741239444049622,0.4797084657740602,0.2342275408568957,1.0190940096470398,0.3709395542358393,-0.4820532819843823,-0.9503121529030142,-1.3682572543042868,-0.867183108650202,-0.2166843627335154,-1.0096730710621231,-0.8186953190947199
-0.2648317096259368,-0.6342963991941318,1.3954203730765178,1.3954203730765178,-0.9060386751791027,-0.8948352928571242,-0.9083497905143536,-0.162984884853083,-1.3046699908599295,-0.859749037274094,-0.4820532819843823,0.4446014206166987,1.1051095965067756,-1.6271245162449073,0.090105426922996,1.3596464266010553,0.6520824719662907
0.3334946128430496,0.257084784837627,1.3954203730765178,1.3954203730765178,-0.8182088148583212,-0.4894636106790955,-0.7695439648855121,-0.6750807673414826,-0.4057153639132397,-0.5520768893966107,-0.4820532819843823,-1.2292948676069568,-0.9560294458357764,-0.9362686911588116,-1.21127706791027,1.0244204544307591,0.6520824719662907
-0.8631580320949231,0.4763230876311601,0.0654010400674976,0.0654010400674977,-0.2637828215833869,0.1733876959002568,0.2020968145163774,0.2342275408568957,0.1201393827003501,0.6786117021133227,-0.4820532819843823,-0.392346723495129,-0.5438016373672659,0.2381862114875509,-0.1375128041124801,-0.952176756406961,-0.8186953190947199
0.931820935312036,1.3352174453609789,0.0654010400674976,0.0654010400674977,0.5486433863838434,1.2248005915877134,-0.0755148367413053,0.2342275408568957,0.49323926303345,-0.2444047415191273,-0.4820532819843823,-1.2292948676069568,-1.7804850627727973,0.1691006289789414,-1.6170313058430754,-0.876255878889373,-0.8186953190947199
-1.4614843545639096,1.3881040875907549,-1.2646182929415224,-1.2646182929415222,0.3437070456353528,0.8697247739585157,0.2020968145163774,-0.162984884853083,0.49323926303345,0.6786117021133227,-0.4820532819843823,-1.5082775823108994,-1.7804850627727973,0.7563280803021227,1.2479894717556357,-0.952176756406961,-0.8186953190947199
-1.119583598867346,-1.1592452924378325,0.0654010400674976,0.0654010400674977,-1.0176557893367628,-2.089912638695277,-1.3247672674008777,-1.3968393760212343,-1.3046699908599295,-1.1674211851515772,-0.4820532819843823,-0.392346723495129,0.6928817880382653,-0.3835840310899351,0.3869987717518779,0.5503863368836847,-0.8186953190947199
-0.8631580320949231,0.2350606275946941,0.0654010400674976,0.0654010400674977,0.6748988105949669,0.529198413621394,1.4513492451759498,0.5587737238266685,1.54494875626063,1.2939559978682893,-0.4820532819843823,0.1656187059127561,-0.1315738288987555,0.4454429590133796,0.9362514596853098,-0.8533150578905776,0.0416545355694672
-0.5212572763983595,1.5275585669662883,-1.2646182929415224,-1.2646182929415222,1.9548360458946912,1.5733827678166403,0.6185142914029015,0.2342275408568957,1.3921938899801396,0.0632674063583559,3.3076718024868312,-1.2292948676069568,-1.7804850627727973,0.998127619082256,-0.4443025937689914,-1.4262108739540356,-2.2894731101557304
-0.8631580320949231,0.1125184077939941,0.0654010400674976,0.0654010400674977,-0.3680807807143151,0.1850736823436614,-0.0755148367413053,0.2342275408568957,-0.4057153639132397,0.3709395542358393,-0.4820532819843823,-0.1133640087911864,-0.1315738288987555,-1.0744398561760309,0.2533967665788811,-0.3670770836606984,0.0416545355694672
-1.4614843545639096,-0.6376406313134492,0.0654010400674976,0.0654010400674977,-0.2290168352064109,0.2258001038460785,0.2020968145163774,1.070869606315068,0.1201393827003501,-0.2444047415191273,-0.4820532819843823,1.560532279432469,1.1051095965067756,1.5853550704054375,-0.1127716920434065,1.0244204544307591,1.839522160832408
-0.0938813317776549,0.0636448441073991,0.0654010400674976,0.0654010400674977,-0.5510596563826103,-0.0900484966972241,-0.2143206623701467,0.2342275408568957,-0.4057153639132397,0.0632674063583559,-0.4820532819843823,-0.1133640087911864,-0.1315738288987555,0.5836141240305988,-0.5333705972176561,-0.27842076318998,0.0416545355694672
-0.2648317096259368,-1.0430093389192736,0.0654010400674976,0.0654010400674977,-0.9279961402592982,-0.8917145208583724,-1.047155616143195,-0.6750807673414826,-1.3046699908599295,-0.859749037274094,-0.4820532819843823,0.1656187059127561,1.1051095965067756,-0.7290119436329829,-1.2706557368760465,-0.1735214812393563,-0.8186953190947199
0.7608705574637542,1.155679955298199,-1.2646182929415224,-1.2646182929415222,1.3592398055943906,1.105000748814953,1.0349317682894257,0.2342275408568957,1.0190940096470398,1.6016281457457726,1.4128092602512243,-0.9503121529030142,-1.3682572543042868,0.998127619082256,-0.6323350454939501,-1.0909849017837396,-0.8186953190947199
1.4446720688568817,-0.0470492390420051,0.0654010400674976,0.0654010400674977,-0.9243365627459325,-0.8548680632091767,-1.047155616143195,-0.6750807673414826,-1.3046699908599295,-0.859749037274094,-0.4820532819843823,-0.6713294381990716,-0.1315738288987555,-1.2471538124475547,-1.7011510868779252,-0.1735214812393563,-0.8186953190947199
-0.0938813317776549,-1.7456802819324106,-1.2646182929415224,-1.2646182929415222,-0.9225067739892494,-1.0441228263916855,-0.9083497905143536,-0.6750807673414826,-1.3046699908599295,-0.5520768893966107,-0.4820532819843823,-0.6713294381990716,-0.1315738288987555,-0.7635547348872876,-0.1177199144572214,0.5503863368836847,0.0416545355694672
-0.4357820874742186,0.6501276083465389,0.0654010400674976,0.0654010400674977,-0.0112719731611397,0.2782107736017465,0.6185142914029015,0.8331736116944045,0.1201393827003501,0.986283849990806,1.4128092602512243,0.4446014206166987,-0.1315738288987555,-1.1089826474303357,-1.0083999489438673,-0.6620051719481421,0.0416545355694672
0.3334946128430496,0.6987145235657639,1.3954203730765178,1.3954203730765178,-0.4687191623318775,-0.0084499942396036,-0.0755148367413053,0.2342275408568957,-0.4057153639132397,0.3709395542358393,-0.4820532819843823,-0.392346723495129,-0.5438016373672659,0.7563280803021227,-1.607134861015446,1.7311298417814909,2.122860263027301
1.2737216910085998,1.1904599693390994,-1.2646182929415224,-1.2646182929415222,1.075622548308533,1.3020012605504008,0.3409026401452188,-0.6750807673414826,0.1201393827003501,1.6016281457457726,-0.4820532819843823,-1.787260297014842,-1.7804850627727973,1.032670410336561,0.669047449339316,-0.982781570956727,-0.8186953190947199
-1.205058787791487,1.425750586305356,-1.2646182929415224,-1.2646182929415222,0.8359202211830666,1.1555713446562998,0.3409026401452188,1.2805323325064204,0.1201393827003501,-0.2444047415191273,1.4128092602512243,1.002566850024584,-0.1315738288987555,-1.661667307499212,0.6492545596840571,-0.982781570956727,-0.8186953190947199
-0.3503068985500777,0.1247487424017832,1.3954203730765178,1.3954203730765178,-1.010336634310031,-1.798146322031272,-1.3247672674008777,-1.3968393760212343,-1.3046699908599295,-1.1674211851515772,-0.4820532819843823,-0.9503121529030142,-0.1315738288987555,0.998127619082256,-1.0578821730820145,0.5503863368836847,-0.8186953190947199
0.7608705574637542,2.2416954486742275,-1.2646182929415224,-1.2646182929415222,2.2805384445842565,1.5636404945993512,0.8961259426605843,0.2342275408568957,1.2190147058053171,0.986283849990806,1.4128092602512243,-1.2292948676069568,-1.7804850627727973,-0.9017258999045068,-1.097467952392532,-1.4262108739540356,-2.2894731101557304
-1.2905339767156276,-1.7001031756205711,0.0654010400674976,0.0654010400674977,-0.9591025491229084,-1.45941861979858,-0.9083497905143536,-0.162984884853083,-1.3046699908599295,-0.859749037274094,-0.4820532819843823,0.4446014206166987,1.1051095965067756,0.8944992453193418,-0.2513219196302182,1.3596464266010553,0.6520824719662907
-0.1793565207017958,0.9537838847805544,0.0654010400674976,0.0654010400674977,1.7645380151996644,2.0257116187170574,-0.2143206623701467,-0.162984884853083,0.49323926303345,-0.2444047415191273,2.521232791480213,-0.1133640087911864,0.2806539795697548,0.7217852890478179,-0.2414254748025888,0.2307580320386945,0.6520824719662907
-1.205058787791487,-0.873600094703569,0.0654010400674976,0.0654010400674977,-0.9243365627459325,-0.5977355988788907,-1.1859614417720363,-1.3968393760212343,-0.4057153639132397,-1.1674211851515772,1.4128092602512243,-0.1133640087911864,1.1051095965067756,-1.350782186210469,-0.4838883730795091,0.1069570338863763,-0.8186953190947199
-1.205058787791487,-0.7449427075989744,-1.2646182929415224,-1.2646182929415222,-0.3086126461221192,0.3910121008688916,-0.2143206623701467,-0.162984884853083,1.0190940096470398,-0.859749037274094,1.4128092602512243,-0.1133640087911864,0.2806539795697548,-0.867183108650202,-0.3552345903203269,-0.8283757582546425,-0.8186953190947199
0.2480194239189087,-1.396016926485501,-1.2646182929415224,-1.2646182929415222,-0.863953533775395,-0.3665771475834389,-1.047155616143195,-0.6750807673414826,-0.4057153639132397,-1.1674211851515772,-0.4820532819843823,0.1656187059127561,1.1051095965067756,-0.072698909801192,0.866976345891904,-0.1735214812393563,-0.8186953190947199
-0.7776828431707823,-0.230743131881651,0.0654010400674976,0.0654010400674977,0.1223026060767157,0.3561129159704302,0.757320117031743,1.79262821499482,-0.4057153639132397,0.0632674063583559,-0.4820532819843823,2.955445852952182,1.517337404975286,1.6889834441683518,-0.3156488110098094,0.2579690359459597,1.5124323266304776
0.0770690460706269,0.8939221298447738,0.0654010400674976,0.0654010400674977,0.3455368343920357,0.4406633849456911,1.0349317682894257,0.8331736116944045,1.0190940096470398,0.986283849990806,-0.4820532819843823,-0.1133640087911864,-0.9560294458357764,-1.5580389337362976,-0.4344061489413621,-0.7713565969387494,0.0416545355694672
-0.8631580320949231,-0.9674296930227017,0.0654010400674976,0.0654010400674977,-0.8108896598315893,-0.4514832396125754,-0.7695439648855121,-0.6750807673414826,-0.4057153639132397,-0.5520768893966107,-0.4820532819843823,-0.1133640087911864,0.6928817880382653,-1.178068229938945,1.1391285786517125,0.3005126363077182,0.0416545355694672
-0.3503068985500777,0.0085605636277862,1.3954203730765178,1.3954203730765178,-0.4321233871982184,0.1692820300173785,-0.2143206623701467,0.2342275408568957,0.1201393827003501,-0.2444047415191273,-0.4820532819843823,0.4446014206166987,0.6928817880382653,0.6181569152849036,0.268241433820325,1.1482214525830774,1.5124323266304776
-0.8631580320949231,-0.1590332402945747,0.0654010400674976,0.0654010400674977,-0.7925917722647599,-0.361350895591588,-0.7695439648855121,-0.6750807673414826,-0.4057153639132397,-0.5520768893966107,-0.4820532819843823,-1.2292948676069568,-0.9560294458357764,-0.5908407786157638,-0.8253157196327234,-0.5087474534096524,-0.8186953190947199
1.2737216910085998,-0.2446455825490988,0.0654010400674976,0.0654010400674977,-0.4357829647115844,0.0582832666684069,-0.0755148367413053,0.8331736116944045,-0.4057153639132397,-0.2444047415191273,-0.4820532819843823,1.002566850024584,0.6928817880382653,-0.3144984485813255,1.1589214683069713,-0.3670770836606984,0.0416545355694672
0.5899201796154724,-0.5877637979910589,1.3954203730765178,1.3954203730765178,-0.336974371850705,0.1435497702444121,0.063290988887536,0.8331736116944045,0.1201393827003501,-0.2444047415191273,-0.4820532819843823,1.2815495647285264,1.1051095965067756,0.1691006289789414,1.0104747958925302,1.5335992496594335,2.122860263027301
0.2480194239189087,1.648380895962768,1.3954203730765178,1.3954203730765178,2.1112829845910834,1.8731182367176649,0.2020968145163774,0.5587737238266685,0.49323926303345,0.0632674063583559,-0.4820532819843823,1.002566850024584,1.1051095965067756,0.998127619082256,1.6636401545160706,0.3005126363077182,1.1255671642452048
-0.6922076542466413,-0.2352339578704486,2.7254397060855378,2.7254397060855378,-0.8968897313956881,-0.6088385043452488,-1.047155616143195,-1.3968393760212343,-0.4057153639132397,-0.859749037274094,-0.4820532819843823,-1.5082775823108994,-0.9560294458357764,1.5508122791511327,-1.424050631704302,0.8856123090539809,0.0416545355694672
-1.3760091656397686,-1.685197455317328,-1.2646182929415224,-1.2646182929415222,-0.9956983242565676,-1.3644283259157888,-1.3247672674008777,-2.6306938671893856,-1.3046699908599295,-0.859749037274094,-0.4820532819843823,-1.5082775823108994,-0.5438016373672659,0.065472255216027,0.8867692355471626,0.5503863368836847,-0.8186953190947199
1.4446720688568817,0.580137607563683,-1.2646182929415224,-1.2646182929415222,0.6181753591377954,0.4374822886797808,1.5901550708047911,1.070869606315068,1.2190147058053171,1.6016281457457726,-0.4820532819843823,0.4446014206166987,-0.5438016373672659,-0.2454128660727159,-0.8055228299774645,-1.1457323588283028,-0.8186953190947199
1.5301472577810225,0.7417595684158343,0.0654010400674976,0.0654010400674977,0.711494585728626,1.246192195806619,0.063290988887536,-0.6750807673414826,0.1201393827003501,0.986283849990806,1.4128092602512243,-0.1133640087911864,0.6928817880382653,0.6181569152849036,0.8719245683057186,0.4169691447109346,1.1255671642452048
0.1625442349947678,-1.2385513684102152,1.3954203730765178,1.3954203730765178,-1.012166423066714,-1.8648795829392828,-1.3247672674008777,-1.3968393760212343,-1.3046699908599295,-1.1674211851515772,-0.4820532819843823,-0.392346723495129,0.6928817880382653,1.3090127403709992,-0.4541990385966209,0.5503863368836847,-0.8186953190947199
-0.7776828431707823,-0.4377033253228333,0.0654010400674976,0.0654010400674977,-0.93531529528603,-0.7135327736348742,-1.1859614417720363,-1.3968393760212343,-1.3046699908599295,-0.859749037274094,-0.4820532819843823,-0.9503121529030142,-0.1315738288987555,-0.6944691523786781,-1.641772417912149,0.1069570338863763,-0.8186953190947199
-0.6067324653225004,1.612454288052387,0.0654010400674976,0.0654010400674977,1.7956444240632743,1.1923741694405177,1.3125434195471084,0.8331736116944045,1.3921938899801396,0.986283849990806,1.4128092602512243,-0.1133640087911864,-0.9560294458357764,1.3780983228796089,1.1886108027898592,-0.8283757582546425,0.0416545355694672
-1.3760091656397686,1.0055717078854116,-1.2646182929415224,-1.2646182929415222,2.1844745348584014,1.4651663248648006,1.0349317682894257,1.070869606315068,1.0190940096470398,0.6786117021133227,3.3076718024868312,0.4446014206166987,-0.5438016373672659,0.8599564540650371,-0.5482152644591003,-1.0909849017837396,-0.8186953190947199
-0.4357820874742186,-0.1044267072605785,0.0654010400674976,0.0654010400674977,-0.4431021197383162,0.0437623383827217,-0.0755148367413053,0.5587737238266685,-0.4057153639132397,0.0632674063583559,-0.4820532819843823,0.4446014206166987,0.2806539795697548,1.654440652914047,-1.572497304118743,-0.3670770836606984,0.0416545355694672
0.0770690460706269,-0.7202909394051494,1.3954203730765178,1.3954203730765178,-0.898719520152371,-0.8338715601012436,-0.9083497905143536,-0.162984884853083,-1.3046699908599295,-0.859749037274094,-0.4820532819843823,0.7235841353206414,1.517337404975286,0.4799857502676844,1.6784848217575143,1.3596464266010553,0.6520824719662907
0.5899201796154724,1.6167540150629385,-1.2646182929415224,-1.2646182929415222,1.3628993831077565,1.1692372229126755,0.8961259426605843,0.2342275408568957,1.2190147058053171,0.986283849990806,-0.4820532819843823,-1.2292948676069568,-1.7804850627727973,1.343555531625304,0.3375165476137312,-1.073786471011429,-0.8186953190947199
-1.7179099213363322,-1.95283157435184,-1.2646182929415224,-1.2646182929415222,-0.9847195917164696,-1.8648795829392828,-0.9083497905143536,-0.162984884853083,-1.3046699908599295,-0.859749037274094,-0.4820532819843823,-0.392346723495129,-0.1315738288987555,-0.5217551961071543,-1.5626008592911136,0.5503863368836847,0.0416545355694672
0.6753953685396132,-0.1039967345595234,0.0654010400674976,0.0654010400674977,-0.4632297960618286,0.0029257975130636,-0.0755148367413053,0.8331736116944045,0.1201393827003501,-0.5520768893966107,-0.4820532819843823,1.002566850024584,0.6928817880382653,1.1017559928451706,0.7828565648570539,-0.3670770836606984,0.0416545355694672
1.3591968799327403,0.2041981426078511,0.0654010400674976,0.0654010400674977,0.1680473249937895,0.4024844353785498,0.757320117031743,0.8331736116944045,0.1201393827003501,1.2939559978682893,-0.4820532819843823,0.1656187059127561,-0.5438016373672659,0.549071332776294,0.1000018717506253,-0.0474487788157081,1.1255671642452048
-1.7179099213363322,-0.7022798607053974,0.0654010400674976,0.0654010400674977,-0.9042088864224198,-0.8793097464133877,-0.9083497905143536,-0.6750807673414826,-1.3046699908599295,-0.5520768893966107,-0.4820532819843823,-0.6713294381990716,-0.1315738288987555,0.065472255216027,0.7927530096846832,-0.3670770836606984,-0.8186953190947199
-0.7776828431707823,-1.4606083811328874,0.0654010400674976,0.0654010400674977,-0.9554429716095424,-1.209943880838375,-1.047155616143195,-0.6750807673414826,-0.4057153639132397,-1.1674211851515772,-0.4820532819843823,-0.392346723495129,0.2806539795697548,0.9290420365736466,-1.508170412739152,0.8856123090539809,0.0416545355694672
0.5899201796154724,-0.8807663063878205,0.0654010400674976,0.0654010400674977,-0.8822514213422245,-0.7068065190159896,-0.9083497905143536,-0.6750807673414826,-1.3046699908599295,-0.5520768893966107,-0.4820532819843823,-0.1133640087911864,0.6928817880382653,0.9290420365736466,-0.1869950282506271,0.5503863368836847,0.0416545355694672
2.042998391325868,0.5460742146912078,-1.2646182929415224,-1.2646182929415222,0.8862394119918477,0.6180375974547698,1.5901550708047911,0.8331736116944045,1.0190940096470398,2.2169724415007392,-0.4820532819843823,-0.1133640087911864,-0.9560294458357764,1.2053843666080848,-0.5828528213558031,-1.1457323588283028,-0.8186953190947199
-0.4357820874742186,-1.4618982992360523,0.0654010400674976,0.0654010400674977,-0.9279961402592982,-1.2701638566160711,-0.7695439648855121,-0.6750807673414826,-0.4057153639132397,-0.5520768893966107,-0.4820532819843823,-0.9503121529030142,-0.5438016373672659,0.2381862114875509,-0.963865947219535,1.6792747314460452,1.1255671642452048
-1.034108409943205,-0.4630717146850835,0.0654010400674976,0.0654010400674977,-0.7742938846979304,-0.2773549103767891,-0.7695439648855121,-0.162984884853083,-0.4057153639132397,-0.859749037274094,1.4128092602512243,-0.1133640087911864,0.2806539795697548,-0.6253835698700686,-0.6521279351492089,0.3005126363077182,0.0416545355694672
1.1027713131603178,0.1239843464887964,1.3954203730765178,1.3954203730765178,0.2119622551541803,0.3804434091679941,0.8961259426605843,1.4680820320250476,0.1201393827003501,0.6786117021133227,-0.4820532819843823,2.118497708840354,1.1051095965067756,-1.6962100987535167,1.4805559252049263,1.937362144304508,3.153051444446254
1.2737216910085998,0.2813543550749586,0.0654010400674976,0.0654010400674977,-0.2875700754202653,0.1361996205716185,0.2020968145163774,1.4680820320250476,-0.4057153639132397,-0.5520768893966107,-0.4820532819843823,2.118497708840354,1.1051095965067756,1.4471839053882185,-0.617490378252506,-0.5087474534096524,0.0416545355694672
-1.4614843545639096,-1.2076888834233723,0.0654010400674976,0.0654010400674977,-0.9902089579865184,-1.2343855640425854,-1.3247672674008777,-1.3968393760212343,-1.3046699908599295,-1.1674211851515772,1.4128092602512243,0.1656187059127561,1.517337404975286,-0.3144984485813255,1.3370574752043003,0.5503863368836847,-0.8186953190947199
2.213948769174149,0.2703183890812113,-1.2646182929415224,-1.2646182929415222,0.8999628276669699,0.5773598808191763,1.7289608964336325,1.4680820320250476,0.49323926303345,2.2169724415007392,-0.4820532819843823,1.560532279432469,0.2806539795697548,0.3418145852504653,0.0208303131295902,-0.8974292993623979,0.0416545355694672
0.4189698017671905,0.7781161490272701,0.0654010400674976,0.0654010400674977,1.4909845960755632,1.1106840463996963,1.173737593918267,1.637741372355351,0.7826380134765774,0.3709395542358393,-0.4820532819843823,1.839514994136412,0.2806539795697548,1.619897861659742,1.5597274838259618,-0.5087474534096524,0.6520824719662907
-0.8631580320949231,-2.119039910681912,0.0654010400674976,0.0654010400674977,-1.0066770567966652,-1.6746168452883827,-1.3247672674008777,-1.3968393760212343,-1.3046699908599295,-1.1674211851515772,-0.4820532819843823,-0.1133640087911864,1.1051095965067756,0.4109001677590749,1.5597274838259618,0.5503863368836847,-0.8186953190947199
-0.4357820874742186,1.4948806416861016,-1.2646182929415224,-1.2646182929415222,1.8917083337891292,1.0774318892091903,1.7289608964336325,0.5587737238266685,1.6815926404232675,1.6016281457457726,1.4128092602512243,-0.6713294381990716,-1.3682572543042868,-1.21261102119325,1.4409701458944089,-1.1567343940151056,-0.8186953190947199
0.7608705574637542,0.1118973361146923,0.0654010400674976,0.0654010400674977,-0.6059533190830988,-0.1183410485907815,-0.353126487998988,-1.3968393760212343,0.49323926303345,0.0632674063583559,-0.4820532819843823,-2.0662430117187847,-1.7804850627727973,-1.1435254386846403,-1.3201379610141937,-0.1735214812393563,0.0416545355694672
0.5044449906913314,-1.3741838682208147,1.3954203730765178,1.3954203730765178,-0.9517833940961766,-1.3644283259157888,-0.9083497905143536,-0.6750807673414826,-0.4057153639132397,-0.859749037274094,-0.4820532819843823,-0.1133640087911864,0.6928817880382653,1.6889834441683518,-1.5922901937740015,2.083554244724097,1.1255671642452048
-0.6067324653225004,-0.2773712825738472,1.3954203730765178,1.3954203730765178,-0.0972720447252384,0.2462237747199699,0.4797084657740602,0.5587737238266685,0.1201393827003501,0.986283849990806,-0.4820532819843823,0.7235841353206414,0.6928817880382653,-1.3162393949561642,-0.0533930230776303,1.9096014216657184,2.7985820842302505
-0.4357820874742186,0.2321941429209935,-1.2646182929415224,-1.2646182929415222,0.4031751802275487,0.9207509294392172,0.2020968145163774,1.070869606315068,0.49323926303345,-0.5520768893966107,-0.4820532819843823,0.4446014206166987,-0.5438016373672659,0.1000150464703318,1.074801687272121,-0.952176756406961,-0.8186953190947199
0.6753953685396132,1.3164419707482402,-1.2646182929415224,-1.2646182929415222,1.4626228703469777,2.0029121298193933,-0.353126487998988,-0.162984884853083,0.1201393827003501,-0.2444047415191273,-0.4820532819843823,-1.5082775823108994,-1.7804850627727973,-1.0398970649217258,-1.5972384161878166,-0.7713565969387494,-0.8186953190947199
1.5301472577810225,0.260333467467821,0.0654010400674976,0.0654010400674977,0.805728706697798,0.6178631096137908,1.4513492451759498,1.070869606315068,1.2190147058053171,1.2939559978682893,-0.4820532819843823,0.7235841353206414,-0.1315738288987555,0.4109001677590749,0.5997723355459103,-0.8533150578905776,0.0416545355694672
0.3334946128430496,-0.3573462049700935,0.0654010400674976,0.0654010400674977,-0.4888468386553899,0.0523635207021868,-0.2143206623701467,0.2342275408568957,-0.4057153639132397,0.0632674063583559,-0.4820532819843823,-0.1133640087911864,-0.1315738288987555,0.8254136628107323,-1.2657075144622316,-0.8283757582546425,-0.8186953190947199
1.1027713131603178,0.1239843464887964,1.3954203730765178,1.3954203730765178,0.2119622551541803,0.3804434091679941,0.8961259426605843,1.4680820320250476,0.1201393827003501,0.6786117021133227,-0.4820532819843823,2.118497708840354,1.1051095965067756,-1.6962100987535167,1.4805559252049263,1.937362144304508,3.153051444446254
0.3334946128430496,0.36973763251406,0.0654010400674976,0.0654010400674977,-0.1265486648321656,0.2084612983786951,0.4797084657740602,1.2805323325064204,-0.4057153639132397,0.3709395542358393,1.4128092602512243,1.560532279432469,0.6928817880382653,0.8599564540650371,1.3024199183075975,-1.0096730710621231,-0.8186953190947199
-2.1452858659570366,1.3773547700643776,-1.2646182929415224,-1.2646182929415222,0.709664796971943,0.72210317440301,1.0349317682894257,0.8331736116944045,0.7826380134765774,1.2939559978682893,-0.4820532819843823,-0.392346723495129,-1.3682572543042868,0.2036434202332462,1.5943650407226648,-1.0909849017837396,-0.8186953190947199
-0.4357820874742186,-0.5499262002982113,0.0654010400674976,0.0654010400674977,-0.6407193054600749,-0.2171349345990921,-0.353126487998988,0.2342275408568957,-0.4057153639132397,-0.2444047415191273,-0.4820532819843823,0.4446014206166987,0.6928817880382653,-0.0381561185468872,-0.469043705838065,-0.1735214812393563,0.0416545355694672
-0.2648317096259368,0.5186037365682438,0.0654010400674976,0.0654010400674977,0.0692387321329101,0.3000442700036088,0.757320117031743,0.2342275408568957,0.1201393827003501,1.909300293623256,-0.4820532819843823,-0.392346723495129,-0.5438016373672659,0.1345578377246366,0.2385520993374372,-0.0474487788157081,1.1255671642452048
0.0770690460706269,-0.1371046325407652,0.0654010400674976,0.0654010400674977,-0.9023790976657368,-0.6542766906573935,-1.047155616143195,-1.3968393760212343,-0.4057153639132397,-0.859749037274094,-0.4820532819843823,-1.5082775823108994,-0.9560294458357764,-1.2471538124475547,0.0257785355434049,-0.1735214812393563,-0.8186953190947199
0.0770690460706269,-0.7898509674869503,2.7254397060855378,2.7254397060855378,-0.8456556462085654,-0.464013953006493,-0.9083497905143536,-0.6750807673414826,-1.3046699908599295,-0.5520768893966107,-0.4820532819843823,0.1656187059127561,1.1051095965067756,-0.5217551961071543,1.5943650407226648,1.3596464266010553,0.6520824719662907
1.7865728245534451,1.208088850082358,-1.2646182929415224,-1.2646182929415222,0.6437924017313568,0.9458709664213986,0.4797084657740602,0.2342275408568957,0.7826380134765774,0.6786117021133227,-0.4820532819843823,-0.9503121529030142,-1.3682572543042868,0.1691006289789414,0.2088627648545489,-1.0096730710621231,-0.8186953190947199
-0.008406142853514,1.423791821778327,-1.2646182929415224,-1.2646182929415222,0.8990479332886284,1.19585123137249,0.3409026401452188,-0.162984884853083,0.7826380134765774,0.6786117021133227,-0.4820532819843823,-1.5082775823108994,-1.7804850627727973,0.6872424977935131,-0.9688141696333497,-0.982781570956727,-0.8186953190947199
-2.3162362438053186,-1.7883909035705492,-1.2646182929415224,-1.2646182929415222,-1.010336634310031,-1.798146322031272,-1.3247672674008777,-1.3968393760212343,-1.3046699908599295,-1.1674211851515772,1.4128092602512243,-0.9503121529030142,-0.1315738288987555,1.1017559928451706,-1.097467952392532,0.5503863368836847,-0.8186953190947199
-0.4357820874742186,-1.5156448868679386,-1.2646182929415224,-1.2646182929415222,-0.977400436689738,-1.297695065007778,-1.1859614417720363,-1.3968393760212343,-1.3046699908599295,-0.859749037274094,-0.4820532819843823,-0.1133640087911864,1.1051095965067756,1.7235262354226566,-1.2360181799793433,0.1069570338863763,-0.8186953190947199
-1.8033851102604728,1.0682043980057694,-1.2646182929415224,-1.2646182929415222,2.054559533133912,1.7664468650790173,0.3409026401452188,1.2805323325064204,0.1201393827003501,-0.2444047415191273,-0.4820532819843823,1.002566850024584,-0.1315738288987555,-1.5925817249906025,1.5745721510674058,-0.982781570956727,-0.8186953190947199
1.0172961242361769,0.7104671107279363,1.3954203730765178,1.3954203730765178,-0.2381657789898256,0.2122216977276499,0.2020968145163774,1.2805323325064204,0.1201393827003501,-0.5520768893966107,1.4128092602512243,1.560532279432469,0.6928817880382653,0.4109001677590749,-0.9193319454952028,-0.0922096505177403,0.6520824719662907
-0.8631580320949231,-1.3439424549132737,0.0654010400674976,0.0654010400674977,-0.9023790976657368,-0.6542766906573935,-1.047155616143195,-0.6750807673414826,-1.3046699908599295,-0.859749037274094,-0.4820532819843823,0.1656187059127561,1.1051095965067756,0.549071332776294,0.9065621252024216,0.8856123090539809,0.0416545355694672
0.7608705574637542,-0.2150730156654211,0.0654010400674976,0.0654010400674977,-0.6279107841632943,-0.1798109127466285,-0.353126487998988,-0.6750807673414826,0.1201393827003501,0.0632674063583559,-0.4820532819843823,-0.6713294381990716,-0.1315738288987555,1.516269487896828,-0.6224386006663206,0.3764335138253058,0.6520824719662907
1.4446720688568817,-0.8795719377737786,1.3954203730765178,1.3954203730765178,-1.0066770567966652,-1.6746168452883827,-1.3247672674008777,-1.3968393760212343,-1.3046699908599295,-1.1674211851515772,-0.4820532819843823,-0.1133640087911864,1.1051095965067756,-0.867183108650202,1.2331448045141915,0.5503863368836847,-0.8186953190947199
-1.034108409943205,0.1209267628368491,0.0654010400674976,0.0654010400674977,-0.1796125387759712,0.2140408058947392,0.3409026401452188,-0.162984884853083,0.1201393827003501,1.2939559978682893,-0.4820532819843823,-0.9503121529030142,-0.9560294458357764,-1.4198677687190786,0.268241433820325,-0.5662437680648148,0.0416545355694672
-1.034108409943205,-1.11529252744109,1.3954203730765178,1.3954203730765178,-0.8731024775588097,-0.6414862687579518,-0.9083497905143536,-0.6750807673414826,-1.3046699908599295,-0.5520768893966107,-0.4820532819843823,-0.6713294381990716,-0.1315738288987555,0.7908708715564274,0.4364809958900252,1.3596464266010553,0.6520824719662907
-1.8888602991846144,1.8528568026867431,-1.2646182929415224,-1.2646182929415222,2.737070739376653,1.857207228108872,0.6185142914029015,-0.162984884853083,0.7826380134765774,1.2939559978682893,1.4128092602512243,-1.5082775823108994,-1.7804850627727973,-0.6944691523786781,-1.077675062737273,-1.0334885871285773,-0.8186953190947199
1.6156224467051634,-0.1808185238146991,0.0654010400674976,0.0654010400674977,-0.1173997210487508,0.2203866536419103,0.4797084657740602,1.2805323325064204,0.1201393827003501,0.0632674063583559,-0.4820532819843823,1.560532279432469,0.6928817880382653,-0.556297987361459,0.8818210131333479,-0.2454673690562298,0.6520824719662907
1.0172961242361769,-0.4163480145037639,0.0654010400674976,0.0654010400674977,-0.6096128965964647,-0.1283757759612969,-0.353126487998988,0.2342275408568957,-0.4057153639132397,-0.2444047415191273,-0.4820532819843823,0.1656187059127561,0.2806539795697548,0.6526997065392084,0.9214067924438656,-0.7713565969387494,-0.8186953190947199
0.6753953685396132,0.1483016914706897,0.0654010400674976,0.0654010400674977,1.2146864938164377,1.157547749670999,0.757320117031743,1.4680820320250476,1.0190940096470398,-0.5520768893966107,1.4128092602512243,1.839514994136412,0.6928817880382653,0.2036434202332462,0.8521316786504597,-0.3670770836606984,0.6520824719662907
0.931820935312036,-1.7580539407738849,1.3954203730765178,1.3954203730765178,-0.8785918438288586,-0.8574637837619816,-0.7695439648855121,-0.6750807673414826,0.1201393827003501,-0.859749037274094,-0.4820532819843823,-0.6713294381990716,-0.1315738288987555,0.9290420365736466,0.3375165476137312,2.277109847145438,1.5124323266304776
-0.1793565207017958,-1.1896300299790583,0.0654010400674976,0.0654010400674977,-1.008506845553348,-1.7348368210660794,-1.3247672674008777,-1.3968393760212343,-1.3046699908599295,-1.1674211851515772,-0.4820532819843823,-0.392346723495129,0.6928817880382653,-1.1089826474303357,-1.4933257454977078,0.5503863368836847,-0.8186953190947199
-1.3760091656397686,-1.4106837730659354,0.0654010400674976,0.0654010400674977,-0.9956983242565676,-1.6746168452883827,-1.1859614417720363,-1.3968393760212343,-1.3046699908599295,-0.859749037274094,-0.4820532819843823,-0.9503121529030142,-0.1315738288987555,1.5508122791511327,-0.1127716920434065,0.1069570338863763,-0.8186953190947199
0.3334946128430496,-0.3564862595679833,1.3954203730765178,1.3954203730765178,-0.9298259290159812,-0.9105586222782804,-1.047155616143195,-1.3968393760212343,-1.3046699908599295,-0.5520768893966107,-0.4820532819843823,-1.2292948676069568,-0.5438016373672659,1.2744699491166944,-0.2117361403197005,0.8856123090539809,0.0416545355694672
1.4446720688568817,0.4846836679294535,0.0654010400674976,0.0654010400674977,0.8267712773996518,0.5309970717258232,1.7289608964336325,0.8331736116944045,1.2190147058053171,2.2169724415007392,1.4128092602512243,0.1656187059127561,-0.5438016373672659,-0.8326403173958973,-0.2265808075611446,-1.1567343940151056,-0.8186953190947199
0.5899201796154724,-0.9725893654353626,0.0654010400674976,0.0654010400674977,-0.7559959971311008,-0.3559303130190467,-0.6307381392566708,-0.162984884853083,-0.4057153639132397,-0.5520768893966107,-0.4820532819843823,0.4446014206166987,1.1051095965067756,-0.9362686911588116,1.069853464858307,0.1069570338863763,0.0416545355694672
-0.4357820874742186,-0.284776367980907,1.3954203730765178,1.3954203730765178,-0.9462940278261276,-0.8413293753468676,-1.1859614417720363,-1.3968393760212343,-1.3046699908599295,-0.859749037274094,-0.4820532819843823,-0.9503121529030142,-0.1315738288987555,-1.178068229938945,-1.146950176530679,0.1069570338863763,-0.8186953190947199
-0.0938813317776549,1.276741158017487,-1.2646182929415224,-1.2646182929415222,2.1012191464293277,1.7847592004268746,0.3409026401452188,0.5587737238266685,1.2190147058053171,-0.5520768893966107,-0.4820532819843823,-0.392346723495129,-0.9560294458357764,-0.4872124048528494,0.9906819062372711,-0.982781570956727,-0.8186953190947199
-0.008406142853514,0.7411862714810943,0.0654010400674976,0.0654010400674977,1.498303751102295,1.114195470298512,1.173737593918267,1.070869606315068,0.7826380134765774,1.2939559978682893,2.521232791480213,0.4446014206166987,-0.5438016373672659,1.1017559928451706,1.163869690720786,-0.2282689382839197,1.1255671642452048
0.7608705574637542,0.31274236225198,0.0654010400674976,0.0654010400674977,-0.863953533775395,-0.3665771475834389,-1.047155616143195,-1.3968393760212343,0.1201393827003501,-1.1674211851515772,-0.4820532819843823,-1.2292948676069568,-0.5438016373672659,0.2036434202332462,-1.4042577420490432,-0.1735214812393563,-0.8186953190947199
1.4446720688568817,0.4993505145098881,0.0654010400674976,0.0654010400674977,-0.7468470533476861,-0.3186385136121973,-0.6307381392566708,0.2342275408568957,-1.3046699908599295,-0.5520768893966107,-0.4820532819843823,-0.1133640087911864,-0.1315738288987555,1.5508122791511327,-1.097467952392532,-0.616950784236665,-0.8186953190947199
-0.008406142853514,-0.392412867478364,1.3954203730765178,1.3954203730765178,-0.785272617238028,-0.3270635611232366,-0.7695439648855121,-0.6750807673414826,-0.4057153639132397,-0.5520768893966107,-0.4820532819843823,-0.392346723495129,0.2806539795697548,0.0309294639617222,0.3919469941656926,1.0244204544307591,0.6520824719662907
0.0770690460706269,0.5726369726674998,0.0654010400674976,0.0654010400674977,0.6136008872460881,0.5949742841857679,1.173737593918267,1.4680820320250476,0.49323926303345,0.986283849990806,-0.4820532819843823,1.560532279432469,0.2806539795697548,0.5145285415219892,0.3968952165795072,-1.1065825691090454,-0.8186953190947199
0.3334946128430496,-0.2371449476529156,0.0654010400674976,0.0654010400674977,-0.7047619119439782,-0.00193670910929,-0.7695439648855121,-0.6750807673414826,-0.4057153639132397,-0.5520768893966107,-0.4820532819843823,-0.9503121529030142,-0.5438016373672659,1.4471839053882185,-0.2612183644578476,-0.5087474534096524,-0.8186953190947199
-0.008406142853514,0.8712291261779774,0.0654010400674976,0.0654010400674977,1.084771492091948,1.154873033651564,0.6185142914029015,0.5587737238266685,0.1201393827003501,1.2939559978682893,1.4128092602512243,1.002566850024584,1.1051095965067756,-1.3162393949561642,0.5008078872696163,-0.6620051719481421,0.0416545355694672
-0.2648317096259368,1.252662686758402,-1.2646182929415224,-1.2646182929415222,0.7682180371857974,1.2850205673654105,0.063290988887536,-0.162984884853083,1.0190940096470398,-0.2444047415191273,-0.4820532819843823,-1.5082775823108994,-1.7804850627727973,0.7908708715564274,-1.3300344058418228,-0.9170320787253609,-0.8186953190947199
0.6753953685396132,0.3501499872437726,0.0654010400674976,0.0654010400674977,0.42879222282111,0.2918579805140102,1.5901550708047911,0.8331736116944045,1.2190147058053171,1.909300293623256,-0.4820532819843823,0.4446014206166987,-0.1315738288987555,-1.488953351227688,1.505297037274,-0.616950784236665,0.6520824719662907
-0.6922076542466413,0.1411354797864383,1.3954203730765178,1.3954203730765178,-0.7212300107541247,-0.2198446276038866,-0.6307381392566708,-0.6750807673414826,-0.4057153639132397,-0.2444047415191273,-0.4820532819843823,-0.9503121529030142,-0.5438016373672659,-1.6962100987535167,-0.3107005885959946,1.3596464266010553,1.1255671642452048
0.8463457463878951,0.2989832358182172,0.0654010400674976,0.0654010400674977,0.3052814817450108,0.4668857229412014,0.8961259426605843,1.4680820320250476,0.1201393827003501,0.6786117021133227,-0.4820532819843823,1.839514994136412,0.6928817880382653,0.5836141240305988,0.8224423441675714,-0.4189321939961432,0.6520824719662907
0.931820935312036,-0.0211553274895765,0.0654010400674976,0.0654010400674977,-0.6828044468637827,-0.2243740443124799,-0.4919323136278294,-0.162984884853083,0.1201393827003501,-0.5520768893966107,-0.4820532819843823,-0.6713294381990716,-0.5438016373672659,-0.2454128660727159,-0.8599532765294263,-0.0474487788157081,0.0416545355694672
-0.8631580320949231,-1.7470179747801375,0.0654010400674976,0.0654010400674977,-0.9828898029597868,-1.3991986440208832,-1.1859614417720363,-1.3968393760212343,-0.4057153639132397,-1.1674211851515772,1.4128092602512243,-0.392346723495129,0.6928817880382653,0.3763573765047701,1.3519021424457442,1.3596464266010553,0.0416545355694672
1.0172961242361769,0.7061673837173854,-1.2646182929415224,-1.2646182929415222,0.7005158531885283,0.9860870355181772,0.4797084657740602,-0.162984884853083,0.7826380134765774,0.986283849990806,-0.4820532819843823,-1.5082775823108994,-1.7804850627727973,0.5145285415219892,-0.1869950282506271,-1.0096730710621231,-0.8186953190947199
1.1027713131603178,-0.0425106383086458,0.0654010400674976,0.0654010400674977,0.2137920439108632,0.3821978723887095,0.8961259426605843,1.637741372355351,0.7826380134765774,-0.2444047415191273,1.4128092602512243,2.397480423544297,1.1051095965067756,1.3090127403709992,0.6937885614083892,-0.4189321939961432,0.6520824719662907
0.3334946128430496,1.5652528404254509,-1.2646182929415224,-1.2646182929415222,1.5367293149926369,0.920720168565736,1.7289608964336325,0.8331736116944045,1.6815926404232675,1.2939559978682893,1.4128092602512243,-0.392346723495129,-1.3682572543042868,1.619897861659742,-0.666972602390653,-1.1567343940151056,-0.8186953190947199
-1.8033851102604728,-1.600636157443161,-1.2646182929415224,-1.2646182929415222,-0.9609323378795912,-1.28477070955409,-1.047155616143195,-0.6750807673414826,-1.3046699908599295,-0.859749037274094,-0.4820532819843823,-0.1133640087911864,0.6928817880382653,-1.661667307499212,-0.5482152644591003,-0.1735214812393563,-0.8186953190947199
1.0172961242361769,-0.5448143026301119,1.3954203730765178,1.3954203730765178,-0.9499536053394936,-0.8870481082377737,-1.1859614417720363,-1.3968393760212343,-0.4057153639132397,-1.1674211851515772,1.4128092602512243,-0.9503121529030142,-0.1315738288987555,0.1691006289789414,-1.0925197299787173,0.1069570338863763,-0.8186953190947199
0.3334946128430496,-0.7423150966480823,0.0654010400674976,0.0654010400674977,-0.7962513497781257,-0.3788584893898943,-0.7695439648855121,-0.162984884853083,-1.3046699908599295,-0.5520768893966107,-0.4820532819843823,0.1656187059127561,0.6928817880382653,0.1345578377246366,0.2435003217512518,0.3005126363077182,0.0416545355694672
1.0172961242361769,-0.4606352027124379,0.0654010400674976,0.0654010400674977,-0.3753999357410469,0.0764710188742585,0.063290988887536,0.5587737238266685,-0.4057153639132397,0.3709395542358393,1.4128092602512243,0.7235841353206414,0.6928817880382653,1.619897861659742,-0.4640954834242504,-0.4429979611782864,0.0416545355694672
1.1882465020844588,0.6637434105466168,0.0654010400674976,0.0654010400674977,-0.0423783820247498,0.3140575837775341,0.4797084657740602,-0.6750807673414826,0.7826380134765774,1.2939559978682893,-0.4820532819843823,-1.787260297014842,-1.7804850627727973,0.3072717939961605,0.4265845510623955,-0.616950784236665,0.0416545355694672
-0.2648317096259368,1.2034069251153137,0.0654010400674976,0.0654010400674977,0.9091117714503848,0.4043662236191847,2.284184198948998,1.070869606315068,1.9180486365937297,1.6016281457457726,1.4128092602512243,0.4446014206166987,-0.5438016373672659,-1.2816966037018591,-0.5383188196314708,-0.967989811732286,0.0416545355694672
-0.008406142853514,1.1018378181771895,-1.2646182929415224,-1.2646182929415222,2.052729744377229,1.4142615983445923,1.0349317682894257,0.5587737238266685,1.6815926404232675,0.0632674063583559,1.4128092602512243,-0.392346723495129,-0.9560294458357764,0.998127619082256,0.5948241131320953,-1.0909849017837396,-0.8186953190947199
-0.2648317096259368,0.2324807913883636,1.3954203730765178,1.3954203730765178,-0.4979957824388047,0.1460344508378107,-0.353126487998988,0.2342275408568957,-0.4057153639132397,-0.2444047415191273,-0.4820532819843823,0.1656187059127561,0.2806539795697548,0.5145285415219892,1.2479894717556357,1.3596464266010553,1.5124323266304776
-0.5212572763983595,-0.4631672641742068,1.3954203730765178,1.3954203730765178,-0.783442828481345,-0.3186385136121973,-0.7695439648855121,-0.6750807673414826,-0.4057153639132397,-0.5520768893966107,-0.4820532819843823,-0.392346723495129,0.2806539795697548,-0.7980975261415925,0.0604160924401077,1.6792747314460452,1.1255671642452048
0.3334946128430496,0.4636150055777542,0.0654010400674976,0.0654010400674977,-0.07348479088836,0.276077212711014,0.4797084657740602,0.2342275408568957,0.1201393827003501,1.2939559978682893,-0.4820532819843823,-0.6713294381990716,-0.9560294458357764,-1.4198677687190786,-0.0336001334223713,-1.0096730710621231,-0.8186953190947199
0.5044449906913314,-0.8707336100298685,1.3954203730765178,1.3954203730765178,-0.7614853634011497,-0.3788584893898943,-0.6307381392566708,-0.162984884853083,-0.4057153639132397,-0.5520768893966107,-0.4820532819843823,0.7235841353206414,1.517337404975286,-0.0036133272925825,1.6636401545160706,1.9096014216657184,1.5124323266304776
-1.8888602991846144,0.8039145110905754,-1.2646182929415224,-1.2646182929415222,1.8843891787623976,1.175786766754466,1.4513492451759498,0.2342275408568957,1.6815926404232675,1.2939559978682893,-0.4820532819843823,-0.9503121529030142,-1.3682572543042868,0.2381862114875509,-0.4344061489413621,-1.1337935730163105,-0.8186953190947199
0.5044449906913314,-0.8349981010977345,0.0654010400674976,0.0654010400674977,-0.8310173361551018,-0.3788584893898943,-0.9083497905143536,-0.6750807673414826,0.1201393827003501,-1.1674211851515772,-0.4820532819843823,-0.1133640087911864,0.6928817880382653,0.2036434202332462,0.8521316786504597,0.5503863368836847,0.0416545355694672
-1.4614843545639096,-2.0502442785130977,0.0654010400674976,0.0654010400674977,-0.8548045899919802,-0.6991639889139974,-0.7695439648855121,-0.162984884853083,-0.4057153639132397,-0.859749037274094,-0.4820532819843823,0.4446014206166987,1.1051095965067756,-0.8326403173958973,1.5943650407226648,1.0244204544307591,0.6520824719662907
-0.3503068985500777,-1.2243144945308355,0.0654010400674976,0.0654010400674977,-0.9938685354998844,-1.3195410276591848,-1.3247672674008777,-1.3968393760212343,-1.3046699908599295,-1.1674211851515772,-0.4820532819843823,-0.1133640087911864,1.1051095965067756,0.0309294639617222,-0.3651310351479564,0.5503863368836847,-0.8186953190947199
1.0172961242361769,1.215493935489418,-1.2646182929415224,-1.2646182929415222,0.3290687355818892,0.3676695340348893,1.173737593918267,0.5587737238266685,1.3921938899801396,0.986283849990806,1.4128092602512243,-0.1133640087911864,-0.5438016373672659,1.2053843666080848,0.8174941217537568,-1.1065825691090454,-0.8186953190947199
-1.034108409943205,-0.5562802413249142,1.3954203730765178,1.3954203730765178,-0.8804216325855415,-0.4817734632599952,-1.047155616143195,-0.6750807673414826,-0.4057153639132397,-1.1674211851515772,1.4128092602512243,0.1656187059127561,1.1051095965067756,-0.6599263611243733,-0.0979270248019624,0.8856123090539809,0.0416545355694672
0.931820935312036,-0.8798585862411487,1.3954203730765178,1.3954203730765178,-0.8749322663154926,-0.8317490064088522,-0.7695439648855121,-0.6750807673414826,-0.4057153639132397,-0.5520768893966107,-0.4820532819843823,-0.6713294381990716,-0.1315738288987555,1.1017559928451706,-0.3651310351479564,1.6792747314460452,1.1255671642452048
0.8463457463878951,1.1072841390572208,0.0654010400674976,0.0654010400674977,1.1835800849528273,1.1406465598053193,0.757320117031743,0.5587737238266685,0.7826380134765774,0.986283849990806,-0.4820532819843823,-0.392346723495129,-0.9560294458357764,0.8599564540650371,0.3622576596828044,-0.7023030558309942,0.0416545355694672
1.1882465020844588,0.4504769508232932,-1.2646182929415224,-1.2646182929415222,0.4443454272529151,0.4648573499819066,1.173737593918267,1.79262821499482,0.1201393827003501,0.6786117021133227,1.4128092602512243,2.118497708840354,0.2806539795697548,0.9290420365736466,-0.4640954834242504,-1.1065825691090454,-0.8186953190947199
-1.4614843545639096,-1.4015587968546552,0.0654010400674976,0.0654010400674977,-0.9279961402592982,-0.8917145208583724,-1.047155616143195,-0.6750807673414826,-0.4057153639132397,-1.1674211851515772,1.4128092602512243,-0.6713294381990716,-0.1315738288987555,-0.4526696135985447,1.2925234734799682,0.8856123090539809,0.0416545355694672
-0.5212572763983595,0.1373612749660658,0.0654010400674976,0.0654010400674977,-0.298548807960363,0.2071701299615183,0.063290988887536,0.2342275408568957,-0.4057153639132397,0.6786117021133227,-0.4820532819843823,-0.392346723495129,-0.5438016373672659,0.5145285415219892,-0.1770985834229977,0.809691431536393,1.5124323266304776
1.1882465020844588,-0.6403160170089031,1.3954203730765178,1.3954203730765178,-0.9078684639357858,-0.9105586222782804,-0.9083497905143536,-0.162984884853083,-1.3046699908599295,-0.859749037274094,-0.4820532819843823,0.1656187059127561,0.6928817880382653,0.4454429590133796,-1.3003450713589344,1.3596464266010553,0.6520824719662907
-0.1793565207017958,-0.3551485667202564,1.3954203730765178,1.3954203730765178,-0.6937831794038805,-0.2612205019616751,-0.4919323136278294,0.5587737238266685,-1.3046699908599295,-0.5520768893966107,-0.4820532819843823,1.002566850024584,1.1051095965067756,0.1345578377246366,0.7185296734774628,1.609520127177022,1.5124323266304776
-1.4614843545639096,-0.6524985768721305,0.0654010400674976,0.0654010400674977,-0.9664217041496402,-1.1167475766143669,-1.1859614417720363,-1.3968393760212343,-1.3046699908599295,-0.859749037274094,-0.4820532819843823,-0.9503121529030142,-0.1315738288987555,1.2744699491166944,0.0554678700262931,0.1069570338863763,-0.8186953190947199
-0.7776828431707823,-0.4714800697279385,0.0654010400674976,0.0654010400674977,-0.9243365627459325,-1.2343855640425854,-0.7695439648855121,-0.162984884853083,-1.3046699908599295,-0.5520768893966107,-0.4820532819843823,-0.6713294381990716,-0.5438016373672659,-1.178068229938945,-1.0578821730820145,1.0244204544307591,0.6520824719662907
-1.205058787791487,-1.1192578312397092,0.0654010400674976,0.0654010400674977,-0.9444642390694448,-1.0726620092517838,-1.047155616143195,-0.6750807673414826,-1.3046699908599295,-0.859749037274094,-0.4820532819843823,0.1656187059127561,1.1051095965067756,0.6181569152849036,0.5502901114077631,0.8856123090539809,0.0416545355694672
-0.6067324653225004,-0.690813922010595,0.0654010400674976,0.0654010400674977,-0.9682514929063232,-1.145122726692252,-1.1859614417720363,-1.3968393760212343,-1.3046699908599295,-0.859749037274094,-0.4820532819843823,-0.6713294381990716,0.2806539795697548,-0.072698909801192,-1.4636364110148194,0.1069570338863763,-0.8186953190947199
-0.1793565207017958,0.6147265226263368,0.0654010400674976,0.0654010400674977,0.3126006367717426,0.3531391085199082,1.173737593918267,1.2805323325064204,0.1201393827003501,1.6016281457457726,-0.4820532819843823,1.2815495647285264,0.2806539795697548,-0.072698909801192,-1.5823937489463724,-0.2282689382839197,1.1255671642452048
1.1027713131603178,0.1621563673935759,0.0654010400674976,0.0654010400674977,-0.8017407160481745,-0.4055945095217662,-0.7695439648855121,-0.6750807673414826,-0.4057153639132397,-0.5520768893966107,-0.4820532819843823,-1.2292948676069568,-0.9560294458357764,1.1017559928451706,-1.3894130748075992,-0.5087474534096524,-0.8186953190947199
-0.2648317096259368,1.5790119668592135,-1.2646182929415224,-1.2646182929415222,1.944772207732935,1.200661339349651,1.4513492451759498,0.5587737238266685,1.2190147058053171,1.909300293623256,3.3076718024868312,-0.6713294381990716,-1.3682572543042868,1.6889834441683518,-0.4245097041137327,-1.1337935730163105,-0.8186953190947199
-1.7179099213363322,-1.1066452986754267,0.0654010400674976,0.0654010400674977,-0.977400436689738,-1.297695065007778,-1.1859614417720363,-1.3968393760212343,-1.3046699908599295,-0.859749037274094,-0.4820532819843823,-0.1133640087911864,1.1051095965067756,0.2381862114875509,0.0307267579572195,0.1069570338863763,-0.8186953190947199
1.4446720688568817,-0.3650857135890851,1.3954203730765178,1.3954203730765178,-0.7614853634011497,-0.3788584893898943,-0.6307381392566708,-0.6750807673414826,-0.4057153639132397,-0.2444047415191273,-0.4820532819843823,-0.392346723495129,0.2806539795697548,-0.0381561185468872,-0.7016101592873558,1.3596464266010553,1.1255671642452048
-1.2905339767156276,-1.2492051364474692,0.0654010400674976,0.0654010400674977,-1.0011876905266162,-1.8144944374277776,-1.1859614417720363,-1.3968393760212343,-1.3046699908599295,-0.859749037274094,-0.4820532819843823,-0.392346723495129,0.6928817880382653,-1.0744398561760309,-0.9490212799780908,0.1069570338863763,-0.8186953190947199
0.1625442349947678,0.3443214684072481,2.7254397060855378,2.7254397060855378,-0.9096982526924688,-0.7175861916225862,-1.047155616143195,-0.6750807673414826,-1.3046699908599295,-0.859749037274094,-0.4820532819843823,-0.9503121529030142,-0.5438016373672659,0.8599564540650371,-0.419561481699918,0.8856123090539809,0.0416545355694672
0.5899201796154724,1.1833415323994096,0.0654010400674976,0.0654010400674977,0.4974093011967206,0.4511604856446859,1.3125434195471084,0.5587737238266685,1.8052020693197453,0.3709395542358393,1.4128092602512243,-0.9503121529030142,-1.7804850627727973,0.6526997065392084,-1.572497304118743,-1.1207930591923676,-0.8186953190947199
1.872048013477586,0.6757826461761592,-1.2646182929415224,-1.2646182929415222,0.2613665515846199,1.3321956599154885,-0.4919323136278294,-1.3968393760212343,0.49323926303345,-0.2444047415191273,-0.4820532819843823,-2.0662430117187847,-1.7804850627727973,-0.4526696135985447,-1.4042577420490432,-0.7023030558309942,-0.8186953190947199
-0.7776828431707823,-1.1548022411935963,0.0654010400674976,0.0654010400674977,-0.3973574008212424,0.1318356867340426,-0.0755148367413053,0.8331736116944045,0.1201393827003501,-0.5520768893966107,-0.4820532819843823,1.2815495647285264,1.1051095965067756,1.4126411141339137,1.6834330441713294,0.5503863368836847,1.1255671642452048
-0.1793565207017958,-2.3947001868027846,-1.2646182929415224,-1.2646182929415222,-1.0249749443634946,-4.076384989268159,-1.7411847442874018,-2.6306938671893856,-1.3046699908599295,-1.782765480906544,-0.4820532819843823,2.955445852952182,6.051843298128901,0.549071332776294,-1.5428079696358548,-1.4262108739540356,3.593638054088312
-1.974335488108755,-2.119039910681912,0.0654010400674976,0.0654010400674977,-0.8218683923716871,-0.5089012512630976,-0.7695439648855121,-0.162984884853083,0.1201393827003501,-1.1674211851515772,-0.4820532819843823,0.7235841353206414,1.517337404975286,0.4799857502676844,1.0846981320997506,1.6792747314460452,1.1255671642452048
0.0770690460706269,-0.5414700705107945,1.3954203730765178,1.3954203730765178,-1.0011876905266162,-1.509803765310085,-1.3247672674008777,-2.6306938671893856,-0.4057153639132397,-1.1674211851515772,-0.4820532819843823,-1.2292948676069568,-0.1315738288987555,1.1362987840994754,0.4760667752005427,0.5503863368836847,-0.8186953190947199
-0.3503068985500777,-1.5014557877331207,0.0654010400674976,0.0654010400674977,-1.0213153668501287,-2.266536953954465,-1.3247672674008777,-1.3968393760212343,-1.3046699908599295,-1.1674211851515772,-0.4820532819843823,-0.1133640087911864,1.1051095965067756,0.4799857502676844,-1.2706557368760465,0.5503863368836847,-0.8186953190947199
-0.5212572763983595,0.6330720245380205,0.0654010400674976,0.0654010400674977,0.7407712058355532,0.523345371446017,1.5901550708047911,1.2805323325064204,0.49323926303345,2.2169724415007392,1.4128092602512243,1.2815495647285264,0.2806539795697548,0.2036434202332462,-1.572497304118743,-0.616950784236665,0.6520824719662907
0.3334946128430496,0.865400607341453,-1.2646182929415224,-1.2646182929415222,1.7709422758480546,1.921909754289316,-0.0755148367413053,0.2342275408568957,0.1201393827003501,0.0632674063583559,2.521232791480213,-0.6713294381990716,-0.9560294458357764,0.5145285415219892,-0.2364772523887741,-0.876255878889373,-0.8186953190947199
1.4446720688568817,0.7442438551330416,1.3954203730765178,1.3954203730765178,0.7755371922125293,0.5466456447999083,1.5901550708047911,0.8331736116944045,1.0190940096470398,2.2169724415007392,1.4128092602512243,0.1656187059127561,-0.5438016373672659,0.065472255216027,-0.0286519110085567,-0.3670770836606984,1.1255671642452048
0.1625442349947678,1.237900290688844,0.0654010400674976,0.0654010400674977,1.758133754551274,0.7216288524854519,2.700601675835522,1.79262821499482,1.8052020693197453,1.6016281457457726,1.4128092602512243,2.118497708840354,0.2806539795697548,1.654440652914047,0.68389211658076,-1.0096730710621231,0.0416545355694672
-0.2648317096259368,1.092187319775731,0.0654010400674976,0.0654010400674977,0.3254091580685233,0.7700578668785285,0.3409026401452188,1.070869606315068,0.49323926303345,-0.2444047415191273,-0.4820532819843823,0.4446014206166987,-0.5438016373672659,1.481726696642523,-0.3156488110098094,-0.5662437680648148,0.0416545355694672
0.5044449906913314,0.7769695551577899,0.0654010400674976,0.0654010400674977,0.6081115209760393,0.590962586175344,1.173737593918267,1.2805323325064204,1.6815926404232675,-0.5520768893966107,-0.4820532819843823,1.2815495647285264,0.2806539795697548,0.065472255216027,-0.4937848179071386,-0.8011647543473776,0.0416545355694672
-0.0938813317776549,0.1578088656384633,1.3954203730765178,1.3954203730765178,-0.2747615541234847,0.1563630857386941,0.2020968145163774,1.070869606315068,0.1201393827003501,-0.2444047415191273,-0.4820532819843823,1.2815495647285264,0.6928817880382653,0.7908708715564274,1.7081741562404027,0.3005126363077182,1.1255671642452048
1.1882465020844588,0.531120719643403,0.0654010400674976,0.0654010400674977,-0.0853784178067992,0.4214526521053098,0.2020968145163774,1.070869606315068,0.7826380134765774,-0.859749037274094,-0.4820532819843823,1.002566850024584,0.2806539795697548,-0.3490412398356303,1.688381266585144,-0.5087474534096524,0.0416545355694672
-0.5212572763983595,1.0670578041362893,0.0654010400674976,0.0654010400674977,0.0280684851075437,0.323212265749161,0.6185142914029015,0.2342275408568957,0.1201393827003501,1.6016281457457726,-0.4820532819843823,-0.9503121529030142,-1.3682572543042868,-0.0036133272925825,-1.5131186351529666,-0.6620051719481421,0.0416545355694672
-0.6067324653225004,-0.5971276479251475,1.3954203730765178,1.3954203730765178,-0.9975281130132504,-1.4110098793017738,-1.3247672674008777,-1.3968393760212343,-1.3046699908599295,-1.1674211851515772,1.4128092602512243,-0.6713294381990716,0.2806539795697548,-0.9708114824131164,-1.245914624806973,0.5503863368836847,-0.8186953190947199
-0.008406142853514,1.1847269999916985,-1.2646182929415224,-1.2646182929415222,2.039006328702107,1.2926473558015157,1.3125434195471084,0.2342275408568957,1.3921938899801396,1.6016281457457726,2.521232791480213,-0.9503121529030142,-1.3682572543042868,1.4471839053882185,-0.1820468058368125,-1.1207930591923676,-0.8186953190947199
-0.3503068985500777,-0.7641481549127683,1.3954203730765178,1.3954203730765178,-0.9499536053394936,-0.8870481082377737,-1.1859614417720363,-1.3968393760212343,-0.4057153639132397,-1.1674211851515772,1.4128092602512243,-0.9503121529030142,-0.1315738288987555,-0.4181268223442398,-1.5477561920496696,1.3596464266010553,0.0416545355694672
-1.205058787791487,1.8551977651702647,-1.2646182929415224,-1.2646182929415222,2.003325447946789,1.667098936868746,0.4797084657740602,0.8331736116944045,0.1201393827003501,0.6786117021133227,1.4128092602512243,-0.392346723495129,-1.3682572543042868,1.6889834441683518,0.2435003217512518,-1.0096730710621231,-0.8186953190947199
-1.119583598867346,1.0317044931606485,-1.2646182929415224,-1.2646182929415222,2.2613256626390856,1.1741456909296977,1.8677667220624736,1.070869606315068,1.54494875626063,1.6016281457457726,2.521232791480213,0.1656187059127561,-0.9560294458357764,1.2399271578623896,-0.7312994937702441,-1.1669057793013278,-0.8186953190947199
0.7608705574637542,-0.9746436794515146,1.3954203730765178,1.3954203730765178,-0.9517833940961766,-1.1624663095052727,-1.047155616143195,-0.6750807673414826,-1.3046699908599295,-0.859749037274094,-0.4820532819843823,0.1656187059127561,1.1051095965067756,-0.3144984485813255,0.0208303131295902,1.803075729598364,0.6520824719662907
1.4446720688568817,-0.2252968110016199,1.3954203730765178,1.3954203730765178,-0.8877407876122733,-0.5366387032291743,-1.047155616143195,-0.6750807673414826,-0.4057153639132397,-1.1674211851515772,-0.4820532819843823,-0.1133640087911864,0.6928817880382653,-1.6271245162449073,-1.181587733427382,0.8856123090539809,0.0416545355694672
-0.5212572763983595,1.5275585669662883,-1.2646182929415224,-1.2646182929415222,1.9548360458946912,1.5733827678166403,0.6185142914029015,0.2342275408568957,1.3921938899801396,0.0632674063583559,3.3076718024868312,-1.2292948676069568,-1.7804850627727973,0.998127619082256,-0.4443025937689914,-1.4262108739540356,-2.2894731101557304
0.5044449906913314,0.0727698203186793,1.3954203730765178,1.3954203730765178,0.4013453914708657,0.549965965619302,0.8961259426605843,1.4680820320250476,0.7826380134765774,0.0632674063583559,-0.4820532819843823,2.118497708840354,1.1051095965067756,-0.2799556573270207,1.4310737010667798,1.4791410820827582,2.7985820842302505
-0.0938813317776549,-1.5382901157901732,0.0654010400674976,0.0654010400674977,-0.8859109988555903,-0.7339343070190919,-0.9083497905143536,-0.6750807673414826,-0.4057153639132397,-0.859749037274094,-0.4820532819843823,-0.1133640087911864,0.6928817880382653,1.5508122791511327,0.7531672303741657,1.3596464266010553,0.6520824719662907
1.7865728245534451,-0.2998254125178351,0.0654010400674976,0.0654010400674977,-0.7047619119439782,-0.2992008730281957,-0.4919323136278294,0.2342275408568957,-0.4057153639132397,-0.5520768893966107,-0.4820532819843823,0.1656187059127561,0.2806539795697548,-1.350782186210469,-0.2018396954920712,-0.7023030558309942,-0.8186953190947199
0.931820935312036,1.6066735439604245,-1.2646182929415224,-1.2646182929415222,1.3903462144580008,1.248875534433277,0.757320117031743,0.8331736116944045,1.2190147058053171,0.0632674063583559,-0.4820532819843823,-0.392346723495129,-1.3682572543042868,0.8254136628107323,-1.711047531705555,-1.0547274587736004,-0.8186953190947199
2.128473580250009,0.1959331117986811,-1.2646182929415224,-1.2646182929415222,0.7883457135093099,1.2082601082658444,0.2020968145163774,1.070869606315068,0.49323926303345,-0.5520768893966107,1.4128092602512243,0.4446014206166987,-0.5438016373672659,-0.9362686911588116,-1.339930850669452,-0.5087474534096524,0.0416545355694672
0.5044449906913314,0.5893581332640866,0.0654010400674976,0.0654010400674977,0.4141539127676464,0.4401337712632687,1.173737593918267,0.5587737238266685,0.49323926303345,2.2169724415007392,-0.4820532819843823,-0.392346723495129,-0.9560294458357764,-0.6599263611243733,0.8372870114090157,-0.5087474534096524,0.6520824719662907
-0.2648317096259368,-0.6233082079449462,0.0654010400674976,0.0654010400674977,-0.5894852202729522,-0.0741678172722009,-0.353126487998988,0.5587737238266685,-0.4057153639132397,-0.5520768893966107,1.4128092602512243,1.002566850024584,1.1051095965067756,-0.9708114824131164,1.5745721510674058,0.8856123090539809,1.1255671642452048
0.2480194239189087,0.2545527233758581,1.3954203730765178,1.3954203730765178,0.0765578871596419,0.3765126266484094,0.6185142914029015,1.4680820320250476,-0.4057153639132397,0.3709395542358393,-0.4820532819843823,2.118497708840354,1.1051095965067756,0.065472255216027,0.5601865562353924,1.223587138834876,2.372782181294665
0.0770690460706269,-1.3427958610437931,0.0654010400674976,0.0654010400674977,-0.9005493089090539,-0.8488325271337724,-0.9083497905143536,-0.6750807673414826,-0.4057153639132397,-0.859749037274094,-0.4820532819843823,0.1656187059127561,1.1051095965067756,1.654440652914047,1.144076801065527,1.3596464266010553,0.6520824719662907
-0.1793565207017958,0.6902583937783472,0.0654010400674976,0.0654010400674977,1.313495086677317,1.2097483968920395,0.757320117031743,-0.162984884853083,0.7826380134765774,1.6016281457457726,1.4128092602512243,0.4446014206166987,1.1051095965067756,0.2381862114875509,0.6640992269255009,-0.0474487788157081,1.1255671642452048
-0.5212572763983595,-0.6921038401137602,0.0654010400674976,0.0654010400674977,-0.9847195917164696,-1.1167475766143669,-1.3247672674008777,-1.3968393760212343,-1.3046699908599295,-1.1674211851515772,1.4128092602512243,-0.6713294381990716,0.2806539795697548,-1.5580389337362976,-0.7857299403222058,0.5503863368836847,-0.8186953190947199
0.4189698017671905,-0.5281409167780868,2.7254397060855378,2.7254397060855378,-0.858464167505346,-0.5436715693681916,-0.9083497905143536,-0.162984884853083,-1.3046699908599295,-0.859749037274094,-0.4820532819843823,0.1656187059127561,0.6928817880382653,0.9635848278279514,0.9411996820991244,0.5503863368836847,0.0416545355694672
-0.7776828431707823,0.9551215776282812,-1.2646182929415224,-1.2646182929415222,0.988707582366093,0.785843718991996,1.3125434195471084,0.8331736116944045,1.3921938899801396,0.986283849990806,1.4128092602512243,-0.1133640087911864,-0.9560294458357764,1.5853550704054375,1.4459183683082235,-1.4262108739540356,-2.2894731101557304
-0.5212572763983595,-0.2725938081176796,0.0654010400674976,0.0654010400674977,-0.3772297244977299,0.0731840271367934,0.063290988887536,0.5587737238266685,-0.4057153639132397,0.3709395542358393,-0.4820532819843823,0.1656187059127561,-0.1315738288987555,-0.4526696135985447,-0.7016101592873558,0.809691431536393,1.5124323266304776
-1.205058787791487,1.281900830430148,-1.2646182929415224,-1.2646182929415222,2.173495802318304,1.5896555805501291,0.757320117031743,0.2342275408568957,1.2190147058053171,0.6786117021133227,1.4128092602512243,-0.9503121529030142,-1.3682572543042868,-1.2471538124475547,1.658691932102256,-1.0547274587736004,-0.8186953190947199
-0.1793565207017958,-0.1307505915140622,-1.2646182929415224,-1.2646182929415222,1.1780907186827785,0.6917718636647461,1.8677667220624736,1.4680820320250476,1.3921938899801396,1.2939559978682893,2.521232791480213,1.839514994136412,0.6928817880382653,1.4126411141339137,1.6141579303779234,-0.9170320787253609,0.0416545355694672
1.0172961242361769,-0.679443532804916,1.3954203730765178,1.3954203730765178,-0.970081281663006,-1.174165588264889,-1.1859614417720363,-1.3968393760212343,-1.3046699908599295,-0.859749037274094,-0.4820532819843823,0.1656187059127561,1.517337404975286,-0.0036133272925825,1.4508665907220382,1.3596464266010553,0.0416545355694672
1.5301472577810225,-0.5774922279102985,-1.2646182929415224,-1.2646182929415222,-0.1521657074257269,0.251635529506803,0.3409026401452188,1.070869606315068,-0.4057153639132397,0.3709395542358393,-0.4820532819843823,1.560532279432469,1.1051095965067756,-1.0744398561760309,-0.0533930230776303,-0.5662437680648148,0.0416545355694672
1.5301472577810225,-1.1875757159629066,-1.2646182929415224,-1.2646182929415222,-0.300378596717046,0.4044687841467228,-0.2143206623701467,0.2342275408568957,0.1201393827003501,-0.2444047415191273,-0.4820532819843823,0.4446014206166987,0.6928817880382653,1.3780983228796089,1.223248359686562,-0.27842076318998,0.0416545355694672
-0.0938813317776549,-0.8536780262213499,0.0654010400674976,0.0654010400674977,-0.9591025491229084,-1.009352508286591,-1.1859614417720363,-1.3968393760212343,-1.3046699908599295,-0.859749037274094,-0.4820532819843823,-0.392346723495129,0.6928817880382653,-0.2108700748184112,0.584927668304466,0.1069570338863763,-0.8186953190947199
-0.2648317096259368,0.2501574468761839,0.0654010400674976,0.0654010400674977,-0.1320380311022145,0.2012503839952982,0.4797084657740602,1.4680820320250476,0.1201393827003501,-0.2444047415191273,1.4128092602512243,1.839514994136412,0.6928817880382653,1.1362987840994754,1.1341803562378978,-0.616950784236665,0.0416545355694672
-0.008406142853514,-0.2400114323266162,1.3954203730765178,1.3954203730765178,-0.8968897313956881,-0.6088385043452488,-1.047155616143195,-1.3968393760212343,0.1201393827003501,-1.1674211851515772,-0.4820532819843823,-1.2292948676069568,-0.5438016373672659,1.2053843666080848,0.1593805407164018,0.8856123090539809,0.0416545355694672
-0.2648317096259368,1.4951672901534716,-1.2646182929415224,-1.2646182929415222,2.4260066507405518,1.437016661266621,1.3125434195471084,0.5587737238266685,1.3921938899801396,1.2939559978682893,3.3076718024868312,-0.6713294381990716,-1.3682572543042868,1.0672132015908655,0.7432707855465365,-1.1207930591923676,-0.8186953190947199
-0.1793565207017958,0.0323046116749394,-1.2646182929415224,-1.2646182929415222,0.3565155669321334,0.5118899410736044,0.8961259426605843,1.070869606315068,0.1201393827003501,1.2939559978682893,-0.4820532819843823,1.002566850024584,0.2806539795697548,0.6526997065392084,0.9510961269267536,-0.7385604988411334,0.0416545355694672
1.1027713131603178,-1.7244682953470265,-1.2646182929415224,-1.2646182929415222,-1.008506845553348,-1.7348368210660794,-1.3247672674008777,-1.3968393760212343,-1.3046699908599295,-1.1674211851515772,-0.4820532819843823,-0.392346723495129,0.6928817880382653,-1.2816966037018591,-0.2810112541131065,0.5503863368836847,-0.8186953190947199
-0.1793565207017958,-1.387895219910016,0.0654010400674976,0.0654010400674977,-0.9920387467432016,-1.5894613816717835,-1.1859614417720363,-0.6750807673414826,-1.3046699908599295,-1.1674211851515772,-0.4820532819843823,0.4446014206166987,1.517337404975286,0.8944992453193418,-0.1028752472157773,0.1069570338863763,-0.8186953190947199
-0.3503068985500777,-0.4206477415143148,0.0654010400674976,0.0654010400674977,-0.9005493089090539,-0.8488325271337724,-0.9083497905143536,-0.6750807673414826,-1.3046699908599295,-0.5520768893966107,-0.4820532819843823,-0.6713294381990716,-0.1315738288987555,-1.350782186210469,-1.240966402393158,0.5503863368836847,0.0416545355694672
-0.6922076542466413,-0.4231798029760836,1.3954203730765178,1.3954203730765178,-1.012166423066714,-1.8648795829392828,-1.3247672674008777,-1.3968393760212343,-1.3046699908599295,-1.1674211851515772,-0.4820532819843823,-0.392346723495129,0.6928817880382653,1.4471839053882185,-0.7411959385978736,0.5503863368836847,-0.8186953190947199
0.5044449906913314,-0.1403055404263975,1.3954203730765178,1.3954203730765178,-0.9261663515026152,-0.8731538001463899,-1.047155616143195,-1.3968393760212343,-1.3046699908599295,-0.5520768893966107,-0.4820532819843823,-1.2292948676069568,-0.5438016373672659,-0.9708114824131164,-1.3646719627385255,0.8856123090539809,0.0416545355694672
1.2737216910085998,0.3907107453766359,0.0654010400674976,0.0654010400674977,-0.6773150805937339,-0.066956902888804,-0.6307381392566708,-0.6750807673414826,-0.4057153639132397,-0.2444047415191273,-0.4820532819843823,-1.5082775823108994,-1.3682572543042868,-0.7290119436329829,-1.2953968489451195,0.1069570338863763,0.0416545355694672
-0.7776828431707823,-0.8509548657813344,0.0654010400674976,0.0654010400674977,-0.9499536053394936,-0.8870481082377737,-1.1859614417720363,-0.6750807673414826,-1.3046699908599295,-1.1674211851515772,-0.4820532819843823,0.4446014206166987,1.517337404975286,1.654440652914047,-0.5284223748038415,0.1069570338863763,-0.8186953190947199
0.2480194239189087,0.2845552629605909,0.0654010400674976,0.0654010400674977,0.4278773284427685,0.5101525409086224,1.0349317682894257,1.070869606315068,0.1201393827003501,1.6016281457457726,1.4128092602512243,0.7235841353206414,-0.1315738288987555,-0.0036133272925825,0.0802089820953667,0.1069570338863763,1.5124323266304776
1.957523202401727,1.2762634105718702,-1.2646182929415224,-1.2646182929415222,1.6858570986622974,1.6956459209662056,0.2020968145163774,0.2342275408568957,1.2190147058053171,-0.5520768893966107,1.4128092602512243,-1.2292948676069568,-1.7804850627727973,-1.21261102119325,-1.1073643972201612,-0.952176756406961,-0.8186953190947199
-0.7776828431707823,-2.119039910681912,1.3954203730765178,1.3954203730765178,-0.93531529528603,-1.174165588264889,-0.9083497905143536,-0.6750807673414826,-0.4057153639132397,-0.859749037274094,-0.4820532819843823,-0.392346723495129,0.2806539795697548,-1.5234961424819928,0.965940794168198,2.083554244724097,1.1255671642452048
-0.1793565207017958,3.1322644620484383,0.0654010400674976,0.0654010400674977,-0.931655717772664,0.1419943010178174,-1.463573093029719,-1.3968393760212343,-1.3046699908599295,-1.4750933330290608,-0.4820532819843823,-2.0662430117187847,-1.7804850627727973,-0.4181268223442398,0.1791734303716607,-1.4262108739540356,-2.2894731101557304
1.3591968799327403,2.031820995814783,-1.2646182929415224,-1.2646182929415222,2.5888578500853336,1.7382736011584905,0.757320117031743,0.5587737238266685,1.54494875626063,-0.2444047415191273,3.3076718024868312,-0.6713294381990716,-1.3682572543042868,0.4454429590133796,0.6344098924426131,-1.4262108739540356,-2.2894731101557304
-1.3760091656397686,-1.3714607077807992,-1.2646182929415224,-1.2646182929415222,-0.971911070419689,-1.449583789532388,-1.047155616143195,-0.6750807673414826,-1.3046699908599295,-0.859749037274094,-0.4820532819843823,-0.1133640087911864,0.6928817880382653,1.17084157535378,-1.1024161748063463,-0.1735214812393563,-0.8186953190947199
-0.0938813317776549,-0.3625058773827546,1.3954203730765178,1.3954203730765178,-0.4723787398452433,0.087463459497703,-0.2143206623701467,0.5587737238266685,0.1201393827003501,-0.5520768893966107,-0.4820532819843823,1.2815495647285264,1.517337404975286,-0.0381561185468872,0.669047449339316,1.1482214525830774,1.5124323266304776
-0.8631580320949231,0.9445633590801508,-1.2646182929415224,-1.2646182929415222,1.231154592626584,1.166402615877814,0.757320117031743,0.5587737238266685,1.0190940096470398,0.6786117021133227,1.4128092602512243,-0.392346723495129,-0.9560294458357764,1.5508122791511327,1.243041249341821,-1.0547274587736004,-0.8186953190947199
0.2480194239189087,0.4318448004442394,0.0654010400674976,0.0654010400674977,0.482770991143257,0.4956239970194314,1.173737593918267,1.637741372355351,0.49323926303345,0.6786117021133227,-0.4820532819843823,2.118497708840354,0.6928817880382653,0.4109001677590749,0.0604160924401077,0.0412075416550101,1.5124323266304776
-0.6067324653225004,-0.0790583178983283,1.3954203730765178,1.3954203730765178,-0.3058679629870948,0.1953021090226867,0.063290988887536,1.070869606315068,-0.4057153639132397,-0.2444047415191273,-0.4820532819843823,1.560532279432469,1.1051095965067756,0.7217852890478179,0.485963220028172,1.181174846716828,1.839522160832408
0.3334946128430496,1.394840326573951,-1.2646182929415224,-1.2646182929415222,1.7068996693641514,1.153681819371879,1.3125434195471084,0.5587737238266685,1.0190940096470398,1.909300293623256,2.521232791480213,-0.6713294381990716,-1.3682572543042868,-0.2108700748184112,-1.5675490817049285,-1.1207930591923676,-0.8186953190947199
-1.119583598867346,0.6360818334454061,-1.2646182929415224,-1.2646182929415222,1.1360055772790707,0.6230594625325064,2.006572547691315,1.637741372355351,0.7826380134765774,2.2169724415007392,3.917681290782164,1.839514994136412,0.2806539795697548,-0.9017258999045068,-0.929228390322832,-1.1763371733780688,-0.8186953190947199
-0.2648317096259368,0.3828279125239593,0.0654010400674976,0.0654010400674977,1.0948353302537042,0.6929278221974787,1.7289608964336325,1.79262821499482,0.1201393827003501,1.909300293623256,-0.4820532819843823,2.118497708840354,0.2806539795697548,-0.4181268223442398,-0.0583412454914449,0.2699078217579521,2.122860263027301
0.7608705574637542,0.6612113490848479,0.0654010400674976,0.0654010400674977,0.1607281699670577,0.3302777079930882,0.8961259426605843,0.5587737238266685,0.7826380134765774,1.2939559978682893,-0.4820532819843823,-0.1133640087911864,-0.5438016373672659,0.0309294639617222,-1.013348171357682,-0.7385604988411334,0.0416545355694672
1.1027713131603178,0.621176113142163,-1.2646182929415224,-1.2646182929415222,1.3198993473257072,0.9691462255926244,1.3125434195471084,1.070869606315068,1.0190940096470398,1.2939559978682893,-0.4820532819843823,0.4446014206166987,-0.5438016373672659,0.998127619082256,1.1341803562378978,-1.1207930591923676,-0.8186953190947199
0.3334946128430496,-0.3206552011467261,0.0654010400674976,0.0654010400674977,-0.4705489510885604,-0.0122653440101735,-0.0755148367413053,0.8331736116944045,-0.4057153639132397,-0.2444047415191273,-0.4820532819843823,1.002566850024584,0.6928817880382653,0.8599564540650371,-0.2315290299749595,0.1069570338863763,0.6520824719662907
1.1882465020844588,1.0964392720417202,0.0654010400674976,0.0654010400674977,0.1643877474804236,0.2140408058947392,1.173737593918267,0.2342275408568957,1.3921938899801396,1.2939559978682893,-0.4820532819843823,-0.9503121529030142,-1.3682572543042868,-1.21261102119325,-0.5878010437696177,0.0412075416550101,1.5124323266304776
-1.7179099213363322,0.3442259189181248,0.0654010400674976,0.0654010400674977,-0.5382511350858297,-0.0593547207598116,-0.2143206623701467,-0.162984884853083,-0.4057153639132397,0.3709395542358393,-0.4820532819843823,-0.6713294381990716,-0.5438016373672659,0.9635848278279514,-0.914383723081388,0.2307580320386945,0.6520824719662907
0.5899201796154724,-1.1760620025235424,1.3954203730765178,1.3954203730765178,-0.93531529528603,-1.174165588264889,-0.9083497905143536,-0.162984884853083,-1.3046699908599295,-0.859749037274094,-0.4820532819843823,0.7235841353206414,1.517337404975286,-0.3490412398356303,0.4018434389933223,1.3596464266010553,0.6520824719662907
0.3334946128430496,-0.2315075277946378,0.0654010400674976,0.0654010400674977,-0.2198678914229961,0.3280251426721707,0.063290988887536,-0.162984884853083,0.1201393827003501,0.6786117021133227,-0.4820532819843823,-0.6713294381990716,-0.5438016373672659,1.3780983228796089,-0.4096650368722885,0.4169691447109346,1.1255671642452048
-0.3503068985500777,-0.2752214190685718,1.3954203730765178,1.3954203730765178,-0.9591025491229084,-1.009352508286591,-1.1859614417720363,-1.3968393760212343,-1.3046699908599295,-0.859749037274094,-0.4820532819843823,-0.392346723495129,0.6928817880382653,0.4454429590133796,-1.6566170851535928,0.1069570338863763,-0.8186953190947199
-0.2648317096259368,-0.5510250194231298,1.3954203730765178,1.3954203730765178,-0.8529748012352972,-0.5089012512630976,-0.9083497905143536,-0.162984884853083,-1.3046699908599295,-0.859749037274094,-0.4820532819843823,0.1656187059127561,0.6928817880382653,0.3418145852504653,-0.0929788023881478,0.5503863368836847,0.0416545355694672
-1.2905339767156276,-0.6984578811404633,0.0654010400674976,0.0654010400674977,-0.9279961402592982,-0.6351404210107813,-1.1859614417720363,-1.3968393760212343,-0.4057153639132397,-1.1674211851515772,-0.4820532819843823,-1.2292948676069568,-0.5438016373672659,0.6526997065392084,-1.0182963937714968,0.1069570338863763,-0.8186953190947199
0.7608705574637542,1.4326779242667989,-1.2646182929415224,-1.2646182929415222,1.9365381583278616,1.0482177718879746,1.8677667220624736,0.5587737238266685,1.6815926404232675,1.909300293623256,-0.4820532819843823,-0.392346723495129,-0.9560294458357764,-1.2471538124475547,0.3919469941656926,-1.1669057793013278,-0.8186953190947199
0.931820935312036,-0.2466521218206892,0.0654010400674976,0.0654010400674977,-0.3131871180138266,0.2790986699553718,-0.0755148367413053,0.8331736116944045,-0.4057153639132397,-0.2444047415191273,-0.4820532819843823,0.7235841353206414,0.2806539795697548,-0.4181268223442398,0.169276985544031,0.1069570338863763,0.6520824719662907
0.0770690460706269,1.2195547887771605,0.0654010400674976,0.0654010400674977,0.953941595989117,0.6597473130716588,1.5901550708047911,0.5587737238266685,1.3921938899801396,1.909300293623256,1.4128092602512243,-0.9503121529030142,-1.7804850627727973,-0.4526696135985447,-0.8945908334261292,-0.876255878889373,0.0416545355694672
-0.6922076542466413,-0.6727072938217197,1.3954203730765178,1.3954203730765178,-0.2646977159617284,0.3565853617821115,-0.0755148367413053,1.070869606315068,0.1201393827003501,-0.859749037274094,1.4128092602512243,1.839514994136412,1.517337404975286,-0.7290119436329829,1.5349863717568883,0.5503863368836847,1.1255671642452048
-0.4357820874742186,-1.5986296181715705,0.0654010400674976,0.0654010400674977,-0.9481238165828106,-1.3195410276591848,-0.9083497905143536,-0.162984884853083,-1.3046699908599295,-0.859749037274094,-0.4820532819843823,0.4446014206166987,1.1051095965067756,-1.6271245162449073,-1.2953968489451195,0.5503863368836847,0.0416545355694672
0.5899201796154724,1.0019886020432858,0.0654010400674976,0.0654010400674977,1.887133861897422,1.2310326588987357,1.3125434195471084,0.8331736116944045,0.49323926303345,2.2169724415007392,-0.4820532819843823,1.002566850024584,0.6928817880382653,-1.1089826474303357,0.7234778958912774,0.2307580320386945,1.839522160832408
-1.119583598867346,-1.2967887820308988,-1.2646182929415224,-1.2646182929415222,-0.933485506529347,-1.154727947680887,-0.9083497905143536,-0.162984884853083,-1.3046699908599295,-0.859749037274094,-0.4820532819843823,0.1656187059127561,0.6928817880382653,1.2744699491166944,-1.3943612972214137,-0.3670770836606984,-0.8186953190947199
-0.5212572763983595,-0.3034562931045225,0.0654010400674976,0.0654010400674977,-0.7285491657808565,-0.2472738601482227,-0.6307381392566708,-0.162984884853083,-0.4057153639132397,-0.5520768893966107,-0.4820532819843823,-0.392346723495129,-0.1315738288987555,0.1691006289789414,-0.3799757023894005,-0.616950784236665,-0.8186953190947199
-1.119583598867346,-2.1639481705698875,-1.2646182929415224,-1.2646182929415222,-0.6050384247047573,1.83007284996234,-1.463573093029719,-1.3968393760212343,-1.3046699908599295,-1.4750933330290608,-0.4820532819843823,2.397480423544297,4.8151598727233695,-1.6271245162449073,-0.765937050666947,-1.4262108739540356,-2.2894731101557304
2.042998391325868,0.943512314699794,-1.2646182929415224,-1.2646182929415222,1.1488140985758513,1.264819385360246,0.4797084657740602,1.2805323325064204,0.49323926303345,-0.2444047415191273,1.4128092602512243,0.7235841353206414,-0.5438016373672659,-1.5925817249906025,-0.6422314903215796,-1.0096730710621231,-0.8186953190947199
-0.8631580320949231,-1.1757753540561724,0.0654010400674976,0.0654010400674977,-0.8548045899919802,-0.5203828658535666,-0.9083497905143536,-0.6750807673414826,0.1201393827003501,-1.1674211851515772,-0.4820532819843823,-0.1133640087911864,0.6928817880382653,1.2053843666080848,-1.1865359558411963,0.5503863368836847,0.0416545355694672
-0.008406142853514,-0.1482361480236358,1.3954203730765178,1.3954203730765178,-0.4614000073051457,0.0066945475189192,-0.0755148367413053,0.8331736116944045,-0.4057153639132397,-0.2444047415191273,-0.4820532819843823,1.560532279432469,1.517337404975286,-1.4198677687190786,1.0401641303754183,0.966924139775597,1.5124323266304776
0.5899201796154724,0.935390608124309,0.0654010400674976,0.0654010400674977,1.3244738192174146,1.2154145032526402,0.757320117031743,1.070869606315068,0.7826380134765774,0.3709395542358393,2.521232791480213,0.4446014206166987,-0.5438016373672659,-1.5580389337362976,-0.3453381454926974,-0.3670770836606984,0.6520824719662907
1.7865728245534451,1.862602850577325,-1.2646182929415224,-1.2646182929415222,1.25951631835517,0.7353588389510894,1.8677667220624736,0.2342275408568957,1.6815926404232675,2.2169724415007392,-0.4820532819843823,-1.2292948676069568,-1.7804850627727973,0.2727290027418557,-0.0929788023881478,-1.1669057793013278,-0.8186953190947199
-0.7776828431707823,1.7314611767555232,0.0654010400674976,0.0654010400674977,0.4223879621727197,0.5674412266765594,0.8961259426605843,0.8331736116944045,1.0190940096470398,0.6786117021133227,3.3076718024868312,1.560532279432469,1.517337404975286,-0.867183108650202,1.6141579303779234,-1.073786471011429,-0.8186953190947199
-0.5212572763983595,0.004451935595482,0.0654010400674976,0.0654010400674977,-0.4705489510885604,0.0913025439861799,-0.2143206623701467,0.5587737238266685,0.1201393827003501,-0.5520768893966107,-0.4820532819843823,0.1656187059127561,-0.1315738288987555,0.065472255216027,-0.3403899230788828,-0.27842076318998,0.0416545355694672
-1.119583598867346,0.9554082260956512,-1.2646182929415224,-1.2646182929415222,0.9466224409623852,1.1468249168916254,0.4797084657740602,-0.6750807673414826,1.54494875626063,0.0632674063583559,-0.4820532819843823,-1.787260297014842,-1.7804850627727973,-0.6944691523786781,0.3127754355446576,-1.0096730710621231,-0.8186953190947199
-1.205058787791487,-0.7633837589997815,-1.2646182929415224,-1.2646182929415222,-0.8035705048048576,-0.4146367819633803,-0.7695439648855121,-0.162984884853083,-0.4057153639132397,-0.859749037274094,-0.4820532819843823,-0.1133640087911864,0.2806539795697548,-1.2471538124475547,-1.4042577420490432,-0.5087474534096524,-0.8186953190947199
1.4446720688568817,-0.5640197499439058,0.0654010400674976,0.0654010400674977,-0.9810600142031038,-1.3644283259157888,-1.1859614417720363,-1.3968393760212343,-1.3046699908599295,-0.859749037274094,-0.4820532819843823,-0.6713294381990716,0.2806539795697548,-0.9017258999045068,-0.4838883730795091,0.1069570338863763,-0.8186953190947199
-1.119583598867346,-0.5826041255783979,0.0654010400674976,0.0654010400674977,-0.4925064161687558,0.0444260999840631,-0.2143206623701467,1.070869606315068,-0.4057153639132397,-0.859749037274094,-0.4820532819843823,1.839514994136412,1.517337404975286,-0.4526696135985447,1.6636401545160706,0.2307580320386945,0.6520824719662907
0.5899201796154724,-0.0825458742513307,0.0654010400674976,0.0654010400674977,-0.4540808522784139,0.021655514551448,-0.0755148367413053,0.5587737238266685,-0.4057153639132397,0.0632674063583559,1.4128092602512243,0.4446014206166987,0.2806539795697548,1.343555531625304,-1.5972384161878166,-0.876255878889373,-0.8186953190947199
-0.6922076542466413,-0.4104717209226777,0.0654010400674976,0.0654010400674977,-0.2326764127197768,0.3091398503540976,0.063290988887536,0.5587737238266685,0.1201393827003501,0.0632674063583559,-0.4820532819843823,0.1656187059127561,-0.1315738288987555,-1.6271245162449073,1.144076801065527,0.0004313418190221,0.6520824719662907
1.7010976356293042,0.52505332708407,1.3954203730765178,1.3954203730765178,1.1158779009555582,1.1725577014305602,0.6185142914029015,-0.162984884853083,0.7826380134765774,1.2939559978682893,1.4128092602512243,0.4446014206166987,1.1051095965067756,-1.5925817249906025,1.3964361441700768,2.0022424140024806,2.9832101176914887
-1.8033851102604728,-1.573022355086512,-1.2646182929415224,-1.2646182929415222,-0.8840812100989074,-0.5089012512630976,-1.047155616143195,-1.3968393760212343,-1.3046699908599295,-0.5520768893966107,-0.4820532819843823,-0.6713294381990716,0.2806539795697548,-1.178068229938945,0.7135814510636482,-0.1735214812393563,-0.8186953190947199
-1.119583598867346,-1.3132232941601156,0.0654010400674976,0.0654010400674977,-0.9956983242565676,-1.3644283259157888,-1.3247672674008777,-1.3968393760212343,-1.3046699908599295,-1.1674211851515772,-0.4820532819843823,0.1656187059127561,1.517337404975286,0.3072717939961605,0.5552383338215777,0.5503863368836847,-0.8186953190947199
-0.5212572763983595,-0.8888880129633054,0.0654010400674976,0.0654010400674977,-0.8346769136684677,-0.3996029216978198,-0.9083497905143536,-0.6750807673414826,-0.4057153639132397,-0.859749037274094,-0.4820532819843823,-0.392346723495129,0.2806539795697548,-1.3162393949561642,0.6937885614083892,0.5503863368836847,0.0416545355694672
0.8463457463878951,-1.1928309378646909,0.0654010400674976,0.0654010400674977,-0.9847195917164696,-1.4349769365943692,-1.1859614417720363,-1.3968393760212343,-1.3046699908599295,-0.859749037274094,-0.4820532819843823,-0.6713294381990716,0.2806539795697548,-0.7635547348872876,0.7432707855465365,0.1069570338863763,-0.8186953190947199
-1.205058787791487,-0.0814470551264121,-1.2646182929415224,-1.2646182929415222,-0.2893998641769483,0.1332920463932158,0.2020968145163774,0.5587737238266685,0.1201393827003501,0.3709395542358393,-0.4820532819843823,0.1656187059127561,-0.1315738288987555,-0.5908407786157638,0.1000018717506253,-0.5087474534096524,0.0416545355694672
-0.6067324653225004,0.4875979273477158,0.0654010400674976,0.0654010400674977,0.4242177509294026,0.4484301125194132,1.173737593918267,1.637741372355351,0.7826380134765774,0.3709395542358393,1.4128092602512243,1.839514994136412,0.2806539795697548,-1.2816966037018591,-0.2562701420440329,-0.5087474534096524,0.6520824719662907
0.5899201796154724,1.6167540150629385,-1.2646182929415224,-1.2646182929415222,1.3628993831077565,1.1692372229126755,0.8961259426605843,0.2342275408568957,1.2190147058053171,0.986283849990806,-0.4820532819843823,-1.2292948676069568,-1.7804850627727973,1.343555531625304,0.3375165476137312,-1.073786471011429,-0.8186953190947199
1.1027713131603178,1.179424003345352,-1.2646182929415224,-1.2646182929415222,1.642857062880248,1.1249862303927496,1.3125434195471084,0.2342275408568957,1.54494875626063,1.2939559978682893,-0.4820532819843823,-0.9503121529030142,-1.3682572543042868,1.4471839053882185,0.5057561096834309,-1.1207930591923676,-0.8186953190947199
-2.059810677032896,0.8914856178721283,-1.2646182929415224,-1.2646182929415222,1.1250268447389729,1.2515090608614736,0.4797084657740602,0.8331736116944045,1.2190147058053171,-0.5520768893966107,-0.4820532819843823,-0.392346723495129,-1.3682572543042868,-1.2816966037018591,-0.5086294851485825,-1.0096730710621231,-0.8186953190947199
-1.5469595434880503,-1.6065602257688087,0.0654010400674976,0.0654010400674977,-0.9883791692298356,-1.1939142442639032,-1.3247672674008777,-2.6306938671893856,-0.4057153639132397,-1.1674211851515772,-0.4820532819843823,-0.392346723495129,1.1051095965067756,-0.9708114824131164,1.208403692445118,0.5503863368836847,-0.8186953190947199
0.3334946128430496,0.8257475693552615,0.0654010400674976,0.0654010400674977,-0.6242512066499283,-0.1693509800776358,-0.353126487998988,0.2342275408568957,-0.4057153639132397,-0.2444047415191273,-0.4820532819843823,-0.392346723495129,-0.5438016373672659,-0.9017258999045068,-0.9935552817024232,-0.7713565969387494,-0.8186953190947199
-1.119583598867346,0.8243143270184112,-1.2646182929415224,-1.2646182929415222,1.7993040015766404,1.37253600238541,0.8961259426605843,0.8331736116944045,1.2190147058053171,0.3709395542358393,1.4128092602512243,0.1656187059127561,-0.5438016373672659,-1.350782186210469,1.2034554700313034,-1.073786471011429,-0.8186953190947199
0.5899201796154724,0.8490616447013596,0.0654010400674976,0.0654010400674977,0.2970474323399375,0.3392570572164047,1.173737593918267,1.2805323325064204,0.1201393827003501,1.6016281457457726,-0.4820532819843823,1.002566850024584,-0.1315738288987555,-0.4872124048528494,0.570083001063022,-0.8011647543473776,0.0416545355694672
-0.7776828431707823,-0.6554128362903928,0.0654010400674976,0.0654010400674977,-0.8511450124786143,-0.4975254595104298,-0.9083497905143536,-0.162984884853083,-0.4057153639132397,-1.1674211851515772,1.4128092602512243,0.4446014206166987,1.1051095965067756,0.6872424977935131,0.3919469941656926,0.5503863368836847,0.0416545355694672
1.957523202401727,0.49227985231476,-1.2646182929415224,-1.2646182929415222,0.1204728173200327,0.3542213222393486,0.757320117031743,0.8331736116944045,0.1201393827003501,1.2939559978682893,-0.4820532819843823,0.1656187059127561,-0.5438016373672659,0.6526997065392084,-1.4438435213595608,-1.0547274587736004,-0.8186953190947199
0.5044449906913314,1.3778325175099944,-1.2646182929415224,-1.2646182929415222,1.4662824478603431,1.2863556293321905,0.757320117031743,0.5587737238266685,1.54494875626063,-0.2444047415191273,-0.4820532819843823,-0.6713294381990716,-1.3682572543042868,1.2399271578623896,-0.8500568317017968,-1.0547274587736004,-0.8186953190947199
-0.1793565207017958,-0.8856871050776731,1.3954203730765178,1.3954203730765178,-0.7999109272914916,-0.3966179996433959,-0.7695439648855121,-0.6750807673414826,-0.4057153639132397,-0.5520768893966107,-0.4820532819843823,-0.392346723495129,0.2806539795697548,-0.5217551961071543,-0.4245097041137327,1.0244204544307591,0.6520824719662907
0.0770690460706269,0.3200518981699165,1.3954203730765178,1.3954203730765178,0.0326429569992511,0.4011183426348333,0.4797084657740602,1.2805323325064204,0.1201393827003501,0.0632674063583559,-0.4820532819843823,1.560532279432469,0.6928817880382653,0.2036434202332462,1.4211772562391505,0.7618113109016622,1.839522160832408
-1.974335488108755,-1.6529495027381966,0.0654010400674976,0.0654010400674977,-0.9261663515026152,-0.8731538001463899,-1.047155616143195,-0.6750807673414826,-0.4057153639132397,-1.1674211851515772,1.4128092602512243,0.1656187059127561,1.1051095965067756,-1.350782186210469,-0.6719208248044677,0.8856123090539809,0.0416545355694672
-0.4357820874742186,0.0563353081894626,1.3954203730765178,1.3954203730765178,-0.221697680179679,0.2365562910295815,0.2020968145163774,0.8331736116944045,-0.4057153639132397,0.3709395542358393,-0.4820532819843823,1.2815495647285264,1.1051095965067756,-0.6599263611243733,0.2039145424407339,1.6792747314460452,2.372782181294665
1.6156224467051634,0.0166344954587095,-1.2646182929415224,-1.2646182929415222,0.6291540916778932,0.3492603274163906,1.8677667220624736,1.2805323325064204,1.3921938899801396,1.6016281457457726,-0.4820532819843823,1.2815495647285264,0.2806539795697548,-0.4526696135985447,1.703225933826588,-1.1669057793013278,-0.8186953190947199
-0.6922076542466413,0.3700720557259917,0.0654010400674976,0.0654010400674977,0.4187283846593538,1.2268390142937258,-0.2143206623701467,-0.6750807673414826,0.1201393827003501,0.3709395542358393,1.4128092602512243,0.1656187059127561,1.1051095965067756,-1.21261102119325,-0.073185912732889,0.7047921495857695,1.1255671642452048
0.931820935312036,1.1131126578937451,0.0654010400674976,0.0654010400674977,0.8661117356683353,1.1749997133855556,0.3409026401452188,0.8331736116944045,0.49323926303345,0.0632674063583559,-0.4820532819843823,-0.1133640087911864,-0.9560294458357764,1.032670410336561,1.5300381493430737,-0.982781570956727,-0.8186953190947199
-0.6067324653225004,-0.230743131881651,0.0654010400674976,0.0654010400674977,-0.2802509203935335,0.1477619034192291,0.2020968145163774,0.8331736116944045,0.49323926303345,-0.2444047415191273,-0.4820532819843823,0.7235841353206414,0.2806539795697548,0.1000150464703318,-0.5927492661834326,-0.0922096505177403,0.6520824719662907
-0.3503068985500777,-0.6632956691430694,0.0654010400674976,0.0654010400674977,-0.9847195917164696,-1.4349769365943692,-1.1859614417720363,-1.3968393760212343,-1.3046699908599295,-0.859749037274094,-0.4820532819843823,-0.1133640087911864,1.1051095965067756,1.654440652914047,-0.6818172696320971,0.1069570338863763,-0.8186953190947199
0.0770690460706269,-0.5025814284375899,0.0654010400674976,0.0654010400674977,-0.6974427569172463,-0.2737512153555932,-0.4919323136278294,0.2342275408568957,-0.4057153639132397,-0.5520768893966107,-0.4820532819843823,0.4446014206166987,0.6928817880382653,-0.867183108650202,-0.8352121644603527,0.5503863368836847,0.6520824719662907
0.931820935312036,0.7363132475358033,0.0654010400674976,0.0654010400674977,-0.5803362764895376,-0.0502934816614995,-0.353126487998988,-0.162984884853083,0.1201393827003501,-0.2444047415191273,-0.4820532819843823,-1.2292948676069568,-1.3682572543042868,-1.6962100987535167,-1.5180668575667813,-0.7713565969387494,-0.8186953190947199
-0.5212572763983595,0.2619578087829179,0.0654010400674976,0.0654010400674977,-0.6059533190830988,-0.1183410485907815,-0.353126487998988,0.2342275408568957,-0.4057153639132397,-0.2444047415191273,-0.4820532819843823,-0.1133640087911864,-0.1315738288987555,1.619897861659742,-1.4487917437733755,-0.1735214812393563,0.0416545355694672
0.7608705574637542,-0.0636270754049068,1.3954203730765178,1.3954203730765178,-0.8731024775588097,-0.6414862687579518,-0.9083497905143536,-0.6750807673414826,-1.3046699908599295,-0.5520768893966107,-0.4820532819843823,-0.392346723495129,0.2806539795697548,1.3780983228796089,-0.8302639420465381,0.5503863368836847,0.0416545355694672
0.3334946128430496,-0.767444612287524,2.7254397060855378,2.7254397060855378,-0.9755706479330548,-1.265634439907478,-1.1859614417720363,-1.3968393760212343,-1.3046699908599295,-0.859749037274094,-0.4820532819843823,-0.1133640087911864,1.1051095965067756,1.5508122791511327,0.3226718803722869,1.3596464266010553,0.0416545355694672
0.7608705574637542,-0.0594228978834793,0.0654010400674976,0.0654010400674977,-0.1375273973722633,0.1939970937699823,0.4797084657740602,0.2342275408568957,1.0190940096470398,0.3709395542358393,1.4128092602512243,0.1656187059127561,0.2806539795697548,1.6889834441683518,1.3815914769286326,0.7618113109016622,1.839522160832408
-0.008406142853514,0.2095966887433206,0.0654010400674976,0.0654010400674977,0.7371116283221872,0.5721556650923022,1.4513492451759498,1.2805323325064204,0.7826380134765774,1.6016281457457726,-0.4820532819843823,1.2815495647285264,0.2806539795697548,0.7908708715564274,0.6393581148564278,-0.074659782722973,1.5124323266304776
0.7608705574637542,-0.140974386850261,0.0654010400674976,0.0654010400674977,-0.3607616256875833,0.1024564979869876,0.063290988887536,1.070869606315068,0.1201393827003501,-0.5520768893966107,-0.4820532819843823,1.560532279432469,1.1051095965067756,-1.661667307499212,1.089646354513565,0.4169691447109346,1.1255671642452048
-0.5212572763983595,0.2096444634878823,2.7254397060855378,2.7254397060855378,-0.3150169067705096,0.0918500111355185,0.2020968145163774,0.2342275408568957,0.1201393827003501,0.6786117021133227,-0.4820532819843823,-0.1133640087911864,-0.1315738288987555,-0.7980975261415925,-0.8550050541156116,1.0244204544307591,1.839522160832408
-1.3760091656397686,-1.457120824779885,0.0654010400674976,0.0654010400674977,-0.9151876189625175,-0.7672948423690336,-1.047155616143195,-0.6750807673414826,-0.4057153639132397,-1.1674211851515772,1.4128092602512243,-0.392346723495129,0.2806539795697548,-1.5234961424819928,-0.2018396954920712,0.8856123090539809,0.0416545355694672
-0.1793565207017958,0.2658753378369755,0.0654010400674976,0.0654010400674977,-0.450421274765048,0.029068537843811,-0.0755148367413053,0.5587737238266685,-0.4057153639132397,0.0632674063583559,1.4128092602512243,0.7235841353206414,0.6928817880382653,-0.9362686911588116,0.0752607596815521,0.1069570338863763,0.6520824719662907
-0.0938813317776549,-0.0226124571987076,0.0654010400674976,0.0654010400674977,-0.4595702185484627,0.0104518249042712,-0.0755148367413053,0.2342275408568957,0.1201393827003501,0.0632674063583559,-0.4820532819843823,-0.1133640087911864,-0.1315738288987555,-0.3490412398356303,0.4958596648558012,-0.3670770836606984,0.0416545355694672
1.1882465020844588,-0.2610800946783155,0.0654010400674976,0.0654010400674977,-0.6334001504333431,-0.0709577643107753,-0.4919323136278294,0.2342275408568957,0.1201393827003501,-0.859749037274094,-0.4820532819843823,0.4446014206166987,0.6928817880382653,0.2381862114875509,-1.4784810782562638,-0.7023030558309942,-0.8186953190947199
1.1027713131603178,0.1188246740761354,1.3954203730765178,1.3954203730765178,-0.7157406444840759,-0.1996654642171978,-0.6307381392566708,-0.162984884853083,-0.4057153639132397,-0.5520768893966107,-0.4820532819843823,-0.1133640087911864,0.2806539795697548,0.8599564540650371,0.0356749803710343,1.3596464266010553,1.1255671642452048
0.931820935312036,-0.0226124571987076,1.3954203730765178,1.3954203730765178,-0.9572727603662254,-0.9839028506139884,-1.1859614417720363,-1.3968393760212343,-1.3046699908599295,-0.859749037274094,-0.4820532819843823,-0.9503121529030142,-0.1315738288987555,1.3090127403709992,1.5349863717568883,0.1069570338863763,-0.8186953190947199
0.4189698017671905,-0.0226124571987076,1.3954203730765178,1.3954203730765178,-1.0011876905266162,-1.509803765310085,-1.3247672674008777,-1.3968393760212343,-1.3046699908599295,-1.1674211851515772,-0.4820532819843823,-0.392346723495129,0.6928817880382653,-0.0036133272925825,-0.9193319454952028,0.5503863368836847,-0.8186953190947199
-0.3503068985500777,-1.479097207278256,0.0654010400674976,0.0654010400674977,-0.9572727603662254,-1.2343855640425854,-1.047155616143195,-0.6750807673414826,-1.3046699908599295,-0.859749037274094,-0.4820532819843823,0.4446014206166987,1.517337404975286,-0.867183108650202,1.3716950321010033,-0.1735214812393563,-0.8186953190947199
1.7865728245534451,1.934360516908963,-1.2646182929415224,-1.2646182929415222,2.1826447461017184,1.4644735015696246,1.0349317682894257,0.5587737238266685,1.8052020693197453,-0.2444047415191273,2.521232791480213,-0.9503121529030142,-1.7804850627727973,-1.3853249774647738,-0.9341766127366468,-1.4262108739540356,-2.2894731101557304
-0.2648317096259368,-0.0226124571987076,0.0654010400674976,0.0654010400674977,-0.9627621266362744,-1.0618823366451875,-1.1859614417720363,-1.3968393760212343,-1.3046699908599295,-0.859749037274094,-0.4820532819843823,-0.392346723495129,0.6928817880382653,-1.1089826474303357,-1.1617948437721228,0.1069570338863763,-0.8186953190947199
-0.6067324653225004,-1.1918754429734577,1.3954203730765178,1.3954203730765178,-0.9993579017699332,-1.7660856969309722,-1.1859614417720363,-1.3968393760212343,-1.3046699908599295,-0.859749037274094,-0.4820532819843823,-0.392346723495129,0.6928817880382653,-1.350782186210469,-0.2018396954920712,1.3596464266010553,0.0416545355694672
-0.948633221019064,-0.3292068804232661,1.3954203730765178,1.3954203730765178,-0.9645919153929572,-1.0890101246482895,-1.1859614417720363,-1.3968393760212343,-1.3046699908599295,-0.859749037274094,-0.4820532819843823,-0.1133640087911864,1.1051095965067756,-0.4872124048528494,1.0203712407201595,0.1069570338863763,-0.8186953190947199
-0.8631580320949231,1.129977142724017,-1.2646182929415224,-1.2646182929415222,1.5733250901262958,1.208990946933965,1.0349317682894257,1.2805323325064204,1.2190147058053171,0.0632674063583559,-0.4820532819843823,0.4446014206166987,-0.9560294458357764,0.2381862114875509,-1.4636364110148194,-1.0909849017837396,-0.8186953190947199
-0.2648317096259368,0.0910675474858014,1.3954203730765178,1.3954203730765178,-0.4449319084949991,0.1438323723447765,-0.2143206623701467,0.2342275408568957,0.7826380134765774,-0.859749037274094,-0.4820532819843823,-0.1133640087911864,-0.1315738288987555,-1.4544105599733834,-0.4591472610104355,1.5647592554749896,1.839522160832408
-0.3503068985500777,-1.3937237387465402,0.0654010400674976,0.0654010400674977,-0.8657833225320779,-0.7697125995925779,-0.7695439648855121,-0.6750807673414826,-0.4057153639132397,-0.5520768893966107,-0.4820532819843823,-0.9503121529030142,-0.5438016373672659,0.065472255216027,-0.419561481699918,1.0244204544307591,0.6520824719662907
-0.2648317096259368,-0.6195340031245737,0.0654010400674976,0.0654010400674977,-0.9627621266362744,-1.0618823366451875,-1.1859614417720363,-1.3968393760212343,-1.3046699908599295,-0.859749037274094,-0.4820532819843823,-0.392346723495129,0.6928817880382653,-1.1089826474303357,-1.1617948437721228,0.1069570338863763,-0.8186953190947199
-0.5212572763983595,-0.4871501859441684,1.3954203730765178,1.3954203730765178,-0.9078684639357858,-0.442167990355087,-1.1859614417720363,-1.3968393760212343,-0.4057153639132397,-1.1674211851515772,-0.4820532819843823,-1.2292948676069568,-0.5438016373672659,-0.6599263611243733,1.2034554700313034,1.3596464266010553,0.0416545355694672
-0.2648317096259368,-1.0540930796575825,0.0654010400674976,0.0654010400674977,-1.003017479283299,-2.089912638695277,-1.047155616143195,-0.6750807673414826,-1.3046699908599295,-0.859749037274094,-0.4820532819843823,-0.6713294381990716,-0.1315738288987555,-0.9708114824131164,-1.5279633023944106,0.8856123090539809,0.0416545355694672
1.1027713131603178,0.5761723037650639,1.3954203730765178,1.3954203730765178,0.4040900746058902,0.4317812870061933,1.173737593918267,0.8331736116944045,0.49323926303345,1.909300293623256,-0.4820532819843823,0.4446014206166987,-0.1315738288987555,-1.6271245162449073,-0.0979270248019624,-0.8011647543473776,0.0416545355694672
-0.4357820874742186,-0.5665518114056747,1.3954203730765178,1.3954203730765178,-1.012166423066714,-1.8648795829392828,-1.3247672674008777,-1.3968393760212343,-1.3046699908599295,-1.1674211851515772,-0.4820532819843823,-0.6713294381990716,0.2806539795697548,1.2399271578623896,-1.5626008592911136,0.5503863368836847,-0.8186953190947199
-0.2648317096259368,-1.1989461051685857,0.0654010400674976,0.0654010400674977,-0.931655717772664,-1.1355916780342747,-0.9083497905143536,-0.6750807673414826,-0.4057153639132397,-0.859749037274094,-0.4820532819843823,-0.392346723495129,0.2806539795697548,0.549071332776294,-1.0479857282543847,0.5503863368836847,0.0416545355694672
0.0770690460706269,0.5726369726674998,0.0654010400674976,0.0654010400674977,0.6136008872460881,0.5949742841857679,1.173737593918267,1.4680820320250476,0.49323926303345,0.986283849990806,-0.4820532819843823,1.560532279432469,0.2806539795697548,0.5145285415219892,0.3968952165795072,-1.1065825691090454,-0.8186953190947199
-0.008406142853514,-0.0389753072110818,1.3954203730765178,1.3954203730765178,-0.2765913428801676,0.3380246410701289,-0.0755148367413053,0.8331736116944045,0.1201393827003501,-0.5520768893966107,-0.4820532819843823,1.002566850024584,0.6928817880382653,-1.3162393949561642,1.0500605752030476,-0.3670770836606984,0.0416545355694672
0.6753953685396132,0.4151236398476526,1.3954203730765178,1.3954203730765178,-0.5108043037355854,0.0039547802053811,-0.2143206623701467,0.5587737238266685,-0.4057153639132397,-0.2444047415191273,-0.4820532819843823,0.4446014206166987,0.2806539795697548,1.481726696642523,1.5795203734812204,0.7047921495857695,1.1255671642452048
-0.2648317096259368,0.6607336016392311,0.0654010400674976,0.0654010400674977,0.3674942994722311,0.4595796888089757,1.0349317682894257,1.4680820320250476,0.1201393827003501,0.986283849990806,-0.4820532819843823,1.2815495647285264,-0.1315738288987555,0.1691006289789414,-1.2953968489451195,-1.0909849017837396,-0.8186953190947199
1.3591968799327403,-0.6754782290062968,0.0654010400674976,0.0654010400674977,-0.6956129681605634,-0.1283757759612969,-0.6307381392566708,0.2342275408568957,-0.4057153639132397,-0.859749037274094,-0.4820532819843823,0.4446014206166987,0.6928817880382653,-1.5580389337362976,-1.4092059644628578,0.1069570338863763,0.0416545355694672
1.0172961242361769,-0.7161823113728452,0.0654010400674976,0.0654010400674977,-0.3918680345511935,0.246012446122938,-0.2143206623701467,0.5587737238266685,0.1201393827003501,-0.5520768893966107,-0.4820532819843823,1.002566850024584,1.1051095965067756,0.1345578377246366,1.638899042446997,0.2307580320386945,0.6520824719662907
-0.0938813317776549,-0.3508488397097055,0.0654010400674976,0.0654010400674977,0.2906431716915472,0.3920640097017386,1.0349317682894257,1.2805323325064204,0.7826380134765774,0.6786117021133227,-0.4820532819843823,1.839514994136412,1.1051095965067756,-0.3490412398356303,1.342005697618115,0.3764335138253058,1.839522160832408
0.1625442349947678,-0.712217007574226,1.3954203730765178,1.3954203730765178,-0.7724640959412473,-0.2692613425690839,-0.7695439648855121,-0.162984884853083,-1.3046699908599295,-0.5520768893966107,-0.4820532819843823,0.7235841353206414,1.517337404975286,-0.0036133272925825,1.6685883769298853,1.6792747314460452,1.1255671642452048
1.5301472577810225,-0.2151207904099828,0.0654010400674976,0.0654010400674977,-0.4559106410350968,0.0179322397281755,-0.0755148367413053,0.8331736116944045,-0.4057153639132397,-0.2444047415191273,-0.4820532819843823,1.002566850024584,0.6928817880382653,0.7217852890478179,0.4463774407176544,0.5503863368836847,1.1255671642452048
1.3591968799327403,0.7277137935147014,0.0654010400674976,0.0654010400674977,0.3958560252008169,0.4835918704839153,1.0349317682894257,1.070869606315068,1.0190940096470398,0.6786117021133227,-0.4820532819843823,0.4446014206166987,-0.5438016373672659,-0.3144984485813255,-0.7906781627360205,-0.7713565969387494,0.0416545355694672
1.6156224467051634,0.2479598086263467,0.0654010400674976,0.0654010400674977,-0.2088891588828984,0.1726360121572015,0.3409026401452188,0.2342275408568957,0.1201393827003501,0.986283849990806,-0.4820532819843823,-0.6713294381990716,-0.9560294458357764,-0.3144984485813255,1.5102452596878146,-0.1735214812393563,0.6520824719662907
1.3591968799327403,-0.7117392601286093,1.3954203730765178,1.3954203730765178,-0.7614853634011497,-0.2217837712359823,-0.7695439648855121,-0.162984884853083,0.1201393827003501,-1.1674211851515772,-0.4820532819843823,0.7235841353206414,1.517337404975286,-0.2108700748184112,1.5201417045154444,1.6792747314460452,1.1255671642452048
-0.6922076542466413,0.8376912554956806,0.0654010400674976,0.0654010400674977,0.4187283846593538,0.4439117499336696,1.173737593918267,1.070869606315068,0.1201393827003501,1.909300293623256,-0.4820532819843823,0.4446014206166987,-0.5438016373672659,-1.1089826474303357,1.4112808114115207,-1.1065825691090454,-0.8186953190947199
-0.2648317096259368,1.351030885810894,0.0654010400674976,0.0654010400674977,2.052729744377229,1.8501545107372888,0.2020968145163774,0.5587737238266685,0.49323926303345,0.0632674063583559,3.3076718024868312,0.4446014206166987,0.2806539795697548,-0.3144984485813255,0.2533967665788811,-0.5087474534096524,0.0416545355694672
-0.008406142853514,-0.4162524650146406,1.3954203730765178,1.3954203730765178,-1.003017479283299,-1.562333593668681,-1.3247672674008777,-1.3968393760212343,-1.3046699908599295,-1.1674211851515772,-0.4820532819843823,-0.392346723495129,0.6928817880382653,1.2053843666080848,-1.1024161748063463,0.5503863368836847,-0.8186953190947199
2.128473580250009,1.3727683945864566,-1.2646182929415224,-1.2646182929415222,1.329048291109122,1.0896043163069948,1.0349317682894257,0.5587737238266685,1.8052020693197453,-0.2444047415191273,1.4128092602512243,-0.9503121529030142,-1.7804850627727973,-0.8326403173958973,-0.9688141696333497,-1.0909849017837396,-0.8186953190947199
-1.8033851102604728,-0.8333259850380758,0.0654010400674976,0.0654010400674977,-0.6571874042702215,-0.0027489925660161,-0.6307381392566708,0.5587737238266685,-1.3046699908599295,-0.859749037274094,-0.4820532819843823,1.2815495647285264,1.517337404975286,0.4454429590133796,0.7284261183050921,0.7618113109016622,0.6520824719662907
-0.8631580320949231,0.2714649829506916,0.0654010400674976,0.0654010400674977,-0.0423783820247498,0.3915131216461985,0.3409026401452188,0.2342275408568957,0.49323926303345,0.6786117021133227,-0.4820532819843823,-0.392346723495129,-0.5438016373672659,1.17084157535378,0.1494840958887725,0.1979619339410786,1.1255671642452048
0.2480194239189087,-1.396016926485501,-1.2646182929415224,-1.2646182929415222,-0.863953533775395,-0.3665771475834389,-1.047155616143195,-0.6750807673414826,-0.4057153639132397,-1.1674211851515772,-0.4820532819843823,0.1656187059127561,1.1051095965067756,-0.072698909801192,0.866976345891904,-0.1735214812393563,-0.8186953190947199
1.7865728245534451,-0.0257894777120591,-1.2646182929415224,-1.2646182929415222,-0.6334001504333431,-0.0709577643107753,-0.4919323136278294,-0.6750807673414826,0.1201393827003501,-0.2444047415191273,-0.4820532819843823,-1.5082775823108994,-1.3682572543042868,-0.1417844923098016,-1.12715728687542,-0.7023030558309942,-0.8186953190947199
-0.2648317096259368,-0.75621754731553,2.7254397060855378,2.7254397060855378,-0.9279961402592982,-0.8917145208583724,-1.047155616143195,-0.6750807673414826,-1.3046699908599295,-0.859749037274094,-0.4820532819843823,-0.392346723495129,0.2806539795697548,-0.5217551961071543,-1.2310699575655286,0.8856123090539809,0.0416545355694672
-0.3503068985500777,-1.3002285636393396,1.3954203730765178,1.3954203730765178,-0.9591025491229084,-1.45941861979858,-0.9083497905143536,-0.6750807673414826,-1.3046699908599295,-0.5520768893966107,-0.4820532819843823,-0.392346723495129,0.2806539795697548,-1.5925817249906025,-0.9985035041162378,1.3596464266010553,0.6520824719662907
-0.2648317096259368,-0.8253953774408376,2.7254397060855378,2.7254397060855378,-1.0249749443634946,-2.472725908290552,-1.3247672674008777,-1.3968393760212343,-1.3046699908599295,-1.1674211851515772,-0.4820532819843823,-0.6713294381990716,0.2806539795697548,-1.661667307499212,-1.3597237403247109,0.5503863368836847,-0.8186953190947199
-0.2648317096259368,0.661641321785903,-1.2646182929415224,-1.2646182929415222,0.0701536265112516,0.0612325265375012,1.3125434195471084,-0.6750807673414826,1.8052020693197453,1.2939559978682893,-0.4820532819843823,-1.787260297014842,-1.7804850627727973,-1.0744398561760309,-0.469043705838065,-1.1207930591923676,-0.8186953190947199
0.2480194239189087,0.5711559555860878,0.0654010400674976,0.0654010400674977,1.4690271309953675,1.221844267616378,0.8961259426605843,0.2342275408568957,0.49323926303345,1.909300293623256,1.4128092602512243,0.7235841353206414,1.1051095965067756,-0.1417844923098016,1.1935590252036743,-0.1135143792344754,1.1255671642452048
-0.008406142853514,0.1087919777181833,0.0654010400674976,0.0654010400674977,-0.9627621266362744,-1.0618823366451875,-1.1859614417720363,-1.3968393760212343,-1.3046699908599295,-0.859749037274094,-0.4820532819843823,-0.392346723495129,0.6928817880382653,1.1017559928451706,-1.0925197299787173,0.1069570338863763,-0.8186953190947199
0.8463457463878951,-1.5844405190367523,-1.2646182929415224,-1.2646182929415222,-0.9298259290159812,-0.6542766906573935,-1.1859614417720363,-1.3968393760212343,-0.4057153639132397,-1.1674211851515772,-0.4820532819843823,-0.1133640087911864,1.1051095965067756,0.9635848278279514,0.9609925717543834,0.1069570338863763,-0.8186953190947199
-0.0938813317776549,-1.1318225890594302,0.0654010400674976,0.0654010400674977,-0.8968897313956881,-0.8190897706356913,-0.9083497905143536,-0.6750807673414826,-1.3046699908599295,-0.5520768893966107,-0.4820532819843823,-0.1133640087911864,0.6928817880382653,-0.9017258999045068,0.3325683251999161,1.3596464266010553,0.6520824719662907
-0.4357820874742186,-0.8245354320387274,0.0654010400674976,0.0654010400674977,-0.9975281130132504,-1.4110098793017738,-1.3247672674008777,-1.3968393760212343,-1.3046699908599295,-1.1674211851515772,-0.4820532819843823,-0.1133640087911864,1.1051095965067756,-0.0381561185468872,0.4364809958900252,0.5503863368836847,-0.8186953190947199
-0.2648317096259368,-0.4101850724553076,0.0654010400674976,0.0654010400674977,-1.0048472680399825,-1.6171988336378609,-1.3247672674008777,-1.3968393760212343,-1.3046699908599295,-1.1674211851515772,-0.4820532819843823,-0.1133640087911864,1.1051095965067756,0.4109001677590749,-0.3354417006650682,0.5503863368836847,-0.8186953190947199
0.931820935312036,-0.6265091158305786,1.3954203730765178,1.3954203730765178,-0.9279961402592982,-0.8917145208583724,-1.047155616143195,-0.6750807673414826,-1.3046699908599295,-0.859749037274094,-0.4820532819843823,-0.1133640087911864,0.6928817880382653,0.3763573765047701,-1.3003450713589344,0.8856123090539809,0.0416545355694672
-0.2648317096259368,-0.9530017201650752,-1.2646182929415224,-1.2646182929415222,-0.3287403224456317,0.1574614792150703,0.063290988887536,0.8331736116944045,-0.4057153639132397,0.0632674063583559,-0.4820532819843823,1.002566850024584,0.6928817880382653,0.8944992453193418,0.6344098924426131,-0.9170320787253609,-0.8186953190947199
-1.205058787791487,-1.1826549172730538,0.0654010400674976,0.0654010400674977,-0.971911070419689,-1.2039083447629702,-1.1859614417720363,-1.3968393760212343,-1.3046699908599295,-0.859749037274094,-0.4820532819843823,-0.392346723495129,0.6928817880382653,0.5145285415219892,0.4760667752005427,0.1069570338863763,-0.8186953190947199
-0.3503068985500777,-0.9885461301189624,0.0654010400674976,0.0654010400674977,-0.970081281663006,-1.174165588264889,-1.1859614417720363,-1.3968393760212343,-1.3046699908599295,-0.859749037274094,-0.4820532819843823,-0.6713294381990716,0.2806539795697548,0.1691006289789414,-1.077675062737273,0.1069570338863763,-0.8186953190947199
-1.3760091656397686,1.94338994363112,-1.2646182929415224,-1.2646182929415222,0.9091117714503848,0.7374131425715116,1.3125434195471084,0.8331736116944045,1.0190940096470398,1.6016281457457726,2.521232791480213,-0.392346723495129,-1.3682572543042868,1.2053843666080848,-0.8005746075636498,-1.1207930591923676,-0.8186953190947199
-0.3503068985500777,-0.8122573226863765,1.3954203730765178,1.3954203730765178,-0.977400436689738,-1.5410526411749772,-1.047155616143195,-0.6750807673414826,-1.3046699908599295,-0.859749037274094,-0.4820532819843823,-0.392346723495129,0.2806539795697548,0.8944992453193418,-0.8203674972189086,0.8856123090539809,0.0416545355694672
0.1625442349947678,0.9072035088329198,1.3954203730765178,1.3954203730765178,-0.5016553599521706,-0.0789986049181841,-0.0755148367413053,0.8331736116944045,-0.4057153639132397,-0.2444047415191273,-0.4820532819843823,1.002566850024584,0.6928817880382653,-1.1435254386846403,-0.5531634868729148,0.966924139775597,1.5124323266304776
-0.8631580320949231,-0.9922247854502116,1.3954203730765178,1.3954203730765178,-0.9517833940961766,-0.9105586222782804,-1.1859614417720363,-1.3968393760212343,-0.4057153639132397,-1.1674211851515772,1.4128092602512243,-0.1133640087911864,1.1051095965067756,1.032670410336561,0.3325683251999161,1.3596464266010553,0.0416545355694672
0.6753953685396132,0.4151236398476526,1.3954203730765178,1.3954203730765178,-0.5108043037355854,0.0039547802053811,-0.2143206623701467,0.5587737238266685,-0.4057153639132397,-0.2444047415191273,-0.4820532819843823,0.4446014206166987,0.2806539795697548,1.481726696642523,1.5795203734812204,0.7047921495857695,1.1255671642452048
-1.4614843545639096,-1.4983982040811734,-1.2646182929415224,-1.2646182929415222,-0.9847195917164696,-1.1167475766143669,-1.3247672674008777,-2.6306938671893856,-0.4057153639132397,-1.1674211851515772,-0.4820532819843823,-0.6713294381990716,0.6928817880382653,-1.1435254386846403,0.8224423441675714,0.5503863368836847,-0.8186953190947199
0.4189698017671905,-0.4458250318983183,-1.2646182929415224,-1.2646182929415222,-0.8108896598315893,-0.2706065902967481,-0.9083497905143536,-1.3968393760212343,-0.4057153639132397,-0.5520768893966107,-0.4820532819843823,-1.787260297014842,-1.3682572543042868,1.619897861659742,-1.4191024092904874,-0.3670770836606984,-0.8186953190947199
-1.205058787791487,-0.5700871425032387,0.0654010400674976,0.0654010400674977,-0.7541662083744178,-0.1911172330407493,-0.7695439648855121,-0.162984884853083,-1.3046699908599295,-0.5520768893966107,-0.4820532819843823,0.4446014206166987,1.1051095965067756,-0.6599263611243733,0.7234778958912774,0.3005126363077182,0.0416545355694672
1.4446720688568817,-0.881578477045369,1.3954203730765178,1.3954203730765178,-0.9115280414491516,-0.9426192473785804,-0.9083497905143536,-0.6750807673414826,-0.4057153639132397,-0.859749037274094,-0.4820532819843823,0.1656187059127561,1.1051095965067756,0.3763573765047701,-0.0385483558361861,1.3596464266010553,0.6520824719662907
1.7010976356293042,-0.7379675948929697,1.3954203730765178,1.3954203730765178,-0.9993579017699332,-1.45941861979858,-1.3247672674008777,-1.3968393760212343,-1.3046699908599295,-1.1674211851515772,-0.4820532819843823,-0.6713294381990716,0.2806539795697548,-1.3162393949561642,-0.3601828127341415,0.5503863368836847,-0.8186953190947199
-0.8631580320949231,-1.4432661488569989,0.0654010400674976,0.0654010400674977,-0.9206769852325664,-1.0266152325933793,-0.9083497905143536,-0.162984884853083,-1.3046699908599295,-0.859749037274094,-0.4820532819843823,0.7235841353206414,1.517337404975286,0.8944992453193418,1.5349863717568883,1.3596464266010553,0.6520824719662907
1.7865728245534451,1.2694793968441125,-1.2646182929415224,-1.2646182929415222,2.2906022827460126,1.5046988873128873,1.0349317682894257,-0.162984884853083,1.3921938899801396,1.2939559978682893,1.4128092602512243,-0.9503121529030142,-0.9560294458357764,-0.4526696135985447,1.2826270286523385,-0.4659387821770815,0.6520824719662907
1.957523202401727,1.4715665663400035,-1.2646182929415224,-1.2646182929415222,2.492793940359479,1.4603083750029966,1.3125434195471084,1.070869606315068,1.0190940096470398,1.2939559978682893,2.521232791480213,0.4446014206166987,-0.5438016373672659,0.7563280803021227,-0.3898721472170298,-1.1207930591923676,-0.8186953190947199
0.931820935312036,0.0010121539870413,-1.2646182929415224,-1.2646182929415222,-0.4723787398452433,-0.0160925243415957,-0.0755148367413053,-0.6750807673414826,0.1201393827003501,0.6786117021133227,-0.4820532819843823,-1.787260297014842,-1.7804850627727973,1.343555531625304,-0.4789401506656945,-0.876255878889373,-0.8186953190947199
-0.1793565207017958,1.2510383454433052,-1.2646182929415224,-1.2646182929415222,1.2293248038699012,1.2349889611701947,0.6185142914029015,0.2342275408568957,0.7826380134765774,0.986283849990806,-0.4820532819843823,-0.9503121529030142,-1.3682572543042868,1.516269487896828,1.0203712407201595,-1.0334885871285773,-0.8186953190947199
1.0172961242361769,0.0476403046792375,0.0654010400674976,0.0654010400674977,0.5687710627073558,0.5057766810876072,1.3125434195471084,1.637741372355351,1.3921938899801396,-0.2444047415191273,1.4128092602512243,2.397480423544297,1.1051095965067756,1.516269487896828,1.0945945769273802,-0.27842076318998,1.1255671642452048
-1.119583598867346,0.8686970647162087,-1.2646182929415224,-1.2646182929415222,1.2302396982482426,1.3093247357047977,0.4797084657740602,0.2342275408568957,0.7826380134765774,0.6786117021133227,-0.4820532819843823,-0.9503121529030142,-1.3682572543042868,0.1691006289789414,-0.5284223748038415,-1.0096730710621231,-0.8186953190947199
-0.3503068985500777,0.8382645524304208,0.0654010400674976,0.0654010400674977,0.222940987694278,0.8488340410911881,0.063290988887536,0.2342275408568957,0.7826380134765774,-0.2444047415191273,-0.4820532819843823,-0.9503121529030142,-1.3682572543042868,-0.2799556573270207,-1.2657075144622316,0.4169691447109346,1.1255671642452048
-0.2648317096259368,-0.2771801835956005,0.0654010400674976,0.0654010400674977,-0.6571874042702215,-0.1424496418812321,-0.4919323136278294,-0.162984884853083,0.1201393827003501,-0.5520768893966107,-0.4820532819843823,-0.392346723495129,-0.1315738288987555,-0.1072417010554968,0.7086332286498336,0.5503863368836847,0.6520824719662907
0.3334946128430496,1.2176915737392549,-1.2646182929415224,-1.2646182929415222,0.8761755738300916,1.1029125103223638,0.4797084657740602,-0.162984884853083,0.7826380134765774,0.986283849990806,-0.4820532819843823,-1.5082775823108994,-1.7804850627727973,-0.7290119436329829,-1.6516688627397782,-1.0096730710621231,-0.8186953190947199
1.3591968799327403,1.0528209302569096,-1.2646182929415224,-1.2646182929415222,1.5971123439631745,1.1040730789719984,1.3125434195471084,-0.162984884853083,1.9180486365937297,0.6786117021133227,-0.4820532819843823,-1.5082775823108994,-1.7804850627727973,-0.3144984485813255,-0.6224386006663206,-1.1207930591923676,-0.8186953190947199
0.1625442349947678,-0.5518371900806783,0.0654010400674976,0.0654010400674977,-0.93531529528603,-0.968881188507909,-1.047155616143195,-0.6750807673414826,-1.3046699908599295,-0.859749037274094,-0.4820532819843823,-0.1133640087911864,0.6928817880382653,1.1362987840994754,-0.4047168144584739,-0.1735214812393563,-0.8186953190947199
0.3334946128430496,-0.9138264296245006,-1.2646182929415224,-1.2646182929415222,-0.0716550021316771,0.3557348290727125,0.3409026401452188,1.070869606315068,0.49323926303345,-0.2444047415191273,-0.4820532819843823,1.560532279432469,1.1051095965067756,-0.3835840310899351,1.5646757062397765,-0.5662437680648148,0.0416545355694672
-0.008406142853514,0.8045355827698771,-1.2646182929415224,-1.2646182929415222,0.9566862791241414,1.2315146498551532,0.3409026401452188,0.2342275408568957,0.7826380134765774,0.3709395542358393,-0.4820532819843823,-0.9503121529030142,-1.3682572543042868,-1.5925817249906025,-1.7308404213608135,-0.982781570956727,-0.8186953190947199
-0.1793565207017958,-0.4087040553738957,0.0654010400674976,0.0654010400674977,-0.710251278214027,-0.1798109127466285,-0.6307381392566708,0.2342275408568957,-1.3046699908599295,-0.5520768893966107,-0.4820532819843823,0.7235841353206414,1.1051095965067756,1.3090127403709992,1.3370574752043003,0.7618113109016622,0.6520824719662907
-0.2648317096259368,-1.2213524603680117,1.3954203730765178,1.3954203730765178,-0.898719520152371,-0.8338715601012436,-0.9083497905143536,-0.6750807673414826,-1.3046699908599295,-0.5520768893966107,-0.4820532819843823,-0.392346723495129,0.2806539795697548,-0.0036133272925825,0.8867692355471626,2.083554244724097,1.1255671642452048
-0.0938813317776549,2.003442797545147,-1.2646182929415224,-1.2646182929415222,2.73524095061997,1.3853424663763845,1.7289608964336325,0.8331736116944045,1.3921938899801396,1.909300293623256,3.3076718024868312,-0.392346723495129,-1.3682572543042868,-1.1435254386846403,-1.0727268403234582,-1.4262108739540356,-2.2894731101557304
-0.4357820874742186,-0.6423225562804934,-1.2646182929415224,-1.2646182929415222,-0.0625060583482623,0.2896159005733231,0.4797084657740602,0.5587737238266685,0.1201393827003501,0.986283849990806,-0.4820532819843823,0.4446014206166987,0.2806539795697548,0.549071332776294,1.4805559252049263,-0.616950784236665,0.0416545355694672
1.6156224467051634,0.6216060858432182,0.0654010400674976,0.0654010400674977,-0.0222507057012374,0.2653537337199406,0.6185142914029015,1.070869606315068,0.49323926303345,0.3709395542358393,1.4128092602512243,0.7235841353206414,-0.1315738288987555,-1.3853249774647738,-0.9886070592886086,0.02564520316476,1.1255671642452048
0.8463457463878951,0.2915303756665957,0.0654010400674976,0.0654010400674977,0.1259621835900816,0.3598874285999487,0.757320117031743,0.2342275408568957,1.2190147058053171,0.6786117021133227,-0.4820532819843823,-0.6713294381990716,-0.9560294458357764,-0.867183108650202,-0.1968914730782564,0.830864852009418,2.122860263027301
1.1882465020844588,-0.2789956238889442,1.3954203730765178,1.3954203730765178,-0.9554429716095424,-0.9589673627750862,-1.1859614417720363,-1.3968393760212343,-1.3046699908599295,-0.859749037274094,2.521232791480213,-0.392346723495129,0.6928817880382653,-0.8326403173958973,-1.3696201851523404,0.1069570338863763,-0.8186953190947199
-0.7776828431707823,-1.687586192545412,0.0654010400674976,0.0654010400674977,-0.9591025491229084,-1.45941861979858,-0.9083497905143536,-0.162984884853083,-1.3046699908599295,-0.859749037274094,-0.4820532819843823,0.1656187059127561,0.6928817880382653,-0.2108700748184112,-1.6962028644641105,1.3596464266010553,0.6520824719662907
-1.4614843545639096,-1.1362178655591044,0.0654010400674976,0.0654010400674977,-0.9536131828528596,-0.9345256795708756,-1.1859614417720363,-1.3968393760212343,-1.3046699908599295,-0.859749037274094,-0.4820532819843823,-0.392346723495129,0.6928817880382653,-1.350782186210469,0.0109338683019607,0.1069570338863763,-0.8186953190947199
0.5044449906913314,-0.113647232960982,0.0654010400674976,0.0654010400674977,0.2878984885565228,0.5163101472502643,0.757320117031743,-0.6750807673414826,1.9180486365937297,-0.2444047415191273,-0.4820532819843823,-1.5082775823108994,-1.3682572543042868,-0.6944691523786781,0.1000018717506253,-0.0474487788157081,1.1255671642452048
1.3591968799327403,-0.0539765770034482,0.0654010400674976,0.0654010400674977,0.0326429569992511,0.3283400864523808,0.6185142914029015,1.2805323325064204,-0.4057153639132397,0.6786117021133227,-0.4820532819843823,1.839514994136412,1.1051095965067756,-0.1417844923098016,0.7284261183050921,0.02564520316476,1.1255671642452048
1.4446720688568817,1.5282751881347134,-1.2646182929415224,-1.2646182929415222,1.7224528737959564,1.3390785707669346,0.8961259426605843,0.2342275408568957,0.7826380134765774,1.6016281457457726,1.4128092602512243,-1.2292948676069568,-1.7804850627727973,0.2727290027418557,0.2929825458893986,-1.073786471011429,-0.8186953190947199
1.6156224467051634,-0.5116586299043084,1.3954203730765178,1.3954203730765178,-1.01582600058008,-2.0102550223335784,-1.3247672674008777,-2.6306938671893856,-1.3046699908599295,-0.859749037274094,-0.4820532819843823,-1.787260297014842,-0.9560294458357764,-1.0053542736674212,-1.0529339506681996,0.5503863368836847,-0.8186953190947199
-0.0938813317776549,0.743575008709178,0.0654010400674976,0.0654010400674977,1.646516640393614,1.1832334423888335,1.173737593918267,1.4680820320250476,0.7826380134765774,0.6786117021133227,-0.4820532819843823,1.2815495647285264,-0.1315738288987555,-0.6944691523786781,0.866976345891904,-0.2282689382839197,1.1255671642452048
-0.0938813317776549,-1.3707918613569356,1.3954203730765178,1.3954203730765178,-0.9206769852325664,-0.8190897706356913,-1.047155616143195,-1.3968393760212343,-0.4057153639132397,-0.859749037274094,-0.4820532819843823,-0.6713294381990716,0.2806539795697548,1.1362987840994754,-0.8104710523912794,1.803075729598364,0.6520824719662907
-0.6922076542466413,-0.8348547768640494,0.0654010400674976,0.0654010400674977,-0.7194002219974418,-0.2130815166113802,-0.6307381392566708,0.2342275408568957,-0.4057153639132397,-0.859749037274094,-0.4820532819843823,0.7235841353206414,1.1051095965067756,0.6526997065392084,0.3424647700275458,1.3596464266010553,1.1255671642452048
0.2480194239189087,-0.8193757596260662,0.0654010400674976,0.0654010400674977,-0.9664217041496402,-1.1167475766143669,-1.1859614417720363,-1.3968393760212343,-1.3046699908599295,-0.859749037274094,-0.4820532819843823,-0.9503121529030142,-0.1315738288987555,0.549071332776294,0.367205882096619,0.1069570338863763,-0.8186953190947199
-0.008406142853514,2.05508729641632,1.3954203730765178,1.3954203730765178,0.7773669809692122,0.9649595008885355,0.6185142914029015,1.2805323325064204,1.0190940096470398,-0.5520768893966107,2.521232791480213,1.560532279432469,0.6928817880382653,1.7235262354226566,1.5448828165845176,-1.0334885871285773,-0.8186953190947199
0.931820935312036,0.6350785638096109,0.0654010400674976,0.0654010400674977,0.952111807232434,0.9414211565797396,0.8961259426605843,0.8331736116944045,1.2190147058053171,0.3709395542358393,-0.4820532819843823,0.1656187059127561,-0.5438016373672659,-1.3853249774647738,1.1688179131346006,-0.7385604988411334,0.0416545355694672
1.2737216910085998,-0.5712337363727189,0.0654010400674976,0.0654010400674977,-0.7944215610214428,-0.3700736503975289,-0.7695439648855121,-0.162984884853083,-1.3046699908599295,-0.5520768893966107,-0.4820532819843823,0.1656187059127561,0.6928817880382653,-1.0053542736674212,0.7333743407189072,0.3005126363077182,0.0416545355694672
1.1027713131603178,0.621176113142163,-1.2646182929415224,-1.2646182929415222,1.3198993473257072,0.9691462255926244,1.3125434195471084,1.070869606315068,1.0190940096470398,1.2939559978682893,-0.4820532819843823,0.4446014206166987,-0.5438016373672659,0.998127619082256,1.1341803562378978,-1.1207930591923676,-0.8186953190947199
-0.0938813317776549,0.3839745063934396,0.0654010400674976,0.0654010400674977,-0.8804216325855415,-0.6934629872404099,-0.9083497905143536,-0.6750807673414826,-0.4057153639132397,-0.859749037274094,-0.4820532819843823,-1.2292948676069568,-0.9560294458357764,-0.7980975261415925,-0.568008154114359,-0.3670770836606984,-0.8186953190947199
-1.5469595434880503,-0.5176304729745179,-1.2646182929415224,-1.2646182929415222,-0.6425490942167579,-0.0979668216449436,-0.4919323136278294,-0.162984884853083,0.1201393827003501,-0.5520768893966107,-0.4820532819843823,-0.9503121529030142,-0.9560294458357764,0.6526997065392084,-0.5432670420452856,-0.7023030558309942,-0.8186953190947199
0.6753953685396132,0.249249726729512,0.0654010400674976,0.0654010400674977,0.8523883199932132,0.5474228895787084,1.7289608964336325,1.070869606315068,1.0190940096470398,2.2169724415007392,1.4128092602512243,0.7235841353206414,-0.1315738288987555,1.032670410336561,-0.9787106144609792,-0.8974292993623979,0.0416545355694672
-0.8631580320949231,0.4117794077283352,0.0654010400674976,0.0654010400674977,0.6163455703811125,0.4361544083279816,1.5901550708047911,1.637741372355351,0.1201393827003501,1.909300293623256,-0.4820532819843823,2.118497708840354,0.6928817880382653,-0.8326403173958973,0.4958596648558012,0.3322483486472227,2.122860263027301
0.7608705574637542,0.5232378867907264,0.0654010400674976,0.0654010400674977,0.4589837373063787,0.5354183230251384,1.0349317682894257,0.5587737238266685,0.49323926303345,1.909300293623256,-0.4820532819843823,0.1656187059127561,-0.1315738288987555,1.17084157535378,1.5498310389983323,-0.4659387821770815,0.6520824719662907
-1.034108409943205,-1.5498516039740988,0.0654010400674976,0.0654010400674977,-0.9810600142031038,-1.3644283259157888,-1.1859614417720363,-1.3968393760212343,-1.3046699908599295,-0.859749037274094,-0.4820532819843823,-0.1133640087911864,1.1051095965067756,-0.5908407786157638,-0.4838883730795091,0.1069570338863763,-0.8186953190947199
-0.948633221019064,-1.5645184505545335,0.0654010400674976,0.0654010400674977,-0.9554429716095424,-0.9589673627750862,-1.1859614417720363,-1.3968393760212343,-1.3046699908599295,-0.859749037274094,-0.4820532819843823,-0.392346723495129,0.6928817880382653,-0.0036133272925825,-0.2117361403197005,1.3596464266010553,0.0416545355694672
-0.6067324653225004,1.1288783235990985,0.0654010400674976,0.0654010400674977,0.7050903250802356,0.9892738812544144,0.4797084657740602,1.070869606315068,0.49323926303345,0.0632674063583559,-0.4820532819843823,0.4446014206166987,-0.5438016373672659,0.0309294639617222,1.6933294889989587,-0.616950784236665,0.0416545355694672
-0.6067324653225004,0.8849882526117403,0.0654010400674976,0.0654010400674977,0.5340050763303797,0.4794705493899722,1.3125434195471084,0.8331736116944045,0.49323926303345,2.2169724415007392,-0.4820532819843823,0.1656187059127561,-0.5438016373672659,1.2053843666080848,0.6393581148564278,-0.5478972431289096,0.6520824719662907
-0.0938813317776549,1.3168719434492953,-1.2646182929415224,-1.2646182929415222,1.6208995978000529,1.666153421904728,0.2020968145163774,0.2342275408568957,1.2190147058053171,-0.5520768893966107,-0.4820532819843823,-0.9503121529030142,-1.3682572543042868,1.619897861659742,-1.715995754119369,-0.952176756406961,-0.8186953190947199
1.957523202401727,0.5809020034766699,2.7254397060855378,2.7254397060855378,-0.2271870464497279,0.1460344508378107,0.3409026401452188,1.2805323325064204,0.1201393827003501,-0.2444047415191273,1.4128092602512243,1.560532279432469,0.6928817880382653,0.2381862114875509,-1.6566170851535928,1.2052406138989713,2.122860263027301
1.1882465020844588,1.201209286865477,0.0654010400674976,0.0654010400674977,2.028942490540351,1.039514734341201,2.006572547691315,1.79262821499482,1.54494875626063,0.6786117021133227,1.4128092602512243,2.118497708840354,0.2806539795697548,1.2399271578623896,0.8917174579609772,-0.9352328032918976,0.0416545355694672
-0.2648317096259368,-0.0955883795166684,0.0654010400674976,0.0654010400674977,-0.3442935268774368,0.1310507807184347,0.063290988887536,0.8331736116944045,0.1201393827003501,-0.2444047415191273,-0.4820532819843823,0.7235841353206414,0.2806539795697548,0.4799857502676844,-0.6075939334248766,0.809691431536393,1.5124323266304776
-0.1793565207017958,0.4170824043746813,1.3954203730765178,1.3954203730765178,0.3071112705016938,0.4068457991672909,1.0349317682894257,1.070869606315068,0.7826380134765774,0.986283849990806,-0.4820532819843823,0.7235841353206414,-0.1315738288987555,-1.1089826474303357,0.0802089820953667,1.3596464266010553,2.7985820842302505
1.6156224467051634,-0.4291038713017315,1.3954203730765178,1.3954203730765178,-0.5474000788692444,-0.0812006834112182,-0.2143206623701467,0.8331736116944045,-0.4057153639132397,-0.5520768893966107,-0.4820532819843823,1.2815495647285264,1.1051095965067756,-1.3162393949561642,0.8422352338228304,0.7047921495857695,1.1255671642452048
-1.6324347324121913,1.7114913335287425,-1.2646182929415224,-1.2646182929415222,2.7517090494301164,1.2525380435537898,2.145378373320157,1.070869606315068,1.9180486365937297,1.2939559978682893,3.3076718024868312,0.4446014206166987,-0.5438016373672659,0.4454429590133796,-0.0830823575605185,-1.1851065038678643,-0.8186953190947199
-0.7776828431707823,0.2872306486560448,0.0654010400674976,0.0654010400674977,0.0802174646730078,0.3118555052844995,0.757320117031743,1.070869606315068,0.1201393827003501,0.986283849990806,-0.4820532819843823,1.002566850024584,0.2806539795697548,-0.0381561185468872,-0.4096650368722885,0.830864852009418,2.122860263027301
-1.8033851102604728,-0.7686867556461277,0.0654010400674976,0.0654010400674977,-0.9023790976657368,-0.8639770688922953,-0.9083497905143536,-0.6750807673414826,-1.3046699908599295,-0.5520768893966107,-0.4820532819843823,-0.392346723495129,0.2806539795697548,1.2744699491166944,-0.7609888282531323,0.5503863368836847,0.0416545355694672
0.8463457463878951,0.6515130759388276,-1.2646182929415224,-1.2646182929415222,0.5550476470322336,0.3908241656316878,1.5901550708047911,0.2342275408568957,1.3921938899801396,2.2169724415007392,-0.4820532819843823,-0.9503121529030142,-1.3682572543042868,0.8254136628107323,-0.9886070592886086,-0.876255878889373,0.0416545355694672
-0.6922076542466413,-0.9030771120981234,0.0654010400674976,0.0654010400674977,-0.938974872799396,-1.009352508286591,-1.047155616143195,-0.6750807673414826,-1.3046699908599295,-0.859749037274094,-0.4820532819843823,-0.1133640087911864,0.6928817880382653,-0.4526696135985447,-0.7115066041149853,-0.1735214812393563,-0.8186953190947199
-0.008406142853514,0.0725787213404326,0.0654010400674976,0.0654010400674977,0.9072819826937016,1.201009530968445,0.3409026401452188,0.2342275408568957,0.1201393827003501,0.986283849990806,1.4128092602512243,1.002566850024584,1.517337404975286,-0.5217551961071543,1.624054375205553,0.8856123090539809,1.839522160832408
0.8463457463878951,0.9483853386450848,0.0654010400674976,0.0654010400674977,1.56966551261293,1.147918283959696,1.173737593918267,1.4680820320250476,1.0190940096470398,0.3709395542358393,-0.4820532819843823,1.2815495647285264,-0.1315738288987555,-1.1435254386846403,1.1836625803760443,-0.2282689382839197,1.1255671642452048
-1.6324347324121913,0.7945984359010485,-1.2646182929415224,-1.2646182929415222,1.4452398771584891,0.697260237637058,2.284184198948998,1.4680820320250476,1.3921938899801396,2.2169724415007392,-0.4820532819843823,1.002566850024584,-0.5438016373672659,-0.0381561185468872,0.8818210131333479,-1.1932811264931322,-0.8186953190947199
-0.5212572763983595,0.0667979772484697,1.3954203730765178,1.3954203730765178,-0.2418253565031915,0.3915131216461985,-0.0755148367413053,0.2342275408568957,0.49323926303345,-0.2444047415191273,-0.4820532819843823,-0.1133640087911864,-0.1315738288987555,0.4109001677590749,0.7383225631327218,1.7311298417814909,2.122860263027301
-0.3503068985500777,-0.9885461301189624,0.0654010400674976,0.0654010400674977,-0.970081281663006,-1.174165588264889,-1.1859614417720363,-1.3968393760212343,-1.3046699908599295,-0.859749037274094,-0.4820532819843823,-0.6713294381990716,0.2806539795697548,0.1691006289789414,-1.077675062737273,0.1069570338863763,-0.8186953190947199
-0.6922076542466413,-0.4701423768802116,0.0654010400674976,0.0654010400674977,-0.2418253565031915,0.2067482312501985,0.2020968145163774,1.070869606315068,-0.4057153639132397,0.0632674063583559,-0.4820532819843823,1.560532279432469,1.1051095965067756,0.2381862114875509,1.6191061527917383,1.0244204544307591,1.839522160832408
-0.3503068985500777,0.1076453838487031,1.3954203730765178,1.3954203730765178,0.3272389468252062,0.4863745173336921,0.8961259426605843,1.2805323325064204,0.1201393827003501,0.986283849990806,-0.4820532819843823,1.839514994136412,1.1051095965067756,0.8599564540650371,1.223248359686562,2.1555001325409706,3.3102999518934184
1.1882465020844588,-0.1045222567497018,-1.2646182929415224,-1.2646182929415222,1.5147718499124414,1.1814084657343595,1.0349317682894257,0.5587737238266685,1.8052020693197453,-0.2444047415191273,1.4128092602512243,1.002566850024584,1.1051095965067756,-0.4872124048528494,1.604261485550294,-0.7713565969387494,0.0416545355694672
-0.4357820874742186,0.5423000098708353,-1.2646182929415224,-1.2646182929415222,0.6584307117848204,1.2087286443789562,0.063290988887536,0.2342275408568957,0.49323926303345,0.0632674063583559,1.4128092602512243,-0.9503121529030142,-1.3682572543042868,0.549071332776294,-1.2508628472207877,-0.9170320787253609,-0.8186953190947199
-0.2648317096259368,0.2523073103814593,1.3954203730765178,1.3954203730765178,0.0838770421863737,0.3843617129919201,0.6185142914029015,0.5587737238266685,0.1201393827003501,1.2939559978682893,-0.4820532819843823,0.4446014206166987,0.2806539795697548,-0.0381561185468872,0.0059856458881461,1.4930636187738058,2.596344955306216
-0.5212572763983595,-0.2428301422557551,0.0654010400674976,0.0654010400674977,0.5678561683290143,0.4004347288439167,1.5901550708047911,1.79262821499482,1.54494875626063,-0.2444047415191273,1.4128092602512243,2.67646313824824,1.1051095965067756,1.343555531625304,1.213351914858933,0.1069570338863763,1.839522160832408
-0.1793565207017958,1.2935578681031972,-1.2646182929415224,-1.2646182929415222,0.3437070456353528,0.2713330761798223,1.4513492451759498,-0.6750807673414826,1.54494875626063,2.2169724415007392,-0.4820532819843823,-1.787260297014842,-1.7804850627727973,-1.0398970649217258,-0.5284223748038415,-1.1337935730163105,-0.8186953190947199
0.931820935312036,0.1013868923111235,0.0654010400674976,0.0654010400674977,0.6200051478944784,0.5435494766557574,1.3125434195471084,0.5587737238266685,1.0190940096470398,1.909300293623256,-0.4820532819843823,0.1656187059127561,-0.1315738288987555,-0.9708114824131164,0.1593805407164018,-0.0191156685372722,1.5124323266304776
-1.6324347324121913,1.546190717345342,-1.2646182929415224,-1.2646182929415222,0.9475373353407266,1.0736777409657865,0.6185142914029015,-0.162984884853083,0.7826380134765774,1.2939559978682893,-0.4820532819843823,-1.5082775823108994,-1.7804850627727973,-0.7635547348872876,-1.0232446161853117,-1.0334885871285773,-0.8186953190947199
-0.5212572763983595,-0.2750303200903251,1.3954203730765178,1.3954203730765178,-0.8200386036150041,-0.4991441675036837,-0.7695439648855121,-0.162984884853083,0.1201393827003501,-1.1674211851515772,-0.4820532819843823,0.4446014206166987,1.1051095965067756,1.2744699491166944,1.6141579303779234,1.6792747314460452,1.1255671642452048
0.3334946128430496,1.035908670682076,0.0654010400674976,0.0654010400674977,1.8917083337891292,1.1788287021647028,1.4513492451759498,1.637741372355351,0.7826380134765774,0.986283849990806,-0.4820532819843823,2.118497708840354,0.6928817880382653,1.481726696642523,1.124283911410268,-0.5838385779516478,0.6520824719662907
-1.4614843545639096,1.3221271653510795,-1.2646182929415224,-1.2646182929415222,1.3418568124059027,1.0368732655473951,1.173737593918267,0.2342275408568957,1.54494875626063,0.986283849990806,-0.4820532819843823,-0.9503121529030142,-1.3682572543042868,-1.661667307499212,-1.4388952989457462,-1.1065825691090454,-0.8186953190947199
-0.6922076542466413,-1.4749885792459518,-1.2646182929415224,-1.2646182929415222,-0.9060386751791027,-0.8948352928571242,-0.9083497905143536,-0.162984884853083,-0.4057153639132397,-1.1674211851515772,-0.4820532819843823,0.4446014206166987,1.1051095965067756,-1.21261102119325,0.3523612148551751,-0.3670770836606984,-0.8186953190947199
-0.948633221019064,-0.004243067914743,0.0654010400674976,0.0654010400674977,-0.5364213463291467,0.0582832666684069,-0.353126487998988,0.2342275408568957,0.1201393827003501,-0.5520768893966107,-0.4820532819843823,-0.1133640087911864,-0.1315738288987555,0.8599564540650371,-1.2063288454964554,-0.1735214812393563,0.0416545355694672
0.5899201796154724,0.1865214871200309,0.0654010400674976,0.0654010400674977,0.523026343790282,0.5270537307743022,1.173737593918267,1.637741372355351,0.49323926303345,0.6786117021133227,-0.4820532819843823,2.397480423544297,1.1051095965067756,1.2053843666080848,1.109439244168824,0.0412075416550101,1.5124323266304776
-0.7776828431707823,-0.8989207093212576,0.0654010400674976,0.0654010400674977,-0.8968897313956881,-0.8190897706356913,-0.9083497905143536,-0.6750807673414826,-1.3046699908599295,-0.5520768893966107,-0.4820532819843823,-0.6713294381990716,-0.1315738288987555,-1.5580389337362976,-0.3008041437683653,-0.3670770836606984,-0.8186953190947199
-0.2648317096259368,-0.6720862221424179,0.0654010400674976,0.0654010400674977,-0.8456556462085654,-0.464013953006493,-0.9083497905143536,-0.162984884853083,-1.3046699908599295,-0.859749037274094,-0.4820532819843823,0.4446014206166987,1.1051095965067756,0.0309294639617222,-0.3552345903203269,-0.3670770836606984,-0.8186953190947199
-0.0938813317776549,-1.175870903545296,0.0654010400674976,0.0654010400674977,-0.8456556462085654,-0.2500506097287027,-1.047155616143195,-0.6750807673414826,-1.3046699908599295,-0.859749037274094,-0.4820532819843823,0.4446014206166987,1.517337404975286,-1.6271245162449073,1.1935590252036743,0.8856123090539809,0.0416545355694672
-1.205058787791487,1.6880339339489594,-1.2646182929415224,-1.2646182929415222,2.116772350861132,1.5678965838785337,0.757320117031743,1.637741372355351,0.1201393827003501,0.0632674063583559,-0.4820532819843823,1.002566850024584,-0.9560294458357764,0.8254136628107323,0.1841216527854753,-1.0547274587736004,-0.8186953190947199
-0.1793565207017958,0.8635373923035475,-1.2646182929415224,-1.2646182929415222,1.1671119861426809,0.9443630069571636,1.173737593918267,0.2342275408568957,1.0190940096470398,1.909300293623256,-0.4820532819843823,-0.6713294381990716,-0.9560294458357764,-0.9708114824131164,0.2237074320959929,-1.1065825691090454,-0.8186953190947199
-0.6067324653225004,-0.6763859491529688,0.0654010400674976,0.0654010400674977,-0.8859109988555903,-0.7339343070190919,-0.9083497905143536,-0.6750807673414826,-0.4057153639132397,-0.859749037274094,-0.4820532819843823,-0.392346723495129,0.2806539795697548,1.1362987840994754,-1.0479857282543847,-0.3670770836606984,-0.8186953190947199
-0.3503068985500777,-0.690527273543225,0.0654010400674976,0.0654010400674977,-0.9517833940961766,-1.1624663095052727,-1.047155616143195,-0.6750807673414826,-1.3046699908599295,-0.859749037274094,-0.4820532819843823,-0.1133640087911864,0.6928817880382653,-1.21261102119325,-1.4834293006700785,0.8856123090539809,0.0416545355694672
-0.3503068985500777,-2.310043339439494,0.0654010400674976,0.0654010400674977,-1.0304643106335434,-4.076384989268159,-1.7411847442874018,-2.6306938671893856,-1.3046699908599295,-1.782765480906544,-0.4820532819843823,1.2815495647285264,3.578476447317838,0.2381862114875509,0.4364809958900252,-1.4262108739540356,-2.2894731101557304
-0.6067324653225004,0.3221062121860686,1.3954203730765178,1.3954203730765178,0.3016219042316449,0.4019381797077845,1.0349317682894257,1.070869606315068,0.7826380134765774,0.986283849990806,-0.4820532819843823,1.2815495647285264,0.6928817880382653,-1.0053542736674212,1.1490250234793415,1.803075729598364,3.153051444446254
1.7865728245534451,1.4417073509889555,-1.2646182929415224,-1.2646182929415222,0.878920256965116,1.0309850596557866,0.6185142914029015,0.2342275408568957,1.2190147058053171,0.3709395542358393,-0.4820532819843823,-1.2292948676069568,-1.7804850627727973,0.1691006289789414,-1.3300344058418228,-1.4262108739540356,-2.2894731101557304
0.931820935312036,-1.1355012443906791,1.3954203730765178,1.3954203730765178,-0.8346769136684677,-0.3996029216978198,-0.9083497905143536,-0.6750807673414826,0.1201393827003501,-1.1674211851515772,-0.4820532819843823,-0.1133640087911864,0.6928817880382653,0.9635848278279514,1.045112352789233,1.3596464266010553,0.6520824719662907
-1.5469595434880503,1.0581717016478174,-1.2646182929415224,-1.2646182929415222,1.8130274172517624,1.751420984396837,0.2020968145163774,0.2342275408568957,1.2190147058053171,-0.5520768893966107,2.521232791480213,-0.6713294381990716,-0.9560294458357764,-1.5234961424819928,-1.1321055092892347,-0.952176756406961,-0.8186953190947199
0.7608705574637542,-1.5342770372469925,0.0654010400674976,0.0654010400674977,-0.938974872799396,-1.009352508286591,-1.047155616143195,-1.3968393760212343,-0.4057153639132397,-0.859749037274094,-0.4820532819843823,-0.9503121529030142,-0.1315738288987555,0.549071332776294,0.5354454441663191,0.8856123090539809,0.0416545355694672
-0.5212572763983595,0.2475298359252917,0.0654010400674976,0.0654010400674977,1.7288571344443469,1.1633687075608696,1.3125434195471084,0.8331736116944045,0.49323926303345,2.2169724415007392,1.4128092602512243,1.560532279432469,1.517337404975286,-0.556297987361459,1.045112352789233,-0.27842076318998,1.1255671642452048
0.931820935312036,0.0586762706729847,1.3954203730765178,1.3954203730765178,-0.5437405013558785,-0.0724158444188528,-0.2143206623701467,0.5587737238266685,-0.4057153639132397,-0.2444047415191273,1.4128092602512243,0.7235841353206414,0.6928817880382653,0.549071332776294,0.2781378786479547,1.5647592554749896,1.839522160832408
-0.5212572763983595,0.8326271325721429,0.0654010400674976,0.0654010400674977,0.6145157816244295,0.486024182493286,1.4513492451759498,1.070869606315068,0.49323926303345,2.2169724415007392,-0.4820532819843823,0.7235841353206414,-0.1315738288987555,-0.2799556573270207,-1.676409974808852,-0.32453348329894,1.1255671642452048
-0.5212572763983595,-0.2750303200903251,1.3954203730765178,1.3954203730765178,-0.8200386036150041,-0.4991441675036837,-0.7695439648855121,-0.162984884853083,0.1201393827003501,-1.1674211851515772,-0.4820532819843823,0.4446014206166987,1.1051095965067756,1.2744699491166944,1.6141579303779234,1.6792747314460452,1.1255671642452048
-1.6324347324121913,-1.3627179295260123,0.0654010400674976,0.0654010400674977,-0.8511450124786143,-0.4975254595104298,-0.9083497905143536,-0.162984884853083,-1.3046699908599295,-0.859749037274094,-0.4820532819843823,0.4446014206166987,1.1051095965067756,1.481726696642523,1.5300381493430737,0.5503863368836847,0.0416545355694672
-1.6324347324121913,-1.3627179295260123,0.0654010400674976,0.0654010400674977,-0.5474000788692444,-0.0812006834112182,-0.2143206623701467,0.5587737238266685,-0.4057153639132397,-0.2444047415191273,-0.4820532819843823,1.2815495647285264,1.517337404975286,1.654440652914047,1.376643254514818,1.5647592554749896,1.839522160832408
-1.7179099213363322,-2.03519523397617,0.0654010400674976,0.0654010400674977,-0.9993579017699332,-1.7660856969309722,-1.1859614417720363,-1.3968393760212343,-0.4057153639132397,-1.1674211851515772,-0.4820532819843823,-0.1133640087911864,1.1051095965067756,1.4471839053882185,-0.8055228299774645,0.1069570338863763,-0.8186953190947199
0.8463457463878951,0.7611083399633133,-1.2646182929415224,-1.2646182929415222,1.0737927595518502,1.3009467840505962,0.3409026401452188,-0.162984884853083,1.2190147058053171,0.0632674063583559,-0.4820532819843823,-1.5082775823108994,-1.7804850627727973,-1.6962100987535167,-0.7411959385978736,-0.982781570956727,-0.8186953190947199
-0.1793565207017958,0.9609500964648058,0.0654010400674976,0.0654010400674977,0.9475373353407266,1.1473850551667018,0.4797084657740602,-0.162984884853083,0.7826380134765774,0.986283849990806,1.4128092602512243,0.4446014206166987,1.1051095965067756,0.3418145852504653,1.3222128079628563,-0.2454673690562298,0.6520824719662907
0.1625442349947678,0.3525864992164181,0.0654010400674976,0.0654010400674977,1.0243884631214106,0.6523874410564275,1.7289608964336325,1.79262821499482,0.1201393827003501,1.909300293623256,-0.4820532819843823,2.397480423544297,0.6928817880382653,-1.5580389337362976,0.8867692355471626,-0.647555598786431,0.6520824719662907
-1.7179099213363322,-0.95199845052928,0.0654010400674976,0.0654010400674977,-0.9078684639357858,-1.0850980305080244,-0.7695439648855121,-0.162984884853083,-1.3046699908599295,-0.5520768893966107,-0.4820532819843823,0.1656187059127561,0.6928817880382653,-1.5234961424819928,-1.290448626531305,0.3005126363077182,0.0416545355694672
0.6753953685396132,1.1000701526284076,1.3954203730765178,1.3954203730765178,0.7243031070254066,0.5634329102863613,1.4513492451759498,1.4680820320250476,0.1201393827003501,1.909300293623256,-0.4820532819843823,1.2815495647285264,-0.1315738288987555,-0.0381561185468872,0.6146170027873542,-0.32453348329894,1.1255671642452048
-0.7776828431707823,0.6671354174104958,-1.2646182929415224,-1.2646182929415222,1.0198139912297033,0.981982348908645,0.8961259426605843,0.5587737238266685,0.7826380134765774,1.2939559978682893,-0.4820532819843823,-0.392346723495129,-0.9560294458357764,1.7235262354226566,1.1044910217550097,-1.073786471011429,-0.8186953190947199
1.3591968799327403,-0.0212031022341382,2.7254397060855378,2.7254397060855378,-1.0066770567966652,-1.6746168452883827,-1.3247672674008777,-2.6306938671893856,-1.3046699908599295,-0.859749037274094,-0.4820532819843823,-1.2292948676069568,-0.1315738288987555,1.1017559928451706,0.2237074320959929,0.5503863368836847,-0.8186953190947199
0.4189698017671905,0.0061240516551407,0.0654010400674976,0.0654010400674977,0.411409229632622,0.4378614208185162,1.173737593918267,1.4680820320250476,0.1201393827003501,1.2939559978682893,-0.4820532819843823,1.839514994136412,0.6928817880382653,1.5853550704054375,1.5498310389983323,-0.5087474534096524,0.6520824719662907
-1.4614843545639096,-0.4523701719032679,0.0654010400674976,0.0654010400674977,-0.8566343787486631,-0.5319722906085754,-0.9083497905143536,-0.162984884853083,-1.3046699908599295,-0.859749037274094,-0.4820532819843823,0.4446014206166987,1.1051095965067756,-0.2108700748184112,0.8818210131333479,-0.3670770836606984,-0.8186953190947199
-1.5469595434880503,-1.0254760076651384,-1.2646182929415224,-1.2646182929415222,-0.8932301538823222,-0.5794498619416776,-1.047155616143195,-0.6750807673414826,-1.3046699908599295,-0.859749037274094,-0.4820532819843823,-0.392346723495129,0.2806539795697548,-1.5234961424819928,-0.2661665868716624,-0.1735214812393563,-0.8186953190947199
0.5044449906913314,-0.9971455841400644,-1.2646182929415224,-1.2646182929415222,-0.7340385320509054,-0.1105134574391965,-0.7695439648855121,0.2342275408568957,-1.3046699908599295,-0.859749037274094,-0.4820532819843823,0.7235841353206414,1.1051095965067756,0.0309294639617222,1.2034554700313034,-0.5087474534096524,-0.8186953190947199
1.0172961242361769,0.6773592127466945,0.0654010400674976,0.0654010400674977,0.1991537338573996,0.4330504538716969,0.757320117031743,1.2805323325064204,0.49323926303345,0.3709395542358393,-0.4820532819843823,1.560532279432469,0.6928817880382653,0.9290420365736466,0.847183456236645,-0.7023030558309942,0.0416545355694672
-0.5212572763983595,-0.6961169186569411,1.3954203730765178,1.3954203730765178,-0.9975281130132504,-1.4110098793017738,-1.3247672674008777,-2.6306938671893856,-1.3046699908599295,-0.859749037274094,-0.4820532819843823,-0.9503121529030142,0.2806539795697548,-0.1072417010554968,0.5107043320972455,0.5503863368836847,-0.8186953190947199
1.5301472577810225,0.2711305597387599,0.0654010400674976,0.0654010400674977,-0.8712726888021267,-0.6288270329847909,-0.9083497905143536,-1.3968393760212343,-0.4057153639132397,-0.5520768893966107,-0.4820532819843823,-2.0662430117187847,-1.7804850627727973,0.6526997065392084,-0.4640954834242504,-0.3670770836606984,-0.8186953190947199
0.3334946128430496,1.1917498874422647,-1.2646182929415224,-1.2646182929415222,0.1332813386168134,0.5868034209041116,0.3409026401452188,0.2342275408568957,0.7826380134765774,0.3709395542358393,-0.4820532819843823,-1.2292948676069568,-1.7804850627727973,-0.556297987361459,-1.1914841782550112,-0.982781570956727,-0.8186953190947199
1.1027713131603178,0.5775099966127908,0.0654010400674976,0.0654010400674977,0.7663882484291145,1.0312022386940811,0.4797084657740602,0.8331736116944045,0.7826380134765774,0.0632674063583559,-0.4820532819843823,0.4446014206166987,-0.1315738288987555,0.0309294639617222,1.539934594170703,-1.0096730710621231,-0.8186953190947199
0.5899201796154724,1.1573998461024193,-1.2646182929415224,-1.2646182929415222,0.7160690576203333,1.2493691979930177,0.063290988887536,0.2342275408568957,1.0190940096470398,-0.5520768893966107,1.4128092602512243,-0.9503121529030142,-1.3682572543042868,1.2399271578623896,-1.5675490817049285,-0.9170320787253609,-0.8186953190947199
-0.4357820874742186,0.7448171520677817,0.0654010400674976,0.0654010400674977,1.1085587459288264,0.6077394726997788,2.006572547691315,1.4680820320250476,1.2190147058053171,1.909300293623256,-0.4820532819843823,1.560532279432469,0.2806539795697548,0.4799857502676844,1.6438472648608116,-0.2588737528336856,1.5124323266304776
0.1625442349947678,-0.7071051099061267,1.3954203730765178,1.3954203730765178,-0.9938685354998844,-1.6313048690936796,-1.1859614417720363,-1.3968393760212343,-1.3046699908599295,-0.859749037274094,-0.4820532819843823,-0.392346723495129,0.6928817880382653,1.3780983228796089,-0.3304934782512535,1.3596464266010553,0.0416545355694672
0.5899201796154724,-0.2235769201973995,1.3954203730765178,1.3954203730765178,-0.60046395281305,-0.1034402881223951,-0.353126487998988,0.2342275408568957,0.1201393827003501,-0.5520768893966107,1.4128092602512243,0.7235841353206414,1.1051095965067756,1.1017559928451706,1.26283413899708,2.219613532490276,2.122860263027301
-0.6067324653225004,-0.9552949079040356,0.0654010400674976,0.0654010400674977,-1.003017479283299,-1.562333593668681,-1.3247672674008777,-1.3968393760212343,-1.3046699908599295,-1.1674211851515772,-0.4820532819843823,-0.392346723495129,0.6928817880382653,0.9635848278279514,0.1296912062335135,0.5503863368836847,-0.8186953190947199
0.6753953685396132,-1.177160821648461,2.7254397060855378,2.7254397060855378,-0.8529748012352972,-0.6877881971613302,-0.7695439648855121,-0.6750807673414826,-0.4057153639132397,-0.5520768893966107,-0.4820532819843823,-0.392346723495129,0.2806539795697548,0.0309294639617222,0.8323387889952011,1.6792747314460452,1.1255671642452048
-0.6067324653225004,0.875433303699405,0.0654010400674976,0.0654010400674977,0.8276861717779933,0.6321391010708953,1.4513492451759498,1.070869606315068,0.49323926303345,2.2169724415007392,-0.4820532819843823,0.7235841353206414,-0.1315738288987555,-1.350782186210469,-0.0533930230776303,-0.5838385779516478,0.6520824719662907
-1.205058787791487,-0.5700871425032387,0.0654010400674976,0.0654010400674977,-0.7541662083744178,-0.1911172330407493,-0.7695439648855121,-0.162984884853083,-1.3046699908599295,-0.5520768893966107,-0.4820532819843823,0.4446014206166987,1.1051095965067756,-0.6599263611243733,0.7234778958912774,0.3005126363077182,0.0416545355694672
-0.6067324653225004,-0.1038534103258384,1.3954203730765178,1.3954203730765178,-0.2015700038561666,0.1831181530178563,0.3409026401452188,1.070869606315068,-0.4057153639132397,0.3709395542358393,-0.4820532819843823,1.2815495647285264,0.6928817880382653,0.5836141240305988,-0.5779045989419885,0.8856123090539809,1.839522160832408
-1.6324347324121913,-1.2999419151719696,0.0654010400674976,0.0654010400674977,-1.008506845553348,-1.7348368210660794,-1.3247672674008777,-1.3968393760212343,-1.3046699908599295,-1.1674211851515772,-0.4820532819843823,-0.1133640087911864,1.1051095965067756,-1.1435254386846403,1.243041249341821,0.5503863368836847,-0.8186953190947199
1.2737216910085998,1.338179479523803,0.0654010400674976,0.0654010400674977,0.1854303181822775,0.2932012761313993,1.0349317682894257,0.5587737238266685,1.8052020693197453,-0.2444047415191273,-0.4820532819843823,-0.9503121529030142,-1.7804850627727973,-1.2816966037018591,-1.6962028644641105,-1.0909849017837396,-0.8186953190947199
-1.3760091656397686,-0.3598782664318624,0.0654010400674976,0.0654010400674977,-0.8712726888021267,-0.6288270329847909,-0.9083497905143536,-0.162984884853083,-1.3046699908599295,-0.859749037274094,-0.4820532819843823,0.4446014206166987,1.1051095965067756,-0.6599263611243733,-1.6863064196364812,0.5503863368836847,0.0416545355694672
1.4446720688568817,-0.1861692952056069,0.0654010400674976,0.0654010400674977,-0.2948892304469971,0.1245280000941055,0.2020968145163774,0.8331736116944045,0.49323926303345,-0.2444047415191273,-0.4820532819843823,0.4446014206166987,-0.1315738288987555,-1.4198677687190786,0.8521316786504597,-0.5087474534096524,0.0416545355694672
0.4189698017671905,0.5788954642050794,0.0654010400674976,0.0654010400674977,1.2823886778137068,1.1277771070322824,0.8961259426605843,0.5587737238266685,0.7826380134765774,1.2939559978682893,1.4128092602512243,-0.1133640087911864,-0.5438016373672659,1.516269487896828,1.089646354513565,-0.1135143792344754,1.1255671642452048
1.2737216910085998,1.1208043917681751,0.0654010400674976,0.0654010400674977,0.4598986316847201,0.477403048044332,1.173737593918267,0.5587737238266685,0.7826380134765774,1.909300293623256,-0.4820532819843823,-0.6713294381990716,-1.3682572543042868,-1.21261102119325,-1.37951662997997,-0.8011647543473776,0.0416545355694672
1.6156224467051634,0.1749599989361052,1.3954203730765178,1.3954203730765178,0.1186430285633498,0.3523268250631815,0.757320117031743,1.79262821499482,-0.4057153639132397,0.0632674063583559,-0.4820532819843823,2.955445852952182,1.517337404975286,0.1345578377246366,1.4162290338253354,0.2579690359459597,1.5124323266304776
1.0172961242361769,1.1192755999422015,2.7254397060855378,2.7254397060855378,0.8249414886429689,1.2323911734303508,0.2020968145163774,0.8331736116944045,0.49323926303345,-0.2444047415191273,-0.4820532819843823,0.1656187059127561,-0.5438016373672659,-0.7980975261415925,0.5206007769248748,2.5575883622711717,2.9832101176914887
1.957523202401727,1.4783983548123232,-1.2646182929415224,-1.2646182929415222,1.3665589606211224,0.8379003491589934,1.7289608964336325,1.070869606315068,1.2190147058053171,1.909300293623256,2.521232791480213,0.1656187059127561,-0.9560294458357764,-0.9017258999045068,1.1292321338240832,-1.1567343940151056,-0.8186953190947199
1.2737216910085998,-0.6142310064782277,1.3954203730765178,1.3954203730765178,-0.9408046615560788,-1.0300969405945166,-1.047155616143195,-0.6750807673414826,-1.3046699908599295,-0.859749037274094,-0.4820532819843823,0.1656187059127561,1.1051095965067756,1.481726696642523,1.2331448045141915,1.803075729598364,0.6520824719662907
-1.8888602991846144,1.8528568026867431,-1.2646182929415224,-1.2646182929415222,2.737070739376653,1.857207228108872,0.6185142914029015,-0.162984884853083,0.7826380134765774,1.2939559978682893,1.4128092602512243,-1.5082775823108994,-1.7804850627727973,-0.6944691523786781,-1.077675062737273,-1.0334885871285773,-0.8186953190947199
-1.4614843545639096,-1.1797406578547915,0.0654010400674976,0.0654010400674977,-0.9444642390694448,-0.8190897706356913,-1.1859614417720363,-1.3968393760212343,-1.3046699908599295,-0.859749037274094,-0.4820532819843823,-0.392346723495129,0.6928817880382653,-0.2799556573270207,-0.5432670420452856,0.1069570338863763,-0.8186953190947199
-0.6922076542466413,-0.4701423768802116,0.0654010400674976,0.0654010400674977,-0.2418253565031915,0.2067482312501985,0.2020968145163774,1.070869606315068,-0.4057153639132397,0.0632674063583559,-0.4820532819843823,1.560532279432469,1.1051095965067756,0.2381862114875509,1.6191061527917383,1.0244204544307591,1.839522160832408
0.7608705574637542,-0.6523074778938838,0.0654010400674976,0.0654010400674977,-0.5492298676259273,-0.0856166618891402,-0.2143206623701467,0.5587737238266685,-0.4057153639132397,-0.2444047415191273,-0.4820532819843823,1.002566850024584,1.1051095965067756,-1.0398970649217258,0.5107043320972455,0.7047921495857695,1.1255671642452048
-1.119583598867346,-0.3177887164730255,1.3954203730765178,1.3954203730765178,-0.7706343071845644,-0.2612205019616751,-0.7695439648855121,-0.162984884853083,-0.4057153639132397,-0.859749037274094,-0.4820532819843823,-0.1133640087911864,0.2806539795697548,-1.5580389337362976,-1.2657075144622316,-0.5087474534096524,-0.8186953190947199
1.872048013477586,1.4198265179797078,-1.2646182929415224,-1.2646182929415222,2.1991128449118653,1.6692159923883767,0.6185142914029015,0.2342275408568957,1.0190940096470398,0.6786117021133227,2.521232791480213,-1.2292948676069568,-1.7804850627727973,1.3780983228796089,-1.4438435213595608,-1.0334885871285773,-0.8186953190947199
-1.974335488108755,-0.808339793632319,-1.2646182929415224,-1.2646182929415222,-0.788932194751394,-0.3440881712847998,-0.7695439648855121,-0.6750807673414826,-0.4057153639132397,-0.5520768893966107,-0.4820532819843823,-0.1133640087911864,0.6928817880382653,0.7563280803021227,0.0950536493368106,-0.5087474534096524,-0.8186953190947199
-0.6067324653225004,0.4121616056848287,0.0654010400674976,0.0654010400674977,-0.111910354778702,0.2274869493566194,0.4797084657740602,1.070869606315068,0.1201393827003501,0.3709395542358393,-0.4820532819843823,1.2815495647285264,0.6928817880382653,1.1017559928451706,0.8323387889952011,-1.0096730710621231,-0.8186953190947199
1.1027713131603178,-0.8227677664899453,2.7254397060855378,2.7254397060855378,-1.012166423066714,-1.8648795829392828,-1.3247672674008777,-1.3968393760212343,-1.3046699908599295,-1.1674211851515772,-0.4820532819843823,-0.6713294381990716,0.2806539795697548,-0.6253835698700686,-0.9737623920471642,0.5503863368836847,-0.8186953190947199
1.872048013477586,1.2535226321605122,-1.2646182929415224,-1.2646182929415222,0.8304308549130178,1.0735378571703236,0.4797084657740602,0.2342275408568957,1.3921938899801396,-0.2444047415191273,-0.4820532819843823,-1.2292948676069568,-1.7804850627727973,0.1345578377246366,-0.7609888282531323,-1.0096730710621231,-0.8186953190947199
1.6156224467051634,1.4621549416613533,-1.2646182929415224,-1.2646182929415222,0.711494585728626,1.1559951265207031,0.2020968145163774,0.5587737238266685,0.49323926303345,0.0632674063583559,-0.4820532819843823,-0.9503121529030142,-1.7804850627727973,0.998127619082256,-0.7164548265288,-0.952176756406961,-0.8186953190947199
0.2480194239189087,-0.2843463952798519,0.0654010400674976,0.0654010400674977,-0.9188471964758834,-1.009352508286591,-0.9083497905143536,-0.6750807673414826,-0.4057153639132397,-0.859749037274094,-0.4820532819843823,-0.9503121529030142,-0.5438016373672659,1.0672132015908655,-1.4191024092904874,0.5503863368836847,0.0416545355694672
-1.5469595434880503,1.4096504973880708,-1.2646182929415224,-1.2646182929415222,0.3839623982823777,0.1589975897654902,1.8677667220624736,-0.162984884853083,1.8052020693197453,2.2169724415007392,-0.4820532819843823,-1.5082775823108994,-1.7804850627727973,-1.0744398561760309,-1.1370537317030494,-1.1669057793013278,-0.8186953190947199
-0.3503068985500777,-0.7641481549127683,1.3954203730765178,1.3954203730765178,-0.9499536053394936,-0.8870481082377737,-1.1859614417720363,-1.3968393760212343,-0.4057153639132397,-1.1674211851515772,1.4128092602512243,-0.9503121529030142,-0.1315738288987555,-0.4181268223442398,-1.5477561920496696,1.3596464266010553,0.0416545355694672
1.4446720688568817,-0.5452442753311669,1.3954203730765178,1.3954203730765178,-0.7303789545375395,-0.254227482303524,-0.6307381392566708,-0.162984884853083,-0.4057153639132397,-0.5520768893966107,-0.4820532819843823,0.1656187059127561,0.6928817880382653,0.1000150464703318,1.6092097079641088,1.3596464266010553,1.1255671642452048
0.3334946128430496,0.4599363502465051,-1.2646182929415224,-1.2646182929415222,-0.4925064161687558,0.0444260999840631,-0.2143206623701467,-0.162984884853083,0.1201393827003501,0.0632674063583559,-0.4820532819843823,-1.2292948676069568,-1.3682572543042868,-0.3490412398356303,-1.7407368661884428,-0.8283757582546425,-0.8186953190947199
-0.948633221019064,-0.8067632270617837,0.0654010400674976,0.0654010400674977,-0.635229939190026,-0.2010005261839787,-0.353126487998988,-0.162984884853083,0.1201393827003501,-0.2444047415191273,-0.4820532819843823,0.1656187059127561,0.6928817880382653,-1.3162393949561642,0.4513256631314691,2.219613532490276,2.122860263027301
-1.5469595434880503,1.1436884944132182,-1.2646182929415224,-1.2646182929415222,1.7672826983346888,1.074330322473917,1.5901550708047911,1.070869606315068,1.0190940096470398,1.909300293623256,1.4128092602512243,0.1656187059127561,-0.9560294458357764,-0.556297987361459,-0.8253157196327234,-1.1457323588283028,-0.8186953190947199
0.5899201796154724,-0.9725893654353626,0.0654010400674976,0.0654010400674977,-0.7559959971311008,-0.3559303130190467,-0.6307381392566708,-0.162984884853083,-0.4057153639132397,-0.5520768893966107,-0.4820532819843823,0.4446014206166987,1.1051095965067756,-0.9362686911588116,1.069853464858307,0.1069570338863763,0.0416545355694672
1.1882465020844588,1.0707842342121,-1.2646182929415224,-1.2646182929415222,0.4223879621727197,1.1240181253875852,-0.0755148367413053,0.2342275408568957,0.49323926303345,-0.2444047415191273,-0.4820532819843823,-0.9503121529030142,-1.3682572543042868,1.17084157535378,0.7234778958912774,-0.876255878889373,-0.8186953190947199
-1.6324347324121913,-1.8216899005300375,0.0654010400674976,0.0654010400674977,-0.933485506529347,-0.6934629872404099,-1.1859614417720363,-0.6750807673414826,-1.3046699908599295,-1.1674211851515772,1.4128092602512243,0.4446014206166987,1.517337404975286,-0.2108700748184112,1.5498310389983323,0.1069570338863763,-0.8186953190947199
0.3334946128430496,-0.3206552011467261,0.0654010400674976,0.0654010400674977,-0.4705489510885604,-0.0122653440101735,-0.0755148367413053,0.8331736116944045,-0.4057153639132397,-0.2444047415191273,-0.4820532819843823,1.002566850024584,0.6928817880382653,0.8599564540650371,-0.2315290299749595,0.1069570338863763,0.6520824719662907
0.1625442349947678,0.0341200519682831,0.0654010400674976,0.0654010400674977,-0.8657833225320779,-0.5916102033394331,-0.9083497905143536,-0.6750807673414826,-1.3046699908599295,-0.5520768893966107,-0.4820532819843823,-1.2292948676069568,-0.9560294458357764,0.1691006289789414,-1.3300344058418228,-0.3670770836606984,-0.8186953190947199
-0.3503068985500777,-0.1635240662833723,0.0654010400674976,0.0654010400674977,-0.2637828215833869,0.1733876959002568,0.2020968145163774,1.070869606315068,-0.4057153639132397,0.0632674063583559,-0.4820532819843823,1.560532279432469,1.1051095965067756,-1.5925817249906025,1.3123163631352268,0.6719960514881532,1.5124323266304776
0.7608705574637542,-1.6583002741291044,1.3954203730765178,1.3954203730765178,-0.9536131828528596,-1.554691063566689,-0.7695439648855121,-0.162984884853083,-1.3046699908599295,-0.5520768893966107,-0.4820532819843823,0.1656187059127561,0.6928817880382653,1.619897861659742,-1.0875715075649026,2.277109847145438,1.5124323266304776
-1.2905339767156276,-0.7523000182614726,0.0654010400674976,0.0654010400674977,-0.4193148659014378,0.0903438917687069,-0.0755148367413053,1.070869606315068,-0.4057153639132397,-0.5520768893966107,1.4128092602512243,1.839514994136412,1.517337404975286,0.6526997065392084,-0.4789401506656945,0.1069570338863763,0.6520824719662907
-0.1793565207017958,1.1747898531228695,0.0654010400674976,0.0654010400674977,1.4571335040769284,1.153641297870604,1.0349317682894257,-0.6750807673414826,1.0190940096470398,2.2169724415007392,-0.4820532819843823,-0.392346723495129,0.2806539795697548,-1.6271245162449073,1.4112808114115207,-1.0909849017837396,-0.8186953190947199
-0.5212572763983595,-0.7257850350297421,0.0654010400674976,0.0654010400674977,-0.9755706479330548,-1.509803765310085,-1.047155616143195,-1.3968393760212343,-0.4057153639132397,-0.859749037274094,-0.4820532819843823,-1.787260297014842,-1.3682572543042868,-0.3144984485813255,-1.428998854118117,-0.1735214812393563,-0.8186953190947199
0.3334946128430496,0.0949850765398588,0.0654010400674976,0.0654010400674977,-0.0112719731611397,0.3509040414267294,0.4797084657740602,1.2805323325064204,1.0190940096470398,-0.859749037274094,-0.4820532819843823,1.560532279432469,0.6928817880382653,0.5145285415219892,0.0653643148539224,0.1069570338863763,1.1255671642452048
1.1027713131603178,1.8331736079273324,-1.2646182929415224,-1.2646182929415222,2.673943027271091,1.4670921368199024,1.4513492451759498,0.2342275408568957,1.3921938899801396,1.909300293623256,1.4128092602512243,-0.9503121529030142,-1.3682572543042868,-0.7980975261415925,1.4211772562391505,-1.1337935730163105,-0.8186953190947199
1.1882465020844588,0.8973619114532145,-1.2646182929415224,-1.2646182929415222,1.4013249469980986,1.188544549959318,0.8961259426605843,0.2342275408568957,1.0190940096470398,1.2939559978682893,1.4128092602512243,-0.6713294381990716,-0.9560294458357764,0.6872424977935131,0.1940180976131046,-1.073786471011429,-0.8186953190947199
0.7608705574637542,-0.3508010649651439,1.3954203730765178,1.3954203730765178,-0.9810600142031038,-1.3644283259157888,-1.1859614417720363,-1.3968393760212343,-1.3046699908599295,-0.859749037274094,-0.4820532819843823,-1.2292948676069568,-0.5438016373672659,0.2727290027418557,-0.2513219196302182,1.3596464266010553,0.0416545355694672
0.6753953685396132,-1.181890521360067,1.3954203730765178,1.3954203730765178,-0.9645919153929572,-1.3373005379126868,-1.047155616143195,-0.6750807673414826,-1.3046699908599295,-0.859749037274094,-0.4820532819843823,-0.1133640087911864,0.6928817880382653,0.998127619082256,-1.1617948437721228,0.8856123090539809,0.0416545355694672
0.5044449906913314,0.1059254930444827,1.3954203730765178,1.3954203730765178,-0.9682514929063232,-1.145122726692252,-1.1859614417720363,-0.6750807673414826,-1.3046699908599295,-1.1674211851515772,-0.4820532819843823,0.1656187059127561,1.1051095965067756,0.7563280803021227,-0.0830823575605185,0.1069570338863763,-0.8186953190947199
-0.6922076542466413,0.9555037755847748,0.0654010400674976,0.0654010400674977,0.9914522655011174,0.8438075032218056,1.173737593918267,0.5587737238266685,1.0190940096470398,1.6016281457457726,-0.4820532819843823,-0.392346723495129,-0.9560294458357764,0.3418145852504653,0.866976345891904,-0.2282689382839197,1.1255671642452048
-1.8033851102604728,-0.0288948361085681,0.0654010400674976,0.0654010400674977,0.259536762827937,0.4252680018758796,0.8961259426605843,1.637741372355351,1.0190940096470398,-0.5520768893966107,1.4128092602512243,2.67646313824824,1.517337404975286,-0.7290119436329829,0.5057561096834309,0.1789029217032497,1.5124323266304776
-0.3503068985500777,0.4097728684567449,0.0654010400674976,0.0654010400674977,-0.3058679629870948,0.1068109781680468,0.2020968145163774,1.070869606315068,0.1201393827003501,-0.2444047415191273,-0.4820532819843823,1.002566850024584,0.2806539795697548,0.4109001677590749,-1.1964324006688258,0.6719960514881532,1.5124323266304776
0.4189698017671905,0.6531374172539246,0.0654010400674976,0.0654010400674977,-0.1137401435353849,0.2251247196059995,0.4797084657740602,0.2342275408568957,0.7826380134765774,0.6786117021133227,-0.4820532819843823,-0.9503121529030142,-1.3682572543042868,-0.9362686911588116,-1.3597237403247109,-1.0096730710621231,-0.8186953190947199
-1.6324347324121913,0.8026245929874102,-1.2646182929415224,-1.2646182929415222,1.201877972519657,1.0225580285984348,1.0349317682894257,0.2342275408568957,1.0190940096470398,1.6016281457457726,-0.4820532819843823,-0.6713294381990716,-0.9560294458357764,1.5853550704054375,1.6537437096884413,-1.0909849017837396,-0.8186953190947199
-0.7776828431707823,-1.885278085541629,-1.2646182929415224,-1.2646182929415222,-0.93531529528603,-0.968881188507909,-1.047155616143195,-0.6750807673414826,-1.3046699908599295,-0.859749037274094,-0.4820532819843823,0.4446014206166987,1.517337404975286,-0.3835840310899351,1.079749909685936,-0.1735214812393563,-0.8186953190947199
-1.8033851102604728,0.6045505020346996,-1.2646182929415224,-1.2646182929415222,1.8862189675190808,1.47528330501631,0.757320117031743,0.8331736116944045,0.49323926303345,0.986283849990806,1.4128092602512243,0.1656187059127561,-0.5438016373672659,-1.0398970649217258,-0.1869950282506271,-1.0547274587736004,-0.8186953190947199
-0.5212572763983595,-0.8551590433027619,0.0654010400674976,0.0654010400674977,-0.5455702901125614,-0.0768004482054849,-0.2143206623701467,0.5587737238266685,-0.4057153639132397,-0.2444047415191273,-0.4820532819843823,1.002566850024584,1.1051095965067756,1.481726696642523,-0.1474092489401094,0.7047921495857695,1.1255671642452048
-0.6922076542466413,-0.979468928652244,1.3954203730765178,1.3954203730765178,-0.9828898029597868,-1.3991986440208832,-1.1859614417720363,-1.3968393760212343,-0.4057153639132397,-1.1674211851515772,-0.4820532819843823,-0.1133640087911864,1.1051095965067756,-0.867183108650202,-0.8500568317017968,1.3596464266010553,0.0416545355694672
-1.2905339767156276,0.170994695137486,0.0654010400674976,0.0654010400674977,0.4233028565510611,0.4476781998138881,1.173737593918267,0.5587737238266685,0.49323926303345,2.2169724415007392,-0.4820532819843823,-0.1133640087911864,-0.5438016373672659,-0.9708114824131164,-0.4294579265275475,-0.5087474534096524,0.6520824719662907
-1.205058787791487,-1.1225065138699033,0.0654010400674976,0.0654010400674977,-1.010336634310031,-1.798146322031272,-1.3247672674008777,-1.3968393760212343,-1.3046699908599295,-1.1674211851515772,-0.4820532819843823,-0.392346723495129,0.6928817880382653,-0.4872124048528494,-0.5383188196314708,0.5503863368836847,-0.8186953190947199
-1.5469595434880503,0.250587419577239,0.0654010400674976,0.0654010400674977,-0.4705489510885604,-0.0122653440101735,-0.0755148367413053,-0.162984884853083,0.1201393827003501,0.3709395542358393,-0.4820532819843823,-0.9503121529030142,-0.9560294458357764,-1.3853249774647738,-1.5428079696358548,-0.3670770836606984,0.0416545355694672
0.3334946128430496,0.8257475693552615,0.0654010400674976,0.0654010400674977,-0.6242512066499283,-0.1693509800776358,-0.353126487998988,0.2342275408568957,-0.4057153639132397,-0.2444047415191273,-0.4820532819843823,-0.392346723495129,-0.5438016373672659,-0.9017258999045068,-0.9935552817024232,-0.7713565969387494,-0.8186953190947199
1.1027713131603178,0.0534210487712003,0.0654010400674976,0.0654010400674977,0.9356437084222876,0.6486126893582456,1.5901550708047911,1.4680820320250476,1.2190147058053171,0.986283849990806,-0.4820532819843823,2.118497708840354,1.1051095965067756,1.481726696642523,1.208403692445118,0.3322483486472227,2.122860263027301
0.3334946128430496,-0.0065840303982652,0.0654010400674976,0.0654010400674977,-0.8163790261016381,-0.4798583896904603,-0.7695439648855121,-0.162984884853083,-1.3046699908599295,-0.5520768893966107,1.4128092602512243,0.1656187059127561,0.6928817880382653,0.2036434202332462,-0.2018396954920712,-0.5087474534096524,-0.8186953190947199
-0.1793565207017958,-1.5795197203469,0.0654010400674976,0.0654010400674977,-0.898719520152371,-0.8338715601012436,-0.9083497905143536,-0.6750807673414826,-1.3046699908599295,-0.5520768893966107,-0.4820532819843823,0.1656187059127561,1.1051095965067756,-1.21261102119325,0.8867692355471626,1.3596464266010553,0.6520824719662907
-1.119583598867346,0.7075050765651124,-1.2646182929415224,-1.2646182929415222,1.0820268089569236,1.0838004303232345,0.757320117031743,0.5587737238266685,1.3921938899801396,0.0632674063583559,-0.4820532819843823,-0.392346723495129,-0.9560294458357764,0.998127619082256,1.4261254786529651,-1.0547274587736004,-0.8186953190947199
0.8463457463878951,-0.0568908364217104,1.3954203730765178,1.3954203730765178,-0.0131017619178226,0.4262834397512924,0.3409026401452188,1.2805323325064204,-0.4057153639132397,0.0632674063583559,-0.4820532819843823,2.118497708840354,1.517337404975286,0.5145285415219892,0.866976345891904,1.803075729598364,2.596344955306216
0.5044449906913314,0.1222644556845761,1.3954203730765178,1.3954203730765178,-0.6535278267568555,-0.1311777400884723,-0.4919323136278294,-0.162984884853083,-0.4057153639132397,-0.2444047415191273,-0.4820532819843823,-0.6713294381990716,-0.5438016373672659,-0.0036133272925825,0.8323387889952011,1.1003413319483475,1.1255671642452048
1.4446720688568817,0.1287140462004024,0.0654010400674976,0.0654010400674977,-0.6132724741098307,-0.138492756112807,-0.353126487998988,0.5587737238266685,-0.4057153639132397,-0.5520768893966107,-0.4820532819843823,0.7235841353206414,0.6928817880382653,-1.4198677687190786,-1.1667430661859377,-0.1735214812393563,0.0416545355694672
-0.1793565207017958,-0.2266345038493468,0.0654010400674976,0.0654010400674977,0.9017926164236528,1.1975730609955266,0.3409026401452188,-0.162984884853083,0.1201393827003501,1.2939559978682893,-0.4820532819843823,0.7235841353206414,1.517337404975286,-0.4872124048528494,1.5102452596878146,0.8856123090539809,1.839522160832408
0.5044449906913314,-0.5184426436320665,-1.2646182929415224,-1.2646182929415222,-0.035059226998018,0.3228268190168513,0.4797084657740602,0.8331736116944045,0.1201393827003501,0.6786117021133227,-0.4820532819843823,0.7235841353206414,0.2806539795697548,-1.3162393949561642,0.570083001063022,-1.0096730710621231,-0.8186953190947199
-1.119583598867346,-1.5484183616372489,0.0654010400674976,0.0654010400674977,-0.9408046615560788,-1.404246768309268,-0.7695439648855121,0.2342275408568957,-0.4057153639132397,-1.1674211851515772,-0.4820532819843823,0.4446014206166987,0.6928817880382653,-1.4198677687190786,-1.1222090644616054,1.0244204544307591,0.6520824719662907
-0.6067324653225004,-0.7430794925610691,0.0654010400674976,0.0654010400674977,-0.8968897313956881,-0.8190897706356913,-0.9083497905143536,-0.162984884853083,-1.3046699908599295,-0.859749037274094,-0.4820532819843823,0.1656187059127561,0.6928817880382653,0.1345578377246366,-0.5284223748038415,-0.3670770836606984,-0.8186953190947199
1.872048013477586,1.0130245680370331,0.0654010400674976,0.0654010400674977,0.9054521939370188,0.5807678848287068,1.7289608964336325,1.4680820320250476,0.49323926303345,2.2169724415007392,-0.4820532819843823,1.002566850024584,-0.5438016373672659,-0.4526696135985447,-0.2562701420440329,-1.1567343940151056,-0.8186953190947199
-0.008406142853514,-0.4358878850294896,0.0654010400674976,0.0654010400674977,-0.5931447977863181,-0.0838483740967891,-0.353126487998988,0.2342275408568957,-0.4057153639132397,-0.2444047415191273,-0.4820532819843823,-0.1133640087911864,-0.1315738288987555,0.5145285415219892,-0.5086294851485825,0.3764335138253058,0.6520824719662907
0.8463457463878951,0.0477358541683608,1.3954203730765178,1.3954203730765178,-0.8273577586417359,-0.5386440077611788,-0.7695439648855121,-0.6750807673414826,-0.4057153639132397,-0.5520768893966107,-0.4820532819843823,-0.6713294381990716,-0.1315738288987555,-0.2108700748184112,-1.2706557368760465,0.3005126363077182,0.0416545355694672
-0.7776828431707823,-1.3892806875023045,0.0654010400674976,0.0654010400674977,-1.012166423066714,-1.8648795829392828,-1.3247672674008777,-1.3968393760212343,-1.3046699908599295,-1.1674211851515772,-0.4820532819843823,-0.1133640087911864,1.1051095965067756,-0.3144984485813255,0.1049500941644399,0.5503863368836847,-0.8186953190947199
1.7865728245534451,-0.2471776440108677,1.3954203730765178,1.3954203730765178,-0.261953032826704,0.1762024398064526,0.2020968145163774,0.2342275408568957,1.2190147058053171,-0.5520768893966107,-0.4820532819843823,-0.1133640087911864,-0.1315738288987555,0.1000150464703318,-0.4443025937689914,-0.5087474534096524,0.0416545355694672
1.1882465020844588,0.3805824995295606,0.0654010400674976,0.0654010400674977,0.3034516929883278,0.4035762219760087,1.0349317682894257,1.79262821499482,0.1201393827003501,0.3709395542358393,-0.4820532819843823,2.67646313824824,1.1051095965067756,-1.3162393949561642,0.4414292183038398,0.3764335138253058,1.839522160832408
1.2737216910085998,-0.0885177173215402,0.0654010400674976,0.0654010400674977,0.1277919723467645,0.4304360392785292,0.6185142914029015,1.2805323325064204,0.1201393827003501,0.3709395542358393,-0.4820532819843823,1.560532279432469,0.6928817880382653,-0.9708114824131164,0.1148465389920696,-0.6620051719481421,0.0416545355694672
2.042998391325868,0.8551768120052542,-1.2646182929415224,-1.2646182929415222,0.5962178940576001,0.5822255822636144,1.173737593918267,-0.162984884853083,1.2190147058053171,1.909300293623256,-0.4820532819843823,-1.5082775823108994,-1.7804850627727973,-0.9017258999045068,-0.4146132592861034,-1.1065825691090454,-0.8186953190947199
-0.008406142853514,-0.3715353041049114,1.3954203730765178,1.3954203730765178,-0.9645919153929572,-1.3373005379126868,-1.047155616143195,-0.6750807673414826,-1.3046699908599295,-0.859749037274094,-0.4820532819843823,-0.6713294381990716,-0.1315738288987555,-1.1089826474303357,-1.7011510868779252,0.8856123090539809,0.0416545355694672
-0.6067324653225004,-1.0173543010896533,0.0654010400674976,0.0654010400674977,-0.9828898029597868,-1.3991986440208832,-1.1859614417720363,-1.3968393760212343,-1.3046699908599295,-0.859749037274094,-0.4820532819843823,-0.392346723495129,0.6928817880382653,-1.488953351227688,0.0653643148539224,0.1069570338863763,-0.8186953190947199
-0.008406142853514,-0.761090571260821,1.3954203730765178,1.3954203730765178,-0.977400436689738,-1.297695065007778,-1.1859614417720363,-1.3968393760212343,-1.3046699908599295,-0.859749037274094,-0.4820532819843823,-0.9503121529030142,-0.1315738288987555,0.2381862114875509,-1.2657075144622316,0.1069570338863763,-0.8186953190947199
0.4189698017671905,0.5869216212914411,1.3954203730765178,1.3954203730765178,1.5705804069912714,1.7334243923891357,0.063290988887536,-0.6750807673414826,1.0190940096470398,0.0632674063583559,3.3076718024868312,-0.6713294381990716,-0.1315738288987555,0.7563280803021227,-0.370079257561771,0.809691431536393,1.5124323266304776
-1.034108409943205,0.216476251960202,1.3954203730765178,1.3954203730765178,0.0802174646730078,0.3804434091679941,0.6185142914029015,1.4680820320250476,-0.4057153639132397,0.3709395542358393,-0.4820532819843823,2.397480423544297,1.517337404975286,0.065472255216027,1.2677823614108945,1.223587138834876,2.372782181294665
-0.8631580320949231,-1.302378427144615,0.0654010400674976,0.0654010400674977,-0.9865493804731528,-1.471823394243565,-1.1859614417720363,-1.3968393760212343,-1.3046699908599295,-0.859749037274094,-0.4820532819843823,-0.9503121529030142,-0.1315738288987555,1.5508122791511327,-0.7560406058393175,0.1069570338863763,-0.8186953190947199
-1.034108409943205,1.1427329995219846,0.0654010400674976,0.0654010400674977,0.2147069382892047,0.3215153990231581,1.0349317682894257,1.070869606315068,1.0190940096470398,0.6786117021133227,-0.4820532819843823,0.4446014206166987,-0.5438016373672659,-0.7635547348872876,-1.4636364110148194,-1.0909849017837396,-0.8186953190947199
0.7608705574637542,-0.6032428152290421,-1.2646182929415224,-1.2646182929415222,-1.003017479283299,-1.562333593668681,-1.3247672674008777,-2.6306938671893856,-1.3046699908599295,-0.859749037274094,-0.4820532819843823,-1.5082775823108994,-0.5438016373672659,-1.661667307499212,0.3028789907170279,0.5503863368836847,-0.8186953190947199
-0.4357820874742186,0.3171854134962159,0.0654010400674976,0.0654010400674977,-0.3150169067705096,0.0918500111355185,0.2020968145163774,0.8331736116944045,0.1201393827003501,0.0632674063583559,-0.4820532819843823,0.7235841353206414,0.2806539795697548,0.2381862114875509,-0.765937050666947,-0.5087474534096524,0.0416545355694672
-1.034108409943205,0.3262626149629344,-1.2646182929415224,-1.2646182929415222,0.448005004766281,0.5265599261396108,1.0349317682894257,0.5587737238266685,0.49323926303345,1.909300293623256,1.4128092602512243,-0.6713294381990716,-1.3682572543042868,0.7563280803021227,-1.6863064196364812,-1.0909849017837396,-0.8186953190947199
0.1625442349947678,0.2523073103814593,-1.2646182929415224,-1.2646182929415222,0.9301543421522386,0.9279746540777952,0.8961259426605843,1.070869606315068,1.0190940096470398,0.3709395542358393,-0.4820532819843823,1.002566850024584,0.2806539795697548,-1.0744398561760309,0.2632932114065104,-1.073786471011429,-0.8186953190947199
1.6156224467051634,0.2243590848128786,1.3954203730765178,1.3954203730765178,-0.7871024059947109,-0.3355465131951908,-0.7695439648855121,-0.6750807673414826,-0.4057153639132397,-0.5520768893966107,-0.4820532819843823,-0.9503121529030142,-0.5438016373672659,-0.0381561185468872,-1.4883775230838932,1.0244204544307591,0.6520824719662907
-1.119583598867346,-1.4049030289739726,0.0654010400674976,0.0654010400674977,-0.938974872799396,-1.2139840306583676,-0.9083497905143536,-0.6750807673414826,-0.4057153639132397,-0.859749037274094,-0.4820532819843823,-1.2292948676069568,-0.9560294458357764,1.2744699491166944,-1.1420019541168642,1.3596464266010553,0.6520824719662907
0.6753953685396132,1.4408474055868454,-1.2646182929415224,-1.2646182929415222,1.5751548788829788,1.150474580354198,1.173737593918267,-0.162984884853083,1.2190147058053171,1.909300293623256,-0.4820532819843823,-0.1133640087911864,0.2806539795697548,-0.0381561185468872,1.604261485550294,-1.1065825691090454,-0.8186953190947199
0.5044449906913314,-0.8428331592058494,1.3954203730765178,1.3954203730765178,-0.825527969885053,-0.3483812701102785,-0.9083497905143536,-0.162984884853083,-0.4057153639132397,-1.1674211851515772,-0.4820532819843823,0.7235841353206414,1.517337404975286,-1.6271245162449073,1.5151934821016293,1.3596464266010553,0.6520824719662907
-0.6922076542466413,3.1322644620484383,-1.2646182929415224,-1.2646182929415222,-0.0131017619178226,-0.3165412069598056,2.145378373320157,-2.6306938671893856,3.062434502329086,-1.782765480906544,-0.4820532819843823,-2.345225726422727,-1.7804850627727973,-1.2471538124475547,0.3573094372689897,-1.4262108739540356,-2.2894731101557304
1.872048013477586,-1.2658785222994942,0.0654010400674976,0.0654010400674977,-0.9810600142031038,-1.3644283259157888,-1.1859614417720363,-1.3968393760212343,-1.3046699908599295,-0.859749037274094,-0.4820532819843823,-0.6713294381990716,0.2806539795697548,0.2727290027418557,-0.0583412454914449,1.3596464266010553,0.0416545355694672
-0.7776828431707823,-0.7792449741942581,0.0654010400674976,0.0654010400674977,-0.9170174077192004,-0.7843194525305968,-1.047155616143195,-0.6750807673414826,-1.3046699908599295,-0.859749037274094,-0.4820532819843823,-0.1133640087911864,0.6928817880382653,0.9635848278279514,-1.1914841782550112,-0.1735214812393563,-0.8186953190947199
1.2737216910085998,-0.7271705026220308,0.0654010400674976,0.0654010400674977,-0.4266340209281696,0.0761974369895192,-0.0755148367413053,0.5587737238266685,0.1201393827003501,-0.2444047415191273,-0.4820532819843823,0.7235841353206414,0.6928817880382653,-1.6962100987535167,0.2138109872683636,0.1069570338863763,0.6520824719662907
1.2737216910085998,0.5166927467857767,0.0654010400674976,0.0654010400674977,0.4699624698464764,0.4854534242551627,1.173737593918267,0.5587737238266685,0.49323926303345,2.2169724415007392,-0.4820532819843823,-0.392346723495129,-0.9560294458357764,0.2727290027418557,-1.0232446161853117,-1.1065825691090454,-0.8186953190947199
-0.2648317096259368,-0.0726565021270637,0.0654010400674976,0.0654010400674977,0.2165367270458877,0.5186028241032812,0.6185142914029015,1.070869606315068,0.7826380134765774,0.0632674063583559,-0.4820532819843823,1.002566850024584,0.2806539795697548,-0.867183108650202,-0.0682376903190744,0.6506913227714181,1.839522160832408
-1.034108409943205,0.9655842466872884,-1.2646182929415224,-1.2646182929415222,2.2146660493436703,1.7492121627436208,0.4797084657740602,0.2342275408568957,1.2190147058053171,0.0632674063583559,2.521232791480213,-0.9503121529030142,-1.3682572543042868,0.2036434202332462,-1.720943976533184,-1.0096730710621231,-0.8186953190947199
0.931820935312036,-0.0537854780252015,1.3954203730765178,1.3954203730765178,-0.1320380311022145,0.2784949699345578,0.3409026401452188,0.8331736116944045,0.1201393827003501,0.3709395542358393,-0.4820532819843823,0.7235841353206414,0.2806539795697548,0.4454429590133796,0.3424647700275458,1.803075729598364,2.596344955306216
0.0770690460706269,-0.8092475137789908,1.3954203730765178,1.3954203730765178,-0.6169320516231965,-0.023782671760696,-0.4919323136278294,0.5587737238266685,-0.4057153639132397,-0.859749037274094,-0.4820532819843823,1.2815495647285264,1.517337404975286,1.3780983228796089,0.2781378786479547,1.1003413319483475,1.1255671642452048
-0.6067324653225004,0.6228482292018217,0.0654010400674976,0.0654010400674977,0.6108562041110637,0.5368885610404943,1.3125434195471084,0.8331736116944045,0.7826380134765774,1.909300293623256,-0.4820532819843823,0.1656187059127561,-0.5438016373672659,0.9635848278279514,-1.5972384161878166,-0.8283757582546425,0.0416545355694672
0.2480194239189087,-0.3942760825162694,1.3954203730765178,1.3954203730765178,-0.9151876189625175,-0.975534922508191,-0.9083497905143536,-0.162984884853083,-0.4057153639132397,-1.1674211851515772,-0.4820532819843823,-0.1133640087911864,0.2806539795697548,-0.1417844923098016,-0.9094355006675732,1.3596464266010553,0.6520824719662907
-1.7179099213363322,-0.8532002787757332,-1.2646182929415224,-1.2646182929415222,-0.9096982526924688,-0.7175861916225862,-1.047155616143195,-1.3968393760212343,-0.4057153639132397,-0.859749037274094,-0.4820532819843823,-1.2292948676069568,-0.5438016373672659,-0.1072417010554968,-0.3107005885959946,-0.1735214812393563,-0.8186953190947199
-1.3760091656397686,-0.4959885136880785,0.0654010400674976,0.0654010400674977,-0.9005493089090539,-0.638944013136301,-1.047155616143195,-0.6750807673414826,-1.3046699908599295,-0.859749037274094,-0.4820532819843823,-0.1133640087911864,0.6928817880382653,1.0672132015908655,0.1049500941644399,-0.1735214812393563,-0.8186953190947199
0.1625442349947678,0.5442109996533023,1.3954203730765178,1.3954203730765178,0.37298366574228,0.4056012670044259,1.173737593918267,0.8331736116944045,0.49323926303345,1.909300293623256,-0.4820532819843823,0.1656187059127561,-0.5438016373672659,0.3763573765047701,-0.2018396954920712,-1.1065825691090454,-0.8186953190947199
0.8463457463878951,-0.7224885776549865,1.3954203730765178,1.3954203730765178,-0.9536131828528596,-1.3874993652612675,-0.9083497905143536,-1.3968393760212343,-0.4057153639132397,-0.5520768893966107,-0.4820532819843823,-1.787260297014842,-1.3682572543042868,0.7563280803021227,-0.8500568317017968,1.3596464266010553,0.6520824719662907
-0.0938813317776549,0.8231199584043694,0.0654010400674976,0.0654010400674977,1.8148572060084451,1.1465082045151858,1.4513492451759498,1.070869606315068,0.49323926303345,2.2169724415007392,-0.4820532819843823,1.560532279432469,1.1051095965067756,-0.2108700748184112,-0.6521279351492089,-0.8533150578905776,0.0416545355694672
0.1625442349947678,1.237900290688844,0.0654010400674976,0.0654010400674977,1.758133754551274,0.7216288524854519,2.700601675835522,1.79262821499482,1.8052020693197453,1.6016281457457726,1.4128092602512243,2.118497708840354,0.2806539795697548,1.654440652914047,0.68389211658076,-1.0096730710621231,0.0416545355694672
-1.3760091656397686,-0.6653022084146598,-1.2646182929415224,-1.2646182929415222,-0.5547192338959762,-0.0989601936647203,-0.2143206623701467,0.2342275408568957,0.1201393827003501,-0.2444047415191273,2.521232791480213,0.4446014206166987,0.6928817880382653,-0.0036133272925825,-0.0979270248019624,-0.27842076318998,0.0416545355694672
1.5301472577810225,1.6604201315923104,-1.2646182929415224,-1.2646182929415222,1.2476226914367303,1.2447692395074512,0.6185142914029015,0.5587737238266685,1.2190147058053171,0.0632674063583559,-0.4820532819843823,-0.6713294381990716,-1.3682572543042868,0.5836141240305988,-0.2810112541131065,-1.0334885871285773,-0.8186953190947199
-1.4614843545639096,1.3513653090228257,-1.2646182929415224,-1.2646182929415222,2.533964187384845,1.5312432365587545,1.173737593918267,1.070869606315068,0.7826380134765774,1.2939559978682893,1.4128092602512243,1.002566850024584,0.2806539795697548,-1.0053542736674212,0.8917174579609772,-1.1065825691090454,-0.8186953190947199
1.1882465020844588,0.9927680763428824,-1.2646182929415224,-1.2646182929415222,0.7554095158890168,0.7533204344770236,1.0349317682894257,0.8331736116944045,1.54494875626063,0.0632674063583559,1.4128092602512243,-0.1133640087911864,-0.9560294458357764,0.1691006289789414,0.1841216527854753,-1.0909849017837396,-0.8186953190947199
-0.0938813317776549,0.8198712757741753,0.0654010400674976,0.0654010400674977,1.65017621790698,0.7520867865302965,2.4229900245778397,1.2805323325064204,1.6815926404232675,2.2169724415007392,-0.4820532819843823,1.002566850024584,-0.1315738288987555,0.4109001677590749,1.1391285786517125,-0.5662437680648148,1.1255671642452048
-1.8888602991846144,-1.5126350779605529,-1.2646182929415224,-1.2646182929415222,-0.8895705763689562,-0.7616717589851691,-0.9083497905143536,-1.3968393760212343,-0.4057153639132397,-0.5520768893966107,-0.4820532819843823,-1.2292948676069568,-0.5438016373672659,-1.0744398561760309,1.109439244168824,-0.3670770836606984,-0.8186953190947199
-0.5212572763983595,-1.1600574630953808,0.0654010400674976,0.0654010400674977,-0.5931447977863181,-0.0838483740967891,-0.353126487998988,0.5587737238266685,-0.4057153639132397,-0.5520768893966107,-0.4820532819843823,1.002566850024584,1.1051095965067756,-0.1417844923098016,0.5304972217525041,0.8856123090539809,1.1255671642452048
-0.8631580320949231,-1.7195474966571735,0.0654010400674976,0.0654010400674977,-0.973740859176372,-1.2343855640425854,-1.1859614417720363,-1.3968393760212343,-1.3046699908599295,-0.859749037274094,-0.4820532819843823,-0.1133640087911864,1.1051095965067756,-0.7980975261415925,0.0653643148539224,0.1069570338863763,-0.8186953190947199
-0.6067324653225004,-0.110398550330788,0.0654010400674976,0.0654010400674977,-0.300378596717046,0.1157012783189291,0.2020968145163774,0.5587737238266685,-0.4057153639132397,0.6786117021133227,-0.4820532819843823,0.7235841353206414,0.6928817880382653,-1.6962100987535167,0.7333743407189072,-0.5087474534096524,0.0416545355694672
-0.948633221019064,-0.8898912825991007,0.0654010400674976,0.0654010400674977,-0.9096982526924688,-0.7175861916225862,-1.047155616143195,-0.6750807673414826,-1.3046699908599295,-0.859749037274094,-0.4820532819843823,-0.1133640087911864,0.6928817880382653,-0.7290119436329829,-0.9737623920471642,-0.1735214812393563,-0.8186953190947199
-0.7776828431707823,0.8879025120300026,-1.2646182929415224,-1.2646182929415222,1.7325167119577127,1.1649758232409886,1.3125434195471084,0.5587737238266685,1.8052020693197453,0.3709395542358393,1.4128092602512243,-0.392346723495129,-0.9560294458357764,-0.0036133272925825,-0.4443025937689914,-1.1207930591923676,-0.8186953190947199
-0.1793565207017958,-0.6508264608124719,1.3954203730765178,1.3954203730765178,-0.8163790261016381,-0.4798583896904603,-0.7695439648855121,-0.162984884853083,-0.4057153639132397,-0.859749037274094,-0.4820532819843823,-0.392346723495129,-0.1315738288987555,1.2053843666080848,-0.9440730575642762,1.6792747314460452,1.1255671642452048
1.1882465020844588,-1.3998389060504348,1.3954203730765178,1.3954203730765178,-0.9645919153929572,-1.535789244422814,-0.9083497905143536,-0.6750807673414826,-1.3046699908599295,-0.5520768893966107,-0.4820532819843823,-0.6713294381990716,-0.1315738288987555,-0.3835840310899351,1.2331448045141915,2.083554244724097,1.1255671642452048
-1.205058787791487,-1.3529241068908686,0.0654010400674976,0.0654010400674977,-1.0213153668501287,-2.266536953954465,-1.3247672674008777,-2.6306938671893856,-1.3046699908599295,-0.859749037274094,-0.4820532819843823,-1.787260297014842,-0.9560294458357764,0.1345578377246366,-1.6269277506707047,0.5503863368836847,-0.8186953190947199
1.4446720688568817,-0.1166570418683677,0.0654010400674976,0.0654010400674977,-0.4833574723853411,0.0641747559830775,-0.2143206623701467,0.2342275408568957,0.1201393827003501,-0.2444047415191273,-0.4820532819843823,-0.1133640087911864,-0.1315738288987555,1.343555531625304,-0.5284223748038415,-0.27842076318998,0.0416545355694672
-0.008406142853514,-0.4597752573103278,1.3954203730765178,1.3954203730765178,-0.971911070419689,-1.2039083447629702,-1.1859614417720363,-1.3968393760212343,-1.3046699908599295,-0.859749037274094,-0.4820532819843823,-0.9503121529030142,-0.1315738288987555,1.7235262354226566,-1.275603959289861,0.1069570338863763,-0.8186953190947199
-0.948633221019064,1.286773854375439,-1.2646182929415224,-1.2646182929415222,1.6282187528267844,1.5851947140076137,0.3409026401452188,0.2342275408568957,1.2190147058053171,-0.2444047415191273,-0.4820532819843823,-0.9503121529030142,-1.3682572543042868,-1.2816966037018591,1.6636401545160706,-0.982781570956727,-0.8186953190947199
0.0770690460706269,0.2235469141553301,0.0654010400674976,0.0654010400674977,0.4516645822796469,0.4707770959481268,1.173737593918267,1.637741372355351,0.7826380134765774,0.3709395542358393,2.521232791480213,2.397480423544297,1.1051095965067756,-0.4872124048528494,-0.0632894679052595,-0.2282689382839197,1.1255671642452048
-0.1793565207017958,0.3103058502793345,0.0654010400674976,0.0654010400674977,0.7920052910226758,0.6088560299830925,1.4513492451759498,1.2805323325064204,0.49323926303345,1.909300293623256,-0.4820532819843823,1.2815495647285264,0.2806539795697548,-1.5234961424819928,0.92635501485768,-0.32453348329894,1.1255671642452048
-1.7179099213363322,1.4027709341711894,-1.2646182929415224,-1.2646182929415222,1.030792723769801,0.8670503099262779,1.173737593918267,-0.162984884853083,1.3921938899801396,1.6016281457457726,-0.4820532819843823,-1.5082775823108994,-1.7804850627727973,0.9635848278279514,-0.0434965782500008,-1.1065825691090454,-0.8186953190947199
1.5301472577810225,-0.1320882843617891,0.0654010400674976,0.0654010400674977,0.2192814101809121,0.4524325956959175,0.757320117031743,1.070869606315068,0.1201393827003501,0.986283849990806,-0.4820532819843823,1.2815495647285264,0.6928817880382653,-0.1417844923098016,-0.0434965782500008,-0.3670770836606984,0.6520824719662907
-1.5469595434880503,0.4745076473378164,-1.2646182929415224,-1.2646182929415222,1.3738781156478543,1.2405949353449528,0.757320117031743,1.2805323325064204,0.7826380134765774,0.0632674063583559,-0.4820532819843823,1.002566850024584,-0.1315738288987555,0.7563280803021227,0.0208303131295902,-1.0547274587736004,-0.8186953190947199
-1.3760091656397686,-1.609331160953386,0.0654010400674976,0.0654010400674977,-1.0011876905266162,-1.509803765310085,-1.3247672674008777,-1.3968393760212343,-1.3046699908599295,-1.1674211851515772,-0.4820532819843823,-0.1133640087911864,1.1051095965067756,-0.3144984485813255,0.6987367838222043,0.5503863368836847,-0.8186953190947199
-1.034108409943205,-1.3147043112415275,0.0654010400674976,0.0654010400674977,-0.9828898029597868,-1.0799011189651715,-1.3247672674008777,-1.3968393760212343,-1.3046699908599295,-1.1674211851515772,-0.4820532819843823,-0.392346723495129,0.6928817880382653,1.1362987840994754,1.5696239286535911,0.5503863368836847,-0.8186953190947199
-1.8033851102604728,-1.6067990994916173,-1.2646182929415224,-1.2646182929415222,-0.9170174077192004,-0.7843194525305968,-1.047155616143195,-0.6750807673414826,-1.3046699908599295,-0.859749037274094,-0.4820532819843823,0.1656187059127561,1.1051095965067756,0.7217852890478179,0.9461479045129392,-0.1735214812393563,-0.8186953190947199
1.4446720688568817,0.5006882073576151,0.0654010400674976,0.0654010400674977,0.1643877474804236,0.3339293812719698,0.8961259426605843,-0.162984884853083,0.49323926303345,2.2169724415007392,-0.4820532819843823,-1.2292948676069568,-1.3682572543042868,1.3090127403709992,0.2385520993374372,-0.7385604988411334,0.0416545355694672
-0.1793565207017958,-0.4692346567335397,1.3954203730765178,1.3954203730765178,-0.9938685354998844,-1.3195410276591848,-1.3247672674008777,-1.3968393760212343,-1.3046699908599295,-1.1674211851515772,-0.4820532819843823,-0.392346723495129,0.6928817880382653,1.5853550704054375,1.4558148131358533,0.5503863368836847,-0.8186953190947199
-1.205058787791487,1.65898688925546,-1.2646182929415224,-1.2646182929415222,0.3254091580685233,1.146366432786572,-0.2143206623701467,0.2342275408568957,0.1201393827003501,-0.2444047415191273,1.4128092602512243,-1.2292948676069568,-1.7804850627727973,0.7908708715564274,0.6591510045116864,-1.4262108739540356,-2.2894731101557304
1.0172961242361769,-0.4977084044922989,1.3954203730765178,1.3954203730765178,-0.9810600142031038,-1.3644283259157888,-1.1859614417720363,-1.3968393760212343,-1.3046699908599295,-0.859749037274094,-0.4820532819843823,-0.392346723495129,0.6928817880382653,-1.5234961424819928,1.4409701458944089,0.1069570338863763,-0.8186953190947199
1.5301472577810225,1.0438870530238762,1.3954203730765178,1.3954203730765178,1.7444103388761518,1.1161186983381228,1.4513492451759498,1.4680820320250476,1.2190147058053171,0.6786117021133227,-0.4820532819843823,1.2815495647285264,-0.1315738288987555,1.2744699491166944,-1.176639511013567,-0.8533150578905776,0.0416545355694672
-0.6067324653225004,0.4399665070197243,0.0654010400674976,0.0654010400674977,0.7563244102673583,0.5851252905736117,1.4513492451759498,1.2805323325064204,0.7826380134765774,1.6016281457457726,-0.4820532819843823,1.2815495647285264,0.2806539795697548,1.0672132015908655,1.5498310389983323,-0.074659782722973,1.5124323266304776
1.1882465020844588,-0.6403160170089031,1.3954203730765178,1.3954203730765178,-0.9078684639357858,-0.9105586222782804,-0.9083497905143536,-0.162984884853083,-1.3046699908599295,-0.859749037274094,-0.4820532819843823,0.1656187059127561,0.6928817880382653,0.4454429590133796,-1.3003450713589344,1.3596464266010553,0.6520824719662907
-1.7179099213363322,-1.6003017342312291,0.0654010400674976,0.0654010400674977,-0.93531529528603,-1.3449906853317872,-0.7695439648855121,-0.162984884853083,-1.3046699908599295,-0.5520768893966107,-0.4820532819843823,0.1656187059127561,0.6928817880382653,-0.0036133272925825,-0.6570761575630235,1.0244204544307591,0.6520824719662907
-0.3503068985500777,0.1508337529324586,0.0654010400674976,0.0654010400674977,0.1680473249937895,0.3375702826376289,0.8961259426605843,1.2805323325064204,0.1201393827003501,0.986283849990806,-0.4820532819843823,1.002566850024584,-0.1315738288987555,1.2399271578623896,-1.2558110696346023,0.4593814368289822,1.839522160832408
-0.3503068985500777,-2.012884428265867,0.0654010400674976,0.0654010400674977,-0.8511450124786143,-0.6765162953685703,-0.7695439648855121,-0.162984884853083,-0.4057153639132397,-0.859749037274094,-0.4820532819843823,0.4446014206166987,1.1051095965067756,-1.4544105599733834,1.391487921756262,1.6792747314460452,1.1255671642452048
-1.2905339767156276,-0.6535496212524874,0.0654010400674976,0.0654010400674977,-0.7596555746444668,-0.3711683419707939,-0.6307381392566708,-0.162984884853083,-0.4057153639132397,-0.5520768893966107,-0.4820532819843823,0.1656187059127561,0.6928817880382653,-1.488953351227688,-0.370079257561771,0.7618113109016622,0.6520824719662907
1.1027713131603178,0.3249249221152075,0.0654010400674976,0.0654010400674977,1.192729028736242,0.6102327893762024,2.145378373320157,1.070869606315068,1.54494875626063,2.2169724415007392,1.4128092602512243,1.002566850024584,0.2806539795697548,-0.8326403173958973,1.4508665907220382,-0.5087474534096524,1.1255671642452048
0.3334946128430496,0.0125258674264053,0.0654010400674976,0.0654010400674977,-0.5291021913024149,-0.0378887072165148,-0.2143206623701467,0.5587737238266685,0.1201393827003501,-0.5520768893966107,-0.4820532819843823,0.7235841353206414,0.6928817880382653,0.2036434202332462,1.624054375205553,-0.27842076318998,0.0416545355694672
-0.7776828431707823,0.6190740243814493,0.0654010400674976,0.0654010400674977,0.1872601069389604,0.356510777096592,0.8961259426605843,1.070869606315068,0.1201393827003501,1.2939559978682893,-0.4820532819843823,0.7235841353206414,-0.1315738288987555,1.1017559928451706,-0.8698497213570557,-1.073786471011429,-0.8186953190947199
-0.3503068985500777,0.1130917047287342,0.0654010400674976,0.0654010400674977,-0.5565490226526592,-0.1034402881223951,-0.2143206623701467,-0.162984884853083,0.49323926303345,-0.2444047415191273,-0.4820532819843823,-0.9503121529030142,-0.9560294458357764,1.6889834441683518,-1.1568466213583082,-0.8283757582546425,-0.8186953190947199
-1.4614843545639096,1.5124139729402368,-1.2646182929415224,-1.2646182929415222,2.396730030633624,1.4834346004461774,1.173737593918267,0.2342275408568957,1.3921938899801396,1.2939559978682893,3.917681290782164,-1.2292948676069568,-1.7804850627727973,-0.6253835698700686,-1.6912546420502956,-1.1065825691090454,-0.8186953190947199
0.8463457463878951,1.2261477035266717,0.0654010400674976,0.0654010400674977,1.7398358669844445,1.168183790395672,1.3125434195471084,1.2805323325064204,1.3921938899801396,0.3709395542358393,3.3076718024868312,0.7235841353206414,-0.5438016373672659,-0.6599263611243733,-0.2414254748025888,-1.1207930591923676,-0.8186953190947199
-0.7776828431707823,-0.5112286572032533,0.0654010400674976,0.0654010400674977,-0.9133578302058346,-0.7505018667521967,-1.047155616143195,-1.3968393760212343,-1.3046699908599295,-0.5520768893966107,-0.4820532819843823,-0.9503121529030142,-0.1315738288987555,1.6889834441683518,0.4562738855452837,-0.1735214812393563,-0.8186953190947199
0.2480194239189087,1.3636434183751764,-1.2646182929415224,-1.2646182929415222,1.028962935013118,0.6550607465588294,1.7289608964336325,0.5587737238266685,1.54494875626063,1.909300293623256,1.4128092602512243,-0.392346723495129,-0.9560294458357764,1.481726696642523,1.198507247617489,-1.1567343940151056,-0.8186953190947199
-1.974335488108755,-1.5817651333412988,0.0654010400674976,0.0654010400674977,-0.9225067739892494,-1.0441228263916855,-0.9083497905143536,-0.162984884853083,-1.3046699908599295,-0.859749037274094,-0.4820532819843823,-0.1133640087911864,0.2806539795697548,-0.2799556573270207,-1.5972384161878166,0.5503863368836847,0.0416545355694672
-1.2905339767156276,-0.7958705853017215,0.0654010400674976,0.0654010400674977,-0.2409104621248501,0.3928898810393085,-0.0755148367413053,0.8331736116944045,-0.4057153639132397,-0.2444047415191273,-0.4820532819843823,1.2815495647285264,1.1051095965067756,0.6526997065392084,1.1836625803760443,1.3596464266010553,1.839522160832408
1.1027713131603178,0.4001223700552862,0.0654010400674976,0.0654010400674977,0.9127713489637506,1.2044364595964454,0.3409026401452188,0.8331736116944045,0.49323926303345,0.0632674063583559,-0.4820532819843823,0.4446014206166987,-0.1315738288987555,0.998127619082256,0.2533967665788811,-0.5662437680648148,0.0416545355694672
-0.6922076542466413,-1.421146442124943,1.3954203730765178,1.3954203730765178,-0.9828898029597868,-1.639846527183288,-1.047155616143195,-0.6750807673414826,-1.3046699908599295,-0.859749037274094,-0.4820532819843823,-0.1133640087911864,0.6928817880382653,-0.1072417010554968,-1.4933257454977078,0.8856123090539809,0.0416545355694672
-0.4357820874742186,-0.356534034312545,1.3954203730765178,1.3954203730765178,-0.6535278267568555,-0.1311777400884723,-0.4919323136278294,0.2342275408568957,-0.4057153639132397,-0.5520768893966107,-0.4820532819843823,0.4446014206166987,0.6928817880382653,0.7563280803021227,-0.2810112541131065,1.609520127177022,1.5124323266304776
-0.6067324653225004,0.1705169476918693,0.0654010400674976,0.0654010400674977,0.5651114851939899,0.5590781864166455,1.173737593918267,1.070869606315068,1.0190940096470398,0.986283849990806,1.4128092602512243,1.002566850024584,0.2806539795697548,-1.488953351227688,1.124283911410268,-0.2282689382839197,1.1255671642452048
-0.8631580320949231,-1.6323108130875523,0.0654010400674976,0.0654010400674977,-1.0194855780934458,-2.1750681023118763,-1.3247672674008777,-1.3968393760212343,-1.3046699908599295,-1.1674211851515772,-0.4820532819843823,-0.1133640087911864,1.1051095965067756,1.1362987840994754,0.8818210131333479,0.5503863368836847,-0.8186953190947199
-1.205058787791487,1.9413834043595293,-1.2646182929415224,-1.2646182929415222,1.9886871378933255,1.166647679845252,1.5901550708047911,1.070869606315068,1.0190940096470398,1.909300293623256,3.3076718024868312,0.1656187059127561,-0.9560294458357764,0.7563280803021227,0.3474129924413605,-1.1457323588283028,-0.8186953190947199
-1.8888602991846144,1.8354190209217311,-1.2646182929415224,-1.2646182929415222,1.9722190390831795,1.510647162285499,0.757320117031743,0.5587737238266685,1.2190147058053171,0.3709395542358393,3.3076718024868312,-0.6713294381990716,-1.3682572543042868,-0.5908407786157638,-0.7758334954945765,-1.0547274587736004,-0.8186953190947199
0.5899201796154724,1.467457938307699,-1.2646182929415224,-1.2646182929415222,2.0161339692435702,1.177625499037634,1.5901550708047911,0.8331736116944045,1.0190940096470398,2.2169724415007392,1.4128092602512243,-0.392346723495129,-1.3682572543042868,-0.7290119436329829,-1.3151897386003788,-1.4262108739540356,-2.2894731101557304
-1.119583598867346,-0.6374017575906408,0.0654010400674976,0.0654010400674977,-0.4467616972516821,0.0364373040170003,-0.0755148367413053,0.8331736116944045,-0.4057153639132397,-0.2444047415191273,-0.4820532819843823,1.2815495647285264,1.1051095965067756,-1.0053542736674212,-0.9985035041162378,0.966924139775597,1.5124323266304776
-0.8631580320949231,-1.6817576737088875,0.0654010400674976,0.0654010400674977,-0.9133578302058346,-0.9589673627750862,-0.9083497905143536,-0.6750807673414826,-0.4057153639132397,-0.859749037274094,-0.4820532819843823,-0.392346723495129,0.2806539795697548,-1.350782186210469,-1.3943612972214137,1.3596464266010553,0.6520824719662907
1.1882465020844588,-0.4428152229909327,1.3954203730765178,1.3954203730765178,-0.5785064877328545,-0.1585095556427367,-0.2143206623701467,0.2342275408568957,-0.4057153639132397,0.0632674063583559,-0.4820532819843823,0.7235841353206414,1.1051095965067756,-1.4544105599733834,1.2578859165832652,1.1482214525830774,1.5124323266304776
0.3334946128430496,-1.3532585301028004,0.0654010400674976,0.0654010400674977,-0.9408046615560788,-0.7757777944409878,-1.1859614417720363,-1.3968393760212343,-0.4057153639132397,-1.1674211851515772,-0.4820532819843823,-0.6713294381990716,0.2806539795697548,0.6181569152849036,0.9115103476162362,0.1069570338863763,-0.8186953190947199
0.6753953685396132,1.1000701526284076,1.3954203730765178,1.3954203730765178,0.7243031070254066,0.5634329102863613,1.4513492451759498,1.4680820320250476,0.1201393827003501,1.909300293623256,-0.4820532819843823,1.2815495647285264,-0.1315738288987555,-0.0381561185468872,0.6146170027873542,-0.32453348329894,1.1255671642452048
1.5301472577810225,0.9197682666526408,0.0654010400674976,0.0654010400674977,0.9511969128540926,0.5615075301783552,1.8677667220624736,1.070869606315068,1.2190147058053171,2.2169724415007392,-0.4820532819843823,0.4446014206166987,-0.5438016373672659,0.4109001677590749,0.7086332286498336,-0.9170320787253609,0.0416545355694672
0.4189698017671905,-0.2362372275062438,1.3954203730765178,1.3954203730765178,-0.9151876189625175,-0.7672948423690336,-1.047155616143195,-0.6750807673414826,-1.3046699908599295,-0.859749037274094,-0.4820532819843823,-0.392346723495129,0.2806539795697548,-0.4526696135985447,-1.2657075144622316,0.8856123090539809,0.0416545355694672
0.8463457463878951,-1.5844405190367523,-1.2646182929415224,-1.2646182929415222,-0.9298259290159812,-0.6542766906573935,-1.1859614417720363,-1.3968393760212343,-0.4057153639132397,-1.1674211851515772,-0.4820532819843823,-0.1133640087911864,1.1051095965067756,0.9635848278279514,0.9609925717543834,0.1069570338863763,-0.8186953190947199
1.1882465020844588,-0.6980279084394082,1.3954203730765178,1.3954203730765178,-0.938974872799396,-0.7546787393270175,-1.1859614417720363,-1.3968393760212343,-0.4057153639132397,-1.1674211851515772,1.4128092602512243,-0.392346723495129,0.6928817880382653,1.4126411141339137,0.367205882096619,0.1069570338863763,-0.8186953190947199
0.2480194239189087,1.460578375090818,-1.2646182929415224,-1.2646182929415222,1.456218609698587,1.153195473532022,1.0349317682894257,-0.162984884853083,1.0190940096470398,1.909300293623256,1.4128092602512243,-1.5082775823108994,-1.7804850627727973,-0.4872124048528494,-1.21127706791027,-1.0909849017837396,-0.8186953190947199
0.931820935312036,1.1220943098713403,0.0654010400674976,0.0654010400674977,-0.1064209885086531,0.1620640874122817,0.6185142914029015,0.5587737238266685,0.1201393827003501,1.2939559978682893,-0.4820532819843823,-0.1133640087911864,-0.5438016373672659,-0.3835840310899351,0.3226718803722869,-1.0334885871285773,-0.8186953190947199
1.2737216910085998,0.8689837131835787,0.0654010400674976,0.0654010400674977,1.6529209010420045,1.129539953937267,1.3125434195471084,1.070869606315068,1.8052020693197453,-0.2444047415191273,-0.4820532819843823,0.7235841353206414,-0.1315738288987555,-0.1072417010554968,0.7036850062360189,-0.27842076318998,1.1255671642452048
0.1625442349947678,1.3038294381839577,1.3954203730765178,1.3954203730765178,-0.0076123956477738,0.2824668628809283,0.6185142914029015,1.2805323325064204,-0.4057153639132397,0.6786117021133227,-0.4820532819843823,1.2815495647285264,0.2806539795697548,-0.556297987361459,-1.424050631704302,-0.6620051719481421,0.0416545355694672
0.5044449906913314,1.2221823997280523,-1.2646182929415224,-1.2646182929415222,1.0188990968513618,0.803727998541951,1.3125434195471084,0.2342275408568957,1.0190940096470398,2.2169724415007392,1.4128092602512243,-1.2292948676069568,-1.7804850627727973,0.7217852890478179,-0.6867654920459118,-1.1207930591923676,-0.8186953190947199
0.8463457463878951,0.1494960600847316,0.0654010400674976,0.0654010400674977,-0.3845488795244617,0.0599478180575077,0.063290988887536,0.8331736116944045,-0.4057153639132397,0.0632674063583559,1.4128092602512243,1.002566850024584,0.6928817880382653,0.065472255216027,-1.572497304118743,0.4169691447109346,1.1255671642452048
-0.1793565207017958,-0.4515580012457195,0.0654010400674976,0.0654010400674977,-0.9627621266362744,-1.0618823366451875,-1.1859614417720363,-1.3968393760212343,-1.3046699908599295,-0.859749037274094,-0.4820532819843823,-0.1133640087911864,1.1051095965067756,-1.0744398561760309,-0.7609888282531323,0.1069570338863763,-0.8186953190947199
0.4189698017671905,0.1866170366091542,0.0654010400674976,0.0654010400674977,-0.7029321231872953,-0.1538254336338994,-0.6307381392566708,0.2342275408568957,-0.4057153639132397,-0.859749037274094,1.4128092602512243,0.1656187059127561,0.2806539795697548,1.654440652914047,-1.424050631704302,0.1069570338863763,0.0416545355694672
-1.205058787791487,-0.6957347207004477,0.0654010400674976,0.0654010400674977,-0.1979104263428007,0.2708803011681606,0.2020968145163774,0.8331736116944045,0.49323926303345,-0.2444047415191273,-0.4820532819843823,1.2815495647285264,1.1051095965067756,-0.5908407786157638,0.4117398838209515,0.6719960514881532,1.5124323266304776
2.042998391325868,-0.2999687367515201,-1.2646182929415224,-1.2646182929415222,-0.7742938846979304,-0.2773549103767891,-0.7695439648855121,-0.162984884853083,-0.4057153639132397,-0.859749037274094,-0.4820532819843823,0.4446014206166987,1.1051095965067756,-1.3853249774647738,-1.5922901937740015,-0.5087474534096524,-0.8186953190947199
1.872048013477586,0.882217317427163,-1.2646182929415224,-1.2646182929415222,1.0033458924195566,0.6893185110365908,1.5901550708047911,0.8331736116944045,1.0190940096470398,2.2169724415007392,-0.4820532819843823,0.1656187059127561,-0.5438016373672659,-1.488953351227688,0.866976345891904,-1.1457323588283028,-0.8186953190947199
-0.008406142853514,0.297693317715052,0.0654010400674976,0.0654010400674977,0.409579440875939,0.4363441930085966,1.173737593918267,1.79262821499482,0.49323926303345,0.3709395542358393,-0.4820532819843823,2.67646313824824,1.1051095965067756,1.0672132015908655,0.847183456236645,-0.8011647543473776,0.0416545355694672
1.4446720688568817,1.4303847365278384,-1.2646182929415224,-1.2646182929415222,1.0774523370652165,0.837690992078015,1.3125434195471084,0.2342275408568957,1.9180486365937297,0.3709395542358393,-0.4820532819843823,-0.9503121529030142,-1.3682572543042868,0.8599564540650371,1.2727305838247092,-1.1207930591923676,-0.8186953190947199
1.872048013477586,-1.121073271533053,-1.2646182929415224,-1.2646182929415222,-0.9883791692298356,-1.1939142442639032,-1.3247672674008777,-1.3968393760212343,-1.3046699908599295,-1.1674211851515772,-0.4820532819843823,-0.392346723495129,0.6928817880382653,-0.0036133272925825,1.1490250234793415,0.5503863368836847,-0.8186953190947199
1.957523202401727,0.715674557885159,-1.2646182929415224,-1.2646182929415222,0.8240265942646274,0.6297712064972585,1.4513492451759498,0.8331736116944045,0.7826380134765774,2.2169724415007392,-0.4820532819843823,-0.392346723495129,-1.3682572543042868,-0.9708114824131164,-0.3948203696308444,-1.1337935730163105,-0.8186953190947199
-0.008406142853514,0.862151924711259,0.0654010400674976,0.0654010400674977,0.5129625056285257,0.5780706580734561,1.0349317682894257,1.070869606315068,0.49323926303345,1.2939559978682893,-0.4820532819843823,0.7235841353206414,-0.1315738288987555,1.5853550704054375,0.2088627648545489,-0.4659387821770815,0.6520824719662907
1.7010976356293042,1.3618279780818328,-1.2646182929415224,-1.2646182929415222,2.541283342411577,2.120659764918273,0.063290988887536,0.2342275408568957,0.7826380134765774,-0.2444047415191273,3.3076718024868312,-0.9503121529030142,-1.3682572543042868,0.2381862114875509,0.6393581148564278,-0.4429979611782864,0.0416545355694672
0.6753953685396132,0.5487973751312233,0.0654010400674976,0.0654010400674977,0.9749841666909708,1.1640720781726217,0.4797084657740602,1.2805323325064204,0.49323926303345,-0.2444047415191273,1.4128092602512243,1.2815495647285264,0.2806539795697548,-0.0381561185468872,1.3222128079628563,-0.2454673690562298,0.6520824719662907
-0.4357820874742186,-0.3280125118092242,0.0654010400674976,0.0654010400674977,-0.3644212032009493,0.295721096869386,-0.2143206623701467,0.5587737238266685,-0.4057153639132397,-0.2444047415191273,-0.4820532819843823,0.4446014206166987,0.2806539795697548,-0.7980975261415925,1.4904523700325565,1.1482214525830774,1.5124323266304776
-0.948633221019064,-0.9552949079040356,0.0654010400674976,0.0654010400674977,-0.9517833940961766,-0.9105586222782804,-1.1859614417720363,-1.3968393760212343,-1.3046699908599295,-0.859749037274094,-0.4820532819843823,-0.392346723495129,0.6928817880382653,-1.5925817249906025,-1.146950176530679,0.1069570338863763,-0.8186953190947199
1.7010976356293042,-0.0136546925933933,0.0654010400674976,0.0654010400674977,-0.18510190504602,0.2063824690107615,0.3409026401452188,1.070869606315068,-0.4057153639132397,0.3709395542358393,1.4128092602512243,1.560532279432469,1.1051095965067756,-0.3490412398356303,0.7333743407189072,0.1979619339410786,1.1255671642452048
-0.1793565207017958,-1.026335953067249,1.3954203730765178,1.3954203730765178,-0.9591025491229084,-1.2593210518814877,-1.047155616143195,-0.6750807673414826,-1.3046699908599295,-0.859749037274094,-0.4820532819843823,-0.1133640087911864,0.6928817880382653,-0.556297987361459,0.9758372389958272,1.803075729598364,0.6520824719662907
-0.8631580320949231,-1.7122857354837988,1.3954203730765178,1.3954203730765178,-0.970081281663006,-1.6171988336378609,-0.9083497905143536,-1.3968393760212343,-0.4057153639132397,-0.5520768893966107,-0.4820532819843823,-1.5082775823108994,-0.9560294458357764,-0.2454128660727159,0.570083001063022,2.083554244724097,1.1255671642452048
0.0770690460706269,-0.5128529985183503,1.3954203730765178,1.3954203730765178,-0.8914003651256391,-0.7757777944409878,-0.9083497905143536,-0.6750807673414826,-0.4057153639132397,-0.859749037274094,-0.4820532819843823,-0.392346723495129,0.2806539795697548,1.0672132015908655,-0.5878010437696177,1.3596464266010553,0.6520824719662907
-0.1793565207017958,-0.5776833268885453,0.0654010400674976,0.0654010400674977,-0.7340385320509054,-0.2682533681006924,-0.6307381392566708,0.5587737238266685,-0.4057153639132397,-1.1674211851515772,-0.4820532819843823,1.2815495647285264,1.517337404975286,-1.3853249774647738,-0.122668136871036,0.1069570338863763,0.0416545355694672
1.1882465020844588,-0.6272735117435654,1.3954203730765178,1.3954203730765178,-0.9572727603662254,-1.2343855640425854,-1.047155616143195,-1.3968393760212343,-1.3046699908599295,-0.5520768893966107,-0.4820532819843823,-1.2292948676069568,-0.5438016373672659,0.1000150464703318,-1.503222190325337,0.8856123090539809,0.0416545355694672
-0.2648317096259368,1.2481718607696044,0.0654010400674976,0.0654010400674977,0.0216642244591534,0.2475144416450121,0.757320117031743,1.070869606315068,0.7826380134765774,0.3709395542358393,-0.4820532819843823,0.7235841353206414,-0.1315738288987555,0.998127619082256,0.2237074320959929,-0.3670770836606984,0.6520824719662907
0.4189698017671905,0.5279198117577707,0.0654010400674976,0.0654010400674977,0.0509408445660806,0.3486409498256997,0.6185142914029015,1.070869606315068,0.1201393827003501,0.6786117021133227,-0.4820532819843823,0.4446014206166987,-0.5438016373672659,0.6526997065392084,-0.3057523661821799,-0.3095807690055359,0.6520824719662907
-0.8631580320949231,-1.830814876741318,0.0654010400674976,0.0654010400674977,-0.9517833940961766,-1.1624663095052727,-1.047155616143195,-0.6750807673414826,-1.3046699908599295,-0.859749037274094,-0.4820532819843823,-0.1133640087911864,0.6928817880382653,-0.1417844923098016,0.6047205579597249,0.8856123090539809,0.0416545355694672
-0.5212572763983595,0.3643390863785906,0.0654010400674976,0.0654010400674977,-0.1960806375861177,0.2734814921582096,0.2020968145163774,-0.162984884853083,0.49323926303345,0.6786117021133227,-0.4820532819843823,-1.2292948676069568,-1.3682572543042868,-0.072698909801192,-0.518525929976212,-0.5087474534096524,0.0416545355694672
-0.6922076542466413,0.968020758659934,0.0654010400674976,0.0654010400674977,0.9237500815038484,0.5920604125298066,1.7289608964336325,1.4680820320250476,1.3921938899801396,0.986283849990806,-0.4820532819843823,1.2815495647285264,-0.1315738288987555,-0.5217551961071543,-0.2018396954920712,-1.1567343940151056,-0.8186953190947199
-1.4614843545639096,-1.4284559780428792,0.0654010400674976,0.0654010400674977,-0.938974872799396,-1.2139840306583676,-0.9083497905143536,-0.6750807673414826,-0.4057153639132397,-0.859749037274094,-0.4820532819843823,-0.392346723495129,0.2806539795697548,1.1017559928451706,-0.2909076989407358,0.5503863368836847,0.0416545355694672
1.1027713131603178,0.7298158822754153,0.0654010400674976,0.0654010400674977,0.746260572105602,0.5783486769208865,1.4513492451759498,1.4680820320250476,0.1201393827003501,1.909300293623256,-0.4820532819843823,1.560532279432469,0.2806539795697548,0.7908708715564274,0.5255489993386895,-0.5838385779516478,0.6520824719662907
-0.948633221019064,-0.7191443455356692,0.0654010400674976,0.0654010400674977,-1.003017479283299,-1.8648795829392828,-1.1859614417720363,-1.3968393760212343,-1.3046699908599295,-0.859749037274094,-0.4820532819843823,-0.9503121529030142,-0.1315738288987555,-0.9017258999045068,-1.6863064196364812,0.1069570338863763,-0.8186953190947199
-1.119583598867346,0.9554082260956512,-1.2646182929415224,-1.2646182929415222,0.9466224409623852,1.1468249168916254,0.4797084657740602,-0.6750807673414826,1.54494875626063,0.0632674063583559,-0.4820532819843823,-1.787260297014842,-1.7804850627727973,-0.6944691523786781,0.3127754355446576,-1.0096730710621231,-0.8186953190947199
0.6753953685396132,-1.1277617357716876,-1.2646182929415224,-1.2646182929415222,-0.9609323378795912,-1.28477070955409,-1.047155616143195,-0.6750807673414826,-1.3046699908599295,-0.859749037274094,-0.4820532819843823,-0.392346723495129,0.2806539795697548,1.0672132015908655,-1.6813581972226666,-0.1735214812393563,-0.8186953190947199
-0.5212572763983595,-0.1933355068898583,0.0654010400674976,0.0654010400674977,-0.6297405729199772,0.0797492802117037,-0.6307381392566708,-0.162984884853083,0.1201393827003501,-0.859749037274094,1.4128092602512243,0.1656187059127561,0.6928817880382653,-0.6599263611243733,-0.5036812627347679,0.1069570338863763,0.0416545355694672
-0.4357820874742186,-1.258664535870681,0.0654010400674976,0.0654010400674977,-0.8548045899919802,-0.5203828658535666,-0.9083497905143536,-0.162984884853083,-1.3046699908599295,-0.859749037274094,-0.4820532819843823,0.7235841353206414,1.517337404975286,-1.178068229938945,1.460763035549668,1.3596464266010553,0.6520824719662907
1.957523202401727,-0.040265225314247,-1.2646182929415224,-1.2646182929415222,-0.6571874042702215,-0.1424496418812321,-0.4919323136278294,0.2342275408568957,-0.4057153639132397,-0.5520768893966107,-0.4820532819843823,0.1656187059127561,0.2806539795697548,1.2744699491166944,0.4117398838209515,-0.7023030558309942,-0.8186953190947199
-1.3760091656397686,0.8953553721816241,-1.2646182929415224,-1.2646182929415222,0.7316222620521384,0.7371860260619101,1.0349317682894257,-0.162984884853083,1.0190940096470398,1.909300293623256,-0.4820532819843823,-1.2292948676069568,-1.3682572543042868,0.6526997065392084,1.376643254514818,-1.0909849017837396,-0.8186953190947199
1.4446720688568817,1.604093707754094,-1.2646182929415224,-1.2646182929415222,1.0051756811762396,1.1821709290402227,0.4797084657740602,-0.6750807673414826,1.3921938899801396,0.3709395542358393,-0.4820532819843823,-2.0662430117187847,-2.192712871241308,0.1691006289789414,0.1593805407164018,-1.0096730710621231,-0.8186953190947199
0.1625442349947678,-0.4390887929151219,0.0654010400674976,0.0654010400674977,-0.9956983242565676,-1.6746168452883827,-1.1859614417720363,-1.3968393760212343,-1.3046699908599295,-0.859749037274094,-0.4820532819843823,-0.6713294381990716,0.2806539795697548,-0.1763272835641064,-1.240966402393158,0.1069570338863763,-0.8186953190947199
1.1882465020844588,-0.4428152229909327,1.3954203730765178,1.3954203730765178,-0.5785064877328545,-0.1585095556427367,-0.2143206623701467,0.2342275408568957,-0.4057153639132397,0.0632674063583559,-0.4820532819843823,0.7235841353206414,1.1051095965067756,-1.4544105599733834,1.2578859165832652,1.1482214525830774,1.5124323266304776
-1.3760091656397686,-1.0555740967389946,0.0654010400674976,0.0654010400674977,-0.7376981095642713,-0.282440474505862,-0.6307381392566708,-0.162984884853083,-0.4057153639132397,-0.5520768893966107,-0.4820532819843823,0.4446014206166987,1.1051095965067756,1.3090127403709992,1.5597274838259618,1.3596464266010553,1.1255671642452048
-0.6922076542466413,-1.093172820709034,-1.2646182929415224,-1.2646182929415222,-0.5474000788692444,-0.0812006834112182,-0.2143206623701467,0.5587737238266685,-0.4057153639132397,-0.2444047415191273,-0.4820532819843823,1.002566850024584,1.1051095965067756,0.3418145852504653,1.3370574752043003,-0.27842076318998,0.0416545355694672
-0.3503068985500777,-0.5933534431047751,0.0654010400674976,0.0654010400674977,-0.8529748012352972,-0.5089012512630976,-0.9083497905143536,-0.162984884853083,-0.4057153639132397,-1.1674211851515772,-0.4820532819843823,0.1656187059127561,0.6928817880382653,-1.1435254386846403,-0.1325645816986655,-0.3670770836606984,-0.8186953190947199
-1.2905339767156276,0.6456845571023031,-1.2646182929415224,-1.2646182929415222,-0.242740250881533,-0.0938775920581534,0.757320117031743,-0.6750807673414826,0.49323926303345,2.2169724415007392,-0.4820532819843823,-1.787260297014842,-1.7804850627727973,-1.661667307499212,-0.1078234696295919,-1.0547274587736004,-0.8186953190947199
-0.8631580320949231,-1.512587303215991,0.0654010400674976,0.0654010400674977,-0.9536131828528596,-1.1859768235457795,-1.047155616143195,-0.6750807673414826,-1.3046699908599295,-0.859749037274094,-0.4820532819843823,-0.392346723495129,0.2806539795697548,0.5145285415219892,1.0154230183063448,0.8856123090539809,0.0416545355694672
-0.6067324653225004,-0.4482137691264021,1.3954203730765178,1.3954203730765178,-0.7761236734546133,-0.285501901460973,-0.7695439648855121,-0.6750807673414826,-0.4057153639132397,-0.5520768893966107,-0.4820532819843823,-0.6713294381990716,-0.1315738288987555,0.7908708715564274,-1.097467952392532,1.0244204544307591,0.6520824719662907
0.0770690460706269,0.6084202563441955,-1.2646182929415224,-1.2646182929415222,1.304346142893902,0.9072024076214392,1.4513492451759498,1.4680820320250476,0.7826380134765774,1.2939559978682893,-0.4820532819843823,1.560532279432469,0.2806539795697548,1.6889834441683518,1.3321092527904856,-1.1337935730163105,-0.8186953190947199
0.8463457463878951,0.9257401097228504,0.0654010400674976,0.0654010400674977,0.638303035461308,0.5032129345086649,1.4513492451759498,1.79262821499482,0.1201393827003501,1.2939559978682893,-0.4820532819843823,2.397480423544297,0.6928817880382653,1.4471839053882185,-0.6966619368735413,-0.8533150578905776,0.0416545355694672
-0.1793565207017958,-0.8243443330604806,1.3954203730765178,1.3954203730765178,-0.4577404297917797,0.014197699305824,-0.0755148367413053,0.5587737238266685,0.1201393827003501,-0.2444047415191273,-0.4820532819843823,1.002566850024584,1.1051095965067756,-1.4198677687190786,0.9411996820991244,0.966924139775597,1.5124323266304776
0.1625442349947678,-0.2365238759736138,1.3954203730765178,1.3954203730765178,-0.5766766989761716,-0.0408715682145181,-0.353126487998988,0.5587737238266685,-0.4057153639132397,-0.5520768893966107,-0.4820532819843823,1.002566850024584,1.1051095965067756,-1.0053542736674212,1.2331448045141915,0.8856123090539809,1.1255671642452048
-0.3503068985500777,-0.1318971853835424,0.0654010400674976,0.0654010400674977,-0.1210592985621167,0.2929028923107877,0.3409026401452188,0.8331736116944045,0.49323926303345,0.0632674063583559,-0.4820532819843823,0.7235841353206414,0.2806539795697548,-1.488953351227688,1.4459183683082235,0.5503863368836847,1.5124323266304776
-1.205058787791487,-0.7538765848320079,0.0654010400674976,0.0654010400674977,-0.8218683923716871,-0.3284733438783894,-0.9083497905143536,-0.6750807673414826,-1.3046699908599295,-0.5520768893966107,-0.4820532819843823,-0.392346723495129,0.2806539795697548,0.1691006289789414,-0.7510923834255029,-0.3670770836606984,-0.8186953190947199
-0.8631580320949231,0.4292171894933471,1.3954203730765178,1.3954203730765178,0.93106923653058,1.1372634658609695,0.4797084657740602,-0.6750807673414826,0.1201393827003501,1.909300293623256,-0.4820532819843823,0.1656187059127561,1.1051095965067756,0.7908708715564274,1.5646757062397765,2.659884586980564,3.3102999518934184
-0.8631580320949231,1.2155417102339796,0.0654010400674976,0.0654010400674977,0.671239233081601,0.5266243466447503,1.4513492451759498,0.8331736116944045,1.2190147058053171,1.6016281457457726,-0.4820532819843823,-0.1133640087911864,-0.9560294458357764,-0.1072417010554968,-0.568008154114359,-1.1337935730163105,-0.8186953190947199
1.6156224467051634,-0.851767036438883,1.3954203730765178,1.3954203730765178,-0.9005493089090539,-0.8488325271337724,-0.9083497905143536,-0.6750807673414826,-0.4057153639132397,-0.859749037274094,-0.4820532819843823,-0.6713294381990716,-0.1315738288987555,-1.3162393949561642,-0.1276163592848507,1.3596464266010553,0.6520824719662907
0.5044449906913314,-0.1403055404263975,1.3954203730765178,1.3954203730765178,-0.9261663515026152,-0.8731538001463899,-1.047155616143195,-1.3968393760212343,-1.3046699908599295,-0.5520768893966107,-0.4820532819843823,-1.2292948676069568,-0.5438016373672659,-0.9708114824131164,-1.3646719627385255,0.8856123090539809,0.0416545355694672
0.5899201796154724,1.446007077999507,-1.2646182929415224,-1.2646182929415222,1.4333462502400502,0.8710705106005879,1.7289608964336325,-0.162984884853083,1.6815926404232675,2.2169724415007392,1.4128092602512243,-1.5082775823108994,-1.7804850627727973,1.3780983228796089,-0.1770985834229977,-1.1567343940151056,-0.8186953190947199
-0.6067324653225004,-0.6763859491529688,0.0654010400674976,0.0654010400674977,-0.8859109988555903,-0.7339343070190919,-0.9083497905143536,-0.6750807673414826,-0.4057153639132397,-0.859749037274094,-0.4820532819843823,-0.392346723495129,0.2806539795697548,1.1362987840994754,-1.0479857282543847,-0.3670770836606984,-0.8186953190947199
1.4446720688568817,-0.8494738486999225,1.3954203730765178,1.3954203730765178,-0.5730171214628057,0.0938553156675225,-0.4919323136278294,-0.162984884853083,0.49323926303345,-0.859749037274094,1.4128092602512243,-0.1133640087911864,0.2806539795697548,0.6872424977935131,-0.0138072437671126,1.609520127177022,1.5124323266304776
0.7608705574637542,-1.1148147799954733,1.3954203730765178,1.3954203730765178,-0.9609323378795912,-1.0353379873993205,-1.1859614417720363,-1.3968393760212343,-0.4057153639132397,-1.1674211851515772,-0.4820532819843823,-0.6713294381990716,0.2806539795697548,0.2036434202332462,0.1296912062335135,0.1069570338863763,-0.8186953190947199
1.1882465020844588,0.5102431562699504,0.0654010400674976,0.0654010400674977,-0.3113573292571437,0.1863255991443169,0.063290988887536,-0.162984884853083,0.1201393827003501,0.6786117021133227,-0.4820532819843823,-0.9503121529030142,-0.9560294458357764,-1.2471538124475547,-0.419561481699918,-0.9170320787253609,-0.8186953190947199
-0.6922076542466413,-0.744417185408796,0.0654010400674976,0.0654010400674977,-0.9005493089090539,-0.8488325271337724,-0.9083497905143536,-0.162984884853083,-1.3046699908599295,-0.859749037274094,-0.4820532819843823,-0.1133640087911864,0.2806539795697548,1.0672132015908655,-1.3844648523937846,0.5503863368836847,0.0416545355694672
0.4189698017671905,0.5517594092940472,1.3954203730765178,1.3954203730765178,0.6108562041110637,1.1741456909296977,0.063290988887536,0.8331736116944045,0.49323926303345,-0.5520768893966107,1.4128092602512243,0.1656187059127561,-0.5438016373672659,1.654440652914047,-1.636824195498334,-0.4429979611782864,0.0416545355694672
-1.034108409943205,1.1427329995219846,0.0654010400674976,0.0654010400674977,0.2147069382892047,0.3215153990231581,1.0349317682894257,1.070869606315068,1.0190940096470398,0.6786117021133227,-0.4820532819843823,0.4446014206166987,-0.5438016373672659,-0.7635547348872876,-1.4636364110148194,-1.0909849017837396,-0.8186953190947199
-0.6067324653225004,1.2689538746539335,0.0654010400674976,0.0654010400674977,0.8908138838835552,0.6209006575832526,1.5901550708047911,1.070869606315068,1.3921938899801396,1.2939559978682893,-0.4820532819843823,0.1656187059127561,-0.9560294458357764,1.7235262354226566,-1.7407368661884428,-0.876255878889373,0.0416545355694672
-0.4357820874742186,1.139293217913544,0.0654010400674976,0.0654010400674977,2.297006543394403,1.0970932413250924,2.145378373320157,1.637741372355351,1.0190940096470398,2.2169724415007392,1.4128092602512243,1.839514994136412,0.2806539795697548,1.3090127403709992,1.3321092527904856,-1.1851065038678643,-0.8186953190947199
1.5301472577810225,0.3597527109006696,1.3954203730765178,1.3954203730765178,-0.7011023344306123,-0.1474136547060321,-0.6307381392566708,-0.162984884853083,-0.4057153639132397,-0.5520768893966107,-0.4820532819843823,-0.392346723495129,-0.1315738288987555,1.2399271578623896,0.3622576596828044,0.1069570338863763,0.0416545355694672
0.2480194239189087,-0.7063407139931399,1.3954203730765178,1.3954203730765178,-0.2473147227732404,0.1984922495113499,0.2020968145163774,0.5587737238266685,-0.4057153639132397,0.6786117021133227,-0.4820532819843823,0.7235841353206414,0.6928817880382653,-0.6599263611243733,0.5552383338215777,1.9846925462077136,2.596344955306216
1.5301472577810225,-0.3423449351777271,1.3954203730765178,1.3954203730765178,-0.977400436689738,-1.297695065007778,-1.1859614417720363,-1.3968393760212343,-0.4057153639132397,-1.1674211851515772,1.4128092602512243,-0.392346723495129,0.6928817880382653,1.1362987840994754,-0.9094355006675732,1.3596464266010553,0.0416545355694672
0.931820935312036,0.1013868923111235,0.0654010400674976,0.0654010400674977,0.6200051478944784,0.5435494766557574,1.3125434195471084,0.5587737238266685,1.0190940096470398,1.909300293623256,-0.4820532819843823,0.1656187059127561,-0.1315738288987555,-0.9708114824131164,0.1593805407164018,-0.0191156685372722,1.5124323266304776
0.2480194239189087,-2.1360477197458687,1.3954203730765178,1.3954203730765178,-0.579421382111196,-1.1100335183469263,1.7289608964336325,3.0264827061629718,-0.4057153639132397,-1.4750933330290608,-0.4820532819843823,3.7923939970640097,-2.192712871241308,1.481726696642523,-0.7411959385978736,-1.4262108739540356,-2.2894731101557304
0.4189698017671905,-1.5839149968465742,1.3954203730765178,1.3954203730765178,-0.9591025491229084,-1.45941861979858,-0.9083497905143536,-0.6750807673414826,-1.3046699908599295,-0.5520768893966107,-0.4820532819843823,-0.6713294381990716,-0.1315738288987555,1.5853550704054375,0.1791734303716607,2.083554244724097,1.1255671642452048
1.1027713131603178,1.840005396399652,-1.2646182929415224,-1.2646182929415222,0.8990479332886284,1.1173417682730715,0.4797084657740602,0.2342275408568957,1.2190147058053171,0.0632674063583559,-0.4820532819843823,-1.2292948676069568,-1.7804850627727973,-1.6271245162449073,-1.4438435213595608,-1.0096730710621231,-0.8186953190947199
-0.4357820874742186,0.5400545968764365,-1.2646182929415224,-1.2646182929415222,2.1844745348584014,1.7378108964977954,0.4797084657740602,-0.162984884853083,1.0190940096470398,0.6786117021133227,1.4128092602512243,-0.9503121529030142,-0.9560294458357764,0.8599564540650371,1.223248359686562,-1.0096730710621231,-0.8186953190947199
0.2480194239189087,-0.6734716897347065,1.3954203730765178,1.3954203730765178,-0.9664217041496402,-1.1167475766143669,-1.1859614417720363,-1.3968393760212343,-1.3046699908599295,-0.859749037274094,-0.4820532819843823,-0.1133640087911864,1.1051095965067756,-0.0036133272925825,1.3815914769286326,1.3596464266010553,0.0416545355694672
0.5044449906913314,-0.2435467634241803,0.0654010400674976,0.0654010400674977,1.051835294471655,1.288222293331852,0.3409026401452188,0.2342275408568957,0.7826380134765774,0.3709395542358393,-0.4820532819843823,1.002566850024584,1.517337404975286,0.7563280803021227,1.1688179131346006,0.8856123090539809,1.839522160832408
-0.008406142853514,1.3319209879862233,-1.2646182929415224,-1.2646182929415222,0.632813669191259,1.190227542779071,0.063290988887536,0.2342275408568957,0.49323926303345,0.0632674063583559,1.4128092602512243,-1.2292948676069568,-1.7804850627727973,0.7908708715564274,-1.7456850886022577,-0.9170320787253609,-0.8186953190947199
-1.974335488108755,0.5423477846153969,-1.2646182929415224,-1.2646182929415222,1.3702185381344882,1.8401047321846065,-0.2143206623701467,-0.6750807673414826,0.49323926303345,0.0632674063583559,1.4128092602512243,-0.1133640087911864,0.6928817880382653,0.6526997065392084,0.847183456236645,-0.8283757582546425,-0.8186953190947199
1.2737216910085998,0.9658231204100968,0.0654010400674976,0.0654010400674977,1.2073673387897057,1.2231494011502186,0.6185142914029015,0.5587737238266685,0.7826380134765774,0.6786117021133227,-0.4820532819843823,-0.6713294381990716,-1.3682572543042868,-1.5580389337362976,0.7234778958912774,-0.3095807690055359,0.6520824719662907
-1.205058787791487,-1.433950073667472,0.0654010400674976,0.0654010400674977,-0.9902089579865184,-1.5489900618931016,-1.1859614417720363,-1.3968393760212343,-1.3046699908599295,-0.859749037274094,-0.4820532819843823,0.1656187059127561,1.517337404975286,1.0672132015908655,-0.0533930230776303,0.1069570338863763,-0.8186953190947199
-1.119583598867346,0.3213895910176435,0.0654010400674976,0.0654010400674977,0.3565155669321334,0.4501577753619938,1.0349317682894257,1.4680820320250476,0.1201393827003501,0.986283849990806,1.4128092602512243,1.2815495647285264,-0.1315738288987555,-1.178068229938945,-0.3948203696308444,-0.7713565969387494,0.0416545355694672
1.5301472577810225,0.9759035915126104,-1.2646182929415224,-1.2646182929415222,1.2412184307883405,0.9844448766520122,1.173737593918267,0.5587737238266685,1.3921938899801396,0.986283849990806,-0.4820532819843823,0.7235841353206414,0.6928817880382653,0.7217852890478179,-0.0434965782500008,-1.1065825691090454,-0.8186953190947199
1.1027713131603178,-0.0701244406652948,1.3954203730765178,1.3954203730765178,-0.0789741571584089,0.2692517685820552,0.4797084657740602,0.8331736116944045,0.1201393827003501,0.6786117021133227,-0.4820532819843823,0.4446014206166987,-0.1315738288987555,1.4471839053882185,-0.2562701420440329,-0.2454673690562298,0.6520824719662907
0.6753953685396132,-0.920705992841382,1.3954203730765178,1.3954203730765178,-1.0231451556068116,-2.3653308399627764,-1.3247672674008777,-1.3968393760212343,-1.3046699908599295,-1.1674211851515772,-0.4820532819843823,-0.392346723495129,0.6928817880382653,-1.350782186210469,-1.6813581972226666,0.5503863368836847,-0.8186953190947199
0.5899201796154724,0.5118197228404857,0.0654010400674976,0.0654010400674977,0.7041754307018941,1.2410919213262788,0.063290988887536,0.5587737238266685,0.49323926303345,-0.2444047415191273,1.4128092602512243,-0.1133640087911864,-0.5438016373672659,1.7235262354226566,-1.339930850669452,0.0004313418190221,0.6520824719662907
-0.1793565207017958,-0.3449247713840577,1.3954203730765178,1.3954203730765178,-0.9151876189625175,-0.7672948423690336,-1.047155616143195,-0.6750807673414826,-1.3046699908599295,-0.859749037274094,-0.4820532819843823,-0.1133640087911864,0.6928817880382653,-0.8326403173958973,-0.4591472610104355,0.8856123090539809,0.0416545355694672
-0.1793565207017958,-0.8856871050776731,1.3954203730765178,1.3954203730765178,-0.7999109272914916,-0.3966179996433959,-0.7695439648855121,-0.6750807673414826,-0.4057153639132397,-0.5520768893966107,-0.4820532819843823,-0.392346723495129,0.2806539795697548,-0.5217551961071543,-0.4245097041137327,1.0244204544307591,0.6520824719662907
0.0770690460706269,0.578656590482271,0.0654010400674976,0.0654010400674977,0.5038135618451111,0.5709443988547556,1.0349317682894257,0.2342275408568957,0.7826380134765774,1.909300293623256,-0.4820532819843823,-0.9503121529030142,-1.3682572543042868,0.2727290027418557,-0.1474092489401094,-0.4659387821770815,0.6520824719662907
-0.7776828431707823,0.0314446662728292,-1.2646182929415224,-1.2646182929415222,0.6739839162166255,0.5285553999741609,1.4513492451759498,1.4680820320250476,1.0190940096470398,0.986283849990806,-0.4820532819843823,1.839514994136412,0.6928817880382653,1.2053843666080848,1.5300381493430737,-0.8533150578905776,0.0416545355694672
-0.008406142853514,-1.2689838806960032,0.0654010400674976,0.0654010400674977,-0.971911070419689,-1.2039083447629702,-1.1859614417720363,-1.3968393760212343,-0.4057153639132397,-1.1674211851515772,-0.4820532819843823,-0.1133640087911864,1.1051095965067756,0.065472255216027,-0.3304934782512535,0.1069570338863763,-0.8186953190947199
0.3334946128430496,0.1077887080823881,0.0654010400674976,0.0654010400674977,-0.3296552168239732,0.1559234545077068,0.063290988887536,0.5587737238266685,0.1201393827003501,0.0632674063583559,-0.4820532819843823,0.1656187059127561,-0.1315738288987555,1.654440652914047,-0.2265808075611446,-0.4429979611782864,0.0416545355694672
-1.4614843545639096,1.2679028302735769,-1.2646182929415224,-1.2646182929415222,1.0683033932818014,1.297777938489824,0.3409026401452188,0.2342275408568957,1.2190147058053171,-0.2444047415191273,-0.4820532819843823,-0.9503121529030142,-1.3682572543042868,-1.2471538124475547,0.7185296734774628,-0.982781570956727,-0.8186953190947199
0.931820935312036,1.379934606270708,-1.2646182929415224,-1.2646182929415222,1.5989421327198572,1.050893993183017,1.4513492451759498,-0.162984884853083,1.9180486365937297,0.986283849990806,-0.4820532819843823,-1.5082775823108994,-1.7804850627727973,1.481726696642523,0.2385520993374372,-1.1337935730163105,-0.8186953190947199
-0.5212572763983595,-1.394344810425842,0.0654010400674976,0.0654010400674977,-0.7230597995108077,-0.0686699700173006,-0.7695439648855121,0.2342275408568957,-0.4057153639132397,-1.1674211851515772,-0.4820532819843823,1.002566850024584,1.517337404975286,-0.6599263611243733,0.2435003217512518,1.0244204544307591,0.6520824719662907
-1.5469595434880503,-1.080608062889313,0.0654010400674976,0.0654010400674977,-0.858464167505346,-0.7222350282594758,-0.7695439648855121,0.2342275408568957,-1.3046699908599295,-0.859749037274094,-0.4820532819843823,1.002566850024584,1.517337404975286,-0.6599263611243733,-0.4443025937689914,0.3005126363077182,0.0416545355694672
0.8463457463878951,-0.331738941885035,0.0654010400674976,0.0654010400674977,-0.6462086717301238,-0.1089381353772954,-0.4919323136278294,0.2342275408568957,-0.4057153639132397,-0.5520768893966107,-0.4820532819843823,0.4446014206166987,0.6928817880382653,-1.3162393949561642,0.5799794458906513,0.5503863368836847,0.6520824719662907
0.5899201796154724,0.1355936094172838,0.0654010400674976,0.0654010400674977,0.6602605005415033,0.5188697787205104,1.4513492451759498,0.8331736116944045,0.7826380134765774,2.2169724415007392,-0.4820532819843823,0.7235841353206414,0.2806539795697548,0.7908708715564274,0.7086332286498336,0.6246656495849476,2.372782181294665
-0.4357820874742186,-0.1752766534455447,0.0654010400674976,0.0654010400674977,-0.6388895167033919,-0.0870921727258888,-0.4919323136278294,0.2342275408568957,-0.4057153639132397,-0.5520768893966107,-0.4820532819843823,0.4446014206166987,0.6928817880382653,-0.3490412398356303,-1.2508628472207877,0.5503863368836847,0.6520824719662907
-0.6922076542466413,0.1411354797864383,1.3954203730765178,1.3954203730765178,-0.7212300107541247,-0.2198446276038866,-0.6307381392566708,-0.6750807673414826,-0.4057153639132397,-0.2444047415191273,-0.4820532819843823,-0.9503121529030142,-0.5438016373672659,-1.6962100987535167,-0.3107005885959946,1.3596464266010553,1.1255671642452048
-0.7776828431707823,-0.4908766160199792,1.3954203730765178,1.3954203730765178,-0.8712726888021267,-0.6288270329847909,-0.9083497905143536,-0.6750807673414826,-0.4057153639132397,-0.859749037274094,-0.4820532819843823,-0.6713294381990716,-0.1315738288987555,-1.178068229938945,1.0500605752030476,1.3596464266010553,0.6520824719662907
-0.0938813317776549,1.3606813842123524,-1.2646182929415224,-1.2646182929415222,0.7014307475668697,0.4964376489083754,1.5901550708047911,-0.6750807673414826,1.6815926404232675,2.2169724415007392,-0.4820532819843823,-1.787260297014842,-1.7804850627727973,-1.2816966037018591,-0.3008041437683653,-1.1457323588283028,-0.8186953190947199
1.0172961242361769,-0.1964408652863673,0.0654010400674976,0.0654010400674977,-0.5364213463291467,-0.0550315476255888,-0.2143206623701467,0.2342275408568957,-0.4057153639132397,0.0632674063583559,1.4128092602512243,0.1656187059127561,0.2806539795697548,0.2381862114875509,0.5453418889939484,0.2307580320386945,0.6520824719662907
1.1882465020844588,0.531120719643403,0.0654010400674976,0.0654010400674977,-0.0853784178067992,0.4214526521053098,0.2020968145163774,1.070869606315068,0.7826380134765774,-0.859749037274094,-0.4820532819843823,1.002566850024584,0.2806539795697548,-0.3490412398356303,1.688381266585144,-0.5087474534096524,0.0416545355694672
1.2737216910085998,0.2617189350601096,0.0654010400674976,0.0654010400674977,1.9109211157343005,1.2408886330662543,1.3125434195471084,1.2805323325064204,1.0190940096470398,0.986283849990806,-0.4820532819843823,1.2815495647285264,0.2806539795697548,0.2036434202332462,1.4409701458944089,1.3596464266010553,2.9832101176914887
-1.119583598867346,-0.9336051738730348,0.0654010400674976,0.0654010400674977,-0.748676842104369,-0.3260072797853866,-0.6307381392566708,0.2342275408568957,-1.3046699908599295,-0.5520768893966107,-0.4820532819843823,1.002566850024584,1.517337404975286,0.3763573765047701,0.7383225631327218,0.7618113109016622,0.6520824719662907
1.3591968799327403,1.5812573798536125,-1.2646182929415224,-1.2646182929415222,0.7499201496189679,0.9464913558126692,0.6185142914029015,-0.162984884853083,1.8052020693197453,-0.5520768893966107,3.3076718024868312,-1.2292948676069568,-1.3682572543042868,0.8254136628107323,0.1841216527854753,-1.0334885871285773,-0.8186953190947199
0.0770690460706269,-1.1840403848653425,0.0654010400674976,0.0654010400674977,-0.9755706479330548,-1.509803765310085,-1.047155616143195,-0.6750807673414826,-1.3046699908599295,-0.859749037274094,-0.4820532819843823,-0.392346723495129,0.2806539795697548,1.4126411141339137,-1.4191024092904874,0.8856123090539809,0.0416545355694672
1.0172961242361769,0.7784027974946401,-1.2646182929415224,-1.2646182929415222,0.8670266300466768,1.2595709096928072,0.2020968145163774,0.2342275408568957,0.7826380134765774,0.0632674063583559,-0.4820532819843823,-0.9503121529030142,-1.3682572543042868,1.2744699491166944,-0.2562701420440329,-0.952176756406961,-0.8186953190947199
0.3334946128430496,0.663122338867315,1.3954203730765178,1.3954203730765178,-0.3168466955271925,0.088835932304472,0.2020968145163774,0.8331736116944045,0.1201393827003501,0.0632674063583559,-0.4820532819843823,1.002566850024584,0.6928817880382653,-0.4181268223442398,-0.7411959385978736,0.6719960514881532,1.5124323266304776
-0.5212572763983595,1.6712172238632492,-1.2646182929415224,-1.2646182929415222,-0.0204209169445544,-0.0400185863782558,1.3125434195471084,0.8331736116944045,1.8052020693197453,0.0632674063583559,3.3076718024868312,0.4446014206166987,-0.1315738288987555,-1.4544105599733834,1.4904523700325565,-1.1207930591923676,-0.8186953190947199
0.5044449906913314,-2.285152697522861,1.3954203730765178,1.3954203730765178,-1.0231451556068116,-4.076384989268159,-1.7411847442874018,-2.6306938671893856,-1.3046699908599295,-1.782765480906544,-0.4820532819843823,2.67646313824824,5.639615489660391,-0.6944691523786781,-1.720943976533184,-1.4262108739540356,3.593638054088312
-1.8033851102604728,-1.0396651067999565,-1.2646182929415224,-1.2646182929415222,-0.9133578302058346,-0.7505018667521967,-1.047155616143195,-0.6750807673414826,-1.3046699908599295,-0.859749037274094,-0.4820532819843823,-0.1133640087911864,0.6928817880382653,-1.0398970649217258,0.0109338683019607,-0.1735214812393563,-0.8186953190947199
0.2480194239189087,0.2794911400370532,0.0654010400674976,0.0654010400674977,-0.150335918669044,0.2541015935998054,0.3409026401452188,1.2805323325064204,-0.4057153639132397,0.0632674063583559,-0.4820532819843823,1.2815495647285264,0.2806539795697548,-1.21261102119325,-0.914383723081388,-0.1735214812393563,0.6520824719662907
-1.6324347324121913,-1.2825996828960808,0.0654010400674976,0.0654010400674977,-0.977400436689738,-1.297695065007778,-1.1859614417720363,-1.3968393760212343,-1.3046699908599295,-0.859749037274094,-0.4820532819843823,-0.1133640087911864,1.1051095965067756,0.7908708715564274,-1.0232446161853117,1.3596464266010553,0.0416545355694672
-2.2307610548811776,1.5002314130770094,-1.2646182929415224,-1.2646182929415222,1.348261073054293,0.7355192267971923,2.006572547691315,0.5587737238266685,1.8052020693197453,1.909300293623256,2.521232791480213,0.4446014206166987,0.2806539795697548,0.2381862114875509,1.460763035549668,-1.1763371733780688,-0.8186953190947199
-0.5212572763983595,-1.412929186060334,0.0654010400674976,0.0654010400674977,-1.01582600058008,-2.0102550223335784,-1.3247672674008777,-1.3968393760212343,-1.3046699908599295,-1.1674211851515772,-0.4820532819843823,-0.1133640087911864,1.1051095965067756,1.2399271578623896,0.2583449889926957,0.5503863368836847,-0.8186953190947199
-0.7776828431707823,0.9700272979315244,-1.2646182929415224,-1.2646182929415222,0.896303250153604,0.8447892861196127,1.0349317682894257,0.2342275408568957,1.2190147058053171,1.2939559978682893,-0.4820532819843823,-0.9503121529030142,-1.3682572543042868,0.4454429590133796,1.2578859165832652,-1.0909849017837396,-0.8186953190947199
0.6753953685396132,0.5926545906388422,-1.2646182929415224,-1.2646182929415222,1.2037077612763398,1.548295518644449,0.063290988887536,0.2342275408568957,1.0190940096470398,-0.5520768893966107,-0.4820532819843823,-0.6713294381990716,-0.9560294458357764,-1.661667307499212,0.8917174579609772,-0.9170320787253609,-0.8186953190947199
-1.2905339767156276,1.4751974469266909,-1.2646182929415224,-1.2646182929415222,1.381197270674586,1.1784688640639198,0.8961259426605843,1.2805323325064204,0.7826380134765774,0.3709395542358393,-0.4820532819843823,0.7235841353206414,-0.5438016373672659,-0.7290119436329829,-0.3057523661821799,-1.073786471011429,-0.8186953190947199
-0.1793565207017958,1.0718352785924568,0.0654010400674976,0.0654010400674977,1.1872396624661932,0.6072622351915408,2.145378373320157,1.637741372355351,1.54494875626063,1.2939559978682893,2.521232791480213,1.839514994136412,0.2806539795697548,0.7217852890478179,-0.1622539161815535,-0.5087474534096524,1.1255671642452048
1.5301472577810225,0.3039518092526315,2.7254397060855378,2.7254397060855378,-0.8511450124786143,-0.4975254595104298,-0.9083497905143536,-0.6750807673414826,-1.3046699908599295,-0.5520768893966107,-0.4820532819843823,-0.392346723495129,0.2806539795697548,1.2053843666080848,1.163869690720786,-0.3670770836606984,-0.8186953190947199
-0.6067324653225004,-1.4729342652298,-1.2646182929415224,-1.2646182929415222,-0.8859109988555903,-0.7339343070190919,-0.9083497905143536,-0.6750807673414826,-1.3046699908599295,-0.5520768893966107,-0.4820532819843823,-0.1133640087911864,0.6928817880382653,1.3780983228796089,0.0307267579572195,-0.3670770836606984,-0.8186953190947199
-0.2648317096259368,0.8724234947920194,-1.2646182929415224,-1.2646182929415222,1.684942204283956,1.1439183037169585,1.3125434195471084,-0.6750807673414826,1.54494875626063,1.909300293623256,-0.4820532819843823,-1.787260297014842,-1.7804850627727973,0.8254136628107323,0.8174941217537568,-1.1207930591923676,-0.8186953190947199
-1.3760091656397686,0.1027723599034121,0.0654010400674976,0.0654010400674977,0.0234940132158363,0.3908241656316878,0.4797084657740602,1.2805323325064204,-0.4057153639132397,0.3709395542358393,-0.4820532819843823,1.560532279432469,0.6928817880382653,-0.2454128660727159,1.460763035549668,-0.616950784236665,0.0416545355694672
0.2480194239189087,0.8221166887685741,0.0654010400674976,0.0654010400674977,0.6584307117848204,1.2087286443789562,0.063290988887536,0.5587737238266685,0.49323926303345,-0.2444047415191273,-0.4820532819843823,-0.392346723495129,-0.9560294458357764,-1.1435254386846403,1.213351914858933,-0.9170320787253609,-0.8186953190947199
-0.5212572763983595,-1.9304252191524132,-1.2646182929415224,-1.2646182929415222,-1.013996211823397,-1.935428193617863,-1.3247672674008777,-1.3968393760212343,-1.3046699908599295,-1.1674211851515772,-0.4820532819843823,-0.6713294381990716,0.2806539795697548,-1.1435254386846403,-0.7807817179083911,0.5503863368836847,-0.8186953190947199
-0.8631580320949231,0.4763230876311601,0.0654010400674976,0.0654010400674977,-0.2637828215833869,0.1733876959002568,0.2020968145163774,0.2342275408568957,0.1201393827003501,0.6786117021133227,-0.4820532819843823,-0.392346723495129,-0.5438016373672659,0.2381862114875509,-0.1375128041124801,-0.952176756406961,-0.8186953190947199
-0.1793565207017958,0.9092100481045102,0.0654010400674976,0.0654010400674977,0.7041754307018941,1.2410919213262788,0.063290988887536,0.5587737238266685,0.7826380134765774,-0.5520768893966107,-0.4820532819843823,-0.6713294381990716,-1.3682572543042868,0.549071332776294,-0.4739919282518796,-0.9170320787253609,-0.8186953190947199
-1.119583598867346,0.8243143270184112,-1.2646182929415224,-1.2646182929415222,1.7993040015766404,1.37253600238541,0.8961259426605843,0.8331736116944045,1.2190147058053171,0.3709395542358393,1.4128092602512243,0.1656187059127561,-0.5438016373672659,-1.350782186210469,1.2034554700313034,-1.073786471011429,-0.8186953190947199
-0.3503068985500777,0.3990713256749293,1.3954203730765178,1.3954203730765178,0.1607281699670577,0.3951810728387886,0.757320117031743,1.2805323325064204,0.49323926303345,0.3709395542358393,1.4128092602512243,1.560532279432469,0.6928817880382653,-1.2471538124475547,1.3667468096871886,1.8506244972631936,2.9832101176914887
0.0770690460706269,-0.906086921005509,1.3954203730765178,1.3954203730765178,-0.938974872799396,-1.2139840306583676,-0.9083497905143536,-0.6750807673414826,-0.4057153639132397,-0.859749037274094,-0.4820532819843823,-0.6713294381990716,-0.1315738288987555,0.998127619082256,-0.2859594765269211,1.3596464266010553,0.6520824719662907
-1.2905339767156276,-0.8177514183109693,0.0654010400674976,0.0654010400674977,-1.003017479283299,-1.8648795829392828,-1.1859614417720363,-1.3968393760212343,-1.3046699908599295,-0.859749037274094,-0.4820532819843823,-0.6713294381990716,0.2806539795697548,0.065472255216027,-1.508170412739152,0.1069570338863763,-0.8186953190947199
-0.1793565207017958,-1.0184053454700104,0.0654010400674976,0.0654010400674977,-0.3680807807143151,0.0895321425332997,0.063290988887536,1.4680820320250476,-1.3046699908599295,-0.5520768893966107,-0.4820532819843823,2.67646313824824,1.9295652134437968,-0.7635547348872876,1.3964361441700768,0.4169691447109346,1.1255671642452048
-0.6922076542466413,1.4557531258900889,-1.2646182929415224,-1.2646182929415222,2.4424747495506978,1.4995774498072936,1.173737593918267,0.5587737238266685,1.8052020693197453,0.0632674063583559,3.3076718024868312,-0.6713294381990716,-1.3682572543042868,-0.6599263611243733,-1.2013806230826405,-1.1065825691090454,-0.8186953190947199
0.1625442349947678,-1.2045357502823018,0.0654010400674976,0.0654010400674977,-0.9627621266362744,-1.3107561886668193,-1.047155616143195,-0.6750807673414826,-1.3046699908599295,-0.859749037274094,-0.4820532819843823,-0.392346723495129,0.2806539795697548,0.7563280803021227,-1.1568466213583082,0.8856123090539809,0.0416545355694672
0.4189698017671905,0.8636329417926709,0.0654010400674976,0.0654010400674977,0.615430676002771,0.435489932043859,1.5901550708047911,1.070869606315068,1.2190147058053171,1.6016281457457726,-0.4820532819843823,0.4446014206166987,-0.5438016373672659,1.654440652914047,0.1395876510611432,-0.876255878889373,0.0416545355694672
-0.2648317096259368,-0.3512310376661989,1.3954203730765178,1.3954203730765178,-0.9517833940961766,-1.1624663095052727,-1.047155616143195,-0.6750807673414826,-1.3046699908599295,-0.859749037274094,-0.4820532819843823,-0.392346723495129,0.2806539795697548,1.17084157535378,-1.3844648523937846,0.8856123090539809,0.0416545355694672
1.7865728245534451,0.3986891277184359,0.0654010400674976,0.0654010400674977,0.2137920439108632,0.3821978723887095,0.8961259426605843,0.8331736116944045,0.1201393827003501,1.6016281457457726,-0.4820532819843823,0.7235841353206414,0.2806539795697548,-1.5925817249906025,0.9362514596853098,0.4593814368289822,1.839522160832408
1.4446720688568817,-0.1059077243419905,0.0654010400674976,0.0654010400674977,-0.9682514929063232,-1.145122726692252,-1.1859614417720363,-1.3968393760212343,-1.3046699908599295,-0.859749037274094,-0.4820532819843823,-1.787260297014842,-1.3682572543042868,0.7563280803021227,-1.3993095196352283,0.1069570338863763,-0.8186953190947199
-1.5469595434880503,-1.3388783319897355,-1.2646182929415224,-1.2646182929415222,-0.9609323378795912,-1.0353379873993205,-1.1859614417720363,-1.3968393760212343,-1.3046699908599295,-0.859749037274094,-0.4820532819843823,-0.392346723495129,0.6928817880382653,-1.5925817249906025,-1.0479857282543847,0.1069570338863763,-0.8186953190947199
0.8463457463878951,-0.8983474123865174,-1.2646182929415224,-1.2646182929415222,0.2952176435832546,0.5229326429125118,0.757320117031743,1.4680820320250476,-0.4057153639132397,0.6786117021133227,-0.4820532819843823,2.397480423544297,1.517337404975286,-1.178068229938945,1.624054375205553,-0.3670770836606984,0.6520824719662907
0.931820935312036,1.0056672573745349,-1.2646182929415224,-1.2646182929415222,1.267750367760243,1.1200869596131826,0.8961259426605843,-0.162984884853083,1.3921938899801396,0.986283849990806,1.4128092602512243,-1.5082775823108994,-1.7804850627727973,0.1000150464703318,-0.963865947219535,-1.073786471011429,-0.8186953190947199
1.5301472577810225,0.8526447505434853,0.0654010400674976,0.0654010400674977,0.861537263776628,0.6024612532988698,1.5901550708047911,1.070869606315068,1.3921938899801396,1.2939559978682893,-0.4820532819843823,0.4446014206166987,-0.5438016373672659,-1.4198677687190786,0.6987367838222043,-0.876255878889373,0.0416545355694672
-0.5212572763983595,0.8812140477913678,0.0654010400674976,0.0654010400674977,1.880729601249032,1.1742629830202496,1.4513492451759498,0.5587737238266685,1.0190940096470398,2.2169724415007392,-0.4820532819843823,1.002566850024584,1.1051095965067756,1.3780983228796089,-0.023703688594742,-0.5838385779516478,0.6520824719662907
-1.2905339767156276,0.8976007851760228,-1.2646182929415224,-1.2646182929415222,2.1442191822113768,1.6483193645631593,0.6185142914029015,0.5587737238266685,1.54494875626063,-0.5520768893966107,-0.4820532819843823,0.4446014206166987,0.2806539795697548,0.5836141240305988,1.327161030376671,-1.0334885871285773,-0.8186953190947199
-0.008406142853514,-1.0251893591977683,0.0654010400674976,0.0654010400674977,-0.977400436689738,-1.297695065007778,-1.1859614417720363,-1.3968393760212343,-0.4057153639132397,-1.1674211851515772,1.4128092602512243,-0.392346723495129,0.6928817880382653,-0.9362686911588116,-1.45373996618719,1.3596464266010553,0.0416545355694672
0.0770690460706269,-0.0591840241606709,0.0654010400674976,0.0654010400674977,-0.7669747296711985,-0.4022206632261547,-0.6307381392566708,0.2342275408568957,-1.3046699908599295,-0.5520768893966107,-0.4820532819843823,0.4446014206166987,0.6928817880382653,0.2381862114875509,-1.3943612972214137,0.1069570338863763,0.0416545355694672
-0.008406142853514,0.5215657707310677,0.0654010400674976,0.0654010400674977,0.6913669094051135,0.5943065726910159,1.3125434195471084,0.5587737238266685,1.2190147058053171,1.6016281457457726,1.4128092602512243,-0.6713294381990716,-1.3682572543042868,0.8599564540650371,0.2583449889926957,-1.1207930591923676,-0.8186953190947199
-1.3760091656397686,-1.0298712841648126,-1.2646182929415224,-1.2646182929415222,-0.9883791692298356,-1.747241595511064,-1.047155616143195,-1.3968393760212343,-0.4057153639132397,-0.859749037274094,-0.4820532819843823,-1.5082775823108994,-0.9560294458357764,-0.0381561185468872,-1.5477561920496696,-0.1735214812393563,-0.8186953190947199
-1.2905339767156276,0.0266671918166615,0.0654010400674976,0.0654010400674977,-0.2162083139096302,0.1620640874122817,0.3409026401452188,1.070869606315068,-0.4057153639132397,0.3709395542358393,-0.4820532819843823,1.2815495647285264,0.6928817880382653,0.6181569152849036,1.2331448045141915,-0.5662437680648148,0.0416545355694672
1.0172961242361769,-0.3678566487736623,1.3954203730765178,1.3954203730765178,-0.9554429716095424,-0.9589673627750862,-1.1859614417720363,-1.3968393760212343,-0.4057153639132397,-1.1674211851515772,-0.4820532819843823,-1.2292948676069568,-0.5438016373672659,-0.867183108650202,-0.9539695023919056,0.1069570338863763,-0.8186953190947199
-0.1793565207017958,1.678049012335569,-1.2646182929415224,-1.2646182929415222,1.5257505824525393,1.5373556315592578,0.3409026401452188,0.5587737238266685,1.0190940096470398,-0.2444047415191273,1.4128092602512243,-0.6713294381990716,-1.3682572543042868,0.6181569152849036,-0.5927492661834326,-0.982781570956727,-0.8186953190947199
-0.5212572763983595,1.1789462558997357,1.3954203730765178,1.3954203730765178,0.3565155669321334,0.3915131216461985,1.173737593918267,1.4680820320250476,1.0190940096470398,0.3709395542358393,-0.4820532819843823,1.2815495647285264,-0.1315738288987555,-0.3835840310899351,-0.3008041437683653,-0.2282689382839197,1.1255671642452048
-1.119583598867346,-0.4669414689945793,0.0654010400674976,0.0654010400674977,-0.3406339493640709,0.137316097054756,0.063290988887536,0.8331736116944045,0.49323926303345,-0.5520768893966107,1.4128092602512243,0.7235841353206414,0.2806539795697548,1.2744699491166944,0.6640992269255009,-0.4429979611782864,0.0416545355694672
-1.6324347324121913,0.749642401268511,-1.2646182929415224,-1.2646182929415222,2.2283894650187923,1.5443043602177955,0.8961259426605843,0.2342275408568957,1.8052020693197453,-0.2444047415191273,-0.4820532819843823,-0.6713294381990716,-0.9560294458357764,1.4126411141339137,1.5498310389983323,-1.073786471011429,-0.8186953190947199
-1.7179099213363322,1.7468924192489448,-1.2646182929415224,-1.2646182929415222,2.4379002776589904,1.6202167516868324,0.8961259426605843,0.2342275408568957,1.3921938899801396,0.6786117021133227,3.3076718024868312,-1.2292948676069568,-1.7804850627727973,1.3090127403709992,-1.4636364110148194,-1.073786471011429,-0.8186953190947199
-1.3760091656397686,-0.9887850038417708,0.0654010400674976,0.0654010400674977,-0.9078684639357858,-0.7014517832074721,-1.047155616143195,-0.6750807673414826,-1.3046699908599295,-0.859749037274094,-0.4820532819843823,0.1656187059127561,1.1051095965067756,0.4454429590133796,0.8125458993399421,0.8856123090539809,0.0416545355694672
0.0770690460706269,0.4689657769686619,0.0654010400674976,0.0654010400674977,0.299792115474962,0.4002979606385634,1.0349317682894257,1.637741372355351,0.7826380134765774,0.0632674063583559,2.521232791480213,2.397480423544297,1.1051095965067756,-0.9017258999045068,-1.62197952825689,0.8856123090539809,2.372782181294665
-0.4357820874742186,0.8534569212010339,-1.2646182929415224,-1.2646182929415222,0.313515531150084,1.2517149260388238,-0.353126487998988,-0.6750807673414826,0.49323926303345,-0.2444047415191273,-0.4820532819843823,-1.787260297014842,-1.7804850627727973,1.7235262354226566,-1.5823937489463724,-0.7713565969387494,-0.8186953190947199
1.7010976356293042,-0.1287440522424718,0.0654010400674976,0.0654010400674977,-0.6077831078397817,-0.1233482143542841,-0.353126487998988,-0.162984884853083,-0.4057153639132397,0.0632674063583559,-0.4820532819843823,-0.1133640087911864,0.2806539795697548,-0.6944691523786781,-0.5036812627347679,-0.1735214812393563,0.0416545355694672
-0.7776828431707823,-1.2886193007108522,0.0654010400674976,0.0654010400674977,-0.8932301538823222,-0.3186385136121973,-1.1859614417720363,-1.3968393760212343,-0.4057153639132397,-1.1674211851515772,1.4128092602512243,-0.6713294381990716,0.2806539795697548,0.1000150464703318,1.505297037274,0.1069570338863763,-0.8186953190947199
1.2737216910085998,1.8669503523324376,-1.2646182929415224,-1.2646182929415222,2.0435808005938143,1.8465275182126544,0.2020968145163774,0.2342275408568957,1.2190147058053171,-0.5520768893966107,1.4128092602512243,-1.2292948676069568,-1.7804850627727973,1.4126411141339137,-1.3052932937727493,-0.952176756406961,-0.8186953190947199
2.042998391325868,2.956262303083222,-1.2646182929415224,-1.2646182929415222,-0.863953533775395,-2.204810858809957,2.006572547691315,3.3008825940307074,-1.3046699908599295,-1.782765480906544,-0.4820532819843823,5.187307570583723,-1.7804850627727973,-1.3853249774647738,-1.5922901937740015,-1.4262108739540356,-2.2894731101557304
1.6156224467051634,0.3553096596564337,0.0654010400674976,0.0654010400674977,-0.111910354778702,0.2274869493566194,0.4797084657740602,-0.162984884853083,1.0190940096470398,0.6786117021133227,-0.4820532819843823,-0.9503121529030142,-0.9560294458357764,0.7563280803021227,0.1346394286473281,-0.616950784236665,0.0416545355694672
0.4189698017671905,-0.2912259584967334,1.3954203730765178,1.3954203730765178,-0.9151876189625175,-0.7672948423690336,-1.047155616143195,-0.6750807673414826,-1.3046699908599295,-0.859749037274094,-0.4820532819843823,-0.1133640087911864,0.6928817880382653,-1.2471538124475547,0.6789438941669453,0.8856123090539809,0.0416545355694672
-1.205058787791487,-1.4192354523424755,-1.2646182929415224,-1.2646182929415222,-0.9499536053394936,-0.8870481082377737,-1.1859614417720363,-1.3968393760212343,-1.3046699908599295,-0.859749037274094,-0.4820532819843823,-0.392346723495129,0.6928817880382653,-1.1435254386846403,-1.3696201851523404,0.1069570338863763,-0.8186953190947199
-1.5469595434880503,1.0290768822097565,-1.2646182929415224,-1.2646182929415222,-0.3131871180138266,0.0948567475017277,0.2020968145163774,0.2342275408568957,0.7826380134765774,0.0632674063583559,-0.4820532819843823,-0.9503121529030142,-1.3682572543042868,1.5508122791511327,-1.240966402393158,-0.952176756406961,-0.8186953190947199
-0.1793565207017958,-1.0527553868098556,0.0654010400674976,0.0654010400674977,-0.9682514929063232,-1.5894613816717835,-0.9083497905143536,-0.162984884853083,-1.3046699908599295,-0.859749037274094,-0.4820532819843823,-0.1133640087911864,0.2806539795697548,0.9635848278279514,-0.5234741523900267,1.3596464266010553,0.6520824719662907
0.0770690460706269,-0.2946179653606124,0.0654010400674976,0.0654010400674977,-0.4796978948719752,-0.031521033585082,-0.0755148367413053,-0.162984884853083,-0.4057153639132397,0.6786117021133227,1.4128092602512243,-0.6713294381990716,-0.5438016373672659,-1.0053542736674212,-0.983658836874794,-0.3670770836606984,0.0416545355694672
1.2737216910085998,0.5238589584700282,-1.2646182929415224,-1.2646182929415222,0.7142392688636504,1.2480993782637846,0.063290988887536,-0.162984884853083,0.7826380134765774,0.0632674063583559,-0.4820532819843823,-1.5082775823108994,-1.7804850627727973,0.065472255216027,0.2979307683032133,-0.9170320787253609,-0.8186953190947199
-0.1793565207017958,0.4125915783858838,0.0654010400674976,0.0654010400674977,0.8414095874531154,0.5896224506821791,1.5901550708047911,0.8331736116944045,1.9180486365937297,0.3709395542358393,-0.4820532819843823,0.4446014206166987,-0.1315738288987555,1.1017559928451706,-0.2859594765269211,-0.3670770836606984,1.1255671642452048
-1.4614843545639096,-0.889556859387169,0.0654010400674976,0.0654010400674977,-0.9115280414491516,-0.9426192473785804,-0.9083497905143536,-0.162984884853083,-1.3046699908599295,-0.859749037274094,-0.4820532819843823,0.1656187059127561,0.6928817880382653,0.7563280803021227,-1.0380892834267554,-0.3670770836606984,-0.8186953190947199
0.8463457463878951,-0.7717443392980748,-1.2646182929415224,-1.2646182929415222,-0.9554429716095424,-0.9589673627750862,-1.1859614417720363,-1.3968393760212343,-1.3046699908599295,-0.859749037274094,-0.4820532819843823,-0.6713294381990716,0.2806539795697548,-0.4526696135985447,0.5601865562353924,0.1069570338863763,-0.8186953190947199
-0.948633221019064,-0.9707739251420188,0.0654010400674976,0.0654010400674977,-0.9462940278261276,-0.8413293753468676,-1.1859614417720363,-1.3968393760212343,-0.4057153639132397,-1.1674211851515772,1.4128092602512243,-0.392346723495129,0.6928817880382653,1.5853550704054375,-0.3849239248032151,0.1069570338863763,-0.8186953190947199
0.7608705574637542,1.9444887627560383,-1.2646182929415224,-1.2646182929415222,0.9685799060425806,0.8300902619234642,1.173737593918267,-0.162984884853083,1.0190940096470398,2.2169724415007392,-0.4820532819843823,-1.787260297014842,-2.192712871241308,-0.5908407786157638,-1.4042577420490432,-1.4262108739540356,-2.2894731101557304
-0.0938813317776549,0.7419028926495194,0.0654010400674976,0.0654010400674977,1.6181549146650285,1.2296998623672792,1.0349317682894257,1.070869606315068,1.54494875626063,-0.2444047415191273,1.4128092602512243,0.7235841353206414,-0.1315738288987555,-0.5908407786157638,1.198507247617489,-0.7713565969387494,0.0416545355694672
-0.1793565207017958,1.3720039986734698,-1.2646182929415224,-1.2646182929415222,1.6977507255807367,1.0955706480961724,1.4513492451759498,0.2342275408568957,1.2190147058053171,2.2169724415007392,-0.4820532819843823,-0.9503121529030142,-1.3682572543042868,1.2399271578623896,1.3321092527904856,-1.1337935730163105,-0.8186953190947199
0.1625442349947678,1.2428688641232584,0.0654010400674976,0.0654010400674977,2.269559712044159,1.848656645858263,0.3409026401452188,0.5587737238266685,1.0190940096470398,-0.2444047415191273,2.521232791480213,1.002566850024584,1.1051095965067756,1.516269487896828,1.5943650407226648,-0.1735214812393563,0.6520824719662907
0.5044449906913314,0.0202176013008352,0.0654010400674976,0.0654010400674977,1.065558710146777,0.6762412691966668,1.7289608964336325,1.637741372355351,1.0190940096470398,1.2939559978682893,-0.4820532819843823,2.397480423544297,1.1051095965067756,-0.867183108650202,0.8224423441675714,0.0517698335214897,1.839522160832408
0.0770690460706269,0.2509218427891707,0.0654010400674976,0.0654010400674977,-0.2976339135820215,-0.0388200771389648,0.4797084657740602,0.2342275408568957,0.7826380134765774,0.6786117021133227,2.521232791480213,0.7235841353206414,1.1051095965067756,-0.1763272835641064,1.584468595895035,1.0672291256633304,2.122860263027301
-1.8033851102604728,-1.573022355086512,-1.2646182929415224,-1.2646182929415222,-0.8840812100989074,-0.5089012512630976,-1.047155616143195,-1.3968393760212343,-1.3046699908599295,-0.5520768893966107,-0.4820532819843823,-0.6713294381990716,0.2806539795697548,-1.178068229938945,0.7135814510636482,-0.1735214812393563,-0.8186953190947199
-1.034108409943205,-0.75564425038079,0.0654010400674976,0.0654010400674977,-0.9536131828528596,-1.3874993652612675,-0.9083497905143536,-0.162984884853083,-1.3046699908599295,-0.859749037274094,-0.4820532819843823,-0.1133640087911864,0.2806539795697548,1.1362987840994754,0.1989663200269193,0.5503863368836847,0.0416545355694672
-0.6067324653225004,-1.5132561496398549,-1.2646182929415224,-1.2646182929415222,-0.788932194751394,-0.3440881712847998,-0.7695439648855121,-0.6750807673414826,-0.4057153639132397,-0.5520768893966107,-0.4820532819843823,-0.1133640087911864,0.6928817880382653,-0.7635547348872876,0.6937885614083892,-0.5087474534096524,-0.8186953190947199
0.3334946128430496,-0.8420209885483009,1.3954203730765178,1.3954203730765178,-1.0011876905266162,-1.509803765310085,-1.3247672674008777,-1.3968393760212343,-1.3046699908599295,-1.1674211851515772,-0.4820532819843823,-0.392346723495129,0.6928817880382653,0.7908708715564274,0.9708890165820128,0.5503863368836847,-0.8186953190947199
-0.6922076542466413,-0.954387187757364,0.0654010400674976,0.0654010400674977,-0.9115280414491516,-0.7339343070190919,-1.047155616143195,-1.3968393760212343,-1.3046699908599295,-0.5520768893966107,-0.4820532819843823,-1.5082775823108994,-0.9560294458357764,-1.4544105599733834,-1.715995754119369,-0.1735214812393563,-0.8186953190947199
-0.2648317096259368,0.9114076863543472,0.0654010400674976,0.0654010400674977,0.1213877116983742,0.2289021201609347,1.0349317682894257,0.8331736116944045,0.1201393827003501,1.909300293623256,-0.4820532819843823,-0.1133640087911864,-0.9560294458357764,0.2727290027418557,-0.9539695023919056,-0.7713565969387494,0.0416545355694672
1.1027713131603178,1.8820471716139275,-1.2646182929415224,-1.2646182929415222,1.794729529684933,1.1919814042286276,1.3125434195471084,1.070869606315068,1.6815926404232675,0.0632674063583559,3.917681290782164,0.4446014206166987,-0.5438016373672659,1.2053843666080848,1.3024199183075975,-1.4262108739540356,-2.2894731101557304
2.213948769174149,1.2298741336024823,-1.2646182929415224,-1.2646182929415222,2.1195170339961567,1.1684400679367202,1.7289608964336325,1.070869606315068,1.0190940096470398,2.2169724415007392,1.4128092602512243,0.1656187059127561,-0.9560294458357764,0.1345578377246366,-0.4096650368722885,-1.1567343940151056,-0.8186953190947199
0.8463457463878951,1.3915438691991957,1.3954203730765178,1.3954203730765178,1.0371969844181912,0.566994069831546,2.006572547691315,1.79262821499482,1.0190940096470398,1.6016281457457726,-0.4820532819843823,1.839514994136412,-0.1315738288987555,-0.0381561185468872,0.9065621252024216,-0.7023030558309942,0.6520824719662907
-0.6922076542466413,-1.3928160185998684,0.0654010400674976,0.0654010400674977,-0.9956983242565676,-1.6746168452883827,-1.1859614417720363,-1.3968393760212343,-1.3046699908599295,-0.859749037274094,-0.4820532819843823,-0.9503121529030142,-0.1315738288987555,-1.6271245162449073,-0.2810112541131065,0.1069570338863763,-0.8186953190947199
-0.008406142853514,0.1603887018447939,0.0654010400674976,0.0654010400674977,1.12319705598229,1.176682232145757,0.6185142914029015,0.2342275408568957,0.1201393827003501,1.6016281457457726,2.521232791480213,0.7235841353206414,1.1051095965067756,0.549071332776294,1.1341803562378978,-0.3095807690055359,0.6520824719662907
-0.0938813317776549,0.8963586418174193,-1.2646182929415224,-1.2646182929415222,0.9420479690706778,1.3969284914262063,0.063290988887536,-0.162984884853083,0.49323926303345,0.3709395542358393,-0.4820532819843823,-1.2292948676069568,-1.3682572543042868,-0.1417844923098016,0.0851572045091813,-0.9170320787253609,-0.8186953190947199
1.0172961242361769,0.6207939151856696,-1.2646182929415224,-1.2646182929415222,1.3994951582414157,1.253451975226758,0.757320117031743,1.4680820320250476,0.49323926303345,0.0632674063583559,-0.4820532819843823,1.2815495647285264,-0.1315738288987555,-0.2454128660727159,1.1836625803760443,-1.0547274587736004,-0.8186953190947199
0.3334946128430496,0.5178393406552569,1.3954203730765178,1.3954203730765178,0.3126006367717426,0.4734162390648485,0.8961259426605843,1.4680820320250476,0.49323926303345,0.3709395542358393,-0.4820532819843823,1.839514994136412,0.6928817880382653,-0.6944691523786781,0.1148465389920696,0.1789029217032497,1.5124323266304776
-0.4357820874742186,0.4807183641308343,1.3954203730765178,1.3954203730765178,-0.8731024775588097,-0.6414862687579518,-0.9083497905143536,-0.6750807673414826,-1.3046699908599295,-0.5520768893966107,-0.4820532819843823,-0.6713294381990716,-0.1315738288987555,1.17084157535378,-0.6570761575630235,-0.3670770836606984,-0.8186953190947199
1.872048013477586,0.7461070701709469,0.0654010400674976,0.0654010400674977,-0.2820807091502165,0.2334631526604066,0.063290988887536,0.2342275408568957,0.1201393827003501,0.3709395542358393,-0.4820532819843823,-0.6713294381990716,-0.9560294458357764,1.516269487896828,-0.3948203696308444,-0.4429979611782864,0.0416545355694672
-1.119583598867346,-1.4712621491701412,0.0654010400674976,0.0654010400674977,-0.9591025491229084,-1.45941861979858,-0.9083497905143536,-0.162984884853083,-1.3046699908599295,-0.859749037274094,-0.4820532819843823,-0.1133640087911864,0.2806539795697548,-0.3144984485813255,-0.8945908334261292,1.3596464266010553,0.6520824719662907
0.0770690460706269,-1.0659412163088784,1.3954203730765178,1.3954203730765178,-0.9243365627459325,-1.0618823366451875,-0.9083497905143536,-0.162984884853083,-0.4057153639132397,-1.1674211851515772,-0.4820532819843823,0.1656187059127561,0.6928817880382653,-0.072698909801192,-1.310241516186564,0.5503863368836847,0.0416545355694672
1.5301472577810225,1.148895941570441,0.0654010400674976,0.0654010400674977,0.542239125735453,0.5417767443324198,1.173737593918267,0.8331736116944045,1.2190147058053171,0.986283849990806,-0.4820532819843823,-0.1133640087911864,-0.9560294458357764,0.0309294639617222,0.4612221079590983,-0.8011647543473776,0.0416545355694672
-0.5212572763983595,-0.8059988311487969,1.3954203730765178,1.3954203730765178,-0.970081281663006,-1.174165588264889,-1.1859614417720363,-1.3968393760212343,-1.3046699908599295,-0.859749037274094,-0.4820532819843823,-0.392346723495129,0.6928817880382653,-0.3144984485813255,1.5201417045154444,1.3596464266010553,0.0416545355694672
1.1027713131603178,0.1501649065085951,0.0654010400674976,0.0654010400674977,-0.2070593701262154,0.1752649048825691,0.3409026401452188,0.2342275408568957,0.1201393827003501,0.986283849990806,-0.4820532819843823,-0.392346723495129,-0.5438016373672659,-1.5925817249906025,0.6047205579597249,0.5503863368836847,1.5124323266304776
1.7010976356293042,0.1194935204999988,0.0654010400674976,0.0654010400674977,0.3784730320123288,0.4102618062156899,1.173737593918267,1.79262821499482,0.1201393827003501,0.6786117021133227,-0.4820532819843823,2.67646313824824,1.1051095965067756,0.4454429590133796,1.1539732458931562,-0.5087474534096524,0.6520824719662907
0.8463457463878951,-0.8414476916135608,0.0654010400674976,0.0654010400674977,-1.012166423066714,-1.8648795829392828,-1.3247672674008777,-2.6306938671893856,-1.3046699908599295,-0.859749037274094,-0.4820532819843823,-1.2292948676069568,-0.1315738288987555,-0.8326403173958973,-1.2657075144622316,0.5503863368836847,-0.8186953190947199
-0.3503068985500777,-1.263394235582287,0.0654010400674976,0.0654010400674977,-0.970081281663006,-1.4205409279597512,-1.047155616143195,-1.3968393760212343,-1.3046699908599295,-0.5520768893966107,-0.4820532819843823,-1.2292948676069568,-0.5438016373672659,-0.0381561185468872,-0.2562701420440329,-0.1735214812393563,-0.8186953190947199
-1.2905339767156276,1.027213667171851,-1.2646182929415224,-1.2646182929415222,1.727027345687664,1.2191775082038483,1.173737593918267,0.5587737238266685,1.9180486365937297,-0.2444047415191273,3.3076718024868312,-0.6713294381990716,-1.3682572543042868,0.2381862114875509,-1.04303750584057,-1.1065825691090454,-0.8186953190947199
1.6156224467051634,-1.1243697289078085,0.0654010400674976,0.0654010400674977,-0.9609323378795912,-1.0353379873993205,-1.1859614417720363,-1.3968393760212343,-1.3046699908599295,-0.859749037274094,-0.4820532819843823,-0.1133640087911864,1.1051095965067756,0.6526997065392084,0.8768727907195333,0.1069570338863763,-0.8186953190947199
-0.6922076542466413,-1.342079239875368,0.0654010400674976,0.0654010400674977,-0.9627621266362744,-1.0618823366451875,-1.1859614417720363,-1.3968393760212343,-1.3046699908599295,-0.859749037274094,-0.4820532819843823,-0.392346723495129,0.6928817880382653,0.5145285415219892,1.6685883769298853,0.1069570338863763,-0.8186953190947199
-1.2905339767156276,0.9896627179463734,-1.2646182929415224,-1.2646182929415222,0.6053668378410147,0.5328746886641734,1.3125434195471084,0.2342275408568957,1.2190147058053171,1.909300293623256,-0.4820532819843823,-1.2292948676069568,-1.7804850627727973,0.6181569152849036,-1.428998854118117,-1.1207930591923676,-0.8186953190947199
-0.6067324653225004,-0.8277363399243597,0.0654010400674976,0.0654010400674977,-0.7431874758343201,-0.1465003992681786,-0.7695439648855121,-0.6750807673414826,0.1201393827003501,-0.859749037274094,-0.4820532819843823,-0.1133640087911864,0.6928817880382653,1.5508122791511327,1.4805559252049263,0.3005126363077182,0.0416545355694672
1.5301472577810225,0.9047192221157128,-1.2646182929415224,-1.2646182929415222,1.1085587459288264,1.1684193415839943,0.6185142914029015,-0.162984884853083,0.7826380134765774,1.2939559978682893,-0.4820532819843823,-0.9503121529030142,-0.9560294458357764,1.1362987840994754,0.763063675201795,-0.6620051719481421,0.0416545355694672
-1.119583598867346,0.5425388835936437,-1.2646182929415224,-1.2646182929415222,0.7133243744853089,0.8521459362762133,0.757320117031743,-0.162984884853083,1.54494875626063,0.3709395542358393,-0.4820532819843823,-1.2292948676069568,-1.3682572543042868,-1.5925817249906025,1.2380930269280064,-0.7023030558309942,0.0416545355694672
-0.4357820874742186,1.530520601129112,0.0654010400674976,0.0654010400674977,0.446175216009598,0.4663399503619138,1.173737593918267,0.2342275408568957,1.3921938899801396,1.2939559978682893,-0.4820532819843823,-1.2292948676069568,-1.7804850627727973,-0.867183108650202,-1.7060993092917398,-1.1065825691090454,-0.8186953190947199
0.0770690460706269,-0.7543543322776247,1.3954203730765178,1.3954203730765178,-0.9042088864224198,-0.8793097464133877,-0.9083497905143536,-0.162984884853083,-1.3046699908599295,-0.859749037274094,-0.4820532819843823,0.4446014206166987,1.1051095965067756,0.1691006289789414,0.5008078872696163,1.3596464266010553,0.6520824719662907
1.2737216910085998,-0.5712337363727189,0.0654010400674976,0.0654010400674977,-0.7944215610214428,-0.3700736503975289,-0.7695439648855121,-0.162984884853083,-1.3046699908599295,-0.5520768893966107,-0.4820532819843823,0.1656187059127561,0.6928817880382653,-1.0053542736674212,0.7333743407189072,0.3005126363077182,0.0416545355694672
2.4703743359465724,-0.0341022832657908,-1.2646182929415224,-1.2646182929415222,-0.7523364196177349,-0.3408781183233741,-0.6307381392566708,-0.162984884853083,-0.4057153639132397,-0.5520768893966107,-0.4820532819843823,-0.392346723495129,-0.1315738288987555,1.619897861659742,0.0109338683019607,-0.616950784236665,-0.8186953190947199
-0.6067324653225004,0.2428956857028091,0.0654010400674976,0.0654010400674977,-0.0131017619178226,0.3487667860564193,0.4797084657740602,-0.162984884853083,0.49323926303345,1.2939559978682893,-0.4820532819843823,-0.9503121529030142,-0.9560294458357764,-1.0398970649217258,-0.3453381454926974,-0.616950784236665,0.0416545355694672
1.5301472577810225,1.386288647297411,-1.2646182929415224,-1.2646182929415222,1.384856848187952,1.246121502793173,0.757320117031743,0.2342275408568957,0.7826380134765774,1.2939559978682893,-0.4820532819843823,-1.2292948676069568,-1.7804850627727973,0.3763573765047701,-1.5131186351529666,-1.0547274587736004,-0.8186953190947199
-0.6067324653225004,0.9784356529743794,-1.2646182929415224,-1.2646182929415222,2.4552832708474783,1.4472808756623643,1.3125434195471084,1.637741372355351,0.7826380134765774,0.6786117021133227,-0.4820532819843823,2.397480423544297,1.1051095965067756,-1.6271245162449073,1.638899042446997,-1.1207930591923676,-0.8186953190947199
0.4189698017671905,0.4750331695279948,-1.2646182929415224,-1.2646182929415222,-0.1924210600727518,0.196096870587783,0.3409026401452188,0.2342275408568957,0.1201393827003501,0.986283849990806,-0.4820532819843823,-0.392346723495129,-0.5438016373672659,-1.2471538124475547,-0.6719208248044677,-0.982781570956727,-0.8186953190947199
1.6156224467051634,1.193756426713855,-1.2646182929415224,-1.2646182929415222,1.0280480406347765,1.1957076370883482,0.4797084657740602,-1.3968393760212343,1.54494875626063,0.3709395542358393,-0.4820532819843823,-2.345225726422727,-2.192712871241308,-0.4181268223442398,-1.4685846334286343,-1.0096730710621231,-0.8186953190947199
-0.6067324653225004,-1.0690465747053872,0.0654010400674976,0.0654010400674977,-1.003017479283299,-1.8648795829392828,-1.1859614417720363,-1.3968393760212343,-1.3046699908599295,-0.859749037274094,-0.4820532819843823,-0.6713294381990716,0.2806539795697548,0.3418145852504653,-0.9440730575642762,0.1069570338863763,-0.8186953190947199
1.1027713131603178,-0.2320330499848162,0.0654010400674976,0.0654010400674977,-0.3497828931474857,0.1215927676335997,0.063290988887536,0.5587737238266685,0.49323926303345,-0.2444047415191273,1.4128092602512243,0.7235841353206414,0.6928817880382653,0.2036434202332462,1.2925234734799682,0.809691431536393,1.5124323266304776
-1.8033851102604728,2.1492990926919453,-1.2646182929415224,-1.2646182929415222,1.0628140270117523,0.5817758592970983,2.006572547691315,0.8331736116944045,1.9180486365937297,1.2939559978682893,1.4128092602512243,-0.392346723495129,-1.3682572543042868,0.3763573765047701,0.3869987717518779,-1.1763371733780688,-0.8186953190947199
1.6156224467051634,0.2243590848128786,1.3954203730765178,1.3954203730765178,-0.7871024059947109,-0.3355465131951908,-0.7695439648855121,-0.6750807673414826,-0.4057153639132397,-0.5520768893966107,-0.4820532819843823,-0.9503121529030142,-0.5438016373672659,-0.0381561185468872,-1.4883775230838932,1.0244204544307591,0.6520824719662907
0.3334946128430496,0.8694136858846337,0.0654010400674976,0.0654010400674977,0.632813669191259,0.4992674926793247,1.4513492451759498,1.2805323325064204,1.0190940096470398,1.2939559978682893,-0.4820532819843823,1.002566850024584,-0.1315738288987555,-0.3835840310899351,0.0356749803710343,-0.5838385779516478,0.6520824719662907
0.5899201796154724,0.9466654478408646,-1.2646182929415224,-1.2646182929415222,1.695006042445712,1.6997437489930958,0.2020968145163774,0.5587737238266685,0.49323926303345,0.0632674063583559,3.3076718024868312,0.4446014206166987,0.2806539795697548,-1.4198677687190786,0.0059856458881461,-0.952176756406961,-0.8186953190947199
-0.7776828431707823,-0.3581106008830804,1.3954203730765178,1.3954203730765178,-0.9572727603662254,-1.4349769365943692,-0.9083497905143536,-0.6750807673414826,-1.3046699908599295,-0.5520768893966107,-0.4820532819843823,-1.2292948676069568,-0.9560294458357764,-1.0398970649217258,-1.6912546420502956,1.3596464266010553,0.6520824719662907
1.4446720688568817,-0.5239845140012209,1.3954203730765178,1.3954203730765178,-0.7450172645910031,-0.1538254336338994,-0.7695439648855121,-0.162984884853083,-0.4057153639132397,-0.859749037274094,-0.4820532819843823,0.7235841353206414,1.517337404975286,-0.5908407786157638,0.3226718803722869,1.0244204544307591,0.6520824719662907
0.2480194239189087,-0.1422643049534262,0.0654010400674976,0.0654010400674977,-0.7761236734546133,-0.285501901460973,-0.7695439648855121,-0.162984884853083,-1.3046699908599295,-0.5520768893966107,-0.4820532819843823,0.1656187059127561,0.6928817880382653,-0.7635547348872876,-0.8846943885984998,-0.5087474534096524,-0.8186953190947199
1.872048013477586,1.0811513537819837,-1.2646182929415224,-1.2646182929415222,1.438835616510099,0.8737575900391457,1.7289608964336325,0.8331736116944045,1.3921938899801396,1.909300293623256,-0.4820532819843823,-0.1133640087911864,-0.9560294458357764,0.3072717939961605,-0.22163258514733,-1.1567343940151056,-0.8186953190947199
-0.2648317096259368,0.602878385975041,0.0654010400674976,0.0654010400674977,0.4571539485496957,0.5339463315949176,1.0349317682894257,1.2805323325064204,0.1201393827003501,1.2939559978682893,-0.4820532819843823,1.002566850024584,-0.1315738288987555,0.3418145852504653,-0.5135777075623974,-0.7713565969387494,0.0416545355694672
0.5044449906913314,1.2121019286255388,0.0654010400674976,0.0654010400674977,1.028962935013118,0.6077197091285598,1.8677667220624736,0.8331736116944045,1.54494875626063,1.909300293623256,-0.4820532819843823,-0.1133640087911864,-0.9560294458357764,-0.6944691523786781,-1.1518983989444938,-0.9170320787253609,0.0416545355694672
1.7010976356293042,0.9931502742993756,-1.2646182929415224,-1.2646182929415222,1.546793153154393,1.1965689523137737,1.0349317682894257,-0.162984884853083,1.8052020693197453,0.3709395542358393,1.4128092602512243,-1.2292948676069568,-1.3682572543042868,0.3763573765047701,0.6591510045116864,-1.0909849017837396,-0.8186953190947199
-0.7776828431707823,1.6187605543345285,-1.2646182929415224,-1.2646182929415222,1.4690271309953675,1.1594224075869233,1.0349317682894257,-0.162984884853083,1.2190147058053171,1.6016281457457726,2.521232791480213,-1.5082775823108994,-1.7804850627727973,-0.2799556573270207,-0.9737623920471642,-1.0909849017837396,-0.8186953190947199
0.2480194239189087,0.1830339307670285,0.0654010400674976,0.0654010400674977,0.7572393046456998,1.187371108576733,0.2020968145163774,0.8331736116944045,0.49323926303345,-0.2444047415191273,1.4128092602512243,0.1656187059127561,-0.5438016373672659,-0.7635547348872876,0.7234778958912774,-0.5087474534096524,0.0416545355694672
-1.205058787791487,-0.6111734228262804,0.0654010400674976,0.0654010400674977,-0.9591025491229084,-1.009352508286591,-1.1859614417720363,-1.3968393760212343,-1.3046699908599295,-0.859749037274094,1.4128092602512243,-1.2292948676069568,-0.5438016373672659,-0.7290119436329829,-1.275603959289861,0.1069570338863763,-0.8186953190947199
-0.1793565207017958,-0.8243443330604806,1.3954203730765178,1.3954203730765178,-0.4577404297917797,0.014197699305824,-0.0755148367413053,0.5587737238266685,0.1201393827003501,-0.2444047415191273,-0.4820532819843823,1.002566850024584,1.1051095965067756,-1.4198677687190786,0.9411996820991244,0.966924139775597,1.5124323266304776
-0.5212572763983595,-0.5284275652454569,0.0654010400674976,0.0654010400674977,-0.2454849340165574,0.2012503839952982,0.2020968145163774,0.8331736116944045,0.49323926303345,-0.2444047415191273,-0.4820532819843823,1.002566850024584,0.6928817880382653,-1.0744398561760309,0.466170330372913,-0.5087474534096524,0.0416545355694672
-0.1793565207017958,0.1354502851835988,1.3954203730765178,1.3954203730765178,-0.6773150805937339,-0.206355261992496,-0.4919323136278294,-0.162984884853083,-0.4057153639132397,-0.2444047415191273,-0.4820532819843823,-0.9503121529030142,-0.9560294458357764,0.9290420365736466,-0.5927492661834326,0.5503863368836847,0.6520824719662907
-0.008406142853514,-2.2658039259753817,0.0654010400674976,0.0654010400674977,-0.7386130039426128,-1.5763656124732262,1.7289608964336325,3.1689647895041606,-1.3046699908599295,-1.782765480906544,-0.4820532819843823,4.629342141175838,-1.7804850627727973,-1.6962100987535167,-0.4294579265275475,-1.4262108739540356,-2.2894731101557304
0.5044449906913314,-0.91836503035786,-1.2646182929415224,-1.2646182929415222,-0.1732082781275808,0.1457823285474949,0.4797084657740602,0.2342275408568957,0.7826380134765774,0.6786117021133227,-0.4820532819843823,-0.1133640087911864,-0.1315738288987555,-0.5908407786157638,1.6933294889989587,-0.616950784236665,0.0416545355694672
0.0770690460706269,-0.6506353618342251,1.3954203730765178,1.3954203730765178,-0.8785918438288586,-0.8574637837619816,-0.7695439648855121,-0.162984884853083,-1.3046699908599295,-0.5520768893966107,-0.4820532819843823,0.1656187059127561,0.6928817880382653,-1.6271245162449073,-0.3552345903203269,1.6792747314460452,1.1255671642452048
-0.8631580320949231,-0.7201476151714643,0.0654010400674976,0.0654010400674977,-0.9243365627459325,-0.8548680632091767,-1.047155616143195,-0.6750807673414826,-0.4057153639132397,-1.1674211851515772,-0.4820532819843823,0.1656187059127561,1.1051095965067756,-1.1435254386846403,-1.3547755179108962,-0.1735214812393563,-0.8186953190947199
-1.2905339767156276,-0.9779401368262703,0.0654010400674976,0.0654010400674977,-0.9902089579865184,-1.2343855640425854,-1.3247672674008777,-1.3968393760212343,-1.3046699908599295,-1.1674211851515772,1.4128092602512243,-0.1133640087911864,1.1051095965067756,0.2381862114875509,1.074801687272121,0.5503863368836847,-0.8186953190947199
-1.2905339767156276,-1.3035250210140952,0.0654010400674976,0.0654010400674977,-0.6864640243771487,-0.0972843418553967,-0.6307381392566708,0.2342275408568957,-1.3046699908599295,-0.5520768893966107,-0.4820532819843823,1.002566850024584,1.517337404975286,1.654440652914047,0.6591510045116864,0.7618113109016622,0.6520824719662907
-0.4357820874742186,-1.258664535870681,0.0654010400674976,0.0654010400674977,-0.8548045899919802,-0.5203828658535666,-0.9083497905143536,-0.162984884853083,-1.3046699908599295,-0.859749037274094,-0.4820532819843823,0.7235841353206414,1.517337404975286,-1.178068229938945,1.460763035549668,1.3596464266010553,0.6520824719662907
1.5301472577810225,2.0441468799116955,-1.2646182929415224,-1.2646182929415222,2.307985275934501,1.45150224928494,1.173737593918267,0.5587737238266685,1.3921938899801396,0.986283849990806,2.521232791480213,-0.9503121529030142,-1.7804850627727973,-0.4872124048528494,-1.0727268403234582,-1.4262108739540356,-2.2894731101557304
0.5899201796154724,0.3244471746695908,0.0654010400674976,0.0654010400674977,-0.783442828481345,-0.3186385136121973,-0.7695439648855121,-0.6750807673414826,-0.4057153639132397,-0.5520768893966107,-0.4820532819843823,-0.9503121529030142,-0.5438016373672659,-1.5925817249906025,0.1494840958887725,-0.5087474534096524,-0.8186953190947199
-0.5212572763983595,0.0643136905312626,1.3954203730765178,1.3954203730765178,-0.2802509203935335,0.1477619034192291,0.2020968145163774,0.8331736116944045,0.49323926303345,-0.2444047415191273,-0.4820532819843823,1.002566850024584,0.6928817880382653,-0.0036133272925825,0.7333743407189072,1.6792747314460452,2.372782181294665
1.0172961242361769,-1.4265927630049735,0.0654010400674976,0.0654010400674977,-0.9993579017699332,-1.45941861979858,-1.3247672674008777,-2.6306938671893856,-1.3046699908599295,-0.859749037274094,-0.4820532819843823,-1.2292948676069568,-0.1315738288987555,-1.5580389337362976,0.980785461409642,0.5503863368836847,-0.8186953190947199
-0.7776828431707823,0.2512084912565407,1.3954203730765178,1.3954203730765178,-0.5583788114093421,0.0051884281521081,-0.353126487998988,0.2342275408568957,-0.4057153639132397,-0.2444047415191273,-0.4820532819843823,0.4446014206166987,0.6928817880382653,-0.1417844923098016,0.763063675201795,1.803075729598364,1.839522160832408
-1.8888602991846144,-0.0230185425274819,-1.2646182929415224,-1.2646182929415222,-0.3205062730405584,0.3713119396410335,-0.2143206623701467,-0.162984884853083,1.0190940096470398,-0.859749037274094,-0.4820532819843823,-0.6713294381990716,-0.5438016373672659,-0.4181268223442398,0.090105426922996,-0.8283757582546425,-0.8186953190947199
-1.4614843545639096,-1.3557428168200076,0.0654010400674976,0.0654010400674977,-0.7706343071845644,-0.2612205019616751,-0.7695439648855121,-0.162984884853083,-1.3046699908599295,-0.5520768893966107,-0.4820532819843823,0.4446014206166987,1.1051095965067756,-0.3490412398356303,-0.5086294851485825,1.0244204544307591,0.6520824719662907
1.1027713131603178,0.2991265600519022,0.0654010400674976,0.0654010400674977,-0.2290168352064109,0.2258001038460785,0.2020968145163774,-0.162984884853083,0.49323926303345,0.6786117021133227,-0.4820532819843823,-1.2292948676069568,-1.3682572543042868,-0.3835840310899351,-1.3696201851523404,-0.5087474534096524,0.0416545355694672
0.5044449906913314,1.0086770662819209,-1.2646182929415224,-1.2646182929415222,2.4324109113889416,1.6843752744138083,0.757320117031743,0.5587737238266685,1.0190940096470398,0.6786117021133227,1.4128092602512243,-0.392346723495129,-0.9560294458357764,-1.4198677687190786,-0.7857299403222058,-1.0547274587736004,-0.8186953190947199
-0.1793565207017958,-0.5763456340408183,0.0654010400674976,0.0654010400674977,-0.7212300107541247,-0.2198446276038866,-0.6307381392566708,-0.162984884853083,-0.4057153639132397,-0.5520768893966107,-0.4820532819843823,0.1656187059127561,0.6928817880382653,1.3780983228796089,0.5156525545110602,0.1069570338863763,0.0416545355694672
1.872048013477586,1.9041668783459835,-1.2646182929415224,-1.2646182929415222,2.57421954003187,1.2384390139794246,2.006572547691315,1.4680820320250476,1.3921938899801396,1.6016281457457726,1.4128092602512243,0.7235841353206414,-0.9560294458357764,-0.072698909801192,-0.4888365954933237,-1.4262108739540356,-2.2894731101557304
0.931820935312036,2.0360251733362107,0.0654010400674976,0.0654010400674977,2.019793546756936,1.7526235383378477,0.3409026401452188,0.5587737238266685,1.0190940096470398,-0.2444047415191273,2.521232791480213,0.1656187059127561,-0.1315738288987555,0.8944992453193418,-1.3201379610141937,-0.982781570956727,-0.8186953190947199
0.7608705574637542,-1.824174187247245,1.3954203730765178,1.3954203730765178,-0.9938685354998844,-1.6313048690936796,-1.1859614417720363,-1.3968393760212343,-1.3046699908599295,-0.859749037274094,-0.4820532819843823,-0.1133640087911864,1.1051095965067756,1.2744699491166944,0.4166881062347662,1.3596464266010553,0.0416545355694672
-0.948633221019064,2.135157768301689,-1.2646182929415224,-1.2646182929415222,0.4040900746058902,0.4317812870061933,1.173737593918267,1.070869606315068,1.2190147058053171,0.6786117021133227,3.3076718024868312,-0.1133640087911864,-1.3682572543042868,-1.5580389337362976,-1.5675490817049285,-1.4262108739540356,-2.2894731101557304
-0.5212572763983595,1.3066481481130965,-1.2646182929415224,-1.2646182929415222,0.4910050405483303,0.9087474261202478,0.3409026401452188,0.8331736116944045,1.0190940096470398,-0.5520768893966107,1.4128092602512243,0.1656187059127561,-0.5438016373672659,0.8254136628107323,1.5597274838259618,-0.982781570956727,-0.8186953190947199
-0.5212572763983595,0.224741282769372,0.0654010400674976,0.0654010400674977,-0.1539954961824099,0.2491645283452544,0.3409026401452188,0.2342275408568957,0.49323926303345,0.6786117021133227,-0.4820532819843823,-0.392346723495129,-0.5438016373672659,-0.1072417010554968,0.9758372389958272,-0.1735214812393563,0.6520824719662907
-0.3503068985500777,-0.9177917334231196,0.0654010400674976,0.0654010400674977,-0.2839104979068994,0.1419943010178174,0.2020968145163774,1.070869606315068,-0.4057153639132397,0.0632674063583559,1.4128092602512243,1.560532279432469,1.1051095965067756,-0.3835840310899351,0.866976345891904,0.3005126363077182,1.1255671642452048
-0.948633221019064,0.7477314114860439,0.0654010400674976,0.0654010400674977,-0.4339531759549014,0.1656783349961826,-0.2143206623701467,0.2342275408568957,-0.4057153639132397,0.0632674063583559,-0.4820532819843823,-0.6713294381990716,-0.9560294458357764,0.8254136628107323,-0.8698497213570557,-0.8283757582546425,-0.8186953190947199
-0.0938813317776549,-1.3209150280345454,0.0654010400674976,0.0654010400674977,-0.9938685354998844,-1.6313048690936796,-1.1859614417720363,-1.3968393760212343,-1.3046699908599295,-0.859749037274094,-0.4820532819843823,-0.6713294381990716,0.2806539795697548,0.5836141240305988,0.6146170027873542,0.1069570338863763,-0.8186953190947199
0.1625442349947678,-1.119592254451641,0.0654010400674976,0.0654010400674977,-1.01582600058008,-2.0102550223335784,-1.3247672674008777,-1.3968393760212343,-1.3046699908599295,-1.1674211851515772,-0.4820532819843823,-0.6713294381990716,0.2806539795697548,-0.4526696135985447,-0.8253157196327234,0.5503863368836847,-0.8186953190947199
-0.0938813317776549,-1.3795346396117223,0.0654010400674976,0.0654010400674977,-0.8291875473984188,-0.5487196936565764,-0.7695439648855121,-0.162984884853083,0.1201393827003501,-1.1674211851515772,-0.4820532819843823,0.4446014206166987,1.1051095965067756,-0.6944691523786781,1.5201417045154444,1.0244204544307591,0.6520824719662907
0.2480194239189087,-0.8874547706264552,-1.2646182929415224,-1.2646182929415222,-1.010336634310031,-1.798146322031272,-1.3247672674008777,-2.6306938671893856,-1.3046699908599295,-0.859749037274094,-0.4820532819843823,-1.787260297014842,-0.9560294458357764,-0.6944691523786781,-1.6665135299812224,0.5503863368836847,-0.8186953190947199
-0.2648317096259368,-0.2595035281077802,1.3954203730765178,1.3954203730765178,-0.8712726888021267,-0.6288270329847909,-0.9083497905143536,-0.6750807673414826,-1.3046699908599295,-0.5520768893966107,-0.4820532819843823,-0.1133640087911864,0.6928817880382653,-1.488953351227688,-0.3453381454926974,1.3596464266010553,0.6520824719662907
-0.6922076542466413,-1.0265270520454952,0.0654010400674976,0.0654010400674977,-0.9444642390694448,-1.0726620092517838,-1.047155616143195,-0.6750807673414826,-1.3046699908599295,-0.859749037274094,-0.4820532819843823,0.1656187059127561,1.1051095965067756,1.654440652914047,-0.5927492661834326,0.8856123090539809,0.0416545355694672
-0.0938813317776549,0.5651363377713166,0.0654010400674976,0.0654010400674977,1.4571335040769284,1.153641297870604,1.0349317682894257,1.2805323325064204,0.7826380134765774,0.6786117021133227,-0.4820532819843823,1.002566850024584,-0.1315738288987555,0.4109001677590749,1.1193356889964534,-0.4659387821770815,0.6520824719662907
0.4189698017671905,-0.4881056808354019,0.0654010400674976,0.0654010400674977,-0.2326764127197768,0.3091398503540976,0.063290988887536,0.5587737238266685,1.0190940096470398,-0.859749037274094,1.4128092602512243,1.002566850024584,1.1051095965067756,0.6526997065392084,0.7284261183050921,0.4169691447109346,1.1255671642452048
0.8463457463878951,0.8097908046716616,0.0654010400674976,0.0654010400674977,-0.5217830362756831,-0.0209807076335212,-0.2143206623701467,-0.162984884853083,-0.4057153639132397,0.3709395542358393,-0.4820532819843823,-1.2292948676069568,-1.3682572543042868,0.8254136628107323,-0.3403899230788828,-0.8283757582546425,-0.8186953190947199
0.2480194239189087,0.6668965436876874,0.0654010400674976,0.0654010400674977,0.3272389468252062,0.424675277089979,1.0349317682894257,1.2805323325064204,0.1201393827003501,1.2939559978682893,-0.4820532819843823,1.002566850024584,-0.1315738288987555,1.4126411141339137,-1.1617948437721228,-0.4659387821770815,0.6520824719662907
0.931820935312036,0.9607112227419974,-1.2646182929415224,-1.2646182929415222,1.5852187170447352,1.48653829254167,0.4797084657740602,0.5587737238266685,1.2190147058053171,-0.2444047415191273,-0.4820532819843823,-0.392346723495129,-0.9560294458357764,1.1017559928451706,0.2533967665788811,-1.0096730710621231,-0.8186953190947199
-1.4614843545639096,-0.6071603442830996,0.0654010400674976,0.0654010400674977,-0.7376981095642713,-0.282440474505862,-0.6307381392566708,0.2342275408568957,-1.3046699908599295,-0.5520768893966107,-0.4820532819843823,0.7235841353206414,1.1051095965067756,-1.661667307499212,0.7234778958912774,0.7618113109016622,0.6520824719662907
-0.6922076542466413,2.1508756592624807,-1.2646182929415224,-1.2646182929415222,1.977708405353228,1.214020918981117,1.4513492451759498,1.070869606315068,1.3921938899801396,0.986283849990806,3.3076718024868312,-0.1133640087911864,-1.3682572543042868,1.032670410336561,-0.1325645816986655,-1.1337935730163105,-0.8186953190947199
-1.034108409943205,-0.8317494184675405,-1.2646182929415224,-1.2646182929415222,0.1726217968854968,0.2221937764653891,1.173737593918267,1.79262821499482,0.1201393827003501,0.6786117021133227,-0.4820532819843823,2.955445852952182,1.517337404975286,1.481726696642523,0.8125458993399421,0.3005126363077182,1.839522160832408
0.931820935312036,0.7847568385213431,-1.2646182929415224,-1.2646182929415222,1.9319636864361545,1.1436459893930853,1.5901550708047911,-0.6750807673414826,1.6815926404232675,2.2169724415007392,-0.4820532819843823,-0.6713294381990716,-0.1315738288987555,-0.6253835698700686,1.6685883769298853,-1.1457323588283028,-0.8186953190947199
-0.5212572763983595,-0.6961169186569411,1.3954203730765178,1.3954203730765178,-0.9975281130132504,-1.4110098793017738,-1.3247672674008777,-2.6306938671893856,-1.3046699908599295,-0.859749037274094,-0.4820532819843823,-0.9503121529030142,0.2806539795697548,-0.1072417010554968,0.5107043320972455,0.5503863368836847,-0.8186953190947199
-1.205058787791487,-0.7197176424704093,-1.2646182929415224,-1.2646182929415222,-0.9188471964758834,-0.801582176837385,-1.047155616143195,-0.6750807673414826,-0.4057153639132397,-1.1674211851515772,-0.4820532819843823,0.4446014206166987,1.517337404975286,-1.21261102119325,0.6492545596840571,-0.1735214812393563,-0.8186953190947199
0.1625442349947678,-1.1423808076075606,1.3954203730765178,1.3954203730765178,-0.971911070419689,-1.449583789532388,-1.047155616143195,-0.6750807673414826,-1.3046699908599295,-0.859749037274094,-0.4820532819843823,0.1656187059127561,1.1051095965067756,1.3780983228796089,0.4265845510623955,1.803075729598364,0.6520824719662907
1.5301472577810225,-1.4137413567178827,1.3954203730765178,1.3954203730765178,-1.0011876905266162,-1.8144944374277776,-1.1859614417720363,-1.3968393760212343,-1.3046699908599295,-0.859749037274094,-0.4820532819843823,-0.6713294381990716,0.2806539795697548,-0.6253835698700686,-1.3003450713589344,1.3596464266010553,0.0416545355694672
-0.2648317096259368,-1.0316389497135947,2.7254397060855378,2.7254397060855378,-0.9993579017699332,-1.45941861979858,-1.3247672674008777,-2.6306938671893856,-1.3046699908599295,-0.859749037274094,-0.4820532819843823,-0.392346723495129,1.1051095965067756,0.8944992453193418,1.4261254786529651,0.5503863368836847,-0.8186953190947199
-0.7776828431707823,-1.111613872109841,0.0654010400674976,0.0654010400674977,-0.8968897313956881,-0.8190897706356913,-0.9083497905143536,-0.6750807673414826,-1.3046699908599295,-0.5520768893966107,-0.4820532819843823,-0.392346723495129,0.2806539795697548,-0.2454128660727159,-1.0727268403234582,1.3596464266010553,0.6520824719662907
-1.119583598867346,-0.3841000619246323,0.0654010400674976,0.0654010400674977,-0.8950599426390051,-0.5940567148796965,-1.047155616143195,-0.6750807673414826,-1.3046699908599295,-0.859749037274094,-0.4820532819843823,-0.392346723495129,0.2806539795697548,0.1345578377246366,0.4760667752005427,-0.1735214812393563,-0.8186953190947199
1.1027713131603178,-0.1748466807444895,1.3954203730765178,1.3954203730765178,-0.5547192338959762,-0.0989601936647203,-0.2143206623701467,0.2342275408568957,0.1201393827003501,-0.2444047415191273,-0.4820532819843823,0.1656187059127561,0.2806539795697548,0.1345578377246366,-0.963865947219535,1.5647592554749896,1.839522160832408
1.4446720688568817,1.202594754457765,0.0654010400674976,0.0654010400674977,1.1103885346855094,1.169455233099226,0.6185142914029015,1.2805323325064204,0.49323926303345,0.0632674063583559,-0.4820532819843823,0.7235841353206414,-0.5438016373672659,-0.9017258999045068,-1.0380892834267554,-0.6620051719481421,0.0416545355694672
0.3334946128430496,0.9300398367334012,0.0654010400674976,0.0654010400674977,1.2064524444113642,0.707129157798848,1.8677667220624736,1.2805323325064204,1.0190940096470398,2.2169724415007392,-0.4820532819843823,0.7235841353206414,-0.5438016373672659,0.2727290027418557,0.7135814510636482,-0.9170320787253609,0.0416545355694672
-0.8631580320949231,-0.9120109893311568,0.0654010400674976,0.0654010400674977,-0.9554429716095424,-1.4110098793017738,-0.9083497905143536,-0.6750807673414826,-1.3046699908599295,-0.5520768893966107,-0.4820532819843823,-0.6713294381990716,-0.1315738288987555,-0.0036133272925825,-1.12715728687542,0.5503863368836847,0.0416545355694672
0.3334946128430496,-1.059778274260422,1.3954203730765178,1.3954203730765178,-0.9938685354998844,-1.3195410276591848,-1.3247672674008777,-2.6306938671893856,-1.3046699908599295,-0.859749037274094,-0.4820532819843823,-0.9503121529030142,0.2806539795697548,-1.488953351227688,0.5948241131320953,0.5503863368836847,-0.8186953190947199
1.3591968799327403,-1.3655366394551511,-1.2646182929415224,-1.2646182929415222,-0.9554429716095424,-0.9589673627750862,-1.1859614417720363,-1.3968393760212343,-1.3046699908599295,-0.859749037274094,-0.4820532819843823,-1.2292948676069568,-0.5438016373672659,-0.6944691523786781,-0.4888365954933237,0.1069570338863763,-0.8186953190947199
1.7010976356293042,-0.0928174443320911,0.0654010400674976,0.0654010400674977,0.559622118923941,0.4989081899739742,1.3125434195471084,1.637741372355351,1.0190940096470398,0.3709395542358393,1.4128092602512243,2.397480423544297,1.1051095965067756,-1.5234961424819928,1.5151934821016293,-0.27842076318998,1.1255671642452048
-1.3760091656397686,-2.119039910681912,0.0654010400674976,0.0654010400674977,-0.8566343787486631,-0.5319722906085754,-0.9083497905143536,-0.6750807673414826,-0.4057153639132397,-0.859749037274094,-0.4820532819843823,0.4446014206166987,1.517337404975286,1.6889834441683518,1.6982777114127734,2.083554244724097,1.1255671642452048
1.872048013477586,0.7769217804132282,0.0654010400674976,0.0654010400674977,0.6620902892981863,0.5201655947638885,1.4513492451759498,1.79262821499482,1.54494875626063,-0.5520768893966107,1.4128092602512243,2.118497708840354,0.2806539795697548,1.0672132015908655,0.6047205579597249,-0.8533150578905776,0.0416545355694672
1.1882465020844588,0.7343067082642128,0.0654010400674976,0.0654010400674977,0.5184518718985747,0.5823267473526385,1.0349317682894257,1.070869606315068,0.1201393827003501,1.6016281457457726,-0.4820532819843823,0.7235841353206414,-0.1315738288987555,-1.5580389337362976,-0.6867654920459118,-0.4659387821770815,0.6520824719662907
-0.6067324653225004,-1.6341740281254578,0.0654010400674976,0.0654010400674977,-0.9572727603662254,-1.4349769365943692,-0.9083497905143536,-0.162984884853083,-1.3046699908599295,-0.859749037274094,-0.4820532819843823,0.4446014206166987,1.1051095965067756,0.7217852890478179,-0.617490378252506,1.3596464266010553,0.6520824719662907
-0.5212572763983595,0.1939265725270907,0.0654010400674976,0.0654010400674977,1.0362820900398495,0.6593260282737377,1.7289608964336325,1.79262821499482,1.2190147058053171,0.6786117021133227,-0.4820532819843823,2.397480423544297,0.6928817880382653,-0.5908407786157638,0.3573094372689897,-0.4064512287002595,1.1255671642452048
-1.2905339767156276,-0.563542002498289,0.0654010400674976,0.0654010400674977,-0.315931801148851,0.3789261813580744,-0.2143206623701467,0.8331736116944045,0.1201393827003501,-0.859749037274094,1.4128092602512243,1.2815495647285264,1.1051095965067756,1.1362987840994754,-0.3948203696308444,-0.8283757582546425,-0.8186953190947199
1.6156224467051634,0.4323703226344178,0.0654010400674976,0.0654010400674977,-0.3223360617972414,0.1681743210195848,0.063290988887536,-0.162984884853083,0.49323926303345,0.3709395542358393,-0.4820532819843823,-1.2292948676069568,-1.3682572543042868,-0.7635547348872876,-0.7312994937702441,-0.4429979611782864,0.0416545355694672
-0.6922076542466413,1.1215210129366002,1.3954203730765178,1.3954203730765178,0.9877926879877515,0.630789957924607,1.7289608964336325,1.637741372355351,0.49323926303345,1.909300293623256,-0.4820532819843823,1.839514994136412,0.2806539795697548,1.5508122791511327,1.3815914769286326,-0.4064512287002595,1.1255671642452048
1.5301472577810225,0.4220509778090957,0.0654010400674976,0.0654010400674977,0.1131536622933009,0.3466258233895939,0.757320117031743,0.2342275408568957,0.7826380134765774,1.2939559978682893,-0.4820532819843823,-0.6713294381990716,-0.9560294458357764,-0.9017258999045068,0.1940180976131046,-0.0474487788157081,1.1255671642452048
-1.2905339767156276,-0.6294233752488408,0.0654010400674976,0.0654010400674977,-0.8950599426390051,-0.5940567148796965,-1.047155616143195,-0.6750807673414826,-1.3046699908599295,-0.859749037274094,-0.4820532819843823,-0.1133640087911864,0.6928817880382653,1.654440652914047,0.5156525545110602,-0.1735214812393563,-0.8186953190947199
-1.119583598867346,0.4567832171054344,-1.2646182929415224,-1.2646182929415222,1.7261124513093222,1.1081013614900894,1.4513492451759498,1.637741372355351,0.49323926303345,1.2939559978682893,1.4128092602512243,1.839514994136412,0.2806539795697548,-0.8326403173958973,0.7531672303741657,-1.1337935730163105,-0.8186953190947199
-1.8888602991846144,-0.0997447822935342,-1.2646182929415224,-1.2646182929415222,0.1854303181822775,0.4884106721267429,0.6185142914029015,0.5587737238266685,0.7826380134765774,0.6786117021133227,-0.4820532819843823,-0.1133640087911864,-0.5438016373672659,1.481726696642523,0.3424647700275458,-1.0334885871285773,-0.8186953190947199
-0.0938813317776549,1.5009958089899962,2.7254397060855378,2.7254397060855378,1.2823886778137068,1.1277771070322824,0.8961259426605843,0.2342275408568957,1.2190147058053171,0.986283849990806,-0.4820532819843823,0.4446014206166987,0.6928817880382653,1.6889834441683518,1.4261254786529651,1.4791410820827582,2.7985820842302505
-1.034108409943205,-1.0914529299048137,0.0654010400674976,0.0654010400674977,-0.9591025491229084,-1.2593210518814877,-1.047155616143195,-0.6750807673414826,-1.3046699908599295,-0.859749037274094,-0.4820532819843823,-0.392346723495129,0.2806539795697548,-1.0398970649217258,-0.7016101592873558,0.8856123090539809,0.0416545355694672
-0.8631580320949231,-0.3247638291790302,0.0654010400674976,0.0654010400674977,-0.9481238165828106,-1.1167475766143669,-1.047155616143195,-0.6750807673414826,-1.3046699908599295,-0.859749037274094,-0.4820532819843823,-0.6713294381990716,-0.1315738288987555,1.0672132015908655,-0.7115066041149853,-0.1735214812393563,-0.8186953190947199
-0.1793565207017958,-0.7025187344282058,0.0654010400674976,0.0654010400674977,-0.18510190504602,0.3778746992544867,0.063290988887536,0.2342275408568957,0.49323926303345,0.0632674063583559,-0.4820532819843823,0.4446014206166987,0.6928817880382653,1.0672132015908655,1.4954005924463707,1.8688252218297297,2.372782181294665
-0.0938813317776549,-0.4220809838511651,0.0654010400674976,0.0654010400674977,-0.6315703616766601,-0.065626159182592,-0.4919323136278294,0.2342275408568957,-0.4057153639132397,-0.5520768893966107,-0.4820532819843823,0.1656187059127561,0.2806539795697548,1.032670410336561,-0.7065583817011705,0.5503863368836847,0.6520824719662907
0.8463457463878951,0.0620682775368638,0.0654010400674976,0.0654010400674977,-0.750506630861052,-0.3334203030777496,-0.6307381392566708,-0.162984884853083,-0.4057153639132397,-0.5520768893966107,-0.4820532819843823,-0.6713294381990716,-0.5438016373672659,0.0309294639617222,-1.6516688627397782,-0.616950784236665,-0.8186953190947199
-0.3503068985500777,0.6427225229394792,-1.2646182929415224,-1.2646182929415222,1.1762609299260955,0.645190310278761,2.006572547691315,1.070869606315068,1.54494875626063,1.909300293623256,2.521232791480213,0.4446014206166987,-0.5438016373672659,0.3763573765047701,-0.3107005885959946,-1.1763371733780688,-0.8186953190947199
-0.0938813317776549,1.1758408975032264,0.0654010400674976,0.0654010400674977,1.5321548431009295,1.813209276354981,-0.0755148367413053,-0.6750807673414826,1.0190940096470398,-0.2444047415191273,-0.4820532819843823,-0.392346723495129,0.2806539795697548,-0.1763272835641064,1.6191061527917383,-0.3670770836606984,0.0416545355694672
1.872048013477586,1.3945059033620193,-1.2646182929415224,-1.2646182929415222,1.1396651547924366,0.9291812083150496,1.173737593918267,0.5587737238266685,1.2190147058053171,1.2939559978682893,-0.4820532819843823,-0.9503121529030142,-1.7804850627727973,-1.6962100987535167,-0.8401603868741676,-1.1065825691090454,-0.8186953190947199
1.5301472577810225,-0.9069468664076192,1.3954203730765178,1.3954203730765178,-0.9609323378795912,-1.0353379873993205,-1.1859614417720363,-1.3968393760212343,-1.3046699908599295,-0.859749037274094,-0.4820532819843823,-1.2292948676069568,-0.5438016373672659,-0.7290119436329829,0.6096687803735396,0.1069570338863763,-0.8186953190947199
-0.5212572763983595,0.1885280263916213,1.3954203730765178,1.3954203730765178,-0.075314579645043,0.3511887293919972,0.3409026401452188,1.070869606315068,0.1201393827003501,0.0632674063583559,1.4128092602512243,1.2815495647285264,0.6928817880382653,-0.4872124048528494,-0.3651310351479564,0.8856123090539809,1.839522160832408
0.8463457463878951,1.16881801005266,0.0654010400674976,0.0654010400674977,0.6657498668115521,1.2139641333231763,0.063290988887536,0.8331736116944045,0.49323926303345,-0.5520768893966107,-0.4820532819843823,-0.392346723495129,-1.3682572543042868,-0.0036133272925825,-1.715995754119369,-0.4429979611782864,0.0416545355694672
1.1882465020844588,-0.7131725024654596,1.3954203730765178,1.3954203730765178,-0.9096982526924688,-0.926484838963467,-0.9083497905143536,-0.162984884853083,-1.3046699908599295,-0.859749037274094,-0.4820532819843823,0.4446014206166987,1.1051095965067756,-0.1072417010554968,-1.6170313058430754,0.5503863368836847,0.0416545355694672
1.3591968799327403,-0.1462296087520454,1.3954203730765178,1.3954203730765178,-0.9408046615560788,-0.7757777944409878,-1.1859614417720363,-1.3968393760212343,-1.3046699908599295,-0.859749037274094,-0.4820532819843823,-1.2292948676069568,-0.5438016373672659,1.654440652914047,-1.7357886437746282,0.1069570338863763,-0.8186953190947199
0.3334946128430496,-1.355695042075446,-1.2646182929415224,-1.2646182929415222,-0.8035705048048576,-0.2334830499955985,-0.9083497905143536,-0.162984884853083,-1.3046699908599295,-0.859749037274094,-0.4820532819843823,0.4446014206166987,1.1051095965067756,0.065472255216027,0.5601865562353924,-0.3670770836606984,-0.8186953190947199
-0.3503068985500777,0.920771536288436,0.0654010400674976,0.0654010400674977,1.7727720646047376,1.0767046701146497,1.5901550708047911,-0.6750807673414826,1.8052020693197453,1.909300293623256,-0.4820532819843823,-0.1133640087911864,0.6928817880382653,1.0672132015908655,1.3716950321010033,-0.616950784236665,0.6520824719662907
-0.6067324653225004,0.875433303699405,0.0654010400674976,0.0654010400674977,0.8276861717779933,0.6321391010708953,1.4513492451759498,1.070869606315068,0.49323926303345,2.2169724415007392,-0.4820532819843823,0.7235841353206414,-0.1315738288987555,-1.350782186210469,-0.0533930230776303,-0.5838385779516478,0.6520824719662907
1.6156224467051634,0.3634313662319187,0.0654010400674976,0.0654010400674977,0.8240265942646274,0.6297712064972585,1.4513492451759498,1.4680820320250476,0.1201393827003501,1.909300293623256,-0.4820532819843823,1.839514994136412,0.6928817880382653,-0.6944691523786781,0.9214067924438656,-0.8533150578905776,0.0416545355694672
-0.008406142853514,-0.0226124571987076,1.3954203730765178,1.3954203730765178,0.2796644391514495,0.508817117821412,0.757320117031743,0.2342275408568957,1.8052020693197453,-0.5520768893966107,-0.4820532819843823,-0.6713294381990716,-0.9560294458357764,0.1000150464703318,0.2632932114065104,0.830864852009418,2.122860263027301
-0.008406142853514,-0.6446635187640156,0.0654010400674976,0.0654010400674977,-0.788932194751394,-0.3440881712847998,-0.7695439648855121,-0.162984884853083,-0.4057153639132397,-0.859749037274094,-0.4820532819843823,0.1656187059127561,0.6928817880382653,0.8599564540650371,-0.8401603868741676,1.0244204544307591,0.6520824719662907
-1.034108409943205,-0.0226124571987076,0.0654010400674976,0.0654010400674977,-0.9536131828528596,-1.3874993652612675,-0.9083497905143536,-0.162984884853083,-1.3046699908599295,-0.859749037274094,-0.4820532819843823,-0.1133640087911864,0.2806539795697548,1.1362987840994754,0.1989663200269193,0.5503863368836847,0.0416545355694672
-1.119583598867346,0.8686970647162087,-1.2646182929415224,-1.2646182929415222,1.2302396982482426,1.3093247357047977,0.4797084657740602,0.2342275408568957,0.7826380134765774,0.6786117021133227,-0.4820532819843823,-0.9503121529030142,-1.3682572543042868,0.1691006289789414,-0.5284223748038415,-1.0096730710621231,-0.8186953190947199
-0.7776828431707823,-0.4443440148169063,1.3954203730765178,1.3954203730765178,-0.9645919153929572,-1.3373005379126868,-1.047155616143195,-0.6750807673414826,-1.3046699908599295,-0.859749037274094,-0.4820532819843823,-0.9503121529030142,-0.5438016373672659,1.516269487896828,0.8867692355471626,0.8856123090539809,0.0416545355694672
-0.4357820874742186,0.7448171520677817,0.0654010400674976,0.0654010400674977,1.1085587459288264,0.6077394726997788,2.006572547691315,1.4680820320250476,1.2190147058053171,1.909300293623256,-0.4820532819843823,1.560532279432469,0.2806539795697548,0.4799857502676844,1.6438472648608116,-0.2588737528336856,1.5124323266304776
1.5301472577810225,0.7257550289876727,0.0654010400674976,0.0654010400674977,0.6492817680014056,1.2021528980422855,0.063290988887536,0.2342275408568957,1.0190940096470398,-0.5520768893966107,-0.4820532819843823,-0.9503121529030142,-1.3682572543042868,1.481726696642523,0.9164585700300508,-0.4429979611782864,0.0416545355694672
1.7865728245534451,-0.4616384723482332,-1.2646182929415224,-1.2646182929415222,-0.8566343787486631,-0.5319722906085754,-0.9083497905143536,-0.6750807673414826,-0.4057153639132397,-0.859749037274094,-0.4820532819843823,-0.9503121529030142,-0.5438016373672659,-0.3144984485813255,-0.2859594765269211,-0.3670770836606984,-0.8186953190947199
1.4446720688568817,1.2304474305372226,0.0654010400674976,0.0654010400674977,1.9960062929200575,1.743075474844461,0.3409026401452188,0.2342275408568957,1.3921938899801396,-0.5520768893966107,-0.4820532819843823,0.4446014206166987,0.6928817880382653,0.7217852890478179,1.2578859165832652,-0.5662437680648148,0.0416545355694672
-1.2905339767156276,-0.95997683287108,0.0654010400674976,0.0654010400674977,-0.860293956262029,-0.7339343070190919,-0.7695439648855121,-0.162984884853083,-1.3046699908599295,-0.5520768893966107,-0.4820532819843823,-0.392346723495129,-0.1315738288987555,1.619897861659742,-1.3300344058418228,0.3005126363077182,0.0416545355694672
-0.8631580320949231,-0.8362880192008998,0.0654010400674976,0.0654010400674977,-0.9517833940961766,-0.9105586222782804,-1.1859614417720363,-1.3968393760212343,-1.3046699908599295,-0.859749037274094,-0.4820532819843823,-0.392346723495129,0.6928817880382653,1.1017559928451706,-0.4987330403209533,0.1069570338863763,-0.8186953190947199
1.7010976356293042,0.1307205854719928,0.0654010400674976,0.0654010400674977,-0.0899528896985066,0.2554865924374259,0.4797084657740602,0.8331736116944045,0.1201393827003501,0.6786117021133227,-0.4820532819843823,0.4446014206166987,-0.1315738288987555,0.4799857502676844,-0.1276163592848507,-0.2454673690562298,0.6520824719662907
1.1027713131603178,0.9560292977749532,0.0654010400674976,0.0654010400674977,0.0911961972131055,0.2587606667682007,0.8961259426605843,0.8331736116944045,0.49323926303345,1.2939559978682893,-0.4820532819843823,-0.1133640087911864,-0.9560294458357764,1.2399271578623896,-0.8302639420465381,-1.073786471011429,-0.8186953190947199
-0.008406142853514,-1.2689838806960032,0.0654010400674976,0.0654010400674977,-0.971911070419689,-1.2039083447629702,-1.1859614417720363,-1.3968393760212343,-0.4057153639132397,-1.1674211851515772,-0.4820532819843823,-0.1133640087911864,1.1051095965067756,0.065472255216027,-0.3304934782512535,0.1069570338863763,-0.8186953190947199
-1.5469595434880503,-0.470811223304075,-1.2646182929415224,-1.2646182929415222,0.1515792261836429,0.3859906754402564,0.757320117031743,0.5587737238266685,0.1201393827003501,1.6016281457457726,-0.4820532819843823,0.1656187059127561,-0.1315738288987555,-0.9017258999045068,0.8966656803747922,-0.7023030558309942,0.0416545355694672
-1.205058787791487,0.8439497470332602,-1.2646182929415224,-1.2646182929415222,1.5504527306677591,1.1982897816869098,1.0349317682894257,1.4680820320250476,1.2190147058053171,-0.2444047415191273,-0.4820532819843823,1.2815495647285264,-0.1315738288987555,1.5853550704054375,0.0158820907157756,-1.0909849017837396,-0.8186953190947199
-0.0938813317776549,0.6142965499252816,0.0654010400674976,0.0654010400674977,0.0619195771061783,0.3606631033281431,0.6185142914029015,0.5587737238266685,1.0190940096470398,0.3709395542358393,-0.4820532819843823,-0.1133640087911864,-0.5438016373672659,-1.3162393949561642,-1.0479857282543847,-0.6620051719481421,0.0416545355694672
-0.6922076542466413,-1.144960643813891,0.0654010400674976,0.0654010400674977,-0.9920387467432016,-1.5894613816717835,-1.1859614417720363,-1.3968393760212343,-0.4057153639132397,-1.1674211851515772,-0.4820532819843823,-0.6713294381990716,0.2806539795697548,-0.2454128660727159,0.0257785355434049,0.1069570338863763,-0.8186953190947199
0.7608705574637542,-1.4204298209565174,-1.2646182929415224,-1.2646182929415222,-0.8529748012352972,-0.5089012512630976,-0.9083497905143536,-0.6750807673414826,-0.4057153639132397,-0.859749037274094,-0.4820532819843823,-0.6713294381990716,-0.1315738288987555,0.9635848278279514,-1.2855004041174904,-0.3670770836606984,-0.8186953190947199
-0.1793565207017958,-0.0226124571987076,1.3954203730765178,1.3954203730765178,-0.862123745018712,-0.5674081599122975,-0.9083497905143536,-0.6750807673414826,-0.4057153639132397,-0.859749037274094,-0.4820532819843823,0.1656187059127561,1.1051095965067756,1.1362987840994754,0.6393581148564278,2.083554244724097,1.1255671642452048
1.2737216910085998,-0.0226124571987076,0.0654010400674976,0.0654010400674977,-0.6608469817835874,-0.1538254336338994,-0.4919323136278294,0.2342275408568957,-0.4057153639132397,-0.5520768893966107,-0.4820532819843823,0.1656187059127561,0.2806539795697548,1.17084157535378,0.0851572045091813,-0.0474487788157081,0.0416545355694672
-0.3503068985500777,-1.1490692718461952,0.0654010400674976,0.0654010400674977,-0.7175704332407589,-0.0482684366330828,-0.7695439648855121,-0.162984884853083,-1.3046699908599295,-0.5520768893966107,-0.4820532819843823,0.4446014206166987,1.1051095965067756,-0.3144984485813255,1.5745721510674058,0.3005126363077182,0.0416545355694672
1.1882465020844588,-0.0226124571987076,0.0654010400674976,0.0654010400674977,-0.2537189834216307,0.3734740814021576,-0.0755148367413053,0.8331736116944045,-0.4057153639132397,-0.2444047415191273,-0.4820532819843823,1.002566850024584,0.6928817880382653,1.5853550704054375,-0.4937848179071386,0.1069570338863763,0.6520824719662907
0.7608705574637542,-0.0097371635393358,0.0654010400674976,0.0654010400674977,-0.2473147227732404,0.2871967894319457,0.063290988887536,0.8331736116944045,0.1201393827003501,-0.2444047415191273,-0.4820532819843823,1.2815495647285264,1.1051095965067756,-0.5908407786157638,1.213351914858933,0.4169691447109346,1.1255671642452048
-1.6324347324121913,0.7945984359010485,-1.2646182929415224,-1.2646182929415222,1.4452398771584891,0.697260237637058,2.284184198948998,1.4680820320250476,1.3921938899801396,2.2169724415007392,-0.4820532819843823,1.002566850024584,-0.5438016373672659,-0.0381561185468872,0.8818210131333479,-1.1932811264931322,-0.8186953190947199
2.213948769174149,-0.0226124571987076,-1.2646182929415224,-1.2646182929415222,1.5778995620180032,1.151750745900885,1.173737593918267,0.5587737238266685,1.0190940096470398,1.6016281457457726,1.4128092602512243,-0.9503121529030142,-1.7804850627727973,0.8944992453193418,-0.5531634868729148,-1.1065825691090454,-0.8186953190947199
-0.008406142853514,0.2360638972304893,0.0654010400674976,0.0654010400674977,0.7920052910226758,0.5575309500539181,1.5901550708047911,1.2805323325064204,1.6815926404232675,0.3709395542358393,-0.4820532819843823,1.560532279432469,0.6928817880382653,-0.867183108650202,0.7135814510636482,-0.616950784236665,0.6520824719662907
-1.974335488108755,1.6790522819713642,-1.2646182929415224,-1.2646182929415222,0.6254945141645273,0.8591187824424681,0.6185142914029015,0.2342275408568957,1.2190147058053171,0.3709395542358393,-0.4820532819843823,-0.9503121529030142,-1.3682572543042868,0.4109001677590749,1.0253194631339742,-1.0334885871285773,-0.8186953190947199
0.8463457463878951,1.3361729402522124,0.0654010400674976,0.0654010400674977,1.7380060782277615,1.1673825799371915,1.3125434195471084,0.8331736116944045,1.6815926404232675,0.3709395542358393,1.4128092602512243,-0.392346723495129,-1.3682572543042868,-1.488953351227688,-1.3052932937727493,-1.1207930591923676,-0.8186953190947199
-0.948633221019064,-1.004550669547124,0.0654010400674976,0.0654010400674977,-0.937145084042713,-1.1939142442639032,-0.9083497905143536,-1.3968393760212343,-0.4057153639132397,-0.5520768893966107,-0.4820532819843823,-1.5082775823108994,-0.9560294458357764,-1.1435254386846403,-0.4245097041137327,0.5503863368836847,0.0416545355694672
-0.1793565207017958,-0.8478017326402638,0.0654010400674976,0.0654010400674977,-0.9993579017699332,-1.45941861979858,-1.3247672674008777,-2.6306938671893856,-1.3046699908599295,-0.859749037274094,-0.4820532819843823,-1.5082775823108994,-0.5438016373672659,-0.3490412398356303,-0.5878010437696177,0.5503863368836847,-0.8186953190947199
-0.4357820874742186,0.0722442981285008,1.3954203730765178,1.3954203730765178,-0.3076977517437778,0.1038332573800975,0.2020968145163774,0.5587737238266685,-0.4057153639132397,0.6786117021133227,-0.4820532819843823,0.7235841353206414,0.6928817880382653,-1.6271245162449073,-0.2562701420440329,1.3596464266010553,2.122860263027301
-0.008406142853514,-1.4076739641585498,-1.2646182929415224,-1.2646182929415222,-0.9920387467432016,-1.2762290514644818,-1.3247672674008777,-1.3968393760212343,-1.3046699908599295,-1.1674211851515772,-0.4820532819843823,-0.392346723495129,0.6928817880382653,-0.0036133272925825,-0.5086294851485825,0.5503863368836847,-0.8186953190947199
-0.6067324653225004,0.9300398367334012,0.0654010400674976,0.0654010400674977,-0.3991871895779253,0.1284308165252786,-0.0755148367413053,0.2342275408568957,-0.4057153639132397,0.3709395542358393,-0.4820532819843823,-0.9503121529030142,-1.3682572543042868,-0.6253835698700686,-1.4636364110148194,-0.876255878889373,-0.8186953190947199
-2.059810677032896,1.308511363151002,-1.2646182929415224,-1.2646182929415222,0.7627286709157486,0.6992502704653273,1.173737593918267,0.2342275408568957,1.8052020693197453,0.3709395542358393,2.521232791480213,-1.2292948676069568,-1.7804850627727973,0.3072717939961605,1.0055265734787155,-1.1065825691090454,-0.8186953190947199
1.7010976356293042,-0.0928174443320911,0.0654010400674976,0.0654010400674977,0.559622118923941,0.4989081899739742,1.3125434195471084,1.637741372355351,1.0190940096470398,0.3709395542358393,1.4128092602512243,2.397480423544297,1.1051095965067756,-1.5234961424819928,1.5151934821016293,-0.27842076318998,1.1255671642452048
1.6156224467051634,-0.1507682094854046,1.3954203730765178,1.3954203730765178,-0.9664217041496402,-1.1167475766143669,-1.1859614417720363,-1.3968393760212343,-1.3046699908599295,-0.859749037274094,-0.4820532819843823,-0.9503121529030142,-0.1315738288987555,1.4126411141339137,0.2484485441650664,0.1069570338863763,-0.8186953190947199
-0.5212572763983595,1.3515086332565107,-1.2646182929415224,-1.2646182929415222,0.9283245533955556,0.9924525198073832,0.757320117031743,-0.162984884853083,1.3921938899801396,0.6786117021133227,-0.4820532819843823,-1.5082775823108994,-1.7804850627727973,-0.072698909801192,-0.4047168144584739,-1.0547274587736004,-0.8186953190947199
1.1027713131603178,0.1145249470655845,1.3954203730765178,1.3954203730765178,-0.5565490226526592,0.0097012838851284,-0.353126487998988,0.2342275408568957,-0.4057153639132397,-0.2444047415191273,-0.4820532819843823,0.1656187059127561,0.2806539795697548,-0.8326403173958973,0.2138109872683636,1.3596464266010553,1.5124323266304776
-0.6067324653225004,1.436786552299103,0.0654010400674976,0.0654010400674977,2.1304957665362547,1.5731961397573233,0.757320117031743,0.2342275408568957,0.7826380134765774,1.2939559978682893,2.521232791480213,0.1656187059127561,0.2806539795697548,0.3763573765047701,1.406332588997706,-0.7023030558309942,0.0416545355694672
-0.5212572763983595,1.1567787744231175,0.0654010400674976,0.0654010400674977,1.4781760747787824,2.1396567977586067,-0.4919323136278294,-0.6750807673414826,0.49323926303345,-0.5520768893966107,2.521232791480213,-0.392346723495129,0.2806539795697548,0.6181569152849036,1.1044910217550097,-0.7023030558309942,-0.8186953190947199
-0.6067324653225004,0.0644570147649476,1.3954203730765178,1.3954203730765178,-0.9572727603662254,-0.9839028506139884,-1.1859614417720363,-1.3968393760212343,-1.3046699908599295,-0.859749037274094,-0.4820532819843823,-1.2292948676069568,-0.5438016373672659,-0.3144984485813255,-1.2508628472207877,0.1069570338863763,-0.8186953190947199
1.7010976356293042,0.7670801830335229,0.0654010400674976,0.0654010400674977,0.746260572105602,0.5270537307743022,1.5901550708047911,0.8331736116944045,1.3921938899801396,1.6016281457457726,-0.4820532819843823,-0.1133640087911864,-0.9560294458357764,0.4799857502676844,-1.5626008592911136,-0.616950784236665,0.6520824719662907
-1.2905339767156276,-1.7704753743599206,0.0654010400674976,0.0654010400674977,-0.9462940278261276,-0.8413293753468676,-1.1859614417720363,-1.3968393760212343,-1.3046699908599295,-0.859749037274094,-0.4820532819843823,0.1656187059127561,1.517337404975286,-1.661667307499212,1.4657112579634826,1.3596464266010553,0.0416545355694672
-0.4357820874742186,1.2551947482201709,0.0654010400674976,0.0654010400674977,1.273239734030292,1.188747253961736,0.757320117031743,1.2805323325064204,0.7826380134765774,0.0632674063583559,2.521232791480213,0.4446014206166987,-0.9560294458357764,1.3780983228796089,-1.1073643972201612,-0.7023030558309942,0.0416545355694672
-0.2648317096259368,-1.7995224190534198,-1.2646182929415224,-1.2646182929415222,-0.9023790976657368,-0.8639770688922953,-0.9083497905143536,-0.6750807673414826,-1.3046699908599295,-0.5520768893966107,-0.4820532819843823,-0.392346723495129,0.2806539795697548,-0.3144984485813255,0.6542027820978717,-0.3670770836606984,-0.8186953190947199
-1.4614843545639096,-1.501551337222244,0.0654010400674976,0.0654010400674977,-0.93531529528603,-0.968881188507909,-1.047155616143195,-0.6750807673414826,-1.3046699908599295,-0.859749037274094,-0.4820532819843823,-0.1133640087911864,0.6928817880382653,-1.5234961424819928,1.2578859165832652,0.8856123090539809,0.0416545355694672
0.5899201796154724,0.3244471746695908,0.0654010400674976,0.0654010400674977,-0.783442828481345,-0.3186385136121973,-0.7695439648855121,-0.6750807673414826,-0.4057153639132397,-0.5520768893966107,-0.4820532819843823,-0.9503121529030142,-0.5438016373672659,-1.5925817249906025,0.1494840958887725,-0.5087474534096524,-0.8186953190947199
-0.0938813317776549,1.008629291537359,0.0654010400674976,0.0654010400674977,-0.1302082423455315,0.131235509397661,0.6185142914029015,1.070869606315068,0.1201393827003501,0.6786117021133227,1.4128092602512243,0.7235841353206414,-0.1315738288987555,-1.661667307499212,1.0253194631339742,-0.6620051719481421,0.0416545355694672
1.7010976356293042,-0.176996544249765,0.0654010400674976,0.0654010400674977,-0.5528894451392933,0.0186777937634987,-0.353126487998988,0.5587737238266685,-0.4057153639132397,-0.5520768893966107,-0.4820532819843823,0.7235841353206414,0.6928817880382653,-0.867183108650202,0.1593805407164018,0.3764335138253058,0.6520824719662907
0.6753953685396132,1.456039774357459,-1.2646182929415224,-1.2646182929415222,1.877070023735666,1.342948500389823,1.0349317682894257,0.5587737238266685,0.49323926303345,1.909300293623256,1.4128092602512243,-0.6713294381990716,-1.3682572543042868,1.3780983228796089,1.4657112579634826,-1.0909849017837396,-0.8186953190947199
1.1882465020844588,0.3067227444372088,1.3954203730765178,1.3954203730765178,0.0857068309430566,0.3863162101033456,0.6185142914029015,1.2805323325064204,0.1201393827003501,0.3709395542358393,-0.4820532819843823,1.560532279432469,0.6928817880382653,-0.0381561185468872,0.18906987519929,0.6506913227714181,1.839522160832408
-1.034108409943205,-0.3297324026134445,-1.2646182929415224,-1.2646182929415222,0.8286010661563348,0.6327303655937938,1.4513492451759498,1.070869606315068,0.49323926303345,2.2169724415007392,1.4128092602512243,1.002566850024584,0.2806539795697548,-0.6253835698700686,0.9956301286510862,-1.1337935730163105,-0.8186953190947199
1.3591968799327403,-0.8249654047397824,1.3954203730765178,1.3954203730765178,-0.9993579017699332,-1.7660856969309722,-1.1859614417720363,-1.3968393760212343,-1.3046699908599295,-0.859749037274094,-0.4820532819843823,-1.2292948676069568,-0.5438016373672659,0.6526997065392084,-1.5329115248082257,1.3596464266010553,0.0416545355694672
-0.4357820874742186,-0.4221765333402885,0.0654010400674976,0.0654010400674977,-0.7962513497781257,-0.1974435650249998,-0.9083497905143536,-0.6750807673414826,0.1201393827003501,-1.1674211851515772,-0.4820532819843823,-0.6713294381990716,-0.1315738288987555,-0.1072417010554968,-0.5630599317005444,-0.3670770836606984,-0.8186953190947199
1.2737216910085998,-0.2923247776216519,0.0654010400674976,0.0654010400674977,-0.2399955677465086,0.2094879985637371,0.2020968145163774,1.070869606315068,-0.4057153639132397,0.0632674063583559,-0.4820532819843823,1.2815495647285264,0.6928817880382653,1.481726696642523,-0.0682376903190744,0.6719960514881532,1.5124323266304776
-0.008406142853514,0.6985234245875171,0.0654010400674976,0.0654010400674977,0.8139627561028712,0.571896947362731,1.5901550708047911,0.8331736116944045,1.54494875626063,1.2939559978682893,-0.4820532819843823,0.1656187059127561,-0.5438016373672659,1.0672132015908655,-0.7263512713564295,-0.876255878889373,0.0416545355694672
-1.034108409943205,-1.1524135039655126,0.0654010400674976,0.0654010400674977,-0.93531529528603,-0.968881188507909,-1.047155616143195,-0.6750807673414826,-1.3046699908599295,-0.859749037274094,-0.4820532819843823,-0.1133640087911864,0.6928817880382653,-1.1435254386846403,-0.2315290299749595,0.8856123090539809,0.0416545355694672
1.4446720688568817,0.857565549233338,0.0654010400674976,0.0654010400674977,0.859707475019945,0.5520761077873649,1.7289608964336325,0.8331736116944045,1.54494875626063,1.6016281457457726,-0.4820532819843823,-0.392346723495129,-1.3682572543042868,0.0309294639617222,-0.963865947219535,-0.8974292993623979,0.0416545355694672
0.5899201796154724,0.9727982331161016,-1.2646182929415224,-1.2646182929415222,1.7883252690365428,1.2458588932883623,1.173737593918267,-0.162984884853083,1.8052020693197453,0.6786117021133227,-0.4820532819843823,-1.2292948676069568,-1.3682572543042868,1.516269487896828,0.4513256631314691,-1.1065825691090454,-0.8186953190947199
-0.1793565207017958,-1.243902139801123,0.0654010400674976,0.0654010400674977,-0.9883791692298356,-1.1939142442639032,-1.3247672674008777,-2.6306938671893856,-0.4057153639132397,-1.1674211851515772,-0.4820532819843823,-0.6713294381990716,0.6928817880382653,0.065472255216027,1.3123163631352268,0.5503863368836847,-0.8186953190947199
-0.6067324653225004,-0.6853676011305639,0.0654010400674976,0.0654010400674977,-0.8145492373449552,-0.4703273410324834,-0.7695439648855121,-0.162984884853083,-1.3046699908599295,-0.5520768893966107,-0.4820532819843823,0.1656187059127561,0.6928817880382653,-0.867183108650202,1.4904523700325565,0.3005126363077182,0.0416545355694672
-0.6067324653225004,-1.2745735258097193,1.3954203730765178,1.3954203730765178,-1.01582600058008,-2.0102550223335784,-1.3247672674008777,-1.3968393760212343,-1.3046699908599295,-1.1674211851515772,-0.4820532819843823,-0.392346723495129,0.6928817880382653,1.032670410336561,-0.1523574713539243,0.5503863368836847,-0.8186953190947199
-0.948633221019064,-0.3950404784292562,0.0654010400674976,0.0654010400674977,-0.7980811385348087,-0.3877063026759002,-0.7695439648855121,-0.162984884853083,-1.3046699908599295,-0.5520768893966107,-0.4820532819843823,0.4446014206166987,1.1051095965067756,-0.7980975261415925,1.5547792614121472,1.0244204544307591,0.6520824719662907
1.1027713131603178,0.0656991581235512,0.0654010400674976,0.0654010400674977,0.0838770421863737,0.2509857455128814,0.8961259426605843,0.5587737238266685,0.1201393827003501,1.909300293623256,-0.4820532819843823,0.1656187059127561,-0.1315738288987555,1.2744699491166944,1.688381266585144,-0.1135143792344754,1.1255671642452048
1.0172961242361769,-0.0830713964415091,1.3954203730765178,1.3954203730765178,-0.9188471964758834,-0.801582176837385,-1.047155616143195,-1.3968393760212343,-1.3046699908599295,-0.5520768893966107,1.4128092602512243,-0.9503121529030142,-0.1315738288987555,0.6526997065392084,-1.7060993092917398,0.8856123090539809,0.0416545355694672
-0.2648317096259368,1.5790119668592135,-1.2646182929415224,-1.2646182929415222,1.944772207732935,1.200661339349651,1.4513492451759498,0.5587737238266685,1.2190147058053171,1.909300293623256,3.3076718024868312,-0.6713294381990716,-1.3682572543042868,1.6889834441683518,-0.4245097041137327,-1.1337935730163105,-0.8186953190947199
0.2480194239189087,0.4505725003124165,0.0654010400674976,0.0654010400674977,0.072898309646276,0.4454197093979046,0.4797084657740602,1.070869606315068,-0.4057153639132397,0.6786117021133227,-0.4820532819843823,0.7235841353206414,-0.1315738288987555,-0.5217551961071543,-0.1127716920434065,-0.616950784236665,0.0416545355694672
-1.4614843545639096,1.4560875491020204,-1.2646182929415224,-1.2646182929415222,2.120431928374498,1.639153118102731,0.6185142914029015,0.2342275408568957,0.49323926303345,1.2939559978682893,1.4128092602512243,-0.9503121529030142,-1.3682572543042868,0.3763573765047701,0.5057561096834309,-1.0334885871285773,-0.8186953190947199
0.3334946128430496,0.6385183454180516,-1.2646182929415224,-1.2646182929415222,1.306175931650585,1.1401722986398497,0.8961259426605843,1.2805323325064204,0.7826380134765774,0.3709395542358393,-0.4820532819843823,1.2815495647285264,0.2806539795697548,-1.5925817249906025,1.5349863717568883,-0.1135143792344754,1.1255671642452048
-0.4357820874742186,-0.8725968250677738,2.7254397060855378,2.7254397060855378,-1.0249749443634946,-2.472725908290552,-1.3247672674008777,-1.3968393760212343,-1.3046699908599295,-1.1674211851515772,-0.4820532819843823,-0.392346723495129,0.6928817880382653,0.549071332776294,-0.5729563765281737,0.5503863368836847,-0.8186953190947199
-0.6067324653225004,-0.9967156114390092,0.0654010400674976,0.0654010400674977,-0.9609323378795912,-1.0353379873993205,-1.1859614417720363,-1.3968393760212343,-1.3046699908599295,-0.859749037274094,-0.4820532819843823,-0.392346723495129,0.6928817880382653,1.17084157535378,0.3919469941656926,0.1069570338863763,-0.8186953190947199
-0.6067324653225004,0.9771935096157758,-1.2646182929415224,-1.2646182929415222,1.8953679113024955,1.4131213999559338,0.8961259426605843,0.5587737238266685,1.2190147058053171,0.6786117021133227,1.4128092602512243,-0.392346723495129,-0.9560294458357764,0.5145285415219892,0.5997723355459103,-1.073786471011429,-0.8186953190947199
1.7010976356293042,3.1322644620484383,-1.2646182929415224,-1.2646182929415222,-1.0249749443634946,-4.076384989268159,-1.7411847442874018,-2.6306938671893856,-1.3046699908599295,-1.782765480906544,-0.4820532819843823,-2.6242084411266697,-2.192712871241308,1.2399271578623896,-0.2463736972164034,-1.4262108739540356,-2.2894731101557304
-0.948633221019064,-1.712715708184854,0.0654010400674976,0.0654010400674977,-0.8511450124786143,-0.2838681955071028,-1.047155616143195,-0.6750807673414826,-0.4057153639132397,-1.1674211851515772,-0.4820532819843823,0.1656187059127561,1.1051095965067756,0.6872424977935131,1.6339508200331825,1.803075729598364,0.6520824719662907
1.0172961242361769,0.6512742022160192,-1.2646182929415224,-1.2646182929415222,0.8889840951268723,1.2735175515062602,0.2020968145163774,-0.162984884853083,1.0190940096470398,0.0632674063583559,-0.4820532819843823,-1.2292948676069568,-1.3682572543042868,-0.0381561185468872,-0.9094355006675732,-0.0922096505177403,0.6520824719662907
0.3334946128430496,0.3266448129194279,0.0654010400674976,0.0654010400674977,-0.3168466955271925,0.088835932304472,0.2020968145163774,1.2805323325064204,0.1201393827003501,-0.5520768893966107,-0.4820532819843823,1.560532279432469,0.6928817880382653,-0.9708114824131164,-1.3349826282556374,-0.952176756406961,-0.8186953190947199
-0.008406142853514,-0.5381736131360388,1.3954203730765178,1.3954203730765178,-0.5675277551927569,-0.0176267254936982,-0.353126487998988,-0.162984884853083,0.7826380134765774,-0.859749037274094,1.4128092602512243,-0.1133640087911864,0.2806539795697548,-0.6599263611243733,-0.4146132592861034,1.3596464266010553,1.5124323266304776
-0.0938813317776549,-1.4938118286032525,0.0654010400674976,0.0654010400674977,-0.9938685354998844,-1.6313048690936796,-1.1859614417720363,-1.3968393760212343,-0.4057153639132397,-1.1674211851515772,-0.4820532819843823,-0.392346723495129,0.6928817880382653,-0.3490412398356303,-1.508170412739152,0.1069570338863763,-0.8186953190947199
1.2737216910085998,0.5151161802152414,0.0654010400674976,0.0654010400674977,-0.7011023344306123,-0.2864104511287542,-0.4919323136278294,-0.6750807673414826,0.1201393827003501,-0.2444047415191273,-0.4820532819843823,-1.5082775823108994,-1.3682572543042868,0.9290420365736466,-1.1568466213583082,-0.7023030558309942,-0.8186953190947199
0.2480194239189087,-1.0711008887215394,1.3954203730765178,1.3954203730765178,-0.710251278214027,-0.0215805932676619,-0.7695439648855121,-0.162984884853083,0.1201393827003501,-1.1674211851515772,-0.4820532819843823,0.7235841353206414,1.517337404975286,-1.3162393949561642,1.6735365993437,1.6792747314460452,1.1255671642452048
-0.4357820874742186,-1.553100286604293,0.0654010400674976,0.0654010400674977,-0.9993579017699332,-1.7660856969309722,-1.1859614417720363,-1.3968393760212343,-1.3046699908599295,-0.859749037274094,-0.4820532819843823,-0.1133640087911864,1.1051095965067756,-0.7980975261415925,-1.0083999489438673,0.1069570338863763,-0.8186953190947199
-0.1793565207017958,-0.767587936521209,1.3954203730765178,1.3954203730765178,-0.9591025491229084,-1.2593210518814877,-1.047155616143195,-0.6750807673414826,-1.3046699908599295,-0.859749037274094,-0.4820532819843823,-0.392346723495129,0.2806539795697548,-0.5217551961071543,-0.9737623920471642,0.8856123090539809,0.0416545355694672
0.0770690460706269,-0.7098282703461423,1.3954203730765178,1.3954203730765178,-0.8676131112887608,-0.7818729409903336,-0.7695439648855121,-0.6750807673414826,-0.4057153639132397,-0.5520768893966107,-0.4820532819843823,-0.6713294381990716,-0.1315738288987555,0.7908708715564274,0.7878047872708686,2.277109847145438,1.5124323266304776
1.0172961242361769,-1.3527807826571836,-1.2646182929415224,-1.2646182929415222,-0.8914003651256391,-0.7757777944409878,-0.9083497905143536,-0.6750807673414826,-1.3046699908599295,-0.5520768893966107,-0.4820532819843823,-0.392346723495129,0.2806539795697548,-1.2471538124475547,-1.1518983989444938,-0.3670770836606984,-0.8186953190947199
-0.3503068985500777,0.643916891553521,0.0654010400674976,0.0654010400674977,0.4205581734160367,0.4454197093979046,1.173737593918267,1.4680820320250476,0.7826380134765774,0.6786117021133227,2.521232791480213,1.560532279432469,0.2806539795697548,0.3072717939961605,-0.9440730575642762,0.5503863368836847,2.122860263027301
1.0172961242361769,1.2729191784525529,-1.2646182929415224,-1.2646182929415222,1.4013249469980986,1.2543652306646116,0.757320117031743,1.79262821499482,0.49323926303345,-0.5520768893966107,1.4128092602512243,1.560532279432469,-0.5438016373672659,-1.2816966037018591,-0.6719208248044677,-1.0547274587736004,-0.8186953190947199
-0.1793565207017958,-1.0569117895867215,0.0654010400674976,0.0654010400674977,-0.970081281663006,-1.174165588264889,-1.1859614417720363,-0.6750807673414826,-1.3046699908599295,-1.1674211851515772,-0.4820532819843823,0.4446014206166987,1.517337404975286,-0.9017258999045068,-1.275603959289861,0.1069570338863763,-0.8186953190947199
0.7608705574637542,-0.5054479131112904,2.7254397060855378,2.7254397060855378,-0.9279961402592982,-1.2701638566160711,-0.7695439648855121,-0.162984884853083,-0.4057153639132397,-0.859749037274094,-0.4820532819843823,-0.392346723495129,-0.1315738288987555,-0.556297987361459,-1.2706557368760465,1.6792747314460452,1.1255671642452048
-0.3503068985500777,0.557110180684955,1.3954203730765178,1.3954203730765178,-0.4906766274120729,-0.0550315476255888,-0.0755148367413053,0.2342275408568957,-0.4057153639132397,0.3709395542358393,-0.4820532819843823,-0.1133640087911864,-0.1315738288987555,-0.6599263611243733,0.0208303131295902,0.5503863368836847,1.1255671642452048
0.5899201796154724,-0.4340724447361458,0.0654010400674976,0.0654010400674977,-0.8785918438288586,-0.6802621697701225,-0.9083497905143536,-1.3968393760212343,-0.4057153639132397,-0.5520768893966107,-0.4820532819843823,-1.2292948676069568,-0.5438016373672659,-1.178068229938945,-0.4640954834242504,0.5503863368836847,0.0416545355694672
0.931820935312036,-0.1090608574830611,1.3954203730765178,1.3954203730765178,-0.9408046615560788,-1.0300969405945166,-1.047155616143195,-0.6750807673414826,-1.3046699908599295,-0.859749037274094,-0.4820532819843823,-0.1133640087911864,0.6928817880382653,-0.8326403173958973,-0.7807817179083911,0.8856123090539809,0.0416545355694672
-0.2648317096259368,0.8290918014745788,-1.2646182929415224,-1.2646182929415222,1.4836654410488312,1.6014270579135772,0.2020968145163774,0.5587737238266685,0.49323926303345,0.0632674063583559,1.4128092602512243,-0.1133640087911864,-0.5438016373672659,-1.5580389337362976,1.4657112579634826,-0.5087474534096524,0.0416545355694672
-0.6067324653225004,-1.6581091751508577,0.0654010400674976,0.0654010400674977,-0.9151876189625175,-1.1492301004259866,-0.7695439648855121,-0.162984884853083,-0.4057153639132397,-0.859749037274094,-0.4820532819843823,0.4446014206166987,1.1051095965067756,1.0672132015908655,-0.9985035041162378,1.6792747314460452,1.1255671642452048
-0.008406142853514,-0.5381736131360388,1.3954203730765178,1.3954203730765178,-0.5675277551927569,-0.0176267254936982,-0.353126487998988,-0.162984884853083,0.7826380134765774,-0.859749037274094,1.4128092602512243,-0.1133640087911864,0.2806539795697548,-0.6599263611243733,-0.4146132592861034,1.3596464266010553,1.5124323266304776
-0.6067324653225004,-1.0173543010896533,0.0654010400674976,0.0654010400674977,-0.9828898029597868,-1.3991986440208832,-1.1859614417720363,-1.3968393760212343,-1.3046699908599295,-0.859749037274094,-0.4820532819843823,-0.392346723495129,0.6928817880382653,-1.488953351227688,0.0653643148539224,0.1069570338863763,-0.8186953190947199
-1.205058787791487,-0.9415835562148346,0.0654010400674976,0.0654010400674977,-0.9188471964758834,-1.009352508286591,-0.9083497905143536,-0.6750807673414826,-1.3046699908599295,-0.5520768893966107,-0.4820532819843823,-0.392346723495129,0.2806539795697548,-1.1435254386846403,-1.5131186351529666,0.5503863368836847,0.0416545355694672
0.4189698017671905,-0.4845225749932762,1.3954203730765178,1.3954203730765178,-0.7212300107541247,-0.2198446276038866,-0.6307381392566708,-0.162984884853083,-0.4057153639132397,-0.5520768893966107,-0.4820532819843823,-0.1133640087911864,0.2806539795697548,0.2727290027418557,-1.4487917437733755,1.9096014216657184,1.5124323266304776
-0.5212572763983595,-0.8446008247546315,0.0654010400674976,0.0654010400674977,-0.9883791692298356,-1.509803765310085,-1.1859614417720363,-1.3968393760212343,-1.3046699908599295,-0.859749037274094,-0.4820532819843823,-1.5082775823108994,-0.9560294458357764,-1.3853249774647738,-0.9688141696333497,0.1069570338863763,-0.8186953190947199
1.1882465020844588,0.3166121165614758,0.0654010400674976,0.0654010400674977,0.297962326718279,0.3986555589751268,1.0349317682894257,1.070869606315068,0.7826380134765774,0.986283849990806,1.4128092602512243,1.002566850024584,0.2806539795697548,0.3418145852504653,-1.21127706791027,-0.7713565969387494,0.0416545355694672
0.3334946128430496,0.3741329090137342,0.0654010400674976,0.0654010400674977,-0.5382511350858297,-0.0593547207598116,-0.2143206623701467,0.2342275408568957,-0.4057153639132397,0.0632674063583559,-0.4820532819843823,-0.392346723495129,-0.5438016373672659,0.998127619082256,-0.983658836874794,-0.8283757582546425,-0.8186953190947199
0.4189698017671905,0.4319403499333627,0.0654010400674976,0.0654010400674977,2.0243680186486435,1.2327028301952294,1.4513492451759498,1.4680820320250476,1.8052020693197453,-0.5520768893966107,-0.4820532819843823,1.560532279432469,0.2806539795697548,1.4126411141339137,1.3469539200319296,-0.5838385779516478,0.6520824719662907
-0.948633221019064,0.5321717640237599,0.0654010400674976,0.0654010400674977,-0.4687191623318775,-0.0084499942396036,-0.0755148367413053,0.8331736116944045,0.1201393827003501,-0.5520768893966107,-0.4820532819843823,0.7235841353206414,0.2806539795697548,0.8599564540650371,-1.1716912885997524,-0.876255878889373,-0.8186953190947199
1.0172961242361769,-0.2166495822359564,0.0654010400674976,0.0654010400674977,-0.2820807091502165,0.1448814711482246,0.2020968145163774,0.5587737238266685,-0.4057153639132397,0.6786117021133227,-0.4820532819843823,0.4446014206166987,0.2806539795697548,-1.350782186210469,-0.1078234696295919,1.0244204544307591,1.839522160832408
1.7010976356293042,1.0990191082480507,-1.2646182929415224,-1.2646182929415222,1.6565804785553702,1.1311916967972866,1.3125434195471084,0.8331736116944045,1.0190940096470398,1.6016281457457726,1.4128092602512243,-0.1133640087911864,-0.9560294458357764,0.4799857502676844,0.1841216527854753,-1.1207930591923676,-0.8186953190947199
-1.974335488108755,-1.7486423160952345,0.0654010400674976,0.0654010400674977,-0.9865493804731528,-1.471823394243565,-1.1859614417720363,-1.3968393760212343,-1.3046699908599295,-0.859749037274094,-0.4820532819843823,-0.392346723495129,0.6928817880382653,-1.2471538124475547,-0.5432670420452856,1.3596464266010553,0.0416545355694672
-0.4357820874742186,-0.969579556527977,0.0654010400674976,0.0654010400674977,-0.8676131112887608,-0.6038915451458886,-0.9083497905143536,-0.6750807673414826,-0.4057153639132397,-0.859749037274094,-0.4820532819843823,0.1656187059127561,1.1051095965067756,1.6889834441683518,0.0802089820953667,0.5503863368836847,0.0416545355694672
1.2737216910085998,0.9658231204100968,0.0654010400674976,0.0654010400674977,1.2073673387897057,1.2231494011502186,0.6185142914029015,0.5587737238266685,0.7826380134765774,0.6786117021133227,-0.4820532819843823,-0.6713294381990716,-1.3682572543042868,-1.5580389337362976,0.7234778958912774,-0.3095807690055359,0.6520824719662907
-1.8033851102604728,1.8783685162826784,-1.2646182929415224,-1.2646182929415222,0.4791114136298912,0.9829833434226832,0.2020968145163774,0.2342275408568957,0.49323926303345,0.3709395542358393,3.917681290782164,-0.6713294381990716,-0.9560294458357764,1.5508122791511327,0.5206007769248748,-1.4262108739540356,-2.2894731101557304
-1.2905339767156276,1.8223765156563936,-1.2646182929415224,-1.2646182929415222,1.138750260414095,1.1854013622571755,0.6185142914029015,0.2342275408568957,1.54494875626063,-0.2444047415191273,3.3076718024868312,-1.2292948676069568,-1.7804850627727973,1.4471839053882185,-0.8203674972189086,-1.0334885871285773,-0.8186953190947199
-1.034108409943205,-0.4723877898746104,1.3954203730765178,1.3954203730765178,-0.9408046615560788,-0.7757777944409878,-1.1859614417720363,-1.3968393760212343,-1.3046699908599295,-0.859749037274094,-0.4820532819843823,-1.2292948676069568,-0.5438016373672659,0.5836141240305988,-0.6719208248044677,0.1069570338863763,-0.8186953190947199
0.3334946128430496,0.8316716376809093,0.0654010400674976,0.0654010400674977,-0.000293240621042,0.2909352643204907,0.6185142914029015,1.4680820320250476,-0.4057153639132397,0.3709395542358393,1.4128092602512243,1.560532279432469,0.2806539795697548,-1.21261102119325,-1.176639511013567,-1.0334885871285773,-0.8186953190947199
-0.0938813317776549,0.6617368712750263,-1.2646182929415224,-1.2646182929415222,1.1497289929541927,0.676221076892833,1.8677667220624736,1.79262821499482,0.49323926303345,1.909300293623256,3.3076718024868312,2.397480423544297,0.6928817880382653,0.9635848278279514,0.0604160924401077,-1.1669057793013278,-0.8186953190947199
-0.5212572763983595,0.4337557902267064,0.0654010400674976,0.0654010400674977,0.2696006009896933,0.314371845948028,1.173737593918267,0.8331736116944045,0.7826380134765774,1.6016281457457726,-0.4820532819843823,0.1656187059127561,-0.5438016373672659,-0.2799556573270207,-0.9440730575642762,-0.8011647543473776,0.0416545355694672
1.5301472577810225,0.9607589974865592,0.0654010400674976,0.0654010400674977,0.9576011735024827,1.31611200147131,0.2020968145163774,0.8331736116944045,0.49323926303345,-0.2444047415191273,-0.4820532819843823,-0.1133640087911864,-0.9560294458357764,-0.9708114824131164,-0.0929788023881478,-0.0922096505177403,0.6520824719662907
1.1882465020844588,0.6380405979724348,0.0654010400674976,0.0654010400674977,0.297962326718279,0.3986555589751268,1.0349317682894257,1.4680820320250476,0.49323926303345,0.6786117021133227,2.521232791480213,1.560532279432469,0.2806539795697548,-0.8326403173958973,-1.2013806230826405,-0.7713565969387494,0.0416545355694672
-0.5212572763983595,1.3051671310316846,-1.2646182929415224,-1.2646182929415222,2.541283342411577,1.7221310766124556,0.757320117031743,0.5587737238266685,1.2190147058053171,0.3709395542358393,2.521232791480213,-0.6713294381990716,-1.3682572543042868,-1.6271245162449073,0.8917174579609772,-1.0547274587736004,-0.8186953190947199
0.1625442349947678,1.4105582175347426,-1.2646182929415224,-1.2646182929415222,1.99143182102835,1.6623113907547429,0.4797084657740602,0.2342275408568957,0.1201393827003501,1.2939559978682893,-0.4820532819843823,-0.9503121529030142,-1.3682572543042868,0.065472255216027,0.9906819062372711,-1.0096730710621231,-0.8186953190947199
-0.3503068985500777,-0.1635240662833723,0.0654010400674976,0.0654010400674977,-0.2637828215833869,0.1733876959002568,0.2020968145163774,1.070869606315068,-0.4057153639132397,0.0632674063583559,-0.4820532819843823,1.560532279432469,1.1051095965067756,-1.5925817249906025,1.3123163631352268,0.6719960514881532,1.5124323266304776
-0.1793565207017958,0.0506023388420614,0.0654010400674976,0.0654010400674977,-0.1713784893708979,0.3970109689010988,0.063290988887536,1.070869606315068,0.49323926303345,-0.859749037274094,1.4128092602512243,1.2815495647285264,0.6928817880382653,-0.5908407786157638,0.9115103476162362,-0.4429979611782864,0.0416545355694672
1.1882465020844588,-0.6167152931954348,0.0654010400674976,0.0654010400674977,-0.5693575439494398,-0.0222408043922285,-0.353126487998988,-0.162984884853083,-0.4057153639132397,0.0632674063583559,-0.4820532819843823,-0.392346723495129,-0.1315738288987555,1.2053843666080848,-0.5234741523900267,-0.1735214812393563,0.0416545355694672
-0.4357820874742186,-1.2320062284052655,0.0654010400674976,0.0654010400674977,-0.937145084042713,-1.1939142442639032,-0.9083497905143536,-0.162984884853083,-1.3046699908599295,-0.859749037274094,-0.4820532819843823,0.4446014206166987,1.1051095965067756,-0.0036133272925825,-0.5779045989419885,1.3596464266010553,0.6520824719662907
-0.2648317096259368,-0.3597349421981773,0.0654010400674976,0.0654010400674977,-0.0478677482947987,0.2348226622765282,0.6185142914029015,1.2805323325064204,0.1201393827003501,0.3709395542358393,1.4128092602512243,1.839514994136412,1.1051095965067756,0.6872424977935131,0.6195652252011689,0.02564520316476,1.1255671642452048
0.4189698017671905,-0.4458250318983183,-1.2646182929415224,-1.2646182929415222,-0.8108896598315893,-0.2706065902967481,-0.9083497905143536,-1.3968393760212343,-0.4057153639132397,-0.5520768893966107,-0.4820532819843823,-1.787260297014842,-1.3682572543042868,1.619897861659742,-1.4191024092904874,-0.3670770836606984,-0.8186953190947199
-0.7776828431707823,-1.2119408356893615,0.0654010400674976,0.0654010400674977,-0.9133578302058346,-0.9589673627750862,-0.9083497905143536,-0.6750807673414826,-0.4057153639132397,-0.859749037274094,-0.4820532819843823,-0.6713294381990716,-0.1315738288987555,-0.9017258999045068,0.2533967665788811,1.3596464266010553,0.6520824719662907
1.0172961242361769,0.0658424823572362,0.0654010400674976,0.0654010400674977,-0.9664217041496402,-1.1167475766143669,-1.1859614417720363,-1.3968393760212343,-1.3046699908599295,-0.859749037274094,-0.4820532819843823,-1.2292948676069568,-0.5438016373672659,-1.0744398561760309,-1.240966402393158,0.1069570338863763,-0.8186953190947199
0.7608705574637542,0.757764107843996,0.0654010400674976,0.0654010400674977,0.70783500821526,0.5008581461766926,1.5901550708047911,1.070869606315068,0.7826380134765774,2.2169724415007392,1.4128092602512243,0.7235841353206414,-0.1315738288987555,-1.4198677687190786,0.8966656803747922,-0.3670770836606984,1.1255671642452048
-0.2648317096259368,1.1647093820203558,0.0654010400674976,0.0654010400674977,0.6026221547059903,0.5308628468691913,1.3125434195471084,1.2805323325064204,0.49323926303345,1.6016281457457726,1.4128092602512243,0.4446014206166987,-0.9560294458357764,-0.9708114824131164,-1.04303750584057,-1.1207930591923676,-0.8186953190947199
1.1027713131603178,1.541317693400051,-1.2646182929415224,-1.2646182929415222,1.4726867085087336,0.9913478346285238,1.4513492451759498,1.070869606315068,1.8052020693197453,0.0632674063583559,1.4128092602512243,-0.1133640087911864,-1.3682572543042868,0.3763573765047701,-1.508170412739152,-1.1337935730163105,-0.8186953190947199
1.0172961242361769,0.6512742022160192,-1.2646182929415224,-1.2646182929415222,0.8889840951268723,1.2735175515062602,0.2020968145163774,-0.162984884853083,1.0190940096470398,0.0632674063583559,-0.4820532819843823,-1.2292948676069568,-1.3682572543042868,-0.0381561185468872,-0.9094355006675732,-0.0922096505177403,0.6520824719662907
-0.2648317096259368,-1.2722803380707588,0.0654010400674976,0.0654010400674977,-0.9554429716095424,-1.209943880838375,-1.047155616143195,-1.3968393760212343,-0.4057153639132397,-0.859749037274094,-0.4820532819843823,-1.5082775823108994,-0.9560294458357764,-0.4526696135985447,-1.2310699575655286,0.8856123090539809,0.0416545355694672
-1.205058787791487,1.8040310137447095,-1.2646182929415224,-1.2646182929415222,1.6876868874189803,1.0393789142950731,1.5901550708047911,1.070869606315068,1.0190940096470398,1.909300293623256,-0.4820532819843823,-0.1133640087911864,-1.3682572543042868,-0.4526696135985447,0.669047449339316,-1.1457323588283028,-0.8186953190947199
-0.1793565207017958,-0.5257044048054413,1.3954203730765178,1.3954203730765178,-0.931655717772664,-0.6737143312413949,-1.1859614417720363,-1.3968393760212343,-0.4057153639132397,-1.1674211851515772,-0.4820532819843823,-0.392346723495129,0.6928817880382653,0.4799857502676844,0.6888403389945745,0.1069570338863763,-0.8186953190947199
1.872048013477586,-1.1650260365297953,-1.2646182929415224,-1.2646182929415222,-1.008506845553348,-1.7348368210660794,-1.3247672674008777,-2.6306938671893856,-1.3046699908599295,-0.859749037274094,-0.4820532819843823,-0.9503121529030142,0.2806539795697548,-1.6271245162449073,1.6933294889989587,0.5503863368836847,-0.8186953190947199
1.0172961242361769,1.4567563955258838,-1.2646182929415224,-1.2646182929415222,1.5778995620180032,0.989486045357722,1.5901550708047911,1.070869606315068,1.3921938899801396,1.2939559978682893,2.521232791480213,0.1656187059127561,-0.9560294458357764,-0.3835840310899351,1.218300137272747,-1.1457323588283028,-0.8186953190947199
1.0172961242361769,1.0485689779909204,0.0654010400674976,0.0654010400674977,1.669388999852151,1.252949396554748,1.0349317682894257,1.4680820320250476,1.0190940096470398,0.0632674063583559,1.4128092602512243,1.560532279432469,0.2806539795697548,0.4109001677590749,1.6982777114127734,-0.7713565969387494,0.0416545355694672
1.4446720688568817,-2.055977247860499,1.3954203730765178,1.3954203730765178,-0.9755706479330548,-1.7043596017864635,-0.9083497905143536,-0.162984884853083,-1.3046699908599295,-0.859749037274094,-0.4820532819843823,0.4446014206166987,1.1051095965067756,0.1000150464703318,0.5453418889939484,2.083554244724097,1.1255671642452048
-0.4357820874742186,-0.4076530109935388,-1.2646182929415224,-1.2646182929415222,-0.7816130397246621,-0.3102705855063997,-0.7695439648855121,-0.162984884853083,-1.3046699908599295,-0.5520768893966107,-0.4820532819843823,0.1656187059127561,0.6928817880382653,-0.8326403173958973,-1.4092059644628578,-0.5087474534096524,-0.8186953190947199
-0.3503068985500777,0.1785908795227926,0.0654010400674976,0.0654010400674977,-0.0405485932680669,0.3937152001392326,0.3409026401452188,0.8331736116944045,1.2190147058053171,-0.859749037274094,1.4128092602512243,0.7235841353206414,0.2806539795697548,0.4799857502676844,-0.2067879179058859,-0.5662437680648148,0.0416545355694672
1.2737216910085998,-0.0646781197852637,1.3954203730765178,1.3954203730765178,-0.1713784893708979,0.3970109689010988,0.063290988887536,0.5587737238266685,0.7826380134765774,-0.5520768893966107,1.4128092602512243,0.4446014206166987,0.2806539795697548,-1.350782186210469,0.1098983165782549,1.5335992496594335,2.122860263027301
-0.5212572763983595,-0.7056240928247147,1.3954203730765178,1.3954203730765178,-0.9279961402592982,-1.0981868559023842,-0.9083497905143536,-0.162984884853083,-1.3046699908599295,-0.859749037274094,-0.4820532819843823,0.4446014206166987,1.1051095965067756,0.549071332776294,-1.7357886437746282,2.083554244724097,1.1255671642452048
-1.8033851102604728,-1.704116254163752,0.0654010400674976,0.0654010400674977,-0.8456556462085654,-0.464013953006493,-0.9083497905143536,-0.6750807673414826,0.1201393827003501,-1.1674211851515772,-0.4820532819843823,0.1656187059127561,1.1051095965067756,0.7563280803021227,-0.1276163592848507,0.5503863368836847,0.0416545355694672
-0.008406142853514,0.2807332833956568,0.0654010400674976,0.0654010400674977,0.2485580302878393,0.2392307550618183,1.3125434195471084,1.2805323325064204,1.54494875626063,0.0632674063583559,-0.4820532819843823,1.2815495647285264,0.2806539795697548,-1.6962100987535167,1.1341803562378978,-0.27842076318998,1.1255671642452048
-0.3503068985500777,-0.1635240662833723,0.0654010400674976,0.0654010400674977,-0.2637828215833869,0.1733876959002568,0.2020968145163774,1.070869606315068,-0.4057153639132397,0.0632674063583559,-0.4820532819843823,1.560532279432469,1.1051095965067756,-1.5925817249906025,1.3123163631352268,0.6719960514881532,1.5124323266304776
-0.7776828431707823,1.0487600769691672,0.0654010400674976,0.0654010400674977,0.4351964834695003,0.4574175163166606,1.173737593918267,0.5587737238266685,1.0190940096470398,1.6016281457457726,-0.4820532819843823,-0.6713294381990716,-1.3682572543042868,1.343555531625304,0.9362514596853098,-0.8011647543473776,0.0416545355694672
-1.8033851102604728,-1.573022355086512,-1.2646182929415224,-1.2646182929415222,-0.8840812100989074,-0.5089012512630976,-1.047155616143195,-1.3968393760212343,-1.3046699908599295,-0.5520768893966107,-0.4820532819843823,-0.6713294381990716,0.2806539795697548,-1.178068229938945,0.7135814510636482,-0.1735214812393563,-0.8186953190947199
0.0770690460706269,-0.762571588342233,1.3954203730765178,1.3954203730765178,-0.675485291837051,-0.2004069870198846,-0.4919323136278294,-0.162984884853083,-0.4057153639132397,-0.2444047415191273,-0.4820532819843823,0.4446014206166987,1.1051095965067756,1.0672132015908655,1.327161030376671,2.083554244724097,1.839522160832408
-0.948633221019064,0.4375777697916405,0.0654010400674976,0.0654010400674977,0.8587925806416035,1.0918323373092276,0.4797084657740602,1.4680820320250476,0.49323926303345,-0.5520768893966107,-0.4820532819843823,1.839514994136412,0.6928817880382653,-1.1089826474303357,1.6487954872746262,0.1069570338863763,1.1255671642452048
1.2737216910085998,-0.941679105703958,1.3954203730765178,1.3954203730765178,-0.9408046615560788,-1.2343855640425854,-0.9083497905143536,-0.6750807673414826,-0.4057153639132397,-0.859749037274094,1.4128092602512243,-0.1133640087911864,0.6928817880382653,0.9290420365736466,-1.2657075144622316,2.083554244724097,1.1255671642452048
0.5044449906913314,-1.764646855523396,0.0654010400674976,0.0654010400674977,-0.9609323378795912,-1.0353379873993205,-1.1859614417720363,-1.3968393760212343,-1.3046699908599295,-0.859749037274094,-0.4820532819843823,-0.6713294381990716,0.2806539795697548,0.1000150464703318,1.064905242444492,0.1069570338863763,-0.8186953190947199
0.5044449906913314,-0.320511876913041,1.3954203730765178,1.3954203730765178,-0.9426344503127618,-0.7972438079842846,-1.1859614417720363,-1.3968393760212343,-0.4057153639132397,-1.1674211851515772,-0.4820532819843823,-1.2292948676069568,-0.5438016373672659,-0.7290119436329829,-0.023703688594742,1.3596464266010553,0.0416545355694672
1.1882465020844588,-0.4818471892978223,0.0654010400674976,0.0654010400674977,-0.0862933121851407,0.2600920629598077,0.4797084657740602,1.2805323325064204,-0.4057153639132397,0.3709395542358393,-0.4820532819843823,1.839514994136412,1.1051095965067756,-0.6253835698700686,0.7284261183050921,0.7618113109016622,1.839522160832408
-1.034108409943205,1.7423538185155856,-1.2646182929415224,-1.2646182929415222,1.3738781156478543,1.3102200408042803,0.6185142914029015,0.8331736116944045,0.1201393827003501,0.986283849990806,-0.4820532819843823,-0.392346723495129,-1.3682572543042868,-0.2454128660727159,-1.0380892834267554,-1.0334885871285773,-0.8186953190947199
1.6156224467051634,-0.6593303653444502,1.3954203730765178,1.3954203730765178,-0.9572727603662254,-1.2343855640425854,-1.047155616143195,-0.6750807673414826,-1.3046699908599295,-0.859749037274094,-0.4820532819843823,-0.1133640087911864,0.6928817880382653,-0.867183108650202,-1.4586881886010048,0.8856123090539809,0.0416545355694672
-2.2307610548811776,1.3741060874341835,-1.2646182929415224,-1.2646182929415222,1.4488994546718552,1.2778757447051183,0.757320117031743,0.2342275408568957,1.2190147058053171,0.6786117021133227,-0.4820532819843823,-0.9503121529030142,-1.3682572543042868,-0.2454128660727159,1.342005697618115,-1.0547274587736004,-0.8186953190947199
-0.6067324653225004,-2.223905474994792,0.0654010400674976,0.0654010400674977,-0.9810600142031038,0.2392307550618183,-1.6023789186585604,-1.3968393760212343,-1.3046699908599295,-1.782765480906544,-0.4820532819843823,1.2815495647285264,3.166248638849328,-1.2816966037018591,-0.0979270248019624,-1.4262108739540356,-2.2894731101557304
1.2737216910085998,-0.7189054718128608,1.3954203730765178,1.3954203730765178,-1.010336634310031,-1.798146322031272,-1.3247672674008777,-1.3968393760212343,-1.3046699908599295,-1.1674211851515772,-0.4820532819843823,-0.6713294381990716,0.2806539795697548,1.343555531625304,1.000578351064901,0.5503863368836847,-0.8186953190947199
-1.205058787791487,-1.1192578312397092,0.0654010400674976,0.0654010400674977,-0.9444642390694448,-1.0726620092517838,-1.047155616143195,-0.6750807673414826,-1.3046699908599295,-0.859749037274094,-0.4820532819843823,0.1656187059127561,1.1051095965067756,0.6181569152849036,0.5502901114077631,0.8856123090539809,0.0416545355694672
1.7865728245534451,1.4417073509889555,-1.2646182929415224,-1.2646182929415222,0.878920256965116,1.0309850596557866,0.6185142914029015,0.2342275408568957,1.2190147058053171,0.3709395542358393,-0.4820532819843823,-1.2292948676069568,-1.7804850627727973,0.1691006289789414,-1.3300344058418228,-1.4262108739540356,-2.2894731101557304
-0.7776828431707823,-1.3892806875023045,0.0654010400674976,0.0654010400674977,-1.012166423066714,-1.8648795829392828,-1.3247672674008777,-1.3968393760212343,-1.3046699908599295,-1.1674211851515772,-0.4820532819843823,-0.1133640087911864,1.1051095965067756,-0.3144984485813255,0.1049500941644399,0.5503863368836847,-0.8186953190947199
-1.3760091656397686,-0.5615354632266986,0.0654010400674976,0.0654010400674977,-0.2802509203935335,0.2363503227908138,0.063290988887536,0.8331736116944045,-0.4057153639132397,0.0632674063583559,-0.4820532819843823,1.002566850024584,0.6928817880382653,0.8254136628107323,1.3321092527904856,0.4169691447109346,1.1255671642452048
-0.8631580320949231,0.2947790582967897,0.0654010400674976,0.0654010400674977,-0.1796125387759712,0.2140408058947392,0.3409026401452188,-0.162984884853083,0.1201393827003501,1.2939559978682893,-0.4820532819843823,-0.6713294381990716,-0.5438016373672659,1.1017559928451706,-0.6867654920459118,-0.1735214812393563,0.6520824719662907
-1.119583598867346,1.1428763237556696,-1.2646182929415224,-1.2646182929415222,1.5916229776931254,1.217485575563378,1.0349317682894257,-0.162984884853083,1.2190147058053171,1.6016281457457726,2.521232791480213,-1.5082775823108994,-1.7804850627727973,-1.2816966037018591,0.0307267579572195,-1.0909849017837396,-0.8186953190947199
-0.8631580320949231,-2.119039910681912,0.0654010400674976,0.0654010400674977,-0.9426344503127618,-1.4246483016934857,-0.7695439648855121,-0.162984884853083,0.1201393827003501,-1.1674211851515772,-0.4820532819843823,0.1656187059127561,0.6928817880382653,-1.4544105599733834,0.3177236579584722,1.6792747314460452,1.1255671642452048
0.5044449906913314,-0.8739345179155008,2.7254397060855378,2.7254397060855378,-0.9462940278261276,-1.297695065007778,-0.9083497905143536,-0.6750807673414826,-1.3046699908599295,-0.5520768893966107,-0.4820532819843823,-0.9503121529030142,-0.5438016373672659,-0.556297987361459,-1.7308404213608135,1.3596464266010553,0.6520824719662907
-0.0938813317776549,0.2764813311296676,0.0654010400674976,0.0654010400674977,0.2028133113707655,0.3716334883384231,0.8961259426605843,1.070869606315068,1.2190147058053171,0.0632674063583559,1.4128092602512243,0.4446014206166987,-0.5438016373672659,-0.867183108650202,-0.9044872782537584,-0.4189321939961432,0.6520824719662907
0.0770690460706269,0.3200518981699165,1.3954203730765178,1.3954203730765178,0.0326429569992511,0.4011183426348333,0.4797084657740602,1.2805323325064204,0.1201393827003501,0.0632674063583559,-0.4820532819843823,1.560532279432469,0.6928817880382653,0.2036434202332462,1.4211772562391505,0.7618113109016622,1.839522160832408
-0.8631580320949231,0.5695793890155525,1.3954203730765178,1.3954203730765178,0.1552388036970088,0.3896750503192394,0.757320117031743,1.79262821499482,-0.4057153639132397,0.0632674063583559,-0.4820532819843823,2.67646313824824,1.1051095965067756,1.3090127403709992,0.5354454441663191,1.1003413319483475,2.372782181294665
0.5899201796154724,0.2920081231122124,0.0654010400674976,0.0654010400674977,-0.1832721162893371,0.2915379326273609,0.2020968145163774,0.2342275408568957,0.1201393827003501,0.6786117021133227,-0.4820532819843823,-0.1133640087911864,-0.1315738288987555,-0.3490412398356303,0.6393581148564278,0.6719960514881532,1.5124323266304776
-0.7776828431707823,-0.0226124571987076,-1.2646182929415224,-1.2646182929415222,0.109494084779935,3.8773785364944766,-1.6023789186585604,-2.6306938671893856,-1.3046699908599295,-1.4750933330290608,1.4128092602512243,-2.6242084411266697,-2.192712871241308,0.1345578377246366,1.6438472648608116,-1.4262108739540356,-2.2894731101557304
-0.2648317096259368,-1.3100223862744833,1.3954203730765178,1.3954203730765178,-0.9481238165828106,-1.1167475766143669,-1.047155616143195,-0.6750807673414826,-0.4057153639132397,-1.1674211851515772,-0.4820532819843823,-0.1133640087911864,0.6928817880382653,-1.3853249774647738,-1.5428079696358548,0.8856123090539809,0.0416545355694672
-1.2905339767156276,-1.951255007781304,0.0654010400674976,0.0654010400674977,-0.8859109988555903,-0.7339343070190919,-0.9083497905143536,-0.162984884853083,-0.4057153639132397,-1.1674211851515772,1.4128092602512243,0.7235841353206414,1.517337404975286,1.1362987840994754,0.5750312234768367,1.3596464266010553,0.6520824719662907
-0.0938813317776549,-0.3369463890422577,-1.2646182929415224,-1.2646182929415222,0.8798351513434575,0.5647827350775011,1.7289608964336325,1.4680820320250476,0.7826380134765774,1.909300293623256,-0.4820532819843823,2.118497708840354,1.1051095965067756,0.7563280803021227,1.5993132631364797,-0.8974292993623979,0.0416545355694672
-1.4614843545639096,-1.19622294472857,-1.2646182929415224,-1.2646182929415222,-0.9993579017699332,-1.45941861979858,-1.3247672674008777,-2.6306938671893856,-1.3046699908599295,-0.859749037274094,-0.4820532819843823,-1.5082775823108994,-0.5438016373672659,0.0309294639617222,1.6191061527917383,0.5503863368836847,-0.8186953190947199
-0.6922076542466413,3.1322644620484383,0.0654010400674976,0.0654010400674977,-0.9261663515026152,-1.2521450742960876,-0.7695439648855121,-0.162984884853083,-0.4057153639132397,-0.859749037274094,-0.4820532819843823,-0.1133640087911864,0.2806539795697548,-0.9017258999045068,0.18906987519929,1.6792747314460452,1.1255671642452048
-0.4357820874742186,-0.8328960123370207,0.0654010400674976,0.0654010400674977,-0.9847195917164696,-1.1167475766143669,-1.3247672674008777,-1.3968393760212343,-1.3046699908599295,-1.1674211851515772,-0.4820532819843823,-0.392346723495129,0.6928817880382653,1.1017559928451706,0.0455714251986636,0.5503863368836847,-0.8186953190947199
0.1625442349947678,0.4475626914050309,0.0654010400674976,0.0654010400674977,1.1259417391173143,1.2520236594380112,0.4797084657740602,1.4680820320250476,0.49323926303345,-0.5520768893966107,-0.4820532819843823,1.2815495647285264,-0.1315738288987555,-0.1072417010554968,0.1346394286473281,-0.616950784236665,0.0416545355694672
1.957523202401727,0.5809020034766699,2.7254397060855378,2.7254397060855378,-0.2271870464497279,0.1460344508378107,0.3409026401452188,1.2805323325064204,0.1201393827003501,-0.2444047415191273,1.4128092602512243,1.560532279432469,0.6928817880382653,0.2381862114875509,-1.6566170851535928,1.2052406138989713,2.122860263027301
-1.034108409943205,0.2449022249743995,-1.2646182929415224,-1.2646182929415222,1.231154592626584,1.166402615877814,0.757320117031743,-0.6750807673414826,0.49323926303345,2.2169724415007392,1.4128092602512243,-0.392346723495129,0.2806539795697548,1.4471839053882185,-0.983658836874794,-1.0547274587736004,-0.8186953190947199
1.1027713131603178,0.8308116922787993,0.0654010400674976,0.0654010400674977,0.5028986674667696,0.5114389033678919,1.173737593918267,0.8331736116944045,1.0190940096470398,1.2939559978682893,-0.4820532819843823,-0.1133640087911864,-0.9560294458357764,-1.4198677687190786,-0.9787106144609792,-0.8011647543473776,0.0416545355694672
1.2737216910085998,0.048452475336786,1.3954203730765178,1.3954203730765178,-0.7248895882674906,-0.2334830499955985,-0.6307381392566708,-0.162984884853083,-0.4057153639132397,-0.5520768893966107,-0.4820532819843823,0.1656187059127561,0.6928817880382653,-0.3144984485813255,1.327161030376671,0.7618113109016622,0.6520824719662907
