ID,Year_Birth,Education,Marital_Status,Income,Kidhome,Teenhome,Dt_Customer,Recency,MntWines,MntFruits,MntMeatProducts,MntFishProducts,MntSweetProducts,MntGoldProds,NumDealsPurchases,NumWebPurchases,NumCatalogPurchases,NumStorePurchases,NumWebVisitsMonth,AcceptedCmp3,AcceptedCmp4,AcceptedCmp5,AcceptedCmp1,AcceptedCmp2,Complain,Z_CostContact,Z_Revenue,Response,Age,Customer_Age,Customer_Tenure_Years,Total_Children,Family_Size,Total_Spending,Total_Purchases,Total_Campaign_Acceptance,Average_Spending_per_Purchase,Digital_Engagement,Deal_Dependency,Preferred_Shopping_Channel,Product_Preference,Customer_Activity_Level
5524,1957,Graduation,Single,58138.0,0,0,2012-09-04,58,635,81,546,120.5,81,88.0,3,8,10,4,7,0,0,0,0,0,0,3,11,1,68,68,1.82,0,1,1551.5,22,0,70.52272727272727,15,0.13636363636363635,Catalog,Wine,Moderately Active
2174,1954,Graduation,Single,46344.0,1,1,2014-03-08,38,11,1,6,2.0,1,6.0,2,1,1,2,5,0,0,0,0,0,0,3,11,0,71,71,0.31,2,3,27.0,4,0,6.75,6,0.5,Store,Wine,Moderately Active
4141,1965,Graduation,Together,71613.0,0,0,2013-08-21,26,426,49,127,111.0,21,42.0,1,8,2,10,4,0,0,0,0,0,0,3,11,0,60,60,0.85,0,1,776.0,20,0,38.8,12,0.05,Store,Wine,Highly Active
6182,1984,Graduation,Together,26646.0,1,0,2014-02-10,26,11,4,20,10.0,3,5.0,2,2,0,4,6,0,0,0,0,0,0,3,11,0,41,41,0.38,1,2,53.0,6,0,8.833333333333334,8,0.3333333333333333,Store,Meat,Highly Active
5324,1981,Phd,Married,58293.0,1,0,2014-01-19,94,173,43,118,46.0,27,15.0,5,5,3,6,5,0,0,0,0,0,0,3,11,0,44,44,0.44,1,2,422.0,14,0,30.142857142857142,10,0.35714285714285715,Store,Wine,Inactive
7446,1967,Master,Together,62513.0,0,1,2013-09-09,16,520,42,98,0.0,42,14.0,2,6,4,10,6,0,0,0,0,0,0,3,11,0,58,58,0.8,1,2,716.0,20,0,35.8,12,0.1,Store,Wine,Highly Active
965,1971,Graduation,Divorced,55635.0,0,1,2012-11-13,34,235,65,164,50.0,49,27.0,4,7,3,7,6,0,0,0,0,0,0,3,11,0,54,54,1.62,1,2,590.0,17,0,34.705882352941174,13,0.23529411764705882,Web,Wine,Moderately Active
6177,1985,Phd,Married,33454.0,1,0,2013-05-08,32,76,10,56,3.0,1,23.0,2,4,0,4,8,0,0,0,0,0,0,3,11,0,40,40,1.14,1,2,169.0,8,0,21.125,12,0.25,Web,Wine,Moderately Active
4855,1974,Phd,Together,30351.0,1,0,2013-06-06,19,14,0,24,3.0,3,2.0,1,3,0,2,9,0,0,0,0,0,0,3,11,1,51,51,1.06,1,2,46.0,5,0,9.2,12,0.2,Web,Meat,Highly Active
5899,1950,Phd,Together,5648.0,1,1,2014-03-13,68,28,0,6,1.0,1,13.0,1,1,0,0,20,1,0,0,0,0,0,3,11,0,75,75,0.3,2,3,49.0,1,1,49.0,21,1.0,Web,Wine,Inactive
1994,1983,Graduation,Married,51381.5,1,0,2013-11-15,11,5,5,6,0.0,2,1.0,1,1,0,2,7,0,0,0,0,0,0,3,11,0,42,42,0.62,1,2,19.0,3,0,6.333333333333333,8,0.3333333333333333,Store,Meat,Highly Active
387,1976,Basic,Married,7500.0,0,0,2012-11-13,59,6,16,11,11.0,1,16.0,1,2,0,3,8,0,0,0,0,0,0,3,11,0,49,49,1.62,0,1,61.0,5,0,12.2,10,0.2,Store,Fruits,Moderately Active
2125,1959,Graduation,Divorced,63033.0,0,0,2013-11-15,82,194,61,480,120.5,81,30.0,1,3,4,8,2,0,0,0,0,0,0,3,11,0,66,66,0.62,0,1,966.5,15,0,64.43333333333334,5,0.06666666666666667,Store,Meat,Inactive
8180,1952,Master,Divorced,59354.0,1,1,2013-11-15,53,233,2,53,3.0,5,14.0,3,6,1,5,6,0,0,0,0,0,0,3,11,0,73,73,0.62,2,3,310.0,12,0,25.833333333333332,12,0.25,Web,Wine,Moderately Active
2569,1987,Graduation,Married,17323.0,0,0,2012-10-10,38,3,14,17,6.0,1,5.0,1,1,0,3,8,0,0,0,0,0,0,3,11,0,38,38,1.72,0,1,46.0,4,0,11.5,9,0.25,Store,Meat,Moderately Active
2114,1946,Phd,Single,82800.0,0,0,2012-11-24,23,1006,22,115,59.0,68,45.0,1,7,6,12,3,0,0,1,1,0,0,3,11,1,79,79,1.59,0,1,1315.0,25,2,52.6,10,0.04,Store,Wine,Highly Active
9736,1980,Graduation,Married,41850.0,1,1,2012-12-24,51,53,5,19,2.0,13,4.0,3,3,0,3,8,0,0,0,0,0,0,3,11,0,45,45,1.51,2,3,96.0,6,0,16.0,11,0.5,Web,Wine,Moderately Active
4939,1946,Graduation,Together,37760.0,0,0,2012-08-31,20,84,5,38,120.5,12,28.0,2,4,1,6,7,0,0,0,0,0,0,3,11,0,79,79,1.83,0,1,287.5,11,0,26.136363636363637,11,0.18181818181818182,Store,Fish,Highly Active
6565,1949,Master,Married,76995.0,0,1,2013-03-28,91,1012,80,498,0.0,16,126.5,2,11,4,9,5,0,0,0,1,0,0,3,11,0,76,76,1.25,1,2,1732.5,24,1,72.1875,16,0.08333333333333333,Web,Wine,Inactive
2278,1985,2N Cycle,Single,33812.0,1,0,2012-11-03,86,4,17,19,30.0,24,39.0,2,2,1,3,6,0,0,0,0,0,0,3,11,0,40,40,1.65,1,2,133.0,6,0,22.166666666666668,8,0.3333333333333333,Store,Gold,Inactive
9360,1982,Graduation,Married,37040.0,0,0,2012-08-08,41,86,2,73,69.0,38,48.0,1,4,2,5,8,0,0,0,0,0,0,3,11,0,43,43,1.89,0,1,316.0,11,0,28.727272727272727,12,0.09090909090909091,Store,Wine,Moderately Active
5376,1979,Graduation,Married,2447.0,1,0,2013-01-06,42,1,1,556,1.0,1,1.0,15,0,28,0,1,0,0,0,0,0,0,3,11,0,46,46,1.48,1,2,561.0,28,0,20.035714285714285,1,0.5357142857142857,Catalog,Meat,Moderately Active
1993,1949,Phd,Married,58607.0,0,1,2012-12-23,63,867,0,86,0.0,0,19.0,3,2,3,9,8,0,1,0,0,0,0,3,11,0,76,76,1.51,1,2,972.0,14,1,69.42857142857143,10,0.21428571428571427,Store,Wine,Inactive
4047,1954,Phd,Married,65324.0,0,1,2014-01-11,0,384,0,102,21.0,32,5.0,3,6,2,9,4,0,0,0,0,0,0,3,11,0,71,71,0.46,1,2,544.0,17,0,32.0,10,0.17647058823529413,Store,Wine,Highly Active
1409,1951,Graduation,Together,40689.0,0,1,2013-03-18,69,270,3,27,39.0,6,99.0,7,7,1,5,8,0,0,0,0,0,0,3,11,0,74,74,1.28,1,2,444.0,13,0,34.15384615384615,15,0.5384615384615384,Web,Wine,Inactive
7892,1969,Graduation,Single,18589.0,0,0,2013-01-02,89,6,4,25,15.0,12,13.0,2,2,1,3,7,0,0,0,0,0,0,3,11,0,56,56,1.49,0,1,75.0,6,0,12.5,9,0.3333333333333333,Store,Meat,Inactive
2404,1976,Graduation,Married,53359.0,1,1,2013-05-27,4,173,4,30,3.0,6,41.0,4,5,1,4,7,0,0,0,0,0,0,3,11,0,49,49,1.09,2,3,257.0,10,0,25.7,12,0.4,Web,Wine,Highly Active
5255,1986,Graduation,Single,51381.5,1,0,2013-02-20,19,5,1,3,3.0,81,126.5,0,27,0,0,1,0,0,0,0,0,0,3,11,0,39,39,1.35,1,2,219.5,27,0,8.12962962962963,28,0.0,Web,Gold,Highly Active
9422,1989,Graduation,Married,38360.0,1,0,2013-05-31,26,36,2,42,20.0,21,10.0,2,2,1,4,3,0,0,0,0,0,0,3,11,0,36,36,1.08,1,2,131.0,7,0,18.714285714285715,5,0.2857142857142857,Store,Meat,Highly Active
1966,1965,Phd,Married,84618.0,0,0,2013-11-22,96,684,81,556,21.0,66,0.0,1,6,9,10,2,0,0,1,0,0,0,3,11,0,60,60,0.6,0,1,1408.0,25,1,56.32,8,0.04,Store,Wine,Inactive
6864,1989,Master,Divorced,10979.0,0,0,2014-05-22,34,8,4,10,2.0,2,4.0,2,3,0,3,5,0,0,0,0,0,0,3,11,0,36,36,0.1,0,1,30.0,6,0,5.0,8,0.3333333333333333,Web,Meat,Moderately Active
3033,1963,Master,Together,38620.0,0,0,2013-05-11,56,112,17,44,34.0,22,89.0,1,2,5,3,3,0,0,0,0,0,0,3,11,0,62,62,1.13,0,1,318.0,10,0,31.8,5,0.1,Catalog,Wine,Moderately Active
5710,1970,Graduation,Together,40548.0,0,1,2012-10-10,31,110,0,5,2.0,0,3.0,2,2,1,4,5,0,1,0,0,0,0,3,11,0,55,55,1.72,1,2,120.0,7,1,17.142857142857142,7,0.2857142857142857,Store,Wine,Moderately Active
7373,1952,Phd,Divorced,46610.0,0,2,2012-10-29,8,96,12,96,33.0,22,43.0,6,4,1,6,6,0,0,0,0,0,0,3,11,1,73,73,1.66,2,3,302.0,11,0,27.454545454545453,10,0.5454545454545454,Store,Wine,Highly Active
8755,1946,Master,Married,68657.0,0,0,2013-02-20,4,482,34,471,119.0,68,22.0,1,3,5,9,7,0,0,0,0,0,0,3,11,0,79,79,1.35,0,1,1196.0,17,0,70.3529411764706,10,0.058823529411764705,Store,Wine,Highly Active
10738,1951,Master,Single,49389.0,1,1,2013-08-29,55,40,0,19,2.0,1,3.0,1,2,0,3,7,0,0,0,0,0,0,3,11,0,74,74,0.83,2,3,65.0,5,0,13.0,9,0.2,Store,Wine,Moderately Active
4339,1970,Phd,Married,67353.0,0,1,2013-12-31,37,702,17,151,0.0,8,35.0,5,5,6,12,2,0,0,0,0,0,0,3,11,0,55,55,0.49,1,2,913.0,23,0,39.69565217391305,7,0.21739130434782608,Store,Wine,Moderately Active
10755,1976,2N Cycle,Married,23718.0,1,0,2013-09-02,76,6,3,14,15.0,7,36.0,3,3,1,2,7,0,0,0,0,0,0,3,11,0,49,49,0.82,1,2,81.0,6,0,13.5,10,0.5,Web,Gold,Inactive
8595,1973,Graduation,Widow,42429.0,0,1,2014-02-11,99,55,0,6,2.0,0,4.0,2,1,1,3,5,0,0,0,0,0,0,3,11,0,52,52,0.38,1,2,67.0,5,0,13.4,6,0.4,Store,Wine,Inactive
2968,1943,Phd,Divorced,48948.0,0,0,2013-02-01,53,437,8,206,120.5,49,42.0,2,7,10,5,6,1,0,0,0,0,0,3,11,1,82,82,1.4,0,1,862.5,22,1,39.20454545454545,13,0.09090909090909091,Catalog,Wine,Moderately Active
8601,1980,Graduation,Married,80011.0,0,1,2013-04-29,3,421,76,536,82.0,81,102.0,2,8,6,5,4,0,0,0,0,0,0,3,11,0,45,45,1.17,1,2,1298.0,19,0,68.3157894736842,12,0.10526315789473684,Web,Meat,Highly Active
503,1985,Master,Married,20559.0,1,0,2013-03-12,88,13,1,29,3.0,0,7.0,2,2,0,3,8,0,0,0,0,0,0,3,11,0,40,40,1.3,1,2,53.0,5,0,10.6,10,0.4,Store,Meat,Inactive
8430,1957,Graduation,Together,21994.0,0,1,2012-12-24,4,9,0,6,3.0,1,3.0,1,0,0,3,5,0,0,0,0,0,0,3,11,0,68,68,1.51,1,2,22.0,3,0,7.333333333333333,5,0.3333333333333333,Store,Wine,Highly Active
7281,1959,Phd,Single,51381.5,0,0,2013-11-05,80,81,11,50,3.0,2,39.0,1,1,3,4,2,0,0,0,0,0,0,3,11,0,66,66,0.65,0,1,186.0,8,0,23.25,3,0.125,Store,Wine,Inactive
2139,1975,Master,Married,7500.0,1,0,2013-10-02,19,3,1,10,3.0,2,12.0,3,2,0,3,5,0,0,0,0,0,0,3,11,0,50,50,0.74,1,2,31.0,5,0,6.2,7,0.6,Store,Gold,Highly Active
1371,1976,Graduation,Single,79941.0,0,0,2014-06-28,72,123,81,266,120.5,30,126.5,1,2,4,9,1,0,0,0,0,0,0,3,11,0,49,49,0.0,0,1,747.0,15,0,49.8,3,0.06666666666666667,Store,Meat,Inactive
9909,1996,2N Cycle,Married,7500.0,0,0,2012-11-09,24,3,18,14,15.0,22,50.0,3,3,1,3,9,0,0,0,0,0,0,3,11,1,29,29,1.63,0,1,122.0,7,0,17.428571428571427,12,0.42857142857142855,Web,Gold,Highly Active
7286,1968,Graduation,Together,41728.0,1,0,2013-05-24,92,13,6,15,3.0,5,13.0,1,2,0,2,10,0,0,0,0,0,0,3,11,0,57,57,1.1,1,2,55.0,4,0,13.75,12,0.25,Web,Meat,Inactive
7244,1951,Graduation,Single,51381.5,2,1,2014-01-01,96,48,5,48,6.0,10,7.0,3,2,1,4,6,0,0,0,0,0,0,3,11,0,74,74,0.49,3,4,124.0,7,0,17.714285714285715,8,0.42857142857142855,Store,Wine,Inactive
6566,1954,Phd,Married,72550.0,1,1,2012-11-08,39,826,50,317,50.0,38,38.0,9,5,2,12,8,0,0,0,0,0,0,3,11,0,71,71,1.64,2,3,1319.0,19,0,69.42105263157895,13,0.47368421052631576,Store,Wine,Moderately Active
8614,1957,Graduation,Widow,65486.0,0,1,2014-05-12,29,245,19,125,37.0,67,14.0,1,4,2,10,2,0,0,0,0,0,0,3,11,0,68,68,0.13,1,2,507.0,16,0,31.6875,6,0.0625,Store,Wine,Highly Active
4114,1964,Master,Married,79143.0,0,0,2012-08-11,2,650,37,556,27.0,81,32.0,1,6,9,13,3,0,0,0,0,0,0,3,11,0,61,61,1.88,0,1,1383.0,28,0,49.392857142857146,9,0.03571428571428571,Store,Wine,Highly Active
1331,1977,Graduation,Single,35790.0,1,0,2013-01-02,54,12,6,20,30.0,1,3.0,2,2,0,3,7,0,0,0,0,0,0,3,11,0,48,48,1.49,1,2,72.0,5,0,14.4,9,0.4,Store,Fish,Moderately Active
2225,1977,Graduation,Divorced,82582.0,0,0,2014-06-07,54,510,81,550,120.5,40,126.5,1,4,9,7,1,1,0,0,1,0,0,3,11,1,48,48,0.06,0,1,1428.0,20,2,71.4,5,0.05,Catalog,Meat,Moderately Active
9381,1978,Graduation,Married,66373.0,1,1,2013-06-12,57,328,9,124,12.0,24,109.0,7,4,2,10,3,0,0,0,0,0,0,3,11,0,47,47,1.05,2,3,606.0,16,0,37.875,7,0.4375,Store,Wine,Moderately Active
6260,1955,Master,Together,82384.0,0,0,2012-11-19,55,984,51,432,120.5,81,126.5,1,3,10,13,1,0,0,1,0,0,0,3,11,1,70,70,1.61,0,1,1795.0,26,1,69.03846153846153,4,0.038461538461538464,Store,Wine,Moderately Active
10383,1966,Graduation,Divorced,70287.0,0,0,2013-04-02,30,295,35,482,120.5,81,40.0,1,5,5,10,3,0,0,0,0,0,0,3,11,1,59,59,1.24,0,1,1053.5,20,0,52.675,8,0.05,Store,Meat,Highly Active
7437,1988,Graduation,Single,27938.0,1,0,2014-04-28,31,13,0,8,2.0,1,5.0,1,1,0,4,3,0,0,0,0,0,0,3,11,0,37,37,0.17,1,2,29.0,5,0,5.8,4,0.2,Store,Wine,Moderately Active
8557,1982,Graduation,Single,51381.5,1,0,2013-06-17,57,11,3,22,2.0,2,6.0,2,2,0,3,6,0,0,0,0,0,0,3,11,0,43,43,1.03,1,2,46.0,5,0,9.2,8,0.4,Store,Meat,Moderately Active
8375,1968,Phd,Married,55954.0,0,1,2014-03-03,63,447,0,28,0.0,0,43.0,3,8,2,6,7,0,0,0,0,0,0,3,11,0,57,57,0.32,1,2,518.0,16,0,32.375,15,0.1875,Web,Wine,Inactive
6853,1982,Master,Single,75777.0,0,0,2013-07-04,12,712,26,538,69.0,13,80.0,1,3,6,11,1,0,1,1,0,0,0,3,11,1,43,43,0.99,0,1,1438.0,20,2,71.9,4,0.05,Store,Wine,Highly Active
3076,1975,Graduation,Together,66653.0,1,1,2012-09-07,18,452,18,102,16.0,18,6.0,4,4,2,12,3,0,0,0,0,0,0,3,11,0,50,50,1.81,2,3,612.0,18,0,34.0,7,0.2222222222222222,Store,Wine,Highly Active
1012,1952,Graduation,Single,61823.0,0,1,2013-02-18,26,523,7,134,37.0,14,126.5,4,8,2,10,7,0,0,0,0,0,0,3,11,0,73,73,1.36,1,2,841.5,20,0,42.075,15,0.2,Store,Wine,Highly Active
6518,1951,Phd,Widow,67680.0,0,1,2013-06-11,8,546,0,48,0.0,6,6.0,1,7,3,8,5,0,0,0,0,0,0,3,11,0,74,74,1.05,1,2,606.0,18,0,33.666666666666664,12,0.05555555555555555,Store,Wine,Highly Active
4137,1948,Graduation,Together,70666.0,0,0,2013-12-06,29,398,40,367,119.0,81,30.0,1,7,4,4,4,0,0,0,0,0,0,3,11,0,77,77,0.56,0,1,1035.0,15,0,69.0,11,0.06666666666666667,Web,Wine,Highly Active
8082,1971,Graduation,Married,25721.0,1,0,2013-05-21,75,1,3,6,3.0,6,15.0,1,1,1,2,7,0,0,0,0,0,0,3,11,1,54,54,1.11,1,2,34.0,4,0,8.5,8,0.25,Store,Gold,Inactive
1386,1967,Graduation,Together,32474.0,1,1,2014-05-11,0,10,0,1,0.0,0,0.0,1,1,0,2,7,0,0,0,0,0,0,3,11,0,58,58,0.13,2,3,11.0,3,0,3.6666666666666665,8,0.3333333333333333,Store,Wine,Highly Active
9369,1979,2N Cycle,Single,88194.0,0,1,2014-03-19,19,688,14,309,120.5,24,38.0,1,11,10,10,5,1,0,0,1,0,0,3,11,1,46,46,0.28,1,2,1193.5,31,2,38.5,16,0.03225806451612903,Web,Wine,Highly Active
4477,1958,Graduation,Together,69096.0,0,1,2013-09-27,4,247,49,159,7.0,81,109.0,1,5,2,10,4,0,0,0,0,0,0,3,11,0,67,67,0.75,1,2,652.0,17,0,38.35294117647059,9,0.058823529411764705,Store,Wine,Highly Active
1357,1970,Graduation,Together,74854.0,1,2,2013-04-08,90,856,59,487,58.0,29,73.0,7,2,5,5,5,0,0,0,0,0,0,3,11,0,55,55,1.22,3,4,1562.0,12,0,130.16666666666666,7,0.5833333333333334,Catalog,Wine,Inactive
1402,1954,Master,Married,66991.0,0,0,2012-09-11,1,496,36,460,120.5,60,12.0,3,4,8,6,3,0,0,0,0,0,0,3,11,0,71,71,1.8,0,1,1184.5,18,0,65.80555555555556,7,0.16666666666666666,Catalog,Wine,Highly Active
10629,1973,2N Cycle,Married,51381.5,1,0,2012-09-14,25,25,3,43,17.0,4,17.0,3,3,0,3,8,0,0,0,0,0,0,3,11,0,52,52,1.79,1,2,109.0,6,0,18.166666666666668,11,0.5,Web,Meat,Highly Active
6312,1959,Graduation,Married,65031.0,0,1,2013-03-17,29,258,81,291,84.0,37,86.0,4,10,3,13,7,0,0,0,0,0,0,3,11,0,66,66,1.28,1,2,837.0,26,0,32.19230769230769,17,0.15384615384615385,Store,Meat,Highly Active
8132,1975,Phd,Married,60631.0,1,1,2013-04-05,88,565,6,65,0.0,6,19.0,5,9,2,8,7,0,1,0,0,0,0,3,11,0,50,50,1.23,2,3,661.0,19,1,34.78947368421053,16,0.2631578947368421,Web,Wine,Inactive
1050,1952,Graduation,Married,28332.0,0,0,2014-04-30,58,14,10,13,4.0,15,9.0,1,2,1,4,2,0,0,0,0,0,0,3,11,0,73,73,0.16,0,1,65.0,7,0,9.285714285714286,4,0.14285714285714285,Store,Sweets,Moderately Active
5846,1977,Graduation,Divorced,40246.0,1,0,2012-12-19,68,2,1,6,2.0,1,1.0,1,1,0,2,6,0,0,0,0,0,0,3,11,0,48,48,1.52,1,2,13.0,3,0,4.333333333333333,7,0.3333333333333333,Store,Meat,Inactive
1859,1972,Master,Married,75251.0,0,0,2012-08-27,34,721,81,556,97.0,18,18.0,1,7,6,5,5,0,0,0,0,0,0,3,11,1,53,53,1.84,0,1,1491.0,18,0,82.83333333333333,12,0.05555555555555555,Web,Wine,Moderately Active
7503,1976,Graduation,Single,75825.0,0,0,2012-10-12,40,1032,81,556,120.5,81,51.0,0,5,8,9,4,1,0,0,0,0,0,3,11,1,49,49,1.71,0,1,1921.5,22,1,87.3409090909091,9,0.0,Store,Wine,Moderately Active
10401,1976,2N Cycle,Together,26326.0,0,0,2013-09-04,12,1,0,5,0.0,3,9.0,1,0,0,3,3,0,0,0,0,0,1,3,11,0,49,49,0.82,0,1,18.0,3,0,6.0,3,0.3333333333333333,Store,Gold,Highly Active
1618,1965,Graduation,Together,56046.0,0,0,2013-01-02,9,577,0,64,0.0,0,51.0,2,10,1,8,8,1,0,0,0,0,0,3,11,1,60,60,1.49,0,1,692.0,19,1,36.421052631578945,18,0.10526315789473684,Web,Wine,Highly Active
3332,1985,Graduation,Single,29760.0,1,0,2012-08-29,87,64,4,68,7.0,5,17.0,4,3,1,4,8,0,0,0,0,0,0,3,11,0,40,40,1.83,1,2,165.0,8,0,20.625,11,0.5,Store,Meat,Inactive
2261,1969,Graduation,Married,26304.0,1,0,2013-06-23,5,4,1,5,2.0,0,4.0,1,1,0,2,7,0,0,0,0,0,0,3,11,0,56,56,1.02,1,2,16.0,3,0,5.333333333333333,8,0.3333333333333333,Store,Meat,Highly Active
5346,1973,2N Cycle,Married,23559.0,1,0,2013-07-03,87,25,5,19,7.0,0,23.0,3,3,0,3,7,0,0,0,0,0,0,3,11,0,52,52,0.99,1,2,79.0,6,0,13.166666666666666,10,0.5,Web,Wine,Inactive
4119,1963,Master,Together,38620.0,0,0,2013-05-11,56,112,17,44,34.0,22,89.0,1,2,5,3,3,0,0,0,0,0,0,3,11,0,62,62,1.13,0,1,318.0,10,0,31.8,5,0.1,Catalog,Wine,Moderately Active
535,1987,Graduation,Divorced,81361.0,0,0,2014-02-25,18,163,23,424,27.0,65,76.0,1,3,10,13,1,0,0,0,0,0,0,3,11,0,38,38,0.34,0,1,778.0,26,0,29.923076923076923,4,0.038461538461538464,Store,Meat,Highly Active
5268,1960,Graduation,Married,29440.0,1,1,2013-08-11,95,17,8,14,10.0,4,3.0,2,1,0,4,7,0,0,0,0,0,0,3,11,0,65,65,0.88,2,3,56.0,5,0,11.2,8,0.4,Store,Wine,Inactive
273,1970,Master,Married,36138.0,1,1,2013-07-16,48,130,0,16,0.0,0,5.0,5,3,1,4,7,0,1,0,0,0,0,3,11,0,55,55,0.95,2,3,151.0,8,1,18.875,10,0.625,Store,Wine,Moderately Active
4452,1957,Graduation,Single,50388.0,0,1,2014-05-28,3,292,6,37,0.0,3,34.0,4,6,1,6,7,0,1,0,1,0,0,3,11,1,68,68,0.09,1,2,372.0,13,2,28.615384615384617,13,0.3076923076923077,Web,Wine,Highly Active
8504,1973,Graduation,Married,79593.0,0,0,2014-05-12,70,350,60,556,110.0,81,126.5,1,5,6,7,2,0,0,1,0,0,0,3,11,0,52,52,0.13,0,1,1283.5,18,1,71.30555555555556,7,0.05555555555555555,Store,Meat,Inactive
771,1967,Graduation,Together,54178.0,0,1,2014-01-21,79,135,9,39,4.0,0,7.0,1,2,2,5,2,0,0,0,0,0,0,3,11,0,58,58,0.44,1,2,194.0,9,0,21.555555555555557,4,0.1111111111111111,Store,Wine,Inactive
8996,1957,Phd,Married,51381.5,2,1,2012-11-19,4,230,42,192,49.0,37,53.0,12,7,2,8,9,0,0,0,0,0,0,3,11,0,68,68,1.61,3,4,603.0,17,0,35.470588235294116,16,0.7058823529411765,Store,Wine,Highly Active
9235,1957,Graduation,Single,51381.5,1,1,2014-05-27,45,7,0,8,2.0,0,1.0,1,1,0,2,7,0,0,0,0,0,0,3,11,0,68,68,0.09,2,3,18.0,3,0,6.0,8,0.3333333333333333,Store,Meat,Moderately Active
5798,1973,Master,Together,51381.5,0,0,2013-11-23,87,445,37,359,98.0,28,18.0,1,2,4,8,1,0,0,0,0,0,0,3,11,0,52,52,0.6,0,1,985.0,14,0,70.35714285714286,3,0.07142857142857142,Store,Wine,Inactive
11178,1972,Master,Single,42394.0,1,0,2014-03-23,69,15,2,10,0.0,1,4.0,1,1,0,3,7,0,0,0,0,0,0,3,11,0,53,53,0.27,1,2,32.0,4,0,8.0,8,0.25,Store,Wine,Inactive
2230,1970,Phd,Married,23626.0,1,0,2014-05-24,84,27,2,14,0.0,0,0.0,3,3,1,3,5,0,0,0,0,0,0,3,11,0,55,55,0.1,1,2,43.0,7,0,6.142857142857143,8,0.42857142857142855,Web,Wine,Inactive
7516,1983,Graduation,Married,30096.0,1,0,2014-05-22,30,5,3,11,12.0,5,9.0,1,2,0,3,6,0,0,0,0,0,0,3,11,0,42,42,0.1,1,2,45.0,5,0,9.0,8,0.2,Store,Fish,Highly Active
7247,1960,Graduation,Widow,47916.0,0,1,2012-11-22,72,505,0,26,0.0,0,75.0,5,7,4,6,6,0,1,0,0,0,0,3,11,0,65,65,1.6,1,2,606.0,17,1,35.64705882352941,13,0.29411764705882354,Web,Wine,Inactive
11100,1972,Graduation,Divorced,51813.0,1,1,2013-04-11,37,51,2,7,0.0,1,2.0,2,2,0,3,7,0,0,0,0,0,0,3,11,0,53,53,1.22,2,3,63.0,5,0,12.6,9,0.4,Store,Wine,Moderately Active
4646,1951,2N Cycle,Married,78497.0,0,0,2013-12-01,44,207,26,447,75.0,0,126.5,1,5,7,12,2,0,0,0,1,0,0,3,11,0,74,74,0.57,0,1,881.5,24,1,36.729166666666664,7,0.041666666666666664,Store,Meat,Moderately Active
3037,1983,Phd,Married,50150.0,0,0,2013-06-20,32,135,46,92,65.0,61,11.0,2,5,2,7,5,0,0,0,0,0,0,3,11,0,42,42,1.02,0,1,410.0,14,0,29.285714285714285,10,0.14285714285714285,Store,Wine,Moderately Active
1473,1960,2N Cycle,Single,47823.0,0,1,2013-07-23,0,53,1,5,2.0,1,10.0,2,2,0,3,8,0,0,0,0,0,0,3,11,0,65,65,0.93,1,2,72.0,5,0,14.4,10,0.4,Store,Wine,Highly Active
1016,1959,Phd,Single,34554.0,0,1,2014-03-30,43,41,1,6,2.0,0,5.0,2,2,0,3,6,0,0,0,0,0,0,3,11,0,66,66,0.25,1,2,55.0,5,0,11.0,8,0.4,Store,Wine,Moderately Active
4518,1979,Graduation,Together,85693.0,0,1,2013-04-20,59,386,81,183,120.5,81,111.0,2,9,5,11,5,0,0,0,0,0,0,3,11,0,46,46,1.19,1,2,962.5,25,0,38.5,14,0.08,Store,Wine,Moderately Active
9370,1945,Phd,Married,65846.0,0,0,2013-05-17,68,562,81,276,80.0,40,81.0,1,6,3,6,4,0,0,0,0,0,0,3,11,0,80,80,1.12,0,1,1120.0,15,0,74.66666666666667,10,0.06666666666666667,Web,Wine,Inactive
8908,1959,Graduation,Married,87195.0,0,0,2014-05-08,35,217,76,556,50.0,26,38.0,1,3,11,5,1,0,0,0,0,0,0,3,11,1,66,66,0.14,0,1,963.0,19,0,50.68421052631579,4,0.05263157894736842,Catalog,Meat,Moderately Active
8373,1979,Basic,Together,24594.0,1,0,2013-12-10,94,1,3,6,10.0,0,9.0,1,1,0,3,5,0,0,0,0,0,0,3,11,0,46,46,0.55,1,2,29.0,4,0,7.25,6,0.25,Store,Fish,Inactive
7533,1964,Graduation,Married,49096.0,1,1,2013-09-24,15,144,1,32,2.0,1,7.0,4,4,1,4,7,0,0,0,0,0,0,3,11,0,61,61,0.76,2,3,187.0,9,0,20.77777777777778,11,0.4444444444444444,Web,Wine,Highly Active
2683,1969,Graduation,Married,52413.0,0,2,2013-02-02,56,295,81,271,75.0,81,65.0,4,6,4,12,6,0,0,0,0,0,0,3,11,0,56,56,1.4,2,3,868.0,22,0,39.45454545454545,12,0.18181818181818182,Store,Wine,Moderately Active
3629,1978,Graduation,Single,38557.0,1,0,2012-12-19,17,76,3,31,4.0,4,27.0,2,3,1,3,7,0,0,0,0,0,0,3,11,0,47,47,1.52,1,2,145.0,7,0,20.714285714285715,10,0.2857142857142857,Web,Wine,Highly Active
10991,1960,Master,Married,89058.0,0,0,2012-12-07,18,454,81,106,31.0,22,43.0,1,5,4,4,2,0,0,0,0,0,0,3,11,0,65,65,1.56,0,1,737.0,13,0,56.69230769230769,7,0.07692307692307693,Web,Wine,Highly Active
5077,1979,Graduation,Together,77298.0,0,1,2013-11-02,46,425,81,292,23.0,35,79.0,1,6,6,11,3,0,0,0,0,0,0,3,11,0,46,46,0.65,1,2,935.0,23,0,40.65217391304348,9,0.043478260869565216,Store,Wine,Moderately Active
7431,1991,Phd,Single,68126.0,0,0,2012-11-10,40,1224,17,311,23.0,51,86.0,1,7,4,5,9,0,1,0,0,0,0,3,11,1,34,34,1.63,0,1,1712.0,16,1,107.0,16,0.0625,Web,Wine,Moderately Active
3267,1963,Master,Together,57288.0,0,1,2014-06-25,27,527,0,21,0.0,0,60.0,3,8,1,8,6,0,1,0,0,0,0,3,11,0,62,62,0.01,1,2,608.0,17,1,35.76470588235294,14,0.17647058823529413,Web,Wine,Highly Active
999,1991,Graduation,Single,86037.0,0,0,2013-01-02,95,490,44,125,29.0,20,22.0,1,6,7,11,3,0,1,1,0,0,0,3,11,1,34,34,1.49,0,1,730.0,24,2,30.416666666666668,9,0.041666666666666664,Store,Wine,Inactive
9215,1980,Phd,Married,43974.0,1,0,2012-12-12,19,378,0,101,0.0,0,72.0,5,6,4,6,7,0,0,0,0,0,0,3,11,0,45,45,1.54,1,2,551.0,16,0,34.4375,13,0.3125,Web,Wine,Highly Active
2286,1962,Graduation,Single,50785.0,1,1,2013-09-10,27,64,1,21,0.0,1,27.0,2,2,1,3,6,0,0,0,0,0,0,3,11,0,63,63,0.8,2,3,114.0,6,0,19.0,8,0.3333333333333333,Store,Wine,Highly Active
1592,1970,Graduation,Married,90765.0,0,0,2014-01-24,25,547,81,556,120.5,81,33.0,0,4,6,5,1,0,0,1,1,0,0,3,11,0,55,55,0.43,0,1,1418.5,15,2,94.56666666666666,5,0.0,Catalog,Meat,Highly Active
367,1978,2N Cycle,Married,36550.0,1,0,2013-02-19,74,47,81,94,120.5,81,120.0,5,9,1,5,9,0,0,0,0,0,0,3,11,0,47,47,1.36,1,2,543.5,15,0,36.233333333333334,18,0.3333333333333333,Web,Fish,Inactive
5234,1967,2N Cycle,Together,30753.0,1,1,2013-07-11,85,12,5,25,0.0,9,30.0,2,1,1,3,5,0,0,0,0,0,0,3,11,0,58,58,0.97,2,3,81.0,5,0,16.2,6,0.4,Store,Gold,Inactive
9862,1969,Graduation,Together,21918.0,1,0,2013-11-14,37,1,6,7,11.0,5,3.0,2,2,0,3,6,0,0,0,0,0,0,3,11,0,56,56,0.62,1,2,33.0,5,0,6.6,8,0.4,Store,Fish,Moderately Active
9805,1953,Master,Together,56129.0,0,1,2013-06-20,65,320,48,133,39.0,72,48.0,4,6,2,10,4,0,0,0,0,0,0,3,11,0,72,72,1.02,1,2,660.0,18,0,36.666666666666664,10,0.2222222222222222,Store,Wine,Inactive
6205,1967,Master,Single,32557.0,1,0,2014-02-24,13,34,3,29,0.0,4,10.0,3,2,1,3,5,0,0,0,0,0,0,3,11,1,58,58,0.34,1,2,80.0,6,0,13.333333333333334,7,0.5,Store,Wine,Highly Active
8442,1985,Master,Married,19510.0,2,0,2013-09-04,63,9,0,7,3.0,4,7.0,2,1,0,3,7,0,0,0,0,0,0,3,11,0,40,40,0.82,2,3,30.0,4,0,7.5,8,0.5,Store,Wine,Inactive
7386,1976,Graduation,Divorced,30992.0,1,0,2013-04-22,83,17,0,14,7.0,3,2.0,1,1,0,3,7,0,0,0,0,0,0,3,11,0,49,49,1.19,1,2,43.0,4,0,10.75,8,0.25,Store,Wine,Inactive
7215,1983,Graduation,Single,101970.0,0,0,2013-03-12,69,722,27,102,44.0,72,126.5,0,6,8,13,2,0,1,1,1,0,0,3,11,1,42,42,1.3,0,1,1093.5,27,3,40.5,8,0.0,Store,Wine,Inactive
1491,1965,2N Cycle,Together,71488.0,0,0,2013-02-18,87,162,33,124,40.0,28,126.5,2,3,4,7,1,0,0,0,0,0,0,3,11,0,60,60,1.36,0,1,513.5,14,0,36.67857142857143,4,0.14285714285714285,Store,Wine,Inactive
11071,1984,Graduation,Single,79607.0,0,0,2013-04-21,37,450,81,556,120.5,0,126.5,1,3,6,6,1,0,0,0,0,0,0,3,11,1,41,41,1.19,0,1,1334.0,15,0,88.93333333333334,4,0.06666666666666667,Catalog,Meat,Moderately Active
3381,1953,Master,Married,54348.0,1,1,2014-06-08,51,70,0,16,0.0,0,4.0,2,2,0,4,6,0,0,0,0,0,0,3,11,0,72,72,0.06,2,3,90.0,6,0,15.0,8,0.3333333333333333,Store,Wine,Moderately Active
8268,1961,Phd,Married,51381.5,0,1,2013-07-11,23,352,0,27,10.0,0,15.0,3,6,1,7,6,0,0,0,0,0,0,3,11,0,64,64,0.97,1,2,404.0,14,0,28.857142857142858,12,0.21428571428571427,Store,Wine,Highly Active
11051,1956,Phd,Together,77376.0,1,1,2014-05-10,72,492,19,110,16.0,12,12.0,4,6,3,10,4,0,0,0,0,0,0,3,11,0,69,69,0.14,2,3,661.0,19,0,34.78947368421053,10,0.21052631578947367,Store,Wine,Inactive
8026,1952,Graduation,Married,62998.0,0,1,2013-09-30,10,120,58,73,65.0,81,58.0,5,5,4,5,5,0,0,0,0,0,0,3,11,0,73,73,0.74,1,2,455.0,14,0,32.5,10,0.35714285714285715,Web,Wine,Highly Active
433,1958,Master,Alone,61331.0,1,1,2013-03-10,42,534,5,47,0.0,5,41.0,5,11,1,6,8,0,0,0,0,0,0,3,11,0,67,67,1.3,2,3,632.0,18,0,35.111111111111114,19,0.2777777777777778,Web,Wine,Moderately Active
9597,1969,Graduation,Married,73448.0,0,0,2014-02-10,10,236,81,189,23.0,41,126.5,1,7,2,9,4,0,0,0,0,0,0,3,11,0,56,56,0.38,0,1,696.5,18,0,38.69444444444444,11,0.05555555555555555,Store,Wine,Highly Active
1295,1963,Graduation,Married,51381.5,0,1,2013-08-11,96,231,65,196,38.0,71,124.0,1,6,5,7,4,0,0,0,0,0,0,3,11,0,62,62,0.88,1,2,725.0,18,0,40.27777777777778,10,0.05555555555555555,Store,Wine,Inactive
5290,1964,Phd,Married,41551.0,1,1,2013-08-14,51,220,0,33,3.0,0,23.0,5,5,1,5,8,0,0,0,0,0,0,3,11,0,61,61,0.87,2,3,279.0,11,0,25.363636363636363,13,0.45454545454545453,Web,Wine,Moderately Active
1685,1967,Phd,Together,62981.0,0,0,2013-03-17,21,796,14,556,38.0,44,0.0,1,4,5,13,3,0,1,0,0,0,0,3,11,0,58,58,1.28,0,1,1448.0,22,1,65.81818181818181,7,0.045454545454545456,Store,Wine,Highly Active
5342,1976,Basic,Divorced,9548.0,1,0,2012-08-08,31,0,1,3,10.0,6,9.0,2,1,0,3,8,0,0,0,0,0,0,3,11,0,49,49,1.89,1,2,29.0,4,0,7.25,9,0.5,Store,Fish,Moderately Active
9579,1959,Phd,Married,33762.0,2,1,2013-07-07,61,53,1,34,2.0,0,16.0,3,2,2,2,8,0,0,0,0,0,0,3,11,0,66,66,0.98,3,4,106.0,6,0,17.666666666666668,10,0.5,Web,Wine,Inactive
7660,1973,Phd,Alone,35860.0,1,1,2014-05-19,37,15,0,8,4.0,2,20.0,2,1,1,2,5,1,0,0,0,0,0,3,11,1,52,52,0.11,2,3,49.0,4,1,12.25,6,0.5,Store,Gold,Moderately Active
1461,1965,Phd,Divorced,36921.0,1,1,2013-07-28,74,17,1,12,3.0,1,4.0,2,2,0,3,7,0,0,0,0,0,0,3,11,0,60,60,0.92,2,3,38.0,5,0,7.6,9,0.4,Store,Wine,Inactive
821,1992,Master,Single,92859.0,0,0,2012-10-19,46,962,61,556,52.0,61,20.0,1,5,4,12,2,0,0,0,0,0,0,3,11,0,33,33,1.69,0,1,1712.0,21,0,81.52380952380952,7,0.047619047619047616,Store,Wine,Moderately Active
11084,1976,Master,Together,65104.0,0,1,2013-11-14,4,738,0,232,13.0,20,50.0,2,3,5,7,7,0,0,0,0,0,0,3,11,1,49,49,0.62,1,2,1053.0,15,0,70.2,10,0.13333333333333333,Store,Wine,Highly Active
8690,1962,Graduation,Married,86111.0,0,0,2013-04-19,73,399,28,556,36.0,40,126.0,1,5,7,10,2,0,0,0,0,0,0,3,11,0,63,63,1.19,0,1,1185.0,22,0,53.86363636363637,7,0.045454545454545456,Store,Meat,Inactive
2937,1974,Phd,Single,68352.0,0,1,2013-08-28,47,614,16,132,43.0,33,33.0,3,8,5,9,6,0,0,0,0,0,0,3,11,0,51,51,0.84,1,2,871.0,22,0,39.59090909090909,14,0.13636363636363635,Store,Wine,Moderately Active
9701,1988,Graduation,Together,41883.0,1,0,2013-03-19,13,32,34,41,73.0,16,116.0,3,4,2,3,7,0,0,0,0,0,0,3,11,0,37,37,1.28,1,2,312.0,9,0,34.666666666666664,11,0.3333333333333333,Web,Gold,Highly Active
9949,1976,Graduation,Married,59809.0,0,2,2012-10-18,36,598,16,141,32.0,41,49.0,3,3,3,6,8,0,0,0,0,0,0,3,11,0,49,49,1.69,2,3,877.0,12,0,73.08333333333333,11,0.25,Store,Wine,Moderately Active
10837,1975,Graduation,Married,23957.0,1,0,2012-10-28,47,2,1,18,20.0,11,16.0,1,2,0,3,6,0,0,0,0,0,0,3,11,1,50,50,1.67,1,2,68.0,5,0,13.6,8,0.2,Store,Fish,Moderately Active
3120,1981,Graduation,Together,38547.0,1,0,2013-08-28,49,6,1,10,0.0,1,4.0,1,1,0,2,8,0,0,0,0,0,1,3,11,0,44,44,0.84,1,2,22.0,3,0,7.333333333333333,9,0.3333333333333333,Store,Meat,Moderately Active
5885,1973,2N Cycle,Married,35688.0,2,1,2012-08-22,94,73,3,90,12.0,1,32.0,7,4,1,4,8,0,0,0,0,0,0,3,11,0,52,52,1.85,3,4,211.0,9,0,23.444444444444443,12,0.7777777777777778,Web,Meat,Inactive
4050,1966,Master,Married,49605.0,0,0,2014-06-21,65,42,16,29,12.0,20,8.0,1,2,1,4,3,0,0,0,0,0,0,3,11,0,59,59,0.02,0,1,127.0,7,0,18.142857142857142,5,0.14285714285714285,Store,Wine,Inactive
3830,1953,Master,Married,59354.0,0,2,2014-04-24,59,295,21,78,39.0,13,13.0,1,4,4,7,3,0,0,0,0,0,0,3,11,0,72,72,0.18,2,3,459.0,15,0,30.6,7,0.06666666666666667,Store,Wine,Moderately Active
7987,1969,Graduation,Married,65747.0,0,1,2014-03-07,96,346,17,48,23.0,13,13.0,4,8,1,6,6,0,1,0,0,0,0,3,11,0,56,56,0.31,1,2,460.0,15,1,30.666666666666668,14,0.26666666666666666,Web,Wine,Inactive
7798,1972,2N Cycle,Together,46344.0,0,1,2012-12-14,28,233,20,57,8.0,20,91.0,4,7,1,5,7,0,0,0,0,0,0,3,11,0,53,53,1.54,1,2,429.0,13,0,33.0,14,0.3076923076923077,Web,Wine,Highly Active
92,1988,Graduation,Alone,34176.0,1,0,2014-05-12,12,5,7,24,19.0,14,20.0,4,3,0,4,6,0,0,0,0,0,0,3,11,0,37,37,0.13,1,2,89.0,7,0,12.714285714285714,9,0.5714285714285714,Store,Meat,Highly Active
7055,1952,Phd,Together,61010.0,0,1,2012-10-09,57,888,0,57,0.0,0,76.0,2,8,5,11,5,0,0,0,0,0,0,3,11,0,73,73,1.72,1,2,1021.0,24,0,42.541666666666664,13,0.08333333333333333,Store,Wine,Moderately Active
10240,1949,Graduation,Together,69372.0,0,0,2013-02-19,10,997,26,269,34.0,13,42.0,1,10,4,6,4,0,1,1,0,0,0,3,11,1,76,76,1.36,0,1,1381.0,20,2,69.05,14,0.05,Web,Wine,Highly Active
3025,1958,Graduation,Single,49967.0,0,1,2013-07-08,4,212,6,69,4.0,12,3.0,3,6,1,5,7,0,0,0,0,0,0,3,11,0,67,67,0.97,1,2,306.0,12,0,25.5,13,0.25,Web,Wine,Highly Active
9283,1978,Graduation,Single,60199.0,1,2,2013-09-12,49,8,1,7,2.0,0,0.0,1,0,0,3,4,0,0,0,0,0,0,3,11,0,47,47,0.79,3,4,18.0,3,0,6.0,4,0.3333333333333333,Store,Wine,Moderately Active
9970,1977,Graduation,Together,55375.0,0,1,2013-10-17,3,42,11,57,10.0,28,14.0,1,1,1,6,2,0,0,0,0,0,0,3,11,0,48,48,0.7,1,2,162.0,8,0,20.25,3,0.125,Store,Meat,Highly Active
2730,1955,Graduation,Single,80317.0,0,0,2013-08-20,64,536,11,387,120.5,81,57.0,1,3,4,10,1,0,0,0,0,0,0,3,11,0,70,70,0.86,0,1,1192.5,17,0,70.1470588235294,4,0.058823529411764705,Store,Wine,Inactive
2795,1958,Master,Single,30523.0,2,1,2013-07-01,0,5,0,3,0.0,0,5.0,1,1,0,2,7,0,0,0,0,0,0,3,11,0,67,67,0.99,3,4,13.0,3,0,4.333333333333333,8,0.3333333333333333,Store,Wine,Highly Active
9260,1945,Phd,Married,70356.0,0,0,2012-11-05,20,1224,16,249,43.0,16,33.0,2,10,6,9,6,0,0,0,0,0,0,3,11,0,80,80,1.65,0,1,1581.0,25,0,63.24,16,0.08,Web,Wine,Highly Active
8182,1984,Graduation,Married,23228.0,1,0,2014-01-05,91,53,3,49,7.0,4,5.0,4,3,0,4,8,0,0,0,0,0,0,3,11,0,41,41,0.48,1,2,121.0,7,0,17.285714285714285,11,0.5714285714285714,Store,Wine,Inactive
10095,1975,Phd,Divorced,74165.0,0,0,2013-05-01,9,1001,12,240,16.0,12,12.0,1,5,4,10,2,0,0,0,0,0,0,3,11,0,50,50,1.16,0,1,1293.0,19,0,68.05263157894737,7,0.05263157894736842,Store,Wine,Highly Active
8475,1973,Phd,Married,117418.0,0,1,2014-03-01,98,20,2,556,1.0,2,1.0,15,0,22,0,0,0,0,0,0,0,0,3,11,0,52,52,0.33,1,2,582.0,22,0,26.454545454545453,0,0.6818181818181818,Catalog,Meat,Inactive
4370,1966,Graduation,Together,43482.0,2,1,2013-11-13,83,18,1,32,6.0,3,28.0,3,2,0,4,6,0,0,0,0,0,0,3,11,0,59,59,0.62,3,4,88.0,6,0,14.666666666666666,8,0.5,Store,Meat,Inactive
10573,1953,Graduation,Divorced,62551.0,0,0,2013-11-18,27,125,16,98,120.5,21,27.0,1,6,7,4,3,1,0,0,0,0,0,3,11,0,72,72,0.61,0,1,407.5,17,1,23.970588235294116,9,0.058823529411764705,Catalog,Wine,Highly Active
3712,1959,Graduation,Divorced,52332.0,0,0,2013-08-28,63,212,5,33,7.0,0,2.0,1,3,2,6,4,0,1,0,0,0,0,3,11,0,66,66,0.84,0,1,259.0,11,1,23.545454545454547,7,0.09090909090909091,Store,Wine,Inactive
6637,1988,Graduation,Single,66951.0,0,0,2013-11-02,46,277,81,305,120.5,76,124.0,1,3,4,7,1,0,0,0,0,0,0,3,11,0,37,37,0.65,0,1,983.5,14,0,70.25,4,0.07142857142857142,Store,Meat,Moderately Active
3152,1957,Graduation,Together,26091.0,1,1,2014-02-25,84,15,10,19,8.0,17,20.0,3,2,1,3,5,0,0,0,0,0,0,3,11,0,68,68,0.34,2,3,89.0,6,0,14.833333333333334,7,0.5,Store,Gold,Inactive
5610,1965,Graduation,Together,33456.0,1,1,2014-04-21,58,7,3,10,8.0,1,7.0,2,1,0,3,7,0,0,0,0,0,0,3,11,0,60,60,0.19,2,3,36.0,4,0,9.0,8,0.5,Store,Meat,Moderately Active
6460,1982,Graduation,Married,28718.0,1,0,2013-07-13,78,12,4,6,11.0,8,16.0,2,2,0,3,8,0,0,0,0,0,0,3,11,0,43,43,0.96,1,2,57.0,5,0,11.4,10,0.4,Store,Gold,Inactive
1349,1970,Graduation,Married,50447.0,2,0,2014-04-21,4,85,7,24,2.0,3,27.0,1,3,1,3,6,0,0,0,0,0,0,3,11,0,55,55,0.19,2,3,148.0,7,0,21.142857142857142,9,0.14285714285714285,Web,Wine,Highly Active
1880,1959,Phd,Together,53537.0,1,1,2014-01-30,17,81,0,6,0.0,0,6.0,2,2,1,3,5,0,0,0,0,0,0,3,11,0,66,66,0.41,2,3,93.0,6,0,15.5,7,0.3333333333333333,Store,Wine,Highly Active
641,1967,Graduation,Single,52074.0,0,1,2014-04-04,77,59,0,12,0.0,0,48.0,1,2,2,2,4,1,0,0,0,0,0,3,11,0,58,58,0.24,1,2,119.0,6,1,19.833333333333332,6,0.16666666666666666,Web,Wine,Inactive
8717,1975,Phd,Married,80427.0,0,1,2012-09-12,56,1149,71,449,69.0,71,26.0,1,11,8,8,5,0,0,0,0,0,0,3,11,0,50,50,1.79,1,2,1835.0,27,0,67.96296296296296,16,0.037037037037037035,Web,Wine,Moderately Active
10314,1948,Phd,Married,83837.0,0,0,2012-12-16,79,847,66,119,86.0,81,111.0,1,9,10,5,4,0,1,0,1,0,0,3,11,1,77,77,1.53,0,1,1310.0,24,2,54.583333333333336,13,0.041666666666666664,Catalog,Wine,Inactive
10854,1970,Phd,Married,38853.0,1,1,2014-05-23,90,29,0,14,0.0,0,2.0,2,2,0,3,7,0,0,0,0,0,0,3,11,0,55,55,0.1,2,3,45.0,5,0,9.0,9,0.4,Store,Wine,Inactive
10492,1959,Graduation,Together,38285.0,2,1,2014-06-24,96,2,0,5,2.0,0,1.0,1,0,0,3,2,0,0,0,0,0,0,3,11,0,66,66,0.01,3,4,10.0,3,0,3.3333333333333335,2,0.3333333333333333,Store,Meat,Inactive
6935,1951,2N Cycle,Married,78497.0,0,0,2013-12-01,44,207,26,447,75.0,0,126.5,1,5,7,12,2,0,0,0,1,0,0,3,11,0,74,74,0.57,0,1,881.5,24,1,36.729166666666664,7,0.041666666666666664,Store,Meat,Moderately Active
7698,1976,Phd,Married,51650.0,0,1,2014-05-11,81,152,3,22,2.0,5,7.0,1,4,1,4,5,0,0,0,0,0,0,3,11,0,49,49,0.13,1,2,191.0,9,0,21.22222222222222,9,0.1111111111111111,Web,Wine,Inactive
3559,1988,2N Cycle,Married,16248.0,1,0,2014-05-10,77,12,11,10,3.0,12,9.0,3,2,1,3,6,0,0,0,0,0,0,3,11,0,37,37,0.14,1,2,57.0,6,0,9.5,8,0.5,Store,Wine,Inactive
10562,1946,Master,Married,66835.0,0,0,2013-09-28,21,620,26,195,34.0,17,126.5,1,6,4,13,2,0,0,0,0,0,0,3,11,0,79,79,0.75,0,1,1018.5,23,0,44.28260869565217,8,0.043478260869565216,Store,Wine,Highly Active
10796,1984,Master,Married,30477.0,1,0,2014-01-22,16,47,1,6,0.0,0,12.0,1,1,1,3,6,0,0,0,0,0,0,3,11,0,41,41,0.43,1,2,66.0,5,0,13.2,7,0.2,Store,Wine,Highly Active
2563,1961,Basic,Married,28249.0,0,0,2014-06-15,80,1,9,7,2.0,14,10.0,1,2,0,3,6,0,0,0,0,0,0,3,11,0,64,64,0.04,0,1,43.0,5,0,8.6,8,0.2,Store,Sweets,Inactive
3518,1983,Graduation,Married,25271.0,1,0,2012-12-05,45,10,1,18,10.0,4,7.0,1,1,1,2,9,0,0,0,0,0,0,3,11,0,42,42,1.56,1,2,50.0,4,0,12.5,10,0.25,Store,Meat,Moderately Active
5823,1970,Phd,Single,32303.0,0,1,2014-03-08,63,35,0,2,0.0,0,2.0,2,1,0,4,5,0,0,0,0,0,0,3,11,0,55,55,0.31,1,2,39.0,5,0,7.8,6,0.4,Store,Wine,Inactive
3934,1966,Graduation,Married,61286.0,0,1,2013-08-02,34,356,0,107,19.0,9,117.0,2,7,1,8,5,0,0,0,0,0,0,3,11,0,59,59,0.91,1,2,608.0,16,0,38.0,12,0.125,Store,Wine,Moderately Active
6982,1976,Graduation,Married,74068.0,0,0,2013-03-19,14,783,30,537,120.5,76,15.0,1,4,10,9,2,0,0,0,0,0,0,3,11,0,49,49,1.28,0,1,1561.5,23,0,67.8913043478261,6,0.043478260869565216,Catalog,Wine,Highly Active
6431,1964,Phd,Married,45759.0,1,1,2013-02-23,13,42,1,18,3.0,0,4.0,2,2,0,3,7,0,0,0,0,0,0,3,11,0,61,61,1.34,2,3,68.0,5,0,13.6,9,0.4,Store,Wine,Highly Active
9733,1978,Basic,Together,24882.0,1,0,2012-09-09,52,1,4,10,29.0,0,36.0,1,1,1,2,6,1,0,0,0,0,0,3,11,0,47,47,1.8,1,2,80.0,4,1,20.0,7,0.25,Store,Gold,Moderately Active
5602,1989,Phd,Together,66973.0,0,0,2013-05-17,98,466,22,432,120.5,81,102.0,1,8,7,12,3,0,0,0,0,0,0,3,11,0,36,36,1.12,0,1,1223.5,27,0,45.31481481481482,11,0.037037037037037035,Store,Wine,Inactive
1324,1988,Graduation,Married,38872.0,1,0,2013-05-30,93,23,3,21,3.0,19,22.0,2,3,0,3,8,0,0,0,0,0,0,3,11,0,37,37,1.08,1,2,91.0,6,0,15.166666666666666,11,0.3333333333333333,Web,Wine,Inactive
326,1973,Graduation,Married,51148.0,1,1,2013-02-18,38,235,6,45,8.0,9,12.0,4,5,1,6,6,0,0,0,0,0,0,3,11,0,52,52,1.36,2,3,315.0,12,0,26.25,11,0.3333333333333333,Store,Wine,Moderately Active
7224,1977,Graduation,Married,31353.0,1,1,2013-12-29,24,10,0,10,3.0,1,7.0,2,1,1,2,8,0,0,0,0,0,0,3,11,0,48,48,0.5,2,3,31.0,4,0,7.75,9,0.5,Store,Wine,Highly Active
6999,1980,Master,Married,69661.0,0,0,2014-05-13,80,656,16,106,32.0,16,8.0,1,7,3,12,3,0,0,0,0,0,0,3,11,0,45,45,0.13,0,1,834.0,22,0,37.90909090909091,10,0.045454545454545456,Store,Wine,Inactive
9938,1954,Graduation,Married,80067.0,0,0,2013-09-19,82,519,17,556,27.0,81,51.0,1,4,6,6,2,0,0,1,0,0,0,3,11,0,71,71,0.77,0,1,1251.0,16,1,78.1875,6,0.0625,Catalog,Meat,Inactive
6422,1954,Graduation,Married,86718.0,0,0,2013-01-17,20,344,81,482,50.0,33,126.5,1,5,6,5,2,0,0,0,0,0,0,3,11,0,71,71,1.45,0,1,1116.5,16,0,69.78125,7,0.0625,Catalog,Meat,Highly Active
3182,1973,Phd,Single,46854.0,1,1,2014-03-31,81,96,1,79,7.0,1,79.0,6,5,1,3,8,1,0,0,0,0,0,3,11,1,52,52,0.25,2,3,263.0,9,1,29.22222222222222,13,0.6666666666666666,Web,Wine,Inactive
7300,1952,Graduation,Divorced,69142.0,0,1,2014-06-29,50,448,4,34,6.0,4,39.0,3,8,1,7,5,0,1,0,0,0,0,3,11,0,73,73,0.0,1,2,535.0,16,1,33.4375,13,0.1875,Web,Wine,Moderately Active
10424,1968,Graduation,Single,75922.0,0,0,2013-12-09,60,265,81,553,120.5,23,92.0,1,4,4,9,1,0,0,0,0,0,0,3,11,0,57,57,0.55,0,1,1134.5,17,0,66.73529411764706,5,0.058823529411764705,Store,Meat,Moderately Active
8727,1978,Graduation,Divorced,63693.0,0,1,2013-10-14,63,587,43,337,42.0,81,54.0,3,11,6,9,6,0,0,0,0,0,0,3,11,0,47,47,0.71,1,2,1144.0,26,0,44.0,17,0.11538461538461539,Web,Wine,Inactive
2798,1977,Phd,Together,102160.0,0,0,2012-11-02,54,763,29,138,76.0,81,58.0,0,7,9,10,4,0,1,1,1,0,0,3,11,1,48,48,1.65,0,1,1145.0,26,3,44.03846153846154,11,0.0,Store,Wine,Moderately Active
1030,1965,Phd,Single,40637.0,1,1,2013-07-17,72,22,0,13,0.0,0,3.0,2,1,0,3,7,0,0,0,0,0,0,3,11,0,60,60,0.95,2,3,38.0,4,0,9.5,8,0.5,Store,Wine,Inactive
624,1984,Master,Single,18890.0,0,0,2012-11-10,5,6,4,1,7.0,2,15.0,1,0,1,2,6,1,0,0,0,0,0,3,11,1,41,41,1.63,0,1,35.0,3,1,11.666666666666666,6,0.3333333333333333,Store,Gold,Highly Active
5176,1988,Graduation,Together,29604.0,1,0,2013-12-08,88,7,6,13,7.0,6,14.0,1,1,0,3,9,1,0,0,0,0,0,3,11,0,37,37,0.56,1,2,53.0,4,1,13.25,10,0.25,Store,Gold,Inactive
5552,1963,Master,Divorced,48721.0,1,1,2013-05-13,50,81,18,113,47.0,13,21.0,6,4,2,5,6,0,0,0,0,0,0,3,11,0,62,62,1.13,2,3,293.0,11,0,26.636363636363637,10,0.5454545454545454,Store,Meat,Moderately Active
868,1966,Graduation,Married,44794.0,0,1,2014-06-08,99,54,0,7,0.0,0,4.0,1,2,0,3,6,0,0,0,0,0,0,3,11,0,59,59,0.06,1,2,65.0,5,0,13.0,8,0.2,Store,Wine,Inactive
380,1954,Graduation,Divorced,64497.0,0,1,2012-09-10,17,1170,48,320,42.0,32,126.5,5,11,4,9,8,1,0,0,0,0,0,3,11,1,71,71,1.8,1,2,1738.5,24,1,72.4375,19,0.20833333333333334,Web,Wine,Highly Active
2677,1956,Graduation,Together,46097.0,0,1,2013-03-31,11,72,24,68,65.0,4,8.0,5,3,1,6,4,0,0,0,0,0,0,3,11,0,69,69,1.25,1,2,241.0,10,0,24.1,7,0.5,Store,Wine,Highly Active
6521,1954,Graduation,Together,77972.0,0,0,2014-03-18,18,613,22,319,33.0,81,12.0,1,4,6,9,1,0,0,0,0,0,0,3,11,0,71,71,0.28,0,1,1080.0,19,0,56.8421052631579,5,0.05263157894736842,Store,Wine,Highly Active
6927,1968,Phd,Married,44377.0,1,1,2012-10-05,70,224,0,30,0.0,0,10.0,8,5,1,5,8,0,0,0,0,0,0,3,11,0,57,57,1.73,2,3,264.0,11,0,24.0,13,0.7272727272727273,Web,Wine,Inactive
2877,1974,Master,Together,46014.0,1,1,2013-01-21,21,410,0,59,19.0,9,44.0,10,7,1,8,7,0,0,0,0,0,0,3,11,0,51,51,1.43,2,3,541.0,16,0,33.8125,14,0.625,Store,Wine,Highly Active
0,1985,Graduation,Married,70951.0,0,0,2013-05-04,66,239,10,554,120.5,81,54.0,1,3,4,9,1,0,0,0,0,0,0,3,11,0,40,40,1.15,0,1,1058.5,16,0,66.15625,4,0.0625,Store,Meat,Inactive
1584,1977,Graduation,Married,41443.0,1,0,2014-04-01,79,171,7,171,25.0,19,89.0,6,8,1,5,8,0,0,0,0,0,0,3,11,0,48,48,0.24,1,2,482.0,14,0,34.42857142857143,16,0.42857142857142855,Web,Wine,Inactive
7264,1978,2N Cycle,Single,52195.0,2,1,2014-05-12,2,12,0,4,0.0,0,1.0,1,1,0,2,8,0,0,0,0,0,0,3,11,0,47,47,0.13,3,4,17.0,3,0,5.666666666666667,9,0.3333333333333333,Store,Wine,Highly Active
6274,1948,Master,Married,83790.0,0,0,2013-11-15,81,1076,16,417,42.0,48,16.0,1,8,10,6,3,0,1,1,0,0,0,3,11,0,77,77,0.62,0,1,1615.0,24,2,67.29166666666667,11,0.041666666666666664,Catalog,Wine,Inactive
1377,1954,Master,Widow,44551.0,0,1,2013-08-31,24,182,4,33,0.0,0,66.0,2,4,1,5,7,0,0,0,0,0,0,3,11,0,71,71,0.83,1,2,285.0,10,0,28.5,11,0.2,Store,Wine,Highly Active
454,1980,Graduation,Together,69508.0,1,0,2012-11-14,48,824,32,162,42.0,32,43.0,2,11,4,11,6,0,0,0,0,0,0,3,11,0,45,45,1.62,1,2,1135.0,26,0,43.65384615384615,17,0.07692307692307693,Web,Wine,Moderately Active
1755,1988,2N Cycle,Together,45204.0,1,0,2014-04-11,93,30,11,25,29.0,1,18.0,1,1,1,4,3,0,0,0,0,0,0,3,11,0,37,37,0.22,1,2,114.0,6,0,19.0,4,0.16666666666666666,Store,Wine,Inactive
2075,1969,Graduation,Married,72460.0,0,0,2013-11-14,56,377,10,540,80.0,30,10.0,1,3,5,7,1,0,0,0,0,0,0,3,11,0,56,56,0.62,0,1,1047.0,15,0,69.8,4,0.06666666666666667,Store,Meat,Moderately Active
4785,1970,Phd,Together,77622.0,0,2,2014-04-14,3,520,7,154,19.0,0,14.0,2,6,3,11,3,0,0,0,0,0,0,3,11,0,55,55,0.21,2,3,714.0,20,0,35.7,9,0.1,Store,Wine,Highly Active
9076,1980,Phd,Married,30732.0,1,0,2013-01-05,44,155,1,25,0.0,1,3.0,4,4,1,4,8,0,0,0,0,0,0,3,11,0,45,45,1.48,1,2,185.0,9,0,20.555555555555557,12,0.4444444444444444,Web,Wine,Moderately Active
7079,1962,Graduation,Divorced,63887.0,0,1,2012-09-08,38,897,23,207,15.0,11,92.0,5,9,6,12,6,0,0,0,0,0,0,3,11,0,63,63,1.8,1,2,1245.0,27,0,46.111111111111114,15,0.18518518518518517,Store,Wine,Moderately Active
4653,1978,Graduation,Together,42011.0,1,0,2013-03-26,46,131,0,16,2.0,1,39.0,4,3,1,4,8,0,0,0,0,0,0,3,11,0,47,47,1.26,1,2,189.0,8,0,23.625,11,0.5,Store,Wine,Moderately Active
7375,1976,Graduation,Together,51369.0,0,1,2012-10-25,84,297,7,79,0.0,11,126.5,2,8,2,4,8,0,0,0,0,0,0,3,11,0,49,49,1.68,1,2,520.5,14,0,37.17857142857143,16,0.14285714285714285,Web,Wine,Inactive
709,1952,Graduation,Divorced,51537.0,0,1,2012-12-09,27,787,20,204,0.0,0,92.0,3,2,2,11,8,0,0,0,0,0,0,3,11,0,73,73,1.55,1,2,1103.0,15,0,73.53333333333333,10,0.2,Store,Wine,Highly Active
460,1972,Phd,Married,79930.0,0,0,2012-08-08,72,792,81,556,67.0,51,17.0,1,3,5,8,2,0,0,0,0,0,0,3,11,0,53,53,1.89,0,1,1564.0,16,0,97.75,5,0.0625,Store,Wine,Inactive
3726,1986,Phd,Together,34320.0,1,0,2014-02-16,66,4,1,9,3.0,0,0.0,1,1,0,2,8,0,0,0,0,0,0,3,11,0,39,39,0.36,1,2,17.0,3,0,5.666666666666667,9,0.3333333333333333,Store,Meat,Inactive
6798,1966,Graduation,Single,37070.0,1,1,2013-03-20,30,231,7,137,4.0,15,39.0,9,5,1,8,7,0,0,0,0,0,0,3,11,1,59,59,1.28,2,3,433.0,14,0,30.928571428571427,12,0.6428571428571429,Store,Wine,Highly Active
5341,1962,2N Cycle,Divorced,81975.0,0,1,2013-01-05,2,983,76,184,120.5,81,27.0,1,6,3,4,7,0,0,1,0,0,0,3,11,0,63,63,1.48,1,2,1471.5,13,1,113.1923076923077,13,0.07692307692307693,Web,Wine,Highly Active
1606,1971,Graduation,Together,38590.0,1,0,2013-05-15,65,3,1,8,4.0,3,3.0,1,1,0,2,8,0,0,0,0,0,0,3,11,0,54,54,1.12,1,2,22.0,3,0,7.333333333333333,9,0.3333333333333333,Store,Meat,Inactive
9617,1951,Graduation,Single,15033.0,0,0,2014-04-16,37,0,4,5,6.0,0,4.0,1,1,0,3,3,0,0,0,0,0,0,3,11,0,74,74,0.2,0,1,19.0,4,0,4.75,4,0.25,Store,Fish,Moderately Active
3233,1965,Phd,Married,62745.0,0,1,2013-03-23,89,562,21,464,28.0,10,32.0,3,7,8,11,5,0,0,0,0,0,0,3,11,0,60,60,1.27,1,2,1117.0,26,0,42.96153846153846,12,0.11538461538461539,Store,Wine,Inactive
89,1975,2N Cycle,Married,22212.0,1,0,2013-12-09,49,5,9,20,6.0,8,21.0,2,2,0,4,6,0,0,0,0,0,0,3,11,0,50,50,0.55,1,2,69.0,6,0,11.5,8,0.3333333333333333,Store,Gold,Moderately Active
2936,1982,Master,Together,23661.0,1,0,2013-12-04,46,18,0,4,0.0,0,1.0,1,1,0,3,7,0,0,0,0,0,0,3,11,0,43,43,0.57,1,2,23.0,4,0,5.75,8,0.25,Store,Wine,Moderately Active
9449,1958,Phd,Single,79761.0,0,1,2013-10-04,32,415,5,124,15.0,35,11.0,1,5,2,11,3,0,0,0,0,0,0,3,11,0,67,67,0.73,1,2,605.0,18,0,33.611111111111114,8,0.05555555555555555,Store,Wine,Moderately Active
7297,1973,Graduation,Single,7500.0,1,0,2013-12-26,54,5,3,10,12.0,7,20.0,4,3,1,3,7,0,0,0,0,0,0,3,11,0,52,52,0.51,1,2,57.0,7,0,8.142857142857142,10,0.5714285714285714,Web,Gold,Moderately Active
313,1968,Graduation,Widow,73455.0,0,0,2013-10-28,98,901,61,556,120.5,81,20.0,1,6,5,10,3,0,1,0,0,0,0,3,11,0,57,57,0.67,0,1,1739.5,21,1,82.83333333333333,9,0.047619047619047616,Store,Wine,Inactive
9940,1958,Graduation,Together,64961.0,0,1,2012-12-23,97,382,81,276,75.0,81,38.0,2,6,4,4,3,0,0,0,0,0,0,3,11,0,67,67,1.51,1,2,933.0,14,0,66.64285714285714,9,0.14285714285714285,Web,Wine,Inactive
10735,1971,Graduation,Single,22804.0,1,0,2013-07-31,75,14,1,7,2.0,1,1.0,1,2,0,2,9,0,0,0,0,0,0,3,11,0,54,54,0.91,1,2,26.0,4,0,6.5,11,0.25,Web,Wine,Inactive
9529,1990,Graduation,Married,73687.0,0,0,2013-11-28,8,559,81,503,120.5,13,126.5,1,3,9,9,2,0,0,0,1,0,0,3,11,1,35,35,0.58,0,1,1403.0,21,1,66.80952380952381,5,0.047619047619047616,Catalog,Wine,Highly Active
6439,1958,Graduation,Married,61074.0,0,1,2012-08-17,37,789,0,133,0.0,28,126.5,7,11,5,8,7,0,0,0,0,0,0,3,11,0,67,67,1.86,1,2,1076.5,24,0,44.854166666666664,18,0.2916666666666667,Web,Wine,Moderately Active
7411,1964,Phd,Married,31686.0,1,1,2014-06-05,31,11,0,5,0.0,0,1.0,2,1,0,3,6,0,0,0,0,0,0,3,11,0,61,61,0.07,2,3,17.0,4,0,4.25,7,0.5,Store,Wine,Moderately Active
2176,1972,Graduation,Married,80134.0,1,0,2013-05-20,40,1218,16,272,104.0,0,80.0,2,5,3,6,6,0,1,1,1,0,0,3,11,1,53,53,1.11,1,2,1690.0,14,3,120.71428571428571,11,0.14285714285714285,Store,Wine,Moderately Active
9265,1953,Graduation,Married,75027.0,0,1,2013-01-09,74,925,64,179,120.5,12,77.0,2,9,4,6,5,0,0,0,0,0,0,3,11,0,72,72,1.47,1,2,1377.5,19,0,72.5,14,0.10526315789473684,Web,Wine,Inactive
8867,1988,Phd,Married,67546.0,0,0,2012-08-31,90,864,81,556,120.5,38,126.5,1,4,10,5,3,0,0,0,0,0,0,3,11,0,37,37,1.83,0,1,1786.0,19,0,94.0,7,0.05263157894736842,Catalog,Wine,Inactive
8932,1969,Master,Together,65176.0,0,1,2012-10-29,57,960,28,183,120.5,70,70.0,4,9,6,6,6,0,0,0,0,0,0,3,11,0,56,56,1.66,1,2,1431.5,21,0,68.16666666666667,15,0.19047619047619047,Web,Wine,Moderately Active
10236,1975,Master,Single,31160.0,1,0,2013-09-16,59,16,3,25,6.0,1,13.0,2,2,0,3,8,0,0,0,0,0,0,3,11,0,50,50,0.78,1,2,64.0,5,0,12.8,10,0.4,Store,Meat,Moderately Active
6340,1985,Graduation,Single,29938.0,1,0,2013-10-27,52,3,3,7,0.0,2,11.0,2,1,0,3,6,0,0,0,0,0,0,3,11,0,40,40,0.67,1,2,26.0,4,0,6.5,7,0.5,Store,Gold,Moderately Active
10089,1974,Graduation,Divorced,102692.0,0,0,2013-04-05,5,168,81,444,32.0,81,126.5,1,6,9,13,2,0,1,1,1,1,0,3,11,1,51,51,1.23,0,1,932.5,28,4,33.30357142857143,8,0.03571428571428571,Store,Meat,Highly Active
2227,1958,2N Cycle,Together,26490.0,0,0,2012-09-22,92,45,47,52,21.0,20,25.0,2,3,1,5,6,0,0,0,0,0,0,3,11,0,67,67,1.77,0,1,210.0,9,0,23.333333333333332,9,0.2222222222222222,Store,Meat,Inactive
10992,1967,Graduation,Together,75702.0,1,1,2012-08-29,77,650,28,353,45.0,42,30.0,5,4,6,11,8,0,0,0,0,0,0,3,11,0,58,58,1.83,2,3,1148.0,21,0,54.666666666666664,12,0.23809523809523808,Store,Wine,Inactive
5304,1974,Phd,Single,30899.0,1,0,2012-10-13,35,24,0,8,0.0,0,1.0,2,1,0,3,6,0,0,0,0,0,0,3,11,0,51,51,1.71,1,2,33.0,4,0,8.25,7,0.5,Store,Wine,Moderately Active
309,1961,Phd,Together,63342.0,0,1,2012-10-16,48,918,21,118,13.0,10,21.0,3,8,3,5,6,0,1,0,0,0,0,3,11,0,64,64,1.7,1,2,1101.0,16,1,68.8125,14,0.1875,Web,Wine,Moderately Active
3406,1964,Graduation,Single,45989.0,0,1,2012-10-22,97,138,33,87,28.0,24,12.0,4,3,2,7,3,0,0,0,0,0,0,3,11,0,61,61,1.68,1,2,322.0,12,0,26.833333333333332,6,0.3333333333333333,Store,Wine,Inactive
2661,1964,Graduation,Single,18701.0,1,1,2013-06-04,95,12,4,2,10.0,6,10.0,4,2,0,4,5,0,0,0,0,0,0,3,11,0,61,61,1.07,2,3,44.0,6,0,7.333333333333333,7,0.6666666666666666,Store,Wine,Inactive
3153,1957,Phd,Single,40737.0,2,1,2013-12-08,24,11,0,4,0.0,0,2.0,1,1,0,2,8,0,0,0,0,0,0,3,11,0,68,68,0.56,3,4,17.0,3,0,5.666666666666667,9,0.3333333333333333,Store,Wine,Highly Active
10264,1979,Graduation,Divorced,15287.0,1,0,2012-10-10,60,1,2,8,4.0,3,13.0,2,1,1,2,7,1,0,0,0,0,0,3,11,1,46,46,1.72,1,2,31.0,4,1,7.75,8,0.5,Store,Gold,Moderately Active
1184,1968,Phd,Divorced,69674.0,0,2,2013-05-22,46,554,41,215,11.0,0,24.0,3,10,2,10,5,0,0,0,0,0,0,3,11,0,57,57,1.1,2,3,845.0,22,0,38.40909090909091,15,0.13636363636363635,Web,Wine,Moderately Active
4200,1970,Master,Married,44159.0,1,0,2014-06-17,85,167,2,62,24.0,13,7.0,4,4,1,6,5,0,0,0,0,0,0,3,11,0,55,55,0.03,1,2,275.0,11,0,25.0,9,0.36363636363636365,Store,Wine,Inactive
9396,1978,Phd,Married,37717.0,1,0,2012-11-23,31,9,0,6,4.0,1,5.0,1,1,0,2,9,0,0,0,0,0,0,3,11,0,47,47,1.6,1,2,25.0,3,0,8.333333333333334,10,0.3333333333333333,Store,Wine,Moderately Active
2387,1952,Master,Together,43776.0,1,1,2013-02-03,9,177,2,71,3.0,2,20.0,6,5,2,4,8,0,0,0,0,0,0,3,11,1,73,73,1.4,2,3,275.0,11,0,25.0,13,0.5454545454545454,Web,Wine,Highly Active
6690,1966,Master,Married,38179.0,1,1,2013-03-14,30,38,4,22,4.0,2,20.0,4,3,1,3,7,0,0,0,0,0,0,3,11,0,59,59,1.29,2,3,90.0,7,0,12.857142857142858,10,0.5714285714285714,Web,Wine,Highly Active
1225,1963,Graduation,Married,80124.0,0,0,2014-06-26,47,483,81,398,120.5,81,126.5,1,3,7,8,1,1,0,0,0,0,0,3,11,0,62,62,0.01,0,1,1290.0,18,1,71.66666666666667,4,0.05555555555555555,Store,Wine,Moderately Active
9703,1970,Phd,Married,38097.0,1,1,2012-10-15,70,77,2,35,0.0,1,69.0,4,3,2,2,7,1,0,0,0,0,0,3,11,1,55,55,1.7,2,3,184.0,7,1,26.285714285714285,10,0.5714285714285714,Web,Wine,Inactive
291,1970,Graduation,Married,72940.0,0,0,2013-06-19,13,182,74,298,120.5,81,116.0,1,3,3,6,1,0,0,0,0,0,0,3,11,0,55,55,1.03,0,1,871.5,12,0,72.625,4,0.08333333333333333,Store,Meat,Highly Active
4557,1970,Graduation,Together,22070.0,1,0,2013-10-04,11,10,7,19,8.0,2,21.0,2,2,2,2,6,0,0,0,0,0,0,3,11,0,55,55,0.73,1,2,67.0,6,0,11.166666666666666,8,0.3333333333333333,Web,Gold,Highly Active
2379,1953,Graduation,Single,69267.0,0,0,2012-09-22,31,778,44,499,95.0,73,126.5,2,3,4,5,7,0,0,0,0,0,0,3,11,1,72,72,1.77,0,1,1615.5,12,0,134.625,10,0.16666666666666666,Store,Wine,Moderately Active
5726,1983,Master,Single,31788.0,1,0,2014-03-20,15,16,7,23,0.0,8,6.0,3,3,0,4,5,0,0,0,0,0,1,3,11,0,42,42,0.28,1,2,60.0,7,0,8.571428571428571,8,0.42857142857142855,Store,Meat,Highly Active
3066,1975,Phd,Together,61905.0,0,1,2014-02-04,2,167,0,43,6.0,2,13.0,2,4,2,4,5,0,0,0,0,0,0,3,11,0,50,50,0.4,1,2,231.0,10,0,23.1,9,0.2,Web,Wine,Highly Active
6336,1960,Graduation,Married,29315.0,1,1,2014-04-06,55,13,2,14,8.0,7,4.0,4,2,0,4,6,0,0,0,0,0,0,3,11,0,65,65,0.23,2,3,48.0,6,0,8.0,8,0.6666666666666666,Store,Meat,Moderately Active
10967,1963,Graduation,Divorced,33378.0,1,1,2013-02-06,38,33,6,40,3.0,7,10.0,3,2,0,4,7,0,0,0,0,0,0,3,11,0,62,62,1.39,2,3,99.0,6,0,16.5,9,0.5,Store,Meat,Moderately Active
2304,1963,Phd,Together,66313.0,0,1,2013-09-16,86,625,7,99,10.0,22,7.0,2,6,3,12,4,0,0,0,0,0,0,3,11,0,62,62,0.78,1,2,770.0,21,0,36.666666666666664,10,0.09523809523809523,Store,Wine,Inactive
3445,1956,Graduation,Single,60714.0,0,0,2013-01-17,56,216,81,224,101.0,81,126.5,2,7,4,10,5,0,0,0,0,0,0,3,11,1,69,69,1.45,0,1,829.5,21,0,39.5,12,0.09523809523809523,Store,Meat,Moderately Active
7828,1981,Master,Together,77882.0,0,0,2014-04-30,29,68,81,396,120.5,22,15.0,1,3,3,5,1,0,0,0,0,0,0,3,11,0,44,44,0.16,0,1,702.5,11,0,63.86363636363637,4,0.09090909090909091,Store,Meat,Highly Active
3762,1986,Phd,Single,69867.0,0,0,2013-04-02,30,196,0,512,33.0,81,54.0,1,3,5,8,1,0,0,0,1,0,0,3,11,1,39,39,1.24,0,1,876.0,16,1,54.75,4,0.0625,Store,Meat,Highly Active
4391,1968,Master,Divorced,63841.0,0,1,2013-04-21,64,635,15,100,20.0,7,126.5,1,9,3,9,6,0,0,0,0,0,0,3,11,0,57,57,1.19,1,2,903.5,21,0,43.023809523809526,15,0.047619047619047616,Web,Wine,Inactive
4669,1981,Basic,Married,24480.0,1,0,2013-02-11,46,4,19,9,28.0,25,17.0,3,3,0,4,7,0,0,0,0,0,0,3,11,0,44,44,1.38,1,2,102.0,7,0,14.571428571428571,10,0.42857142857142855,Store,Fish,Moderately Active
10144,1976,Graduation,Together,51369.0,0,1,2012-10-25,84,297,7,79,0.0,11,126.5,2,8,2,4,8,0,0,0,0,0,0,3,11,0,49,49,1.68,1,2,520.5,14,0,37.17857142857143,16,0.14285714285714285,Web,Wine,Inactive
8652,1946,Graduation,Together,37760.0,0,0,2012-08-31,20,84,5,38,120.5,12,28.0,2,4,1,6,7,0,0,0,0,0,0,3,11,0,79,79,1.83,0,1,287.5,11,0,26.136363636363637,11,0.18181818181818182,Store,Fish,Highly Active
1672,1974,Phd,Together,65640.0,0,1,2014-03-01,74,204,7,149,20.0,15,66.0,1,5,1,8,2,0,0,0,0,0,0,3,11,0,51,51,0.33,1,2,461.0,14,0,32.92857142857143,7,0.07142857142857142,Store,Wine,Inactive
8962,1975,Master,Married,44319.0,1,1,2014-04-17,18,26,0,8,0.0,0,3.0,2,2,0,3,5,0,0,0,0,0,0,3,11,0,50,50,0.2,2,3,37.0,5,0,7.4,7,0.4,Store,Wine,Highly Active
9974,1974,Graduation,Married,30631.0,1,0,2013-07-12,75,15,6,20,4.0,5,20.0,1,3,1,2,7,0,0,0,0,0,0,3,11,0,51,51,0.96,1,2,70.0,6,0,11.666666666666666,10,0.16666666666666666,Web,Meat,Inactive
10983,1952,Graduation,Together,75278.0,0,0,2013-01-29,17,304,81,230,120.5,74,74.0,1,6,3,13,3,0,0,0,0,0,0,3,11,0,73,73,1.41,0,1,883.5,22,0,40.15909090909091,9,0.045454545454545456,Store,Wine,Highly Active
8148,1956,Master,Together,50898.0,1,1,2013-01-08,88,285,28,242,55.0,81,126.5,13,6,2,12,5,0,0,0,0,0,0,3,11,0,69,69,1.47,2,3,817.5,20,0,40.875,11,0.65,Store,Wine,Inactive
10102,1966,Graduation,Widow,79946.0,0,0,2014-05-12,19,395,81,556,120.5,81,28.0,1,5,11,5,3,0,0,0,0,0,0,3,11,0,59,59,0.13,0,1,1261.5,21,0,60.07142857142857,8,0.047619047619047616,Catalog,Meat,Highly Active
4697,1949,Master,Divorced,35416.0,0,0,2013-06-13,62,248,3,81,4.0,3,51.0,3,7,1,5,8,0,0,0,0,0,0,3,11,0,76,76,1.04,0,1,390.0,13,0,30.0,15,0.23076923076923078,Web,Wine,Inactive
9262,1984,2N Cycle,Together,32414.0,0,0,2013-07-04,11,20,6,5,0.0,9,12.0,1,1,0,3,7,1,0,0,0,0,0,3,11,0,41,41,0.99,0,1,52.0,4,1,13.0,8,0.25,Store,Wine,Highly Active
7254,1969,Graduation,Together,38361.0,1,0,2013-12-27,74,39,0,56,20.0,8,14.0,3,3,1,3,7,0,0,0,0,0,0,3,11,0,56,56,0.5,1,2,137.0,7,0,19.571428571428573,10,0.42857142857142855,Web,Meat,Inactive
4543,1980,Graduation,Married,82497.0,0,0,2012-10-31,32,777,81,556,120.5,21,126.5,1,2,7,9,4,0,0,1,0,0,0,3,11,0,45,45,1.66,0,1,1682.0,18,1,93.44444444444444,6,0.05555555555555555,Store,Wine,Moderately Active
4927,1971,Graduation,Together,16626.0,2,0,2014-01-15,76,8,3,22,21.0,1,13.0,3,3,0,3,9,0,0,0,0,0,0,3,11,0,54,54,0.45,2,3,68.0,6,0,11.333333333333334,12,0.5,Web,Meat,Inactive
10451,1965,Graduation,Together,29672.0,1,1,2013-03-12,6,9,1,3,0.0,4,8.0,1,0,0,3,6,0,0,0,0,0,0,3,11,0,60,60,1.3,2,3,25.0,3,0,8.333333333333334,6,0.3333333333333333,Store,Wine,Highly Active
2926,1952,Master,Together,55951.0,0,1,2012-08-23,62,1224,0,80,0.0,13,40.0,3,3,6,11,8,0,1,0,0,1,0,3,11,0,73,73,1.85,1,2,1357.0,20,2,67.85,11,0.15,Store,Wine,Inactive
2874,1988,2N Cycle,Divorced,35388.0,1,0,2013-03-07,20,6,4,7,4.0,3,8.0,1,1,0,3,7,0,0,0,0,0,0,3,11,0,37,37,1.31,1,2,32.0,4,0,8.0,8,0.25,Store,Gold,Highly Active
9738,1986,Master,Together,42386.0,1,0,2013-01-13,43,65,4,16,0.0,4,11.0,1,3,0,3,8,0,0,0,0,0,0,3,11,0,39,39,1.46,1,2,100.0,6,0,16.666666666666668,11,0.16666666666666666,Web,Wine,Moderately Active
7119,1982,Graduation,Single,68627.0,0,0,2013-01-12,45,395,15,263,60.0,54,38.0,1,2,3,6,1,0,0,0,0,0,0,3,11,0,43,43,1.46,0,1,825.0,11,0,75.0,3,0.09090909090909091,Store,Wine,Moderately Active
3924,1965,Phd,Divorced,57912.0,0,1,2014-03-17,34,801,0,80,0.0,0,35.0,5,8,3,12,5,0,1,0,0,0,0,3,11,0,60,60,0.28,1,2,916.0,23,1,39.82608695652174,13,0.21739130434782608,Store,Wine,Moderately Active
5827,1958,Graduation,Divorced,35246.0,1,1,2014-04-16,53,36,0,12,2.0,2,10.0,4,3,1,3,5,0,0,0,0,0,0,3,11,0,67,67,0.2,2,3,62.0,7,0,8.857142857142858,8,0.5714285714285714,Web,Wine,Moderately Active
5596,1956,2N Cycle,Together,58821.0,0,1,2013-10-12,44,513,14,154,19.0,0,28.0,1,9,2,9,6,0,0,0,0,0,0,3,11,0,69,69,0.71,1,2,728.0,20,0,36.4,15,0.05,Web,Wine,Moderately Active
10812,1978,Phd,Married,46377.0,1,0,2014-03-01,89,37,0,46,4.0,3,0.0,1,2,1,3,4,0,0,0,0,0,0,3,11,0,47,47,0.33,1,2,90.0,6,0,15.0,6,0.16666666666666666,Store,Meat,Inactive
1717,1988,Graduation,Single,39747.0,1,0,2014-04-13,43,80,15,93,20.0,13,52.0,3,5,1,4,8,0,0,0,0,0,0,3,11,0,37,37,0.21,1,2,273.0,10,0,27.3,13,0.3,Web,Meat,Moderately Active
9491,1984,Graduation,Together,23976.0,1,0,2013-12-27,68,14,1,21,2.0,3,25.0,3,3,1,3,7,0,0,0,0,0,0,3,11,0,41,41,0.5,1,2,66.0,7,0,9.428571428571429,10,0.42857142857142855,Web,Gold,Inactive
9274,1961,Master,Married,80950.0,0,0,2013-03-28,44,525,81,112,120.5,81,63.0,1,6,7,9,2,0,0,0,1,0,0,3,11,0,64,64,1.25,0,1,982.5,22,1,44.65909090909091,8,0.045454545454545456,Store,Wine,Moderately Active
6609,1966,Graduation,Widow,27038.0,0,0,2012-09-18,64,1,26,25,17.0,23,15.0,1,3,0,3,9,0,0,0,0,0,0,3,11,1,59,59,1.78,0,1,107.0,6,0,17.833333333333332,12,0.16666666666666666,Web,Fruits,Inactive
6963,1947,Graduation,Single,77457.0,0,0,2014-03-05,85,675,11,400,15.0,45,11.0,1,2,5,10,1,0,0,1,0,0,0,3,11,0,78,78,0.32,0,1,1157.0,17,1,68.05882352941177,3,0.058823529411764705,Store,Wine,Inactive
4440,1964,Master,Married,64100.0,0,1,2013-09-10,93,509,0,27,0.0,0,10.0,1,8,3,6,7,0,1,0,0,0,0,3,11,0,61,61,0.8,1,2,546.0,17,1,32.11764705882353,15,0.058823529411764705,Web,Wine,Inactive
1379,1992,Master,Together,42670.0,0,0,2013-04-27,12,154,2,46,20.0,4,15.0,1,4,2,4,4,0,0,0,0,0,0,3,11,0,33,33,1.17,0,1,241.0,10,0,24.1,8,0.1,Web,Wine,Highly Active
10032,1976,Graduation,Divorced,12571.0,1,0,2014-01-18,86,3,5,14,2.0,12,17.0,4,3,1,3,6,0,0,0,0,0,0,3,11,0,49,49,0.44,1,2,53.0,7,0,7.571428571428571,9,0.5714285714285714,Web,Gold,Inactive
2826,1967,Graduation,Married,22574.0,2,1,2013-10-28,28,25,0,8,2.0,0,2.0,2,2,0,3,7,0,0,0,0,0,0,3,11,0,58,58,0.67,3,4,37.0,5,0,7.4,9,0.4,Store,Wine,Highly Active
2437,1989,Graduation,Married,51381.5,0,0,2013-06-03,69,861,81,461,60.0,30,61.0,1,6,5,12,3,0,1,0,1,0,0,3,11,0,36,36,1.07,0,1,1554.0,23,2,67.56521739130434,9,0.043478260869565216,Store,Wine,Inactive
6320,1976,Master,Single,70893.0,0,0,2013-02-06,42,768,44,556,77.0,44,14.0,1,6,6,10,3,0,0,0,0,0,0,3,11,0,49,49,1.39,0,1,1503.0,22,0,68.31818181818181,9,0.045454545454545456,Store,Wine,Moderately Active
3050,1966,Graduation,Married,54198.0,1,1,2013-12-17,13,185,0,28,3.0,2,17.0,6,3,1,6,4,0,0,0,0,0,0,3,11,0,59,59,0.53,2,3,235.0,10,0,23.5,7,0.6,Store,Wine,Highly Active
231,1956,Master,Together,28839.0,1,1,2014-03-11,86,24,0,7,0.0,0,1.0,2,2,0,3,5,0,0,0,0,0,0,3,11,0,69,69,0.3,2,3,32.0,5,0,6.4,7,0.4,Store,Wine,Inactive
2392,1972,Graduation,Married,40321.0,1,1,2013-07-29,59,44,4,21,6.0,0,27.0,2,3,0,3,7,0,0,0,0,0,0,3,11,0,53,53,0.92,2,3,102.0,6,0,17.0,10,0.3333333333333333,Web,Wine,Moderately Active
9478,1985,Graduation,Single,66503.0,1,0,2012-08-14,30,91,64,128,65.0,3,50.0,2,4,3,6,3,0,0,0,0,0,0,3,11,0,40,40,1.87,1,2,401.0,13,0,30.846153846153847,7,0.15384615384615385,Store,Meat,Highly Active
113,1951,Graduation,Married,30833.0,1,1,2013-07-16,33,11,0,7,3.0,1,6.0,2,1,0,3,5,0,0,0,0,0,0,3,11,0,74,74,0.95,2,3,28.0,4,0,7.0,6,0.5,Store,Wine,Moderately Active
2863,1970,Graduation,Single,51381.5,1,2,2013-08-23,67,738,20,172,52.0,50,20.0,6,2,3,10,7,0,1,0,1,0,0,3,11,0,55,55,0.85,3,4,1052.0,15,2,70.13333333333334,9,0.4,Store,Wine,Inactive
1802,1971,Graduation,Married,64795.0,0,1,2013-01-17,23,412,5,119,38.0,29,77.0,3,3,3,12,2,0,0,0,0,0,0,3,11,0,54,54,1.45,1,2,680.0,18,0,37.77777777777778,5,0.16666666666666666,Store,Wine,Highly Active
520,1974,Graduation,Married,34421.0,1,0,2013-07-01,81,3,3,7,6.0,2,9.0,1,1,0,2,7,0,0,0,0,0,0,3,11,0,51,51,0.99,1,2,30.0,3,0,10.0,8,0.3333333333333333,Store,Gold,Inactive
8275,1965,Phd,Divorced,47025.0,1,1,2014-02-09,6,16,0,3,0.0,0,1.0,1,1,0,2,7,0,0,0,0,0,0,3,11,0,60,60,0.38,2,3,20.0,3,0,6.666666666666667,8,0.3333333333333333,Store,Wine,Highly Active
9750,1961,Phd,Divorced,64325.0,0,1,2013-02-07,41,731,60,353,78.0,12,73.0,5,10,3,5,7,0,0,0,0,0,0,3,11,0,64,64,1.39,1,2,1307.0,18,0,72.61111111111111,17,0.2777777777777778,Web,Wine,Moderately Active
2607,1953,Graduation,Single,40464.0,0,1,2013-01-11,78,424,17,118,7.0,23,41.0,6,8,2,8,8,0,0,0,0,0,0,3,11,0,72,72,1.46,1,2,630.0,18,0,35.0,16,0.3333333333333333,Web,Wine,Inactive
7214,1957,Graduation,Married,62187.0,0,0,2013-07-05,49,792,0,275,45.0,45,126.0,1,4,8,5,3,0,0,0,0,0,0,3,11,0,68,68,0.98,0,1,1283.0,17,0,75.47058823529412,7,0.058823529411764705,Catalog,Wine,Moderately Active
5835,1976,Phd,Divorced,14849.0,1,0,2013-07-02,39,21,2,28,3.0,2,9.0,3,2,0,4,8,0,0,0,0,0,0,3,11,0,49,49,0.99,1,2,65.0,6,0,10.833333333333334,10,0.5,Store,Meat,Moderately Active
3896,1984,Graduation,Married,27255.0,1,0,2013-11-07,3,22,1,11,0.0,1,2.0,1,1,0,3,7,0,0,0,0,0,0,3,11,0,41,41,0.64,1,2,37.0,4,0,9.25,8,0.25,Store,Wine,Highly Active
10350,1950,Phd,Married,54432.0,2,1,2013-05-09,37,33,0,5,0.0,0,0.0,1,1,0,3,4,0,0,0,0,0,0,3,11,0,75,75,1.14,3,4,38.0,4,0,9.5,5,0.25,Store,Wine,Moderately Active
7786,1986,Phd,Single,29999.0,1,0,2013-02-13,22,68,7,59,10.0,5,11.0,4,3,1,4,8,0,0,0,0,0,0,3,11,0,39,39,1.37,1,2,160.0,8,0,20.0,11,0.5,Store,Wine,Highly Active
2861,1983,Graduation,Single,24072.0,1,0,2013-04-16,79,9,1,6,3.0,0,4.0,1,1,0,2,8,0,0,0,0,0,0,3,11,0,42,42,1.2,1,2,23.0,3,0,7.666666666666667,9,0.3333333333333333,Store,Wine,Inactive
663,1989,Phd,Single,33996.0,0,0,2013-09-11,46,40,2,15,8.0,0,6.0,1,1,1,3,4,0,0,0,0,0,0,3,11,0,36,36,0.8,0,1,71.0,5,0,14.2,5,0.2,Store,Wine,Moderately Active
10675,1956,Phd,Married,66334.0,0,1,2013-04-03,82,909,11,218,0.0,0,23.0,2,9,3,5,5,0,0,0,0,0,0,3,11,1,69,69,1.24,1,2,1161.0,17,0,68.29411764705883,14,0.11764705882352941,Web,Wine,Inactive
2521,1971,Master,Married,35178.0,1,0,2013-01-10,10,23,1,13,2.0,2,18.0,1,1,1,2,7,1,0,0,0,0,0,3,11,1,54,54,1.46,1,2,59.0,4,1,14.75,8,0.25,Store,Wine,Highly Active
9592,1983,Graduation,Together,22010.0,1,0,2013-06-30,51,11,2,9,3.0,0,8.0,2,2,0,3,8,0,0,0,0,0,0,3,11,0,42,42,1.0,1,2,33.0,5,0,6.6,10,0.4,Store,Wine,Moderately Active
10151,1960,Graduation,Divorced,62204.0,0,2,2012-09-12,38,317,46,247,120.5,46,126.5,1,4,5,12,3,0,0,0,0,0,0,3,11,0,65,65,1.79,2,3,903.0,21,0,43.0,7,0.047619047619047616,Store,Wine,Moderately Active
7381,1968,Graduation,Divorced,75693.0,0,0,2012-12-06,10,797,81,293,72.0,81,30.0,1,11,4,6,4,0,1,1,1,0,0,3,11,1,57,57,1.56,0,1,1354.0,21,3,64.47619047619048,15,0.047619047619047616,Web,Wine,Highly Active
4099,1972,Graduation,Married,30675.0,1,0,2012-11-12,14,10,2,16,11.0,2,21.0,1,1,0,3,8,0,0,0,0,0,0,3,11,0,53,53,1.63,1,2,62.0,4,0,15.5,9,0.25,Store,Gold,Highly Active
9560,1965,Graduation,Together,83003.0,0,0,2013-03-03,18,856,61,556,40.0,25,122.0,1,7,6,8,3,0,0,1,0,0,0,3,11,1,60,60,1.32,0,1,1660.0,21,1,79.04761904761905,10,0.047619047619047616,Store,Wine,Highly Active
10172,1988,Graduation,Single,68655.0,0,0,2012-08-10,95,456,19,556,75.0,81,38.0,1,4,5,11,3,0,0,0,0,0,0,3,11,0,37,37,1.88,0,1,1225.0,20,0,61.25,7,0.05,Store,Meat,Inactive
11191,1986,Graduation,Divorced,41411.0,0,0,2013-12-07,11,37,32,38,11.0,3,18.0,1,2,1,4,6,0,0,0,0,0,0,3,11,0,39,39,0.56,0,1,139.0,7,0,19.857142857142858,8,0.14285714285714285,Store,Meat,Highly Active
9707,1969,Phd,Married,55212.0,0,1,2012-11-23,65,1103,0,45,0.0,0,34.0,3,4,2,11,8,0,1,0,0,1,0,3,11,0,56,56,1.6,1,2,1182.0,17,2,69.52941176470588,12,0.17647058823529413,Store,Wine,Inactive
6245,1950,Phd,Together,59292.0,0,1,2013-06-13,71,378,14,68,19.0,14,14.0,2,3,5,8,3,0,0,0,0,0,0,3,11,0,75,75,1.04,1,2,507.0,16,0,31.6875,6,0.125,Store,Wine,Inactive
8234,1973,Basic,Together,27190.0,1,0,2013-08-15,13,1,6,7,0.0,1,3.0,1,1,0,2,8,1,0,0,0,0,0,3,11,1,52,52,0.87,1,2,18.0,3,1,6.0,9,0.3333333333333333,Store,Meat,Highly Active
1411,1952,Graduation,Divorced,82623.0,0,0,2013-11-10,58,204,34,204,120.5,81,126.5,1,2,9,4,1,0,0,0,0,0,0,3,11,0,73,73,0.63,0,1,770.0,15,0,51.333333333333336,3,0.06666666666666667,Catalog,Wine,Moderately Active
8553,1965,Graduation,Married,44300.0,1,1,2013-06-23,65,30,0,9,0.0,0,3.0,2,1,0,3,6,0,0,0,0,0,0,3,11,0,60,60,1.02,2,3,42.0,4,0,10.5,7,0.5,Store,Wine,Inactive
1826,1970,Graduation,Divorced,84835.0,0,0,2014-06-16,0,189,81,379,111.0,81,126.5,1,4,4,6,1,0,0,0,0,0,0,3,11,1,55,55,0.04,0,1,967.5,14,0,69.10714285714286,5,0.07142857142857142,Store,Meat,Highly Active
8842,1971,Graduation,Widow,30372.0,1,1,2012-12-25,33,15,0,12,7.0,3,7.0,3,2,0,3,7,0,0,0,0,0,0,3,11,0,54,54,1.51,2,3,44.0,5,0,8.8,9,0.6,Store,Wine,Moderately Active
11030,1976,Master,Married,33181.0,1,0,2014-01-03,90,9,0,3,0.0,0,4.0,1,1,0,2,6,1,0,0,0,0,0,3,11,0,49,49,0.48,1,2,16.0,3,1,5.333333333333333,7,0.3333333333333333,Store,Wine,Inactive
2579,1957,Graduation,Married,71113.0,0,1,2013-12-17,95,495,33,255,11.0,33,8.0,4,6,7,9,4,0,0,0,0,0,0,3,11,0,68,68,0.53,1,2,835.0,22,0,37.95454545454545,10,0.18181818181818182,Store,Wine,Inactive
175,1986,Graduation,Married,71952.0,1,0,2013-01-10,93,656,80,455,52.0,81,93.0,2,8,4,8,4,1,0,1,0,0,0,3,11,0,39,39,1.46,1,2,1417.0,20,2,70.85,12,0.1,Web,Wine,Inactive
9185,1966,Phd,Single,69759.0,0,0,2013-10-28,38,452,20,514,13.0,30,0.0,3,4,6,5,3,0,0,0,0,0,0,3,11,1,59,59,0.67,0,1,1029.0,15,0,68.6,7,0.2,Catalog,Meat,Moderately Active
11056,1974,Graduation,Married,72099.0,0,0,2012-10-27,18,546,81,410,119.0,0,22.0,1,3,4,10,1,0,0,0,0,0,0,3,11,0,51,51,1.67,0,1,1178.0,17,0,69.29411764705883,4,0.058823529411764705,Store,Wine,Highly Active
9365,1976,Phd,Single,60000.0,0,1,2012-12-22,57,1048,0,217,0.0,0,12.0,5,11,3,5,6,0,0,0,0,0,0,3,11,0,49,49,1.52,1,2,1277.0,19,0,67.21052631578948,17,0.2631578947368421,Web,Wine,Moderately Active
6201,1978,Graduation,Single,38643.0,1,1,2013-11-29,45,22,2,14,0.0,1,10.0,2,2,0,3,7,0,0,0,0,0,1,3,11,0,47,47,0.58,2,3,49.0,5,0,9.8,9,0.4,Store,Wine,Moderately Active
2061,1955,Graduation,Married,50737.0,0,1,2013-05-11,61,78,0,11,0.0,0,10.0,1,2,0,4,6,0,1,0,0,0,0,3,11,0,70,70,1.13,1,2,99.0,6,1,16.5,8,0.16666666666666666,Store,Wine,Inactive
6184,1969,Phd,Married,68462.0,0,0,2012-12-12,6,561,64,556,84.0,81,48.0,1,3,3,8,1,0,0,0,0,0,0,3,11,0,56,56,1.54,0,1,1394.0,14,0,99.57142857142857,4,0.07142857142857142,Store,Wine,Highly Active
6142,1943,Master,Married,65073.0,0,0,2013-08-20,65,629,17,177,69.0,0,8.0,1,5,3,5,2,0,0,0,0,0,1,3,11,0,82,82,0.86,0,1,900.0,13,0,69.23076923076923,7,0.07692307692307693,Web,Wine,Inactive
4107,1948,Phd,Together,46681.0,0,2,2013-10-08,52,269,15,69,15.0,19,38.0,2,4,6,4,5,0,0,0,0,0,0,3,11,0,77,77,0.72,2,3,425.0,14,0,30.357142857142858,9,0.14285714285714285,Catalog,Wine,Moderately Active
7274,1957,Graduation,Married,78618.0,0,0,2012-09-28,87,736,81,556,120.5,81,61.0,1,4,7,10,2,0,1,0,0,0,0,3,11,0,68,68,1.75,0,1,1635.5,21,1,77.88095238095238,6,0.047619047619047616,Store,Wine,Inactive
9336,1969,Phd,Widow,62187.0,0,1,2014-03-22,38,512,0,83,0.0,0,41.0,3,6,2,10,4,0,0,0,0,0,0,3,11,0,56,56,0.27,1,2,636.0,18,0,35.333333333333336,10,0.16666666666666666,Store,Wine,Moderately Active
2958,1978,Graduation,Married,28442.0,2,0,2014-02-24,53,19,3,10,11.0,8,6.0,3,2,1,4,4,0,0,0,0,0,0,3,11,0,47,47,0.34,2,3,57.0,7,0,8.142857142857142,6,0.42857142857142855,Store,Wine,Moderately Active
933,1978,Phd,Married,37717.0,1,0,2012-11-23,31,9,0,6,4.0,1,5.0,1,1,0,2,9,0,0,0,0,0,0,3,11,0,47,47,1.6,1,2,25.0,3,0,8.333333333333334,10,0.3333333333333333,Store,Wine,Moderately Active
5837,1967,Graduation,Married,51479.0,1,1,2012-12-28,67,247,8,160,6.0,8,65.0,7,6,3,6,7,0,0,0,0,0,0,3,11,0,58,58,1.5,2,3,494.0,15,0,32.93333333333333,13,0.4666666666666667,Web,Wine,Inactive
10704,1969,Graduation,Single,54803.0,0,1,2012-08-21,65,404,0,92,28.0,27,126.5,2,6,2,9,4,0,0,0,0,0,0,3,11,0,56,56,1.85,1,2,677.5,17,0,39.85294117647059,10,0.11764705882352941,Store,Wine,Inactive
5125,1960,Graduation,Married,79530.0,0,0,2013-05-17,64,333,0,556,120.5,42,29.0,1,4,10,11,2,0,0,0,0,0,0,3,11,0,65,65,1.12,0,1,1080.5,25,0,43.22,6,0.04,Store,Meat,Inactive
4432,1976,Graduation,Divorced,31615.0,1,0,2013-03-16,82,2,3,20,6.0,11,9.0,2,2,0,3,7,0,0,0,0,0,0,3,11,0,49,49,1.29,1,2,51.0,5,0,10.2,9,0.4,Store,Meat,Inactive
5955,1962,Graduation,Together,72025.0,0,0,2012-11-17,27,833,33,549,120.5,81,126.5,1,4,3,8,3,0,0,0,0,0,0,3,11,0,63,63,1.61,0,1,1743.0,15,0,116.2,7,0.06666666666666667,Store,Wine,Highly Active
2928,1975,Phd,Single,52614.0,0,1,2012-12-01,63,789,0,142,12.0,9,38.0,2,2,4,8,8,0,0,0,0,0,0,3,11,0,50,50,1.57,1,2,990.0,14,0,70.71428571428571,10,0.14285714285714285,Store,Wine,Inactive
5680,1984,2N Cycle,Married,35684.0,1,0,2014-04-22,66,10,4,7,0.0,6,3.0,1,1,0,3,6,0,0,0,0,0,0,3,11,0,41,41,0.19,1,2,30.0,4,0,7.5,7,0.25,Store,Wine,Inactive
10313,1975,Graduation,Married,48178.0,1,1,2012-10-28,69,159,4,45,6.0,2,38.0,6,5,1,4,8,0,0,0,0,0,0,3,11,0,50,50,1.67,2,3,254.0,10,0,25.4,13,0.6,Web,Wine,Inactive
2557,1970,Master,Single,29548.0,1,0,2013-08-29,52,7,1,6,3.0,1,11.0,1,1,1,2,4,1,0,0,0,0,0,3,11,0,55,55,0.83,1,2,29.0,4,1,7.25,5,0.25,Store,Gold,Moderately Active
1245,1966,Graduation,Single,63810.0,0,1,2012-11-11,45,977,12,253,16.0,12,101.0,4,4,3,12,8,0,1,0,0,0,0,3,11,0,59,59,1.63,1,2,1371.0,19,1,72.15789473684211,12,0.21052631578947367,Store,Wine,Moderately Active
1519,1972,Phd,Single,38578.0,1,1,2013-06-22,2,38,4,22,3.0,3,3.0,3,3,0,3,8,0,0,0,0,0,0,3,11,1,53,53,1.02,2,3,73.0,6,0,12.166666666666666,11,0.5,Web,Wine,Highly Active
10703,1975,Master,Single,46098.0,1,1,2012-08-18,86,57,0,27,0.0,0,36.0,4,3,2,2,8,0,0,0,0,0,0,3,11,0,50,50,1.86,2,3,120.0,7,0,17.142857142857142,11,0.5714285714285714,Web,Wine,Inactive
1726,1970,Graduation,Single,22585.0,0,0,2013-03-18,23,3,9,15,13.0,2,39.0,1,1,1,2,9,1,0,0,0,0,0,3,11,1,55,55,1.28,0,1,81.0,4,1,20.25,10,0.25,Store,Gold,Highly Active
4459,1989,Graduation,Single,30279.0,1,0,2012-12-30,13,10,4,14,4.0,4,1.0,1,1,0,3,8,0,0,0,0,0,0,3,11,0,36,36,1.49,1,2,37.0,4,0,9.25,9,0.25,Store,Meat,Highly Active
1729,1961,Phd,Together,66426.0,0,1,2013-10-02,14,1043,24,97,32.0,24,126.5,2,3,5,10,6,0,0,0,0,0,0,3,11,0,64,64,0.74,1,2,1346.5,18,0,74.80555555555556,9,0.1111111111111111,Store,Wine,Highly Active
1517,1969,Graduation,Single,30822.0,1,0,2013-06-14,92,3,9,13,2.0,12,12.0,1,1,0,3,7,0,0,0,0,0,0,3,11,0,56,56,1.04,1,2,51.0,4,0,12.75,8,0.25,Store,Meat,Inactive
2098,1969,Phd,Married,33581.0,2,0,2013-01-08,38,11,0,5,0.0,0,1.0,1,1,0,2,8,0,0,0,0,0,0,3,11,0,56,56,1.47,2,3,17.0,3,0,5.666666666666667,9,0.3333333333333333,Store,Wine,Moderately Active
9543,1985,Graduation,Married,19986.0,1,0,2013-11-14,74,3,6,5,0.0,2,6.0,1,0,0,3,7,0,0,0,0,0,0,3,11,0,40,40,0.62,1,2,22.0,3,0,7.333333333333333,7,0.3333333333333333,Store,Fruits,Inactive
6878,1954,Graduation,Widow,27421.0,0,0,2012-12-12,14,43,12,96,78.0,40,55.0,3,4,1,6,7,0,0,0,0,0,0,3,11,0,71,71,1.54,0,1,324.0,11,0,29.454545454545453,11,0.2727272727272727,Store,Meat,Highly Active
3310,1973,2N Cycle,Married,35688.0,2,1,2012-08-22,94,73,3,90,12.0,1,32.0,7,4,1,4,8,0,0,0,0,0,0,3,11,0,52,52,1.85,3,4,211.0,9,0,23.444444444444443,12,0.7777777777777778,Web,Meat,Inactive
2724,1981,Master,Single,36143.0,1,0,2014-03-30,33,12,0,1,0.0,0,6.0,1,0,1,2,3,0,0,0,0,0,0,3,11,0,44,44,0.25,1,2,19.0,3,0,6.333333333333333,3,0.3333333333333333,Store,Wine,Moderately Active
948,1971,Graduation,Single,10245.0,1,0,2013-05-15,32,4,7,7,6.0,4,13.0,3,1,2,2,5,0,0,0,0,0,0,3,11,0,54,54,1.12,1,2,41.0,5,0,8.2,6,0.6,Catalog,Gold,Moderately Active
6720,1968,Master,Together,43795.0,0,1,2013-10-16,11,314,11,53,4.0,3,107.0,3,7,3,4,7,0,1,0,0,0,0,3,11,1,57,57,0.7,1,2,492.0,14,1,35.142857142857146,14,0.21428571428571427,Web,Wine,Highly Active
6202,1960,Graduation,Together,63381.0,0,1,2012-10-05,78,571,50,142,33.0,50,126.5,4,4,5,13,2,0,0,0,0,0,0,3,11,0,65,65,1.73,1,2,972.5,22,0,44.20454545454545,6,0.18181818181818182,Store,Wine,Inactive
2066,1949,Graduation,Together,38823.0,0,1,2012-08-30,56,70,0,11,2.0,8,23.0,1,2,1,3,6,0,0,0,0,0,0,3,11,0,76,76,1.83,1,2,114.0,6,0,19.0,8,0.16666666666666666,Store,Wine,Moderately Active
9799,1968,Phd,Divorced,83664.0,1,1,2013-05-08,57,866,21,151,28.0,21,86.0,3,2,2,12,5,0,0,0,0,0,0,3,11,0,57,57,1.14,2,3,1173.0,16,0,73.3125,7,0.1875,Store,Wine,Moderately Active
8318,1979,Graduation,Together,90300.0,0,0,2014-01-03,7,594,81,556,33.0,81,57.0,0,5,6,8,1,0,0,1,0,0,0,3,11,0,46,46,0.48,0,1,1402.0,19,1,73.78947368421052,6,0.0,Store,Wine,Highly Active
5642,1979,Master,Together,62499.0,1,0,2013-12-09,0,140,4,61,0.0,13,4.0,2,3,1,6,4,0,0,0,0,0,0,3,11,0,46,46,0.55,1,2,222.0,10,0,22.2,7,0.2,Store,Wine,Highly Active
2669,1993,Graduation,Single,74293.0,0,0,2014-05-04,66,375,81,335,93.0,81,81.0,1,5,4,6,2,0,0,0,0,0,0,3,11,0,32,32,0.15,0,1,1046.0,15,0,69.73333333333333,7,0.06666666666666667,Store,Wine,Inactive
455,1946,Phd,Married,51012.0,0,0,2013-04-18,86,102,9,63,2.0,9,24.0,1,4,1,4,6,0,0,0,0,0,0,3,11,0,79,79,1.2,0,1,209.0,9,0,23.22222222222222,10,0.1111111111111111,Web,Wine,Inactive
7683,1968,Master,Married,70777.0,0,1,2014-02-25,80,554,35,113,0.0,7,78.0,3,5,3,12,3,0,0,0,0,0,0,3,11,0,57,57,0.34,1,2,787.0,20,0,39.35,8,0.15,Store,Wine,Inactive
3428,1991,Phd,Together,68682.0,0,0,2013-10-06,56,919,0,505,99.0,30,45.0,1,4,9,10,2,0,0,0,0,0,0,3,11,0,34,34,0.73,0,1,1598.0,23,0,69.47826086956522,6,0.043478260869565216,Store,Wine,Moderately Active
7414,1971,Graduation,Married,43824.0,1,1,2012-09-15,18,96,1,42,12.0,3,32.0,4,3,1,4,8,0,0,0,0,0,0,3,11,0,54,54,1.79,2,3,186.0,8,0,23.25,11,0.5,Store,Wine,Highly Active
6354,1984,Graduation,Together,15345.0,1,0,2012-08-31,51,5,2,16,3.0,2,19.0,2,1,1,2,8,0,0,0,0,0,0,3,11,1,41,41,1.83,1,2,47.0,4,0,11.75,9,0.5,Store,Gold,Moderately Active
798,1987,Graduation,Single,23442.0,1,0,2012-12-24,71,2,0,6,8.0,6,5.0,1,1,0,3,7,0,0,0,0,0,0,3,11,0,38,38,1.51,1,2,27.0,4,0,6.75,8,0.25,Store,Fish,Inactive
8213,1980,2N Cycle,Together,14515.0,1,0,2012-11-09,71,6,4,9,6.0,36,35.0,4,2,2,3,7,0,0,0,0,0,0,3,11,1,45,45,1.63,1,2,96.0,7,0,13.714285714285714,9,0.5714285714285714,Store,Sweets,Inactive
2488,1956,2N Cycle,Divorced,31395.0,1,1,2013-03-23,80,23,1,25,0.0,8,7.0,4,2,1,3,6,0,0,0,0,0,0,3,11,0,69,69,1.27,2,3,64.0,6,0,10.666666666666666,8,0.6666666666666666,Store,Meat,Inactive
9999,1965,Graduation,Together,75276.0,0,0,2012-09-27,2,610,81,125,120.5,42,21.0,1,9,4,9,5,0,0,0,0,0,0,3,11,0,60,60,1.75,0,1,999.5,22,0,45.43181818181818,14,0.045454545454545456,Web,Wine,Highly Active
7617,1974,Graduation,Single,42373.0,1,1,2013-08-15,83,67,5,61,3.0,8,19.0,5,2,1,5,5,0,0,0,0,0,0,3,11,0,51,51,0.87,2,3,163.0,8,0,20.375,7,0.625,Store,Wine,Inactive
615,1960,Graduation,Together,30507.0,0,0,2013-03-11,29,65,36,74,38.0,20,110.0,1,5,1,4,7,0,0,0,0,0,0,3,11,0,65,65,1.3,0,1,343.0,10,0,34.3,12,0.1,Web,Gold,Highly Active
2552,1955,Phd,Single,55521.0,1,2,2013-10-22,11,416,0,26,0.0,0,4.0,9,6,3,6,7,0,1,0,0,0,0,3,11,1,70,70,0.68,3,4,446.0,15,1,29.733333333333334,13,0.6,Web,Wine,Highly Active
194,1965,Graduation,Married,48006.0,1,1,2014-06-09,55,23,0,11,3.0,2,2.0,1,1,0,3,6,0,0,0,0,0,0,3,11,0,60,60,0.05,2,3,41.0,4,0,10.25,7,0.25,Store,Wine,Moderately Active
3645,1972,Phd,Single,27213.0,1,0,2012-08-30,19,19,3,26,10.0,9,3.0,3,2,0,4,8,0,0,0,0,0,0,3,11,1,53,53,1.83,1,2,70.0,6,0,11.666666666666666,10,0.5,Store,Meat,Highly Active
8890,1971,Phd,Divorced,65808.0,1,1,2014-05-30,1,155,7,80,13.0,7,10.0,3,5,1,5,6,0,0,0,0,0,0,3,11,0,54,54,0.08,2,3,272.0,11,0,24.727272727272727,11,0.2727272727272727,Web,Wine,Highly Active
5049,1974,Phd,Together,30351.0,1,0,2013-06-06,19,14,0,24,3.0,3,2.0,1,3,0,2,9,0,0,0,0,0,0,3,11,0,51,51,1.06,1,2,46.0,5,0,9.2,12,0.2,Web,Meat,Highly Active
9973,1963,Graduation,Married,50437.0,0,2,2012-10-17,28,370,9,92,6.0,9,4.0,3,7,1,8,7,0,0,0,0,0,0,3,11,0,62,62,1.7,2,3,490.0,16,0,30.625,14,0.1875,Store,Wine,Highly Active
7301,1982,2N Cycle,Single,23616.0,1,0,2012-11-17,76,4,22,11,3.0,7,32.0,2,3,0,3,8,0,0,0,0,0,0,3,11,1,43,43,1.61,1,2,79.0,6,0,13.166666666666666,11,0.3333333333333333,Web,Gold,Inactive
10882,1976,Graduation,Married,53858.0,0,1,2012-11-09,50,407,53,221,58.0,81,26.0,4,4,3,6,4,0,0,0,0,0,0,3,11,0,49,49,1.63,1,2,846.0,13,0,65.07692307692308,8,0.3076923076923077,Store,Wine,Moderately Active
7030,1955,Phd,Married,66465.0,0,1,2013-03-30,1,1200,0,204,38.0,29,14.0,3,11,9,12,6,0,0,0,1,0,0,3,11,0,70,70,1.25,1,2,1485.0,32,1,46.40625,17,0.09375,Store,Wine,Highly Active
7422,1987,Graduation,Single,46923.0,1,0,2012-08-22,90,85,44,54,102.0,78,6.0,3,5,1,7,7,0,0,0,0,0,0,3,11,0,38,38,1.85,1,2,369.0,13,0,28.384615384615383,12,0.23076923076923078,Store,Fish,Inactive
3523,1962,Graduation,Together,75072.0,0,1,2013-01-23,83,583,34,309,0.0,22,125.0,2,5,4,8,3,0,0,0,0,0,0,3,11,0,63,63,1.43,1,2,1073.0,17,0,63.11764705882353,8,0.11764705882352941,Store,Wine,Inactive
7106,1943,Phd,Married,75865.0,0,0,2014-03-31,73,483,0,556,120.5,0,12.0,1,3,5,10,1,0,0,0,0,0,0,3,11,0,82,82,0.25,0,1,1171.5,18,0,65.08333333333333,4,0.05555555555555555,Store,Meat,Inactive
6504,1975,2N Cycle,Together,19789.0,1,0,2013-11-20,24,2,5,9,28.0,6,28.0,3,2,1,3,5,1,0,0,0,0,0,3,11,0,50,50,0.61,1,2,78.0,6,1,13.0,7,0.5,Store,Fish,Highly Active
5067,1994,Graduation,Together,80134.0,0,0,2014-02-14,11,966,26,282,52.0,26,26.0,1,2,7,11,5,0,1,1,1,1,0,3,11,0,31,31,0.37,0,1,1378.0,20,4,68.9,7,0.05,Store,Wine,Highly Active
4216,1981,Graduation,Single,91065.0,0,0,2013-02-22,33,822,81,108,120.5,81,114.0,1,7,9,9,3,0,0,1,1,0,0,3,11,1,44,44,1.35,0,1,1326.5,25,2,53.06,10,0.04,Catalog,Wine,Moderately Active
8581,1971,Master,Married,49505.0,1,1,2013-03-05,4,604,0,100,19.0,0,28.0,9,10,2,8,8,0,0,0,0,0,0,3,11,0,54,54,1.32,2,3,751.0,20,0,37.55,18,0.45,Web,Wine,Highly Active
5929,1973,Phd,Married,37401.0,1,0,2014-05-06,14,19,3,19,3.0,1,3.0,2,2,0,3,7,0,0,0,0,0,0,3,11,0,52,52,0.15,1,2,48.0,5,0,9.6,9,0.4,Store,Wine,Highly Active
3129,1983,Graduation,Married,30096.0,1,0,2014-05-22,30,5,3,11,12.0,5,9.0,1,2,0,3,6,0,0,0,0,0,0,3,11,0,42,42,0.1,1,2,45.0,5,0,9.0,8,0.2,Store,Fish,Highly Active
6528,1982,Master,Together,18492.0,1,0,2014-06-05,75,2,2,2,2.0,1,1.0,1,1,0,2,8,0,0,0,0,0,0,3,11,0,43,43,0.07,1,2,10.0,3,0,3.3333333333333335,9,0.3333333333333333,Store,Wine,Inactive
1361,1974,Master,Married,82584.0,0,0,2013-06-04,26,1076,68,103,29.0,81,68.0,1,3,4,8,1,0,1,1,0,0,0,3,11,1,51,51,1.07,0,1,1425.0,15,2,95.0,4,0.06666666666666667,Store,Wine,Highly Active
6932,1941,Phd,Married,93027.0,0,0,2013-04-13,77,1224,42,556,55.0,0,21.0,0,7,10,5,2,0,0,1,0,0,0,3,11,0,84,84,1.21,0,1,1898.0,22,1,86.27272727272727,9,0.0,Catalog,Wine,Inactive
7284,1953,Graduation,Married,48686.0,1,2,2013-12-04,8,10,0,7,2.0,0,1.0,1,1,0,2,8,0,0,0,0,0,0,3,11,0,72,72,0.57,3,4,20.0,3,0,6.666666666666667,9,0.3333333333333333,Store,Wine,Highly Active
1340,1986,Graduation,Married,92910.0,0,0,2014-04-24,42,551,81,556,120.5,81,33.0,1,6,7,13,1,0,1,1,1,0,0,3,11,0,39,39,0.18,0,1,1422.5,26,3,54.71153846153846,7,0.038461538461538464,Store,Meat,Moderately Active
8746,1989,Graduation,Married,75433.0,1,0,2014-04-05,28,800,0,297,0.0,34,57.0,2,2,5,10,6,0,1,0,1,0,0,3,11,0,36,36,0.23,1,2,1188.0,17,2,69.88235294117646,8,0.11764705882352941,Store,Wine,Highly Active
5987,1989,2N Cycle,Together,10404.0,1,0,2014-05-04,52,2,2,11,10.0,6,12.0,2,1,0,4,5,0,0,0,0,0,0,3,11,0,36,36,0.15,1,2,43.0,5,0,8.6,6,0.4,Store,Gold,Moderately Active
3767,1968,Graduation,Married,61314.0,0,1,2013-04-25,1,378,0,189,97.0,81,126.5,2,5,5,12,3,0,0,0,0,0,0,3,11,0,57,57,1.18,1,2,871.5,22,0,39.61363636363637,8,0.09090909090909091,Store,Wine,Highly Active
3725,1961,Phd,Single,84865.0,0,0,2013-05-09,1,1224,16,349,43.0,16,16.0,1,2,4,9,4,0,1,1,1,1,0,3,11,1,64,64,1.14,0,1,1664.0,15,4,110.93333333333334,6,0.06666666666666667,Store,Wine,Highly Active
4324,1989,Graduation,Married,42387.0,1,0,2012-10-29,42,235,0,235,19.0,4,126.5,5,8,1,7,8,0,0,0,0,0,0,3,11,0,36,36,1.66,1,2,619.5,16,0,38.71875,16,0.3125,Web,Wine,Moderately Active
238,1967,2N Cycle,Together,67309.0,1,1,2013-01-23,76,515,47,181,120.5,81,95.0,15,9,6,9,7,0,0,0,0,0,0,3,11,0,58,58,1.43,2,3,1039.5,24,0,43.3125,16,0.625,Web,Wine,Inactive
6694,1964,Graduation,Married,75236.0,0,1,2013-11-25,27,438,66,400,12.0,38,114.0,1,8,3,13,4,0,0,0,0,0,0,3,11,0,61,61,0.59,1,2,1068.0,24,0,44.5,12,0.041666666666666664,Store,Wine,Highly Active
498,1970,Graduation,Single,30015.0,1,0,2014-02-02,28,25,0,22,2.0,3,5.0,2,1,0,4,5,0,0,0,0,0,0,3,11,0,55,55,0.4,1,2,57.0,5,0,11.4,6,0.4,Store,Wine,Highly Active
9347,1956,Master,Together,50943.0,0,1,2013-06-21,49,31,0,7,2.0,0,6.0,1,1,0,3,5,0,0,0,0,0,0,3,11,0,69,69,1.02,1,2,46.0,4,0,11.5,6,0.25,Store,Wine,Moderately Active
9699,1966,Graduation,Divorced,67272.0,0,1,2013-12-21,12,357,35,271,28.0,28,14.0,3,6,2,12,5,0,0,0,0,0,0,3,11,0,59,59,0.52,1,2,733.0,20,0,36.65,11,0.15,Store,Wine,Highly Active
10664,1949,Master,Widow,51529.0,0,1,2013-09-07,14,400,4,35,6.0,0,22.0,2,9,1,5,8,0,0,0,0,0,0,3,11,0,76,76,0.81,1,2,467.0,15,0,31.133333333333333,17,0.13333333333333333,Web,Wine,Highly Active
5455,1971,Phd,Married,32011.0,1,0,2013-08-22,89,99,0,15,2.0,1,5.0,3,2,1,4,7,0,0,0,0,0,0,3,11,0,54,54,0.85,1,2,122.0,7,0,17.428571428571427,9,0.42857142857142855,Store,Wine,Inactive
456,1986,2N Cycle,Married,7500.0,1,0,2013-02-07,96,1,11,5,4.0,6,9.0,2,2,0,3,8,0,0,0,0,0,0,3,11,0,39,39,1.39,1,2,36.0,5,0,7.2,10,0.4,Store,Fruits,Inactive
5012,1989,Graduation,Married,28691.0,1,0,2013-07-04,56,5,4,13,8.0,0,4.0,1,1,0,3,8,0,0,0,0,0,0,3,11,0,36,36,0.99,1,2,34.0,4,0,8.5,9,0.25,Store,Meat,Moderately Active
7495,1948,Phd,Married,56223.0,0,1,2013-12-20,72,77,28,31,16.0,0,4.0,2,2,1,5,4,0,0,0,0,0,0,3,11,0,77,77,0.52,1,2,156.0,8,0,19.5,6,0.25,Store,Wine,Inactive
5029,1946,Graduation,Married,18100.0,0,0,2013-08-06,14,3,1,2,4.0,3,1.0,1,0,0,3,5,0,0,0,0,0,0,3,11,0,79,79,0.9,0,1,14.0,3,0,4.666666666666667,5,0.3333333333333333,Store,Fish,Highly Active
10642,1989,Graduation,Single,30279.0,1,0,2012-12-30,13,10,4,14,4.0,4,1.0,1,1,0,3,8,0,0,0,0,0,0,3,11,0,36,36,1.49,1,2,37.0,4,0,9.25,9,0.25,Store,Meat,Highly Active
2106,1974,2N Cycle,Married,20130.0,0,0,2014-03-17,99,0,6,3,7.0,6,12.0,1,1,0,3,8,0,0,0,0,0,0,3,11,0,51,51,0.28,0,1,34.0,4,0,8.5,9,0.25,Store,Gold,Inactive
10364,1959,Graduation,Divorced,23295.0,0,0,2013-07-13,72,0,0,1,2.0,12,5.0,1,1,0,2,8,0,0,0,0,0,0,3,11,0,66,66,0.96,0,1,20.0,3,0,6.666666666666667,9,0.3333333333333333,Store,Sweets,Inactive
5954,1972,Master,Divorced,42618.0,1,0,2013-10-09,92,76,14,74,13.0,5,10.0,2,5,0,4,8,0,0,0,0,0,0,3,11,0,53,53,0.72,1,2,192.0,9,0,21.333333333333332,13,0.2222222222222222,Web,Wine,Inactive
1137,1964,Graduation,Single,81246.0,0,0,2013-12-29,87,398,81,537,61.0,81,37.0,1,4,5,7,1,1,0,0,1,0,0,3,11,0,61,61,0.5,0,1,1195.0,16,2,74.6875,5,0.0625,Store,Meat,Inactive
2541,1976,Graduation,Married,24027.0,1,0,2013-06-09,7,14,7,11,11.0,0,5.0,2,2,0,3,8,0,0,0,0,0,0,3,11,0,49,49,1.05,1,2,48.0,5,0,9.6,10,0.4,Store,Wine,Highly Active
1142,1953,Phd,Married,55707.0,0,1,2013-12-22,91,208,7,82,30.0,66,35.0,2,3,2,9,3,0,0,0,0,0,0,3,11,0,72,72,0.52,1,2,428.0,14,0,30.571428571428573,6,0.14285714285714285,Store,Wine,Inactive
2276,1955,Graduation,Single,57959.0,0,1,2013-05-02,71,430,16,322,43.0,24,33.0,5,4,7,11,3,0,0,0,0,0,0,3,11,0,70,70,1.16,1,2,868.0,22,0,39.45454545454545,7,0.22727272727272727,Store,Wine,Inactive
2807,1969,Graduation,Married,56796.0,0,1,2013-02-16,24,656,38,161,62.0,47,37.0,3,8,9,7,7,0,0,0,0,0,0,3,11,0,56,56,1.36,1,2,1001.0,24,0,41.708333333333336,15,0.125,Catalog,Wine,Highly Active
6471,1971,Master,Single,36230.0,1,0,2013-10-17,17,14,2,30,8.0,2,3.0,1,2,0,4,5,0,0,0,0,0,0,3,11,0,54,54,0.7,1,2,59.0,6,0,9.833333333333334,7,0.16666666666666666,Store,Meat,Highly Active
6131,1980,2N Cycle,Married,70829.0,1,1,2013-12-01,87,141,70,106,72.0,19,23.0,2,4,2,8,3,0,0,0,0,0,0,3,11,0,45,45,0.57,2,3,431.0,14,0,30.785714285714285,7,0.14285714285714285,Store,Wine,Inactive
6233,1976,Graduation,Married,65991.0,0,1,2012-09-07,21,507,19,364,25.0,47,9.0,3,9,5,10,7,0,0,0,0,0,0,3,11,0,49,49,1.81,1,2,971.0,24,0,40.458333333333336,16,0.125,Store,Wine,Highly Active
4148,1972,Graduation,Married,38988.0,1,2,2012-08-20,90,164,24,103,12.0,3,42.0,7,5,1,6,8,0,0,0,0,0,0,3,11,0,53,53,1.86,3,4,348.0,12,0,29.0,13,0.5833333333333334,Store,Wine,Inactive
4947,1966,2N Cycle,Single,89572.0,0,0,2012-09-15,44,606,24,556,120.5,81,64.0,1,7,7,9,4,0,1,0,1,0,0,3,11,1,59,59,1.79,0,1,1451.5,23,2,63.108695652173914,11,0.043478260869565216,Store,Wine,Moderately Active
3225,1984,Master,Married,42207.0,1,0,2013-04-01,71,116,11,72,3.0,17,46.0,4,4,1,5,6,1,0,0,0,0,0,3,11,1,41,41,1.24,1,2,265.0,10,1,26.5,10,0.4,Store,Wine,Inactive
7540,1952,Graduation,Married,50300.0,0,1,2014-05-25,52,143,15,60,24.0,23,5.0,2,2,1,8,2,0,0,0,0,0,0,3,11,0,73,73,0.1,1,2,270.0,11,0,24.545454545454547,4,0.18181818181818182,Store,Wine,Moderately Active
10648,1982,2N Cycle,Together,66664.0,0,0,2012-09-25,78,398,81,447,120.5,81,32.0,1,5,7,6,3,0,0,0,0,0,0,3,11,0,43,43,1.76,0,1,1159.5,18,0,64.41666666666667,8,0.05555555555555555,Catalog,Meat,Inactive
1992,1964,Graduation,Married,60597.0,0,1,2014-01-01,2,522,0,257,32.0,16,66.0,4,2,2,8,7,0,0,0,1,0,0,3,11,1,61,61,0.49,1,2,893.0,12,1,74.41666666666667,9,0.3333333333333333,Store,Wine,Highly Active
7851,1949,Graduation,Widow,70165.0,0,0,2013-09-22,60,161,0,253,120.5,81,122.0,1,3,7,11,1,0,0,0,0,0,0,3,11,0,76,76,0.77,0,1,737.5,21,0,35.11904761904762,4,0.047619047619047616,Store,Meat,Moderately Active
8594,1958,Phd,Widow,50520.0,0,1,2014-01-28,25,112,0,6,2.0,1,14.0,2,3,1,3,6,0,0,0,0,0,0,3,11,0,67,67,0.42,1,2,135.0,7,0,19.285714285714285,9,0.2857142857142857,Web,Wine,Highly Active
7059,1963,Graduation,Married,80124.0,0,0,2014-06-26,47,483,81,398,120.5,81,126.5,1,3,7,8,1,1,0,0,0,0,0,3,11,0,62,62,0.01,0,1,1290.0,18,1,71.66666666666667,4,0.05555555555555555,Store,Wine,Moderately Active
2815,1975,Graduation,Married,33183.0,1,0,2014-02-24,46,7,5,39,17.0,15,37.0,2,4,0,3,7,0,0,0,0,0,0,3,11,0,50,50,0.34,1,2,120.0,7,0,17.142857142857142,11,0.2857142857142857,Web,Meat,Moderately Active
2416,1969,Phd,Single,66582.0,0,0,2014-03-03,83,789,25,420,16.0,38,0.0,1,2,8,9,1,0,0,0,0,0,0,3,11,0,56,56,0.32,0,1,1288.0,19,0,67.78947368421052,3,0.05263157894736842,Store,Wine,Inactive
7999,1955,Phd,Together,75261.0,0,0,2013-04-23,17,1224,17,413,23.0,34,17.0,1,5,6,5,2,0,1,1,0,0,0,3,11,1,70,70,1.18,0,1,1728.0,16,2,108.0,7,0.0625,Catalog,Wine,Highly Active
9213,1970,Graduation,Widow,31880.0,1,0,2012-10-31,13,4,1,5,2.0,0,3.0,1,1,0,2,8,0,0,0,0,0,0,3,11,0,55,55,1.66,1,2,15.0,3,0,5.0,9,0.3333333333333333,Store,Meat,Highly Active
9697,1951,Graduation,Married,53790.0,0,2,2014-03-06,86,335,42,127,28.0,5,5.0,3,7,2,8,6,0,0,0,0,0,0,3,11,0,74,74,0.31,2,3,542.0,17,0,31.88235294117647,13,0.17647058823529413,Store,Wine,Inactive
3916,1971,Phd,Together,49269.0,1,0,2012-08-15,92,639,8,166,11.0,8,58.0,3,7,3,12,7,0,0,0,0,0,0,3,11,0,54,54,1.87,1,2,890.0,22,0,40.45454545454545,14,0.13636363636363635,Store,Wine,Inactive
2021,1975,Graduation,Married,61456.0,0,1,2013-03-27,47,563,76,384,84.0,81,89.0,4,6,10,13,4,0,0,0,0,0,0,3,11,0,50,50,1.26,1,2,1277.0,29,0,44.03448275862069,10,0.13793103448275862,Store,Wine,Moderately Active
1581,1980,Graduation,Married,37406.0,1,0,2013-10-10,18,2,0,8,2.0,2,3.0,1,1,0,2,8,0,0,0,0,0,0,3,11,1,45,45,0.72,1,2,17.0,3,0,5.666666666666667,9,0.3333333333333333,Store,Meat,Highly Active
564,1981,Phd,Together,56937.0,1,0,2012-08-04,81,746,8,125,11.0,8,8.0,7,8,6,9,6,0,1,0,0,0,0,3,11,1,44,44,1.9,1,2,906.0,23,1,39.391304347826086,14,0.30434782608695654,Store,Wine,Inactive
6619,1978,Graduation,Married,38415.0,1,1,2013-01-02,91,22,1,13,4.0,0,4.0,2,1,0,3,7,0,0,0,0,0,0,3,11,0,47,47,1.49,2,3,44.0,4,0,11.0,8,0.5,Store,Wine,Inactive
9081,1988,Graduation,Single,20518.0,1,0,2014-05-18,58,4,1,6,4.0,1,9.0,1,1,1,2,5,0,0,0,0,0,0,3,11,0,37,37,0.11,1,2,25.0,4,0,6.25,6,0.25,Store,Gold,Moderately Active
178,1956,Graduation,Married,62503.0,0,1,2013-02-18,40,478,0,193,110.0,75,117.0,4,8,3,11,5,0,0,0,0,0,0,3,11,0,69,69,1.36,1,2,973.0,22,0,44.22727272727273,13,0.18181818181818182,Store,Wine,Moderately Active
916,1972,Phd,Single,41644.0,1,1,2014-05-09,67,20,3,4,2.0,0,2.0,2,1,0,3,3,0,0,0,0,0,0,3,11,0,53,53,0.14,2,3,31.0,4,0,7.75,4,0.5,Store,Wine,Inactive
5512,1977,Master,Married,55842.0,0,1,2014-05-23,19,451,0,39,0.0,4,24.0,1,7,1,8,5,0,0,0,0,0,0,3,11,0,48,48,0.1,1,2,518.0,16,0,32.375,12,0.0625,Store,Wine,Highly Active
8970,1972,Phd,Married,62010.0,0,1,2012-10-23,93,371,22,39,6.0,0,92.0,4,6,2,7,5,0,0,0,0,0,0,3,11,0,53,53,1.68,1,2,530.0,15,0,35.333333333333336,11,0.26666666666666666,Store,Wine,Inactive
10581,1977,Graduation,Married,41124.0,1,0,2012-10-31,41,281,7,84,15.0,0,119.0,7,7,3,4,8,0,0,0,0,0,0,3,11,0,48,48,1.66,1,2,506.0,14,0,36.142857142857146,15,0.5,Web,Wine,Moderately Active
5300,1973,Master,Married,38961.0,1,0,2013-12-30,60,19,7,19,0.0,1,24.0,1,2,1,2,7,0,0,0,0,0,0,3,11,0,52,52,0.5,1,2,70.0,5,0,14.0,9,0.2,Web,Gold,Moderately Active
5154,1972,Master,Divorced,37760.0,1,0,2013-08-11,54,26,3,13,2.0,10,0.0,1,2,0,3,6,0,0,0,0,0,0,3,11,0,53,53,0.88,1,2,54.0,5,0,10.8,8,0.2,Store,Wine,Moderately Active
8346,1974,Graduation,Single,32233.0,1,0,2012-08-19,26,138,15,35,25.0,11,72.0,2,6,2,2,9,1,0,0,0,0,0,3,11,1,51,51,1.86,1,2,296.0,10,1,29.6,15,0.2,Web,Wine,Highly Active
1676,1975,Graduation,Married,43057.0,0,1,2013-10-30,30,213,2,44,0.0,2,5.0,4,4,2,5,5,0,0,0,0,0,0,3,11,0,50,50,0.66,1,2,266.0,11,0,24.181818181818183,9,0.36363636363636365,Store,Wine,Highly Active
9286,1960,Master,Together,83151.0,0,0,2012-10-10,93,407,28,100,120.0,74,18.0,1,5,9,4,3,0,0,0,0,0,0,3,11,0,65,65,1.72,0,1,747.0,18,0,41.5,8,0.05555555555555555,Catalog,Wine,Inactive
2426,1964,Phd,Divorced,78825.0,0,0,2012-09-14,35,483,74,114,120.5,37,18.0,1,5,10,13,3,0,0,0,0,0,0,3,11,1,61,61,1.79,0,1,846.5,28,0,30.232142857142858,8,0.03571428571428571,Store,Wine,Moderately Active
5172,1976,Master,Together,65104.0,0,1,2013-11-14,4,738,0,232,13.0,20,50.0,2,3,5,7,7,0,0,0,0,0,0,3,11,0,49,49,0.62,1,2,1053.0,15,0,70.2,10,0.13333333333333333,Store,Wine,Highly Active
5562,1974,Graduation,Married,60093.0,0,1,2013-06-26,92,502,12,109,16.0,6,90.0,2,7,2,10,6,0,0,0,0,0,0,3,11,0,51,51,1.01,1,2,735.0,19,0,38.68421052631579,13,0.10526315789473684,Store,Wine,Inactive
3436,1969,Graduation,Married,14045.0,1,0,2014-01-26,24,11,0,5,2.0,1,1.0,1,1,0,3,7,0,0,0,0,0,0,3,11,0,56,56,0.42,1,2,20.0,4,0,5.0,8,0.25,Store,Wine,Highly Active
3921,1952,2N Cycle,Widow,28457.0,0,0,2012-10-28,96,24,1,108,29.0,29,14.0,1,4,1,4,8,0,0,0,0,0,0,3,11,0,73,73,1.67,0,1,205.0,9,0,22.77777777777778,12,0.1111111111111111,Web,Meat,Inactive
3403,1958,Phd,Together,78952.0,0,1,2012-09-24,11,1170,19,556,99.0,76,126.5,2,2,5,12,6,0,0,0,0,0,0,3,11,0,67,67,1.76,1,2,2046.5,19,0,107.71052631578948,8,0.10526315789473684,Store,Wine,Highly Active
22,1976,Graduation,Divorced,46310.0,1,0,2012-12-03,99,185,2,88,15.0,5,14.0,2,6,1,5,8,0,0,0,0,0,0,3,11,0,49,49,1.57,1,2,309.0,12,0,25.75,14,0.16666666666666666,Web,Wine,Inactive
10965,1955,Graduation,Together,76005.0,0,0,2013-02-22,72,983,20,389,120.5,50,40.0,1,3,5,13,6,0,0,0,1,0,0,3,11,0,70,70,1.35,0,1,1602.5,21,1,76.30952380952381,9,0.047619047619047616,Store,Wine,Inactive
9426,1964,Master,Single,58308.0,0,1,2013-01-12,77,691,0,69,10.0,0,126.5,4,2,6,3,8,0,0,0,0,0,0,3,11,0,61,61,1.46,1,2,896.5,11,0,81.5,10,0.36363636363636365,Catalog,Wine,Inactive
6605,1944,Phd,Divorced,55614.0,0,0,2013-11-27,85,504,13,131,8.0,0,26.0,1,9,4,6,7,0,1,0,0,0,0,3,11,0,81,81,0.59,0,1,682.0,19,1,35.89473684210526,16,0.05263157894736842,Web,Wine,Inactive
3136,1962,Master,Divorced,59432.0,0,1,2013-04-13,88,317,25,265,25.0,19,12.0,3,5,3,11,5,0,0,0,0,0,0,3,11,0,63,63,1.21,1,2,663.0,19,0,34.89473684210526,10,0.15789473684210525,Store,Wine,Inactive
8737,1978,Graduation,Divorced,55563.0,0,1,2014-04-05,22,29,1,9,2.0,0,2.0,1,2,0,3,3,0,0,0,0,0,0,3,11,0,47,47,0.23,1,2,43.0,5,0,8.6,5,0.2,Store,Wine,Highly Active
11088,1971,Phd,Together,78642.0,0,1,2013-04-21,83,1224,0,322,46.0,35,17.0,1,4,9,4,6,0,0,0,0,0,0,3,11,0,54,54,1.19,1,2,1644.0,17,0,96.70588235294117,10,0.058823529411764705,Catalog,Wine,Inactive
716,1949,Phd,Together,67911.0,0,1,2014-05-22,63,529,0,356,63.0,28,0.0,3,6,7,11,3,0,0,0,0,0,0,3,11,0,76,76,0.1,1,2,976.0,24,0,40.666666666666664,9,0.125,Store,Wine,Inactive
466,1944,Graduation,Married,65275.0,0,0,2013-04-03,9,388,14,218,91.0,14,21.0,1,4,3,13,2,0,0,0,0,0,0,3,11,0,81,81,1.24,0,1,746.0,20,0,37.3,6,0.05,Store,Wine,Highly Active
9135,1950,Graduation,Together,27203.0,1,1,2012-08-06,92,13,2,21,4.0,0,24.0,2,1,1,2,8,0,0,0,0,0,0,3,11,0,75,75,1.89,2,3,64.0,4,0,16.0,9,0.5,Store,Gold,Inactive
10623,1961,Master,Together,48330.0,0,1,2013-11-15,2,28,0,4,0.0,0,0.0,1,1,0,3,5,0,0,0,0,0,0,3,11,0,64,64,0.62,1,2,32.0,4,0,8.0,6,0.25,Store,Wine,Highly Active
8151,1990,Basic,Married,24279.0,0,0,2012-12-29,6,16,36,21,20.0,62,108.0,1,4,1,3,8,0,0,0,0,0,0,3,11,0,35,35,1.5,0,1,263.0,8,0,32.875,12,0.125,Web,Gold,Highly Active
5140,1985,Phd,Married,64355.0,1,0,2012-08-24,66,1047,0,140,67.0,38,126.5,2,4,3,12,8,0,0,0,0,0,0,3,11,0,40,40,1.85,1,2,1418.5,19,0,74.65789473684211,12,0.10526315789473684,Store,Wine,Inactive
10160,1956,Master,Together,50943.0,0,1,2013-06-21,49,31,0,7,2.0,0,6.0,1,1,0,3,5,0,0,0,0,0,0,3,11,0,69,69,1.02,1,2,46.0,4,0,11.5,6,0.25,Store,Wine,Moderately Active
4945,1953,Graduation,Widow,53653.0,0,0,2012-11-07,29,815,10,239,28.0,10,108.0,2,10,4,12,6,0,0,0,0,0,0,3,11,0,72,72,1.64,0,1,1210.0,26,0,46.53846153846154,16,0.07692307692307693,Store,Wine,Highly Active
10584,1976,Graduation,Married,65665.0,0,1,2013-12-02,77,225,81,387,106.0,36,29.0,1,5,10,8,3,0,0,0,0,0,0,3,11,0,49,49,0.57,1,2,864.0,23,0,37.56521739130435,8,0.043478260869565216,Catalog,Meat,Inactive
6071,1989,Graduation,Single,81217.0,0,0,2013-07-19,77,493,70,324,120.5,40,84.0,1,3,7,11,1,0,0,0,0,0,0,3,11,0,36,36,0.94,0,1,1131.5,21,0,53.88095238095238,4,0.047619047619047616,Store,Wine,Inactive
3386,1992,Graduation,Married,34935.0,0,0,2013-06-21,71,34,4,66,3.0,10,20.0,1,2,1,4,7,0,0,0,0,0,0,3,11,0,33,33,1.02,0,1,137.0,7,0,19.571428571428573,9,0.14285714285714285,Store,Meat,Inactive
8939,1959,Graduation,Divorced,61250.0,0,1,2012-12-16,49,382,81,65,60.0,26,59.0,6,5,2,12,5,0,0,0,0,0,0,3,11,0,66,66,1.53,1,2,673.0,19,0,35.421052631578945,10,0.3157894736842105,Store,Wine,Moderately Active
9925,1981,Phd,Together,39665.0,1,0,2013-05-25,97,127,1,56,0.0,1,31.0,3,4,2,3,7,1,0,0,0,0,0,3,11,0,44,44,1.1,1,2,216.0,9,1,24.0,11,0.3333333333333333,Web,Wine,Inactive
4320,1979,Graduation,Single,60152.0,0,1,2013-03-28,6,325,81,300,86.0,58,91.0,1,6,4,12,3,0,0,0,0,0,0,3,11,0,46,46,1.25,1,2,941.0,22,0,42.77272727272727,9,0.045454545454545456,Store,Wine,Highly Active
5389,1964,Graduation,Married,48920.0,0,2,2013-10-20,93,238,17,68,8.0,10,6.0,3,6,2,5,7,0,1,0,0,0,0,3,11,0,61,61,0.69,2,3,347.0,13,1,26.692307692307693,13,0.23076923076923078,Web,Wine,Inactive
6036,1959,Master,Together,89120.0,0,0,2014-03-17,78,1168,81,408,72.0,81,55.0,1,5,6,7,1,0,0,1,0,0,0,3,11,0,66,66,0.28,0,1,1865.0,18,1,103.61111111111111,6,0.05555555555555555,Store,Wine,Inactive
182,1946,Phd,Together,44124.0,0,1,2013-05-11,62,284,0,55,0.0,6,52.0,4,6,2,5,8,0,0,0,0,0,0,3,11,0,79,79,1.13,1,2,397.0,13,0,30.53846153846154,14,0.3076923076923077,Web,Wine,Inactive
203,1975,Master,Single,81169.0,0,0,2013-04-14,47,1224,20,556,80.0,61,27.0,1,5,7,9,2,0,0,0,0,0,0,3,11,0,50,50,1.21,0,1,1968.0,21,0,93.71428571428571,7,0.047619047619047616,Store,Wine,Moderately Active
11025,1961,Graduation,Married,36443.0,1,1,2013-02-03,9,65,0,46,4.0,3,20.0,4,3,1,3,8,0,0,0,0,0,0,3,11,0,64,64,1.4,2,3,138.0,7,0,19.714285714285715,11,0.5714285714285714,Web,Wine,Highly Active
10203,1990,Graduation,Single,26095.0,1,0,2013-06-30,77,11,7,9,3.0,1,11.0,1,1,0,3,7,0,0,0,0,0,0,3,11,0,35,35,1.0,1,2,42.0,4,0,10.5,8,0.25,Store,Wine,Inactive
4607,1959,Graduation,Together,71367.0,0,0,2013-08-23,24,227,23,389,42.0,21,75.0,1,4,5,7,2,0,0,0,0,0,0,3,11,0,66,66,0.85,0,1,777.0,16,0,48.5625,6,0.0625,Store,Meat,Highly Active
3711,1944,Master,Married,80184.0,0,0,2014-03-01,19,1035,81,556,25.0,38,0.0,1,6,3,10,3,0,0,1,1,0,0,3,11,0,81,81,0.33,0,1,1735.0,19,2,91.3157894736842,9,0.05263157894736842,Store,Wine,Highly Active
3696,1965,Graduation,Divorced,30630.0,1,1,2014-01-27,67,27,1,12,2.0,0,10.0,2,2,0,3,7,0,0,0,0,0,0,3,11,0,60,60,0.42,2,3,52.0,5,0,10.4,9,0.4,Store,Wine,Inactive
2532,1987,Master,Single,73454.0,0,0,2014-03-01,95,982,73,351,56.0,14,126.5,1,2,4,6,5,1,0,0,0,0,0,3,11,0,38,38,0.33,0,1,1602.5,12,1,133.54166666666666,7,0.08333333333333333,Store,Wine,Inactive
9214,1991,Graduation,Married,42691.0,0,0,2013-08-16,48,179,2,64,38.0,17,58.0,1,5,1,6,5,0,0,0,0,0,0,3,11,0,34,34,0.87,0,1,358.0,12,0,29.833333333333332,10,0.08333333333333333,Store,Wine,Moderately Active
4943,1953,Graduation,Married,70503.0,0,0,2012-09-30,73,1224,33,216,0.0,33,66.0,1,2,4,9,6,0,1,1,0,0,0,3,11,0,72,72,1.74,0,1,1572.0,15,2,104.8,8,0.06666666666666667,Store,Wine,Inactive
35,1987,Graduation,Married,25545.0,1,0,2012-09-08,35,32,1,64,16.0,12,85.0,3,2,2,3,6,0,0,0,0,0,0,3,11,1,38,38,1.8,1,2,210.0,7,0,30.0,8,0.42857142857142855,Store,Gold,Moderately Active
2258,1986,Graduation,Married,32880.0,1,0,2012-12-04,76,8,4,15,7.0,6,2.0,1,1,0,3,8,0,0,0,0,0,0,3,11,0,39,39,1.57,1,2,42.0,4,0,10.5,9,0.25,Store,Meat,Inactive
4322,1958,Phd,Together,77863.0,0,0,2013-11-27,20,881,38,319,16.0,25,12.0,1,4,5,10,2,0,0,0,0,0,0,3,11,0,67,67,0.59,0,1,1291.0,19,0,67.94736842105263,6,0.05263157894736842,Store,Wine,Highly Active
713,1977,Master,Married,50353.0,0,0,2014-06-08,72,141,15,153,67.0,31,35.0,1,4,4,6,3,0,0,0,0,0,0,3,11,0,48,48,0.06,0,1,442.0,14,0,31.571428571428573,7,0.07142857142857142,Store,Meat,Inactive
4702,1964,Graduation,Single,61839.0,0,0,2012-08-12,20,1000,81,379,120.5,17,120.0,1,4,8,4,8,0,0,0,0,0,0,3,11,0,61,61,1.88,0,1,1717.5,16,0,107.34375,12,0.0625,Catalog,Wine,Highly Active
3281,1960,Phd,Married,49154.0,1,1,2013-11-03,69,206,10,67,30.0,27,71.0,6,4,1,8,6,0,0,0,0,0,0,3,11,0,65,65,0.65,2,3,411.0,13,0,31.615384615384617,10,0.46153846153846156,Store,Wine,Inactive
702,1975,2N Cycle,Widow,47682.0,0,1,2013-02-15,80,162,61,83,97.0,57,61.0,4,4,3,8,5,0,0,0,0,0,0,3,11,0,50,50,1.37,1,2,521.0,15,0,34.733333333333334,9,0.26666666666666666,Store,Wine,Inactive
2004,1969,Graduation,Single,72679.0,0,1,2013-09-18,65,619,54,260,120.5,54,54.0,1,4,7,5,1,0,0,0,0,0,0,3,11,0,56,56,0.78,1,2,1161.5,16,0,72.59375,5,0.0625,Catalog,Wine,Inactive
4769,1977,Master,Together,57954.0,1,1,2014-06-18,52,456,4,24,0.0,0,9.0,7,8,2,6,7,0,1,0,0,0,0,3,11,0,48,48,0.03,2,3,493.0,16,1,30.8125,15,0.4375,Web,Wine,Moderately Active
4437,1962,Graduation,Married,65316.0,1,1,2013-04-24,65,112,6,92,3.0,9,38.0,2,3,2,5,4,0,0,0,0,0,0,3,11,0,63,63,1.18,2,3,260.0,10,0,26.0,7,0.2,Store,Wine,Inactive
8724,1982,Graduation,Single,28567.0,1,0,2013-06-17,57,11,3,22,2.0,2,6.0,2,2,0,3,6,0,0,0,0,0,0,3,11,0,43,43,1.03,1,2,46.0,5,0,9.2,8,0.4,Store,Meat,Moderately Active
10741,1951,Master,Together,47352.0,0,1,2013-04-11,70,172,12,112,8.0,0,15.0,4,6,1,5,7,0,0,0,0,0,0,3,11,0,74,74,1.22,1,2,319.0,12,0,26.583333333333332,13,0.3333333333333333,Web,Wine,Inactive
1991,1967,Graduation,Together,44931.0,0,1,2014-01-18,0,78,0,11,0.0,0,7.0,1,2,1,3,5,0,0,0,0,0,0,3,11,0,58,58,0.44,1,2,96.0,6,0,16.0,7,0.16666666666666666,Store,Wine,Highly Active
6931,1967,Graduation,Divorced,76982.0,0,0,2014-02-15,19,464,81,292,65.0,60,30.0,1,8,3,4,4,0,0,1,0,0,0,3,11,1,58,58,0.37,0,1,992.0,15,1,66.13333333333334,12,0.06666666666666667,Web,Wine,Highly Active
11096,1952,2N Cycle,Together,57247.0,0,1,2013-08-08,50,99,4,32,37.0,54,6.0,2,2,1,7,2,0,0,0,0,0,0,3,11,0,73,73,0.89,1,2,232.0,10,0,23.2,4,0.2,Store,Wine,Moderately Active
304,1981,Master,Single,22944.0,1,0,2013-12-23,67,19,3,19,4.0,5,26.0,3,3,0,3,7,0,0,0,0,0,0,3,11,0,44,44,0.51,1,2,76.0,6,0,12.666666666666666,10,0.5,Web,Gold,Inactive
3665,1977,2N Cycle,Together,25315.0,1,0,2013-11-07,46,1,9,8,11.0,3,22.0,3,3,0,3,8,0,0,0,0,0,0,3,11,0,48,48,0.64,1,2,54.0,6,0,9.0,11,0.5,Web,Gold,Moderately Active
10591,1969,Graduation,Widow,43638.0,0,1,2012-08-06,37,63,10,83,7.0,19,19.0,2,4,1,4,7,0,0,0,0,0,0,3,11,0,56,56,1.89,1,2,201.0,9,0,22.333333333333332,11,0.2222222222222222,Web,Meat,Moderately Active
5036,1984,Phd,Single,42710.0,1,0,2012-11-28,38,252,3,42,4.0,3,102.0,2,4,5,3,6,0,0,0,0,0,0,3,11,0,41,41,1.58,1,2,406.0,12,0,33.833333333333336,10,0.16666666666666666,Catalog,Wine,Moderately Active
5547,1982,Phd,Married,84169.0,0,0,2013-08-07,9,1224,19,403,0.0,19,0.0,1,7,6,6,3,0,1,1,0,0,0,3,11,1,43,43,0.89,0,1,1665.0,19,2,87.63157894736842,10,0.05263157894736842,Web,Wine,Highly Active
7822,1976,Graduation,Together,54058.0,0,1,2013-06-04,56,198,18,252,32.0,81,54.0,2,4,6,8,3,0,0,0,0,0,0,3,11,0,49,49,1.07,1,2,635.0,18,0,35.27777777777778,7,0.1111111111111111,Store,Meat,Moderately Active
8541,1990,2N Cycle,Married,24683.0,1,0,2014-03-08,98,8,4,10,6.0,7,6.0,2,2,0,4,5,0,0,0,0,0,0,3,11,0,35,35,0.31,1,2,41.0,6,0,6.833333333333333,7,0.3333333333333333,Store,Meat,Inactive
10955,1964,Graduation,Widow,85620.0,0,0,2014-01-07,68,416,46,556,60.0,81,46.0,1,3,6,4,1,0,0,0,0,0,0,3,11,1,61,61,0.47,0,1,1205.0,13,0,92.6923076923077,4,0.07692307692307693,Catalog,Meat,Inactive
4368,1980,Graduation,Married,47850.0,1,0,2013-12-03,72,42,7,43,20.0,12,10.0,1,3,0,4,6,0,0,0,0,0,0,3,11,0,45,45,0.57,1,2,134.0,7,0,19.142857142857142,9,0.14285714285714285,Store,Meat,Inactive
9671,1968,Graduation,Married,19514.0,1,1,2014-01-26,47,14,3,21,2.0,1,28.0,4,3,1,2,8,1,0,0,0,0,0,3,11,1,57,57,0.42,2,3,69.0,6,1,11.5,11,0.6666666666666666,Web,Gold,Moderately Active
2256,1973,Master,Married,27159.0,1,1,2014-03-29,33,17,0,3,0.0,0,1.0,2,1,0,3,6,0,0,0,0,0,0,3,11,0,52,52,0.25,2,3,21.0,4,0,5.25,7,0.5,Store,Wine,Moderately Active
4279,1963,2N Cycle,Single,39548.0,1,1,2014-03-31,87,15,4,10,3.0,4,18.0,2,1,1,3,3,0,0,0,0,0,0,3,11,0,62,62,0.25,2,3,54.0,5,0,10.8,4,0.4,Store,Gold,Inactive
5371,1989,Graduation,Single,21474.0,1,0,2014-04-08,0,6,16,24,11.0,0,34.0,2,3,1,2,7,1,0,0,0,0,0,3,11,1,36,36,0.22,1,2,91.0,6,1,15.166666666666666,10,0.3333333333333333,Web,Gold,Highly Active
9240,1971,Phd,Single,60504.0,0,1,2014-02-07,73,458,0,24,6.0,4,34.0,2,6,2,8,6,0,0,0,0,0,0,3,11,0,54,54,0.39,1,2,526.0,16,0,32.875,12,0.125,Store,Wine,Inactive
9460,1963,Graduation,Married,22419.0,0,0,2013-04-18,74,30,3,47,19.0,21,42.0,1,3,2,2,8,0,0,0,0,0,0,3,11,0,62,62,1.2,0,1,162.0,7,0,23.142857142857142,11,0.14285714285714285,Web,Meat,Inactive
9504,1949,Master,Married,81698.0,0,0,2013-11-06,4,179,28,520,111.0,81,47.0,1,3,8,13,1,0,0,0,0,0,0,3,11,1,76,76,0.64,0,1,966.0,24,0,40.25,4,0.041666666666666664,Store,Meat,Highly Active
8692,1952,Graduation,Together,43462.0,1,1,2012-09-12,50,90,17,97,15.0,6,15.0,6,4,1,5,8,0,0,0,0,0,0,3,11,0,73,73,1.79,2,3,240.0,10,0,24.0,12,0.6,Store,Meat,Moderately Active
448,1978,Phd,Single,54880.0,1,0,2013-03-01,57,308,81,137,102.0,45,118.0,2,6,2,11,5,0,0,0,0,0,0,3,11,0,47,47,1.33,1,2,791.0,19,0,41.63157894736842,11,0.10526315789473684,Store,Wine,Moderately Active
8314,1982,Graduation,Married,79908.0,0,0,2013-04-05,30,557,81,556,29.0,81,111.0,1,5,6,7,2,0,0,1,0,0,0,3,11,0,43,43,1.23,0,1,1415.0,18,1,78.61111111111111,7,0.05555555555555555,Store,Wine,Highly Active
8420,1970,2N Cycle,Married,15315.0,0,0,2013-08-03,27,7,4,13,15.0,8,17.0,2,2,0,4,5,0,0,0,0,0,0,3,11,0,55,55,0.9,0,1,64.0,6,0,10.666666666666666,7,0.3333333333333333,Store,Gold,Highly Active
3174,1959,Graduation,Together,87771.0,0,1,2013-05-22,61,1224,38,287,50.0,57,33.0,1,5,10,4,6,0,1,1,1,1,0,3,11,1,66,66,1.1,1,2,1689.0,19,4,88.89473684210526,11,0.05263157894736842,Catalog,Wine,Inactive
7685,1978,Graduation,Married,33039.0,1,0,2013-09-09,4,30,8,12,8.0,8,12.0,1,2,0,4,5,0,0,0,0,0,0,3,11,0,47,47,0.8,1,2,78.0,6,0,13.0,7,0.16666666666666666,Store,Wine,Highly Active
3179,1980,Graduation,Single,81741.0,0,0,2013-06-16,75,249,81,556,58.0,81,38.0,0,6,6,7,2,0,0,0,0,0,0,3,11,0,45,45,1.03,0,1,1063.0,19,0,55.94736842105263,8,0.0,Store,Meat,Inactive
9780,1971,Master,Together,71499.0,0,1,2013-06-25,12,465,25,132,120.5,0,37.0,2,8,3,13,4,0,0,0,0,0,0,3,11,0,54,54,1.01,1,2,779.5,24,0,32.479166666666664,12,0.08333333333333333,Store,Wine,Highly Active
10681,1970,2N Cycle,Married,62466.0,0,1,2014-01-15,13,129,81,259,120.5,81,83.0,5,6,3,12,4,0,0,0,0,0,0,3,11,0,55,55,0.45,1,2,753.5,21,0,35.88095238095238,10,0.23809523809523808,Store,Meat,Highly Active
10232,1963,Phd,Divorced,48799.0,0,1,2013-11-05,9,174,18,81,28.0,6,24.0,3,3,2,7,3,0,0,0,0,0,0,3,11,0,62,62,0.65,1,2,331.0,12,0,27.583333333333332,6,0.25,Store,Wine,Highly Active
4184,1950,Phd,Together,52157.0,0,1,2014-06-07,48,189,2,29,3.0,2,40.0,2,3,2,5,4,0,0,0,0,0,0,3,11,0,75,75,0.06,1,2,265.0,10,0,26.5,7,0.2,Store,Wine,Moderately Active
9120,1962,Graduation,Single,66565.0,0,1,2012-12-05,80,747,10,161,65.0,40,42.0,4,4,2,9,8,0,0,0,0,0,0,3,11,0,63,63,1.56,1,2,1065.0,15,0,71.0,12,0.26666666666666666,Store,Wine,Inactive
891,1951,Master,Together,29298.0,1,1,2013-09-07,60,6,0,2,2.0,0,1.0,1,1,0,2,5,0,0,0,0,0,0,3,11,0,74,74,0.81,2,3,11.0,3,0,3.6666666666666665,6,0.3333333333333333,Store,Wine,Moderately Active
10381,1979,Graduation,Single,47691.0,0,1,2013-07-05,43,14,0,3,0.0,0,4.0,1,1,0,2,6,0,0,0,0,0,0,3,11,0,46,46,0.98,1,2,21.0,3,0,7.0,7,0.3333333333333333,Store,Wine,Moderately Active
3525,1970,Graduation,Together,38200.0,1,1,2012-12-07,19,12,0,4,0.0,0,1.0,1,1,0,2,7,0,0,0,0,0,0,3,11,0,55,55,1.56,2,3,17.0,3,0,5.666666666666667,8,0.3333333333333333,Store,Wine,Highly Active
6818,1974,Graduation,Married,44989.0,0,1,2012-09-12,26,98,0,106,49.0,10,106.0,5,5,1,5,6,0,0,0,0,0,0,3,11,0,51,51,1.79,1,2,369.0,11,0,33.54545454545455,11,0.45454545454545453,Web,Meat,Highly Active
3526,1968,Phd,Married,38443.0,1,1,2014-01-27,58,32,0,5,0.0,0,1.0,2,1,0,3,7,0,0,0,0,0,0,3,11,0,57,57,0.42,2,3,38.0,4,0,9.5,8,0.5,Store,Wine,Moderately Active
8181,1978,2N Cycle,Single,38593.0,1,0,2013-09-13,42,51,12,49,17.0,24,24.0,3,4,1,3,8,0,0,0,0,0,0,3,11,0,47,47,0.79,1,2,177.0,8,0,22.125,12,0.375,Web,Wine,Moderately Active
1029,1970,Phd,Together,64413.0,0,1,2013-08-01,27,200,5,44,0.0,10,20.0,1,5,1,5,5,0,0,0,0,0,0,3,11,0,55,55,0.91,1,2,279.0,11,0,25.363636363636363,10,0.09090909090909091,Web,Wine,Highly Active
7369,1981,Master,Married,36959.0,1,0,2013-10-02,56,25,6,25,6.0,0,0.0,2,2,0,3,8,0,0,0,0,0,0,3,11,0,44,44,0.74,1,2,62.0,5,0,12.4,10,0.4,Store,Wine,Moderately Active
2574,1977,Phd,Married,61996.0,0,1,2013-01-31,27,1050,12,144,0.0,0,24.0,3,6,4,8,5,0,1,0,1,1,0,3,11,1,48,48,1.41,1,2,1230.0,18,3,68.33333333333333,11,0.16666666666666666,Store,Wine,Highly Active
8159,1968,Graduation,Married,51287.0,1,1,2014-04-01,10,117,0,22,13.0,0,30.0,3,4,1,3,7,0,0,0,0,0,0,3,11,0,57,57,0.24,2,3,182.0,8,0,22.75,11,0.375,Web,Wine,Highly Active
1160,1970,Graduation,Married,13260.0,1,1,2013-08-23,48,9,4,17,10.0,2,7.0,4,3,0,3,8,0,0,0,0,0,0,3,11,0,55,55,0.85,2,3,49.0,6,0,8.166666666666666,11,0.6666666666666666,Web,Meat,Moderately Active
10242,1966,Phd,Together,47472.0,1,1,2013-09-16,39,56,0,11,0.0,0,8.0,2,2,0,4,5,0,0,0,0,0,0,3,11,0,59,59,0.78,2,3,75.0,6,0,12.5,7,0.3333333333333333,Store,Wine,Moderately Active
5253,1956,Master,Together,54603.0,1,1,2013-07-09,85,145,13,46,17.0,2,4.0,6,4,2,4,7,0,0,0,0,0,0,3,11,0,69,69,0.97,2,3,227.0,10,0,22.7,11,0.6,Web,Wine,Inactive
5966,1974,Phd,Married,45207.0,1,1,2012-11-10,64,203,0,10,0.0,0,2.0,5,3,1,6,6,0,1,0,0,0,0,3,11,0,51,51,1.63,2,3,215.0,10,1,21.5,9,0.5,Store,Wine,Inactive
5314,1951,Graduation,Together,40689.0,0,1,2013-03-18,69,270,3,27,39.0,6,99.0,7,7,1,5,8,0,0,0,0,0,0,3,11,0,74,74,1.28,1,2,444.0,13,0,34.15384615384615,15,0.5384615384615384,Web,Wine,Inactive
5081,1967,2N Cycle,Together,47821.0,1,1,2013-10-20,54,9,0,16,6.0,6,10.0,1,1,0,3,8,0,0,0,0,0,0,3,11,0,58,58,0.69,2,3,47.0,4,0,11.75,9,0.25,Store,Meat,Moderately Active
5123,1951,Master,Married,27450.0,0,0,2013-04-15,57,37,12,23,8.0,11,52.0,1,2,1,3,7,0,0,0,0,0,0,3,11,0,74,74,1.2,0,1,143.0,6,0,23.833333333333332,9,0.16666666666666666,Store,Gold,Moderately Active
5756,1983,Graduation,Together,39453.0,1,0,2014-04-03,64,46,0,7,0.0,0,2.0,2,2,0,3,6,0,0,0,0,0,0,3,11,0,42,42,0.24,1,2,55.0,5,0,11.0,8,0.4,Store,Wine,Inactive
8036,1971,2N Cycle,Together,26850.0,1,1,2014-04-18,10,31,1,13,7.0,2,9.0,4,2,1,4,4,0,0,0,0,0,0,3,11,0,54,54,0.2,2,3,63.0,7,0,9.0,6,0.5714285714285714,Store,Wine,Highly Active
9058,1955,Graduation,Widow,79800.0,0,0,2012-09-23,65,1060,21,530,32.0,0,126.5,1,5,11,5,3,1,0,1,1,0,0,3,11,1,70,70,1.76,0,1,1769.5,21,3,84.26190476190476,8,0.047619047619047616,Catalog,Wine,Inactive
5057,1961,Master,Married,61794.0,0,1,2013-09-14,74,264,47,188,54.0,47,11.0,2,4,4,10,2,0,0,0,0,0,0,3,11,0,64,64,0.79,1,2,611.0,18,0,33.94444444444444,6,0.1111111111111111,Store,Wine,Inactive
254,1955,Graduation,Together,53863.0,0,1,2014-05-17,4,399,4,30,6.0,4,30.0,3,7,1,7,7,0,1,0,0,0,0,3,11,0,70,70,0.12,1,2,473.0,15,1,31.533333333333335,14,0.2,Web,Wine,Highly Active
4179,1959,Graduation,Together,24221.0,0,0,2013-08-20,94,8,9,9,2.0,5,22.0,1,1,1,3,4,0,0,0,0,0,0,3,11,0,66,66,0.86,0,1,55.0,5,0,11.0,5,0.2,Store,Gold,Inactive
3710,1984,Phd,Single,39684.0,1,0,2012-10-12,41,19,0,35,6.0,4,17.0,2,2,1,2,7,0,0,0,0,0,1,3,11,1,41,41,1.71,1,2,81.0,5,0,16.2,9,0.4,Web,Meat,Moderately Active
7627,1975,Master,Married,92163.0,0,0,2012-12-12,25,817,81,556,106.0,81,20.0,0,5,11,5,2,0,0,1,1,0,0,3,11,1,50,50,1.54,0,1,1661.0,21,2,79.0952380952381,7,0.0,Catalog,Wine,Highly Active
4501,1965,Master,Single,69882.0,0,0,2013-11-10,94,292,81,556,120.5,81,126.5,1,3,7,9,1,0,0,0,0,0,0,3,11,0,60,60,0.63,0,1,1257.0,19,0,66.15789473684211,4,0.05263157894736842,Store,Meat,Inactive
6424,1977,Graduation,Together,33178.0,1,0,2014-01-30,9,12,6,2,11.0,2,16.0,1,1,0,3,4,0,0,0,0,0,0,3,11,0,48,48,0.41,1,2,49.0,4,0,12.25,5,0.25,Store,Gold,Highly Active
3075,1972,Phd,Married,59973.0,0,0,2013-09-11,47,130,30,168,20.0,34,0.0,1,3,4,7,1,0,0,0,0,0,0,3,11,0,53,53,0.8,0,1,382.0,14,0,27.285714285714285,4,0.07142857142857142,Store,Meat,Moderately Active
4992,1975,Master,Together,17459.0,1,0,2013-09-19,12,6,4,16,3.0,10,30.0,3,3,1,2,7,0,0,0,0,0,0,3,11,1,50,50,0.77,1,2,69.0,6,0,11.5,10,0.5,Web,Gold,Highly Active
5252,1969,Graduation,Divorced,23910.0,1,0,2012-10-26,80,16,12,18,7.0,1,13.0,1,2,0,3,7,0,0,0,0,0,0,3,11,0,56,56,1.67,1,2,67.0,5,0,13.4,9,0.2,Store,Meat,Inactive
7444,1969,Master,Married,42169.0,1,1,2013-10-19,20,19,0,9,0.0,0,2.0,2,1,0,3,8,0,0,0,0,0,0,3,11,0,56,56,0.69,2,3,30.0,4,0,7.5,9,0.5,Store,Wine,Highly Active
6919,1978,2N Cycle,Married,26224.0,1,0,2013-06-04,39,4,7,15,13.0,9,15.0,3,2,1,3,6,0,0,0,0,0,0,3,11,0,47,47,1.07,1,2,63.0,6,0,10.5,8,0.5,Store,Meat,Moderately Active
3537,1981,Graduation,Together,31089.0,1,0,2012-08-17,57,31,3,31,2.0,8,4.0,3,3,0,4,8,0,0,0,0,0,0,3,11,0,44,44,1.86,1,2,79.0,7,0,11.285714285714286,11,0.42857142857142855,Store,Wine,Moderately Active
10277,1961,Graduation,Single,30081.0,0,1,2013-02-21,27,36,0,2,0.0,0,4.0,1,1,0,3,7,0,0,0,0,0,0,3,11,0,64,64,1.35,1,2,42.0,4,0,10.5,8,0.25,Store,Wine,Highly Active
2453,1960,Graduation,Together,62807.0,0,1,2012-08-31,83,526,28,135,10.0,21,99.0,3,5,3,12,5,0,0,0,0,0,0,3,11,0,65,65,1.83,1,2,819.0,20,0,40.95,10,0.15,Store,Wine,Inactive
7972,1955,Graduation,Single,72906.0,0,0,2013-09-17,79,400,32,519,71.0,75,54.0,1,3,4,9,1,0,0,0,0,0,0,3,11,0,70,70,0.78,0,1,1151.0,16,0,71.9375,4,0.0625,Store,Meat,Inactive
895,1948,Phd,Married,61467.0,0,2,2012-12-09,69,410,16,114,0.0,5,49.0,3,5,2,10,5,0,0,0,0,0,0,3,11,0,77,77,1.55,2,3,594.0,17,0,34.94117647058823,10,0.17647058823529413,Store,Wine,Inactive
1177,1966,Master,Together,49618.0,1,1,2013-01-26,77,80,3,26,4.0,2,14.0,4,3,1,3,7,0,0,0,0,0,0,3,11,0,59,59,1.42,2,3,129.0,7,0,18.428571428571427,10,0.5714285714285714,Web,Wine,Inactive
7141,1986,Master,Single,21888.0,1,0,2012-12-29,15,88,10,46,2.0,3,64.0,4,5,1,2,10,0,0,0,0,0,0,3,11,1,39,39,1.5,1,2,213.0,8,0,26.625,15,0.5,Web,Wine,Highly Active
7232,1973,Graduation,Widow,42429.0,0,1,2014-02-11,99,55,0,6,2.0,0,4.0,2,1,1,3,5,0,0,0,0,0,0,3,11,0,52,52,0.38,1,2,67.0,5,0,13.4,6,0.4,Store,Wine,Inactive
8477,1956,Graduation,Divorced,26150.0,2,1,2013-03-11,61,5,1,13,3.0,5,1.0,1,1,0,3,7,0,0,0,0,0,0,3,11,0,69,69,1.3,3,4,28.0,4,0,7.0,8,0.25,Store,Meat,Inactive
2457,1975,Basic,Married,30801.0,0,1,2012-10-26,23,8,4,5,15.0,2,11.0,2,1,0,3,7,0,0,0,0,0,0,3,11,0,50,50,1.67,1,2,45.0,4,0,11.25,8,0.5,Store,Fish,Highly Active
988,1965,Graduation,Married,81168.0,0,0,2014-05-07,84,410,0,556,120.5,22,22.0,1,6,4,7,3,0,0,0,1,0,0,3,11,0,60,60,0.15,0,1,1130.5,17,1,66.5,9,0.058823529411764705,Store,Meat,Inactive
7930,1969,Master,Single,26877.0,0,0,2013-08-19,74,101,13,76,20.0,18,40.0,2,3,1,6,6,0,0,0,0,0,0,3,11,0,56,56,0.86,0,1,268.0,10,0,26.8,9,0.2,Store,Wine,Inactive
4587,1944,Master,Widow,45006.0,0,0,2013-07-18,90,162,25,53,16.0,0,10.0,1,3,1,7,3,0,0,0,0,0,0,3,11,0,81,81,0.95,0,1,266.0,11,0,24.181818181818183,6,0.09090909090909091,Store,Wine,Inactive
6682,1973,Basic,Married,18978.0,1,0,2012-12-11,41,2,8,1,4.0,7,15.0,1,1,0,3,8,0,0,0,0,0,0,3,11,0,52,52,1.55,1,2,37.0,4,0,9.25,9,0.25,Store,Gold,Moderately Active
6222,1967,Graduation,Married,22574.0,2,1,2013-10-28,28,25,0,8,2.0,0,2.0,2,2,0,3,7,0,0,0,0,0,0,3,11,0,58,58,0.67,3,4,37.0,5,0,7.4,9,0.4,Store,Wine,Highly Active
10299,1969,Phd,Single,48240.0,0,0,2012-11-09,73,389,81,248,64.0,49,41.0,3,6,3,13,5,0,0,0,0,0,0,3,11,1,56,56,1.63,0,1,872.0,22,0,39.63636363636363,11,0.13636363636363635,Store,Wine,Inactive
3083,1974,Graduation,Married,45837.0,1,1,2013-07-26,88,215,13,87,17.0,17,24.0,5,6,2,5,7,0,0,0,0,0,0,3,11,0,51,51,0.93,2,3,373.0,13,0,28.692307692307693,13,0.38461538461538464,Web,Wine,Inactive
8953,1965,Master,Single,35791.0,2,1,2013-05-06,94,27,0,5,0.0,0,3.0,2,1,0,3,8,0,0,0,0,0,0,3,11,0,60,60,1.15,3,4,35.0,4,0,8.75,9,0.5,Store,Wine,Inactive
1503,1976,Phd,Together,117418.0,1,1,2013-06-03,31,85,1,16,2.0,1,2.0,0,0,0,1,1,0,0,0,0,0,0,3,11,0,49,49,1.07,2,3,107.0,1,0,107.0,1,0.0,Store,Wine,Moderately Active
8650,1978,Graduation,Widow,54162.0,1,1,2013-03-18,31,5,6,10,6.0,5,10.0,1,1,0,3,4,0,0,0,0,0,0,3,11,0,47,47,1.28,2,3,42.0,4,0,10.5,5,0.25,Store,Meat,Moderately Active
10862,1960,Master,Married,30522.0,0,1,2012-08-17,6,179,8,83,19.0,11,26.0,5,1,2,9,2,0,0,0,0,0,0,3,11,0,65,65,1.86,1,2,326.0,12,0,27.166666666666668,3,0.4166666666666667,Store,Wine,Highly Active
2782,1961,Phd,Married,54456.0,0,1,2013-07-11,23,352,0,27,10.0,0,15.0,3,6,1,7,6,0,0,0,0,0,0,3,11,0,64,64,0.97,1,2,404.0,14,0,28.857142857142858,12,0.21428571428571427,Store,Wine,Highly Active
6941,1971,Graduation,Single,31632.0,0,0,2013-07-14,92,17,8,12,11.0,15,32.0,1,2,1,2,7,0,0,0,0,0,0,3,11,0,54,54,0.96,0,1,95.0,5,0,19.0,9,0.2,Web,Gold,Inactive
10972,1949,Graduation,Widow,72298.0,0,0,2014-03-10,52,625,35,169,58.0,17,35.0,1,4,3,6,1,0,1,1,0,0,0,3,11,0,76,76,0.3,0,1,939.0,13,2,72.23076923076923,5,0.07692307692307693,Store,Wine,Moderately Active
10708,1978,2N Cycle,Single,36975.0,1,0,2013-12-28,50,10,6,11,0.0,4,2.0,1,1,0,3,7,0,0,0,0,0,0,3,11,0,47,47,0.5,1,2,33.0,4,0,8.25,8,0.25,Store,Meat,Moderately Active
6583,1955,2N Cycle,Married,72635.0,0,0,2013-06-03,54,390,22,323,104.0,35,107.0,1,6,8,6,3,0,0,0,1,0,0,3,11,0,70,70,1.07,0,1,981.0,20,1,49.05,9,0.05,Catalog,Wine,Moderately Active
3641,1976,Graduation,Married,13624.0,1,0,2013-01-20,93,10,2,15,2.0,1,6.0,2,2,0,3,6,0,0,0,0,0,0,3,11,0,49,49,1.44,1,2,36.0,5,0,7.2,8,0.4,Store,Meat,Inactive
10156,1975,Graduation,Single,84196.0,0,1,2013-06-03,56,215,63,507,120.5,31,126.5,1,8,4,7,3,0,0,0,0,0,0,3,11,0,50,50,1.07,1,2,1063.0,19,0,55.94736842105263,11,0.05263157894736842,Web,Meat,Moderately Active
4299,1960,Graduation,Together,70971.0,0,1,2012-09-21,28,1001,17,556,93.0,81,17.0,7,11,11,5,7,0,0,0,0,0,0,3,11,1,65,65,1.77,1,2,1765.0,27,0,65.37037037037037,18,0.25925925925925924,Web,Wine,Highly Active
3469,1977,Phd,Divorced,34487.0,1,1,2012-09-06,94,19,18,33,24.0,1,8.0,3,3,0,3,9,0,0,0,0,0,0,3,11,0,48,48,1.81,2,3,103.0,6,0,17.166666666666668,12,0.5,Web,Meat,Inactive
5063,1977,Graduation,Single,28769.0,1,0,2012-12-18,76,41,5,129,10.0,3,3.0,3,4,1,4,9,0,0,0,0,0,0,3,11,0,48,48,1.53,1,2,191.0,9,0,21.22222222222222,13,0.3333333333333333,Web,Meat,Inactive
10727,1970,Phd,Married,69084.0,1,0,2013-11-19,43,1181,81,199,39.0,30,30.0,2,7,3,13,8,0,0,0,0,0,0,3,11,0,55,55,0.61,1,2,1560.0,23,0,67.82608695652173,15,0.08695652173913043,Store,Wine,Moderately Active
9624,1958,Phd,Together,65488.0,0,0,2014-06-13,46,603,45,207,36.0,18,54.0,1,3,4,6,1,0,0,0,0,0,0,3,11,0,67,67,0.04,0,1,963.0,13,0,74.07692307692308,4,0.07692307692307693,Store,Wine,Moderately Active
5156,1970,2N Cycle,Married,62466.0,0,1,2014-01-15,13,129,81,259,120.5,81,83.0,5,6,3,12,4,0,0,0,0,0,0,3,11,0,55,55,0.45,1,2,753.5,21,0,35.88095238095238,10,0.23809523809523808,Store,Meat,Highly Active
4376,1960,2N Cycle,Single,32218.0,0,0,2014-02-15,27,10,24,15,13.0,1,30.0,1,2,1,3,7,1,0,0,0,0,0,3,11,1,65,65,0.37,0,1,93.0,6,1,15.5,9,0.16666666666666666,Store,Gold,Highly Active
8923,1973,Graduation,Single,83917.0,0,0,2013-04-18,12,514,22,556,42.0,81,79.0,1,6,7,7,3,0,0,0,0,0,0,3,11,1,52,52,1.2,0,1,1294.0,20,0,64.7,9,0.05,Catalog,Meat,Highly Active
8461,1962,Graduation,Divorced,46102.0,2,1,2014-03-10,3,14,0,1,0.0,0,1.0,1,1,0,2,7,0,0,0,0,0,0,3,11,0,63,63,0.3,3,4,16.0,3,0,5.333333333333333,8,0.3333333333333333,Store,Wine,Highly Active
6945,1952,Graduation,Single,84574.0,0,0,2013-06-04,72,387,20,556,38.0,54,126.5,1,9,11,11,5,0,0,0,0,0,0,3,11,0,73,73,1.07,0,1,1181.5,31,0,38.11290322580645,14,0.03225806451612903,Catalog,Meat,Inactive
944,1962,Graduation,Married,56181.0,0,1,2013-01-08,6,121,81,69,8.0,44,48.0,1,4,2,7,4,0,0,0,0,0,0,3,11,0,63,63,1.47,1,2,371.0,13,0,28.53846153846154,8,0.07692307692307693,Store,Wine,Highly Active
1907,1950,Master,Divorced,63120.0,0,1,2012-09-28,53,965,69,279,54.0,41,69.0,5,8,4,9,7,0,0,0,0,0,0,3,11,1,75,75,1.75,1,2,1477.0,21,0,70.33333333333333,15,0.23809523809523808,Store,Wine,Moderately Active
701,1971,Graduation,Married,73691.0,0,1,2013-11-06,58,707,21,250,85.0,43,73.0,2,6,2,8,2,1,0,0,0,0,0,3,11,0,54,54,0.64,1,2,1179.0,16,1,73.6875,8,0.125,Store,Wine,Moderately Active
3856,1960,Graduation,Together,63381.0,0,1,2012-10-05,78,571,50,142,33.0,50,126.5,4,4,5,13,2,0,0,0,0,0,0,3,11,0,65,65,1.73,1,2,972.5,22,0,44.20454545454545,6,0.18181818181818182,Store,Wine,Inactive
4149,1948,Phd,Together,76140.0,0,0,2014-05-13,57,586,66,556,17.0,0,26.0,1,5,9,6,2,0,0,0,0,0,0,3,11,0,77,77,0.13,0,1,1251.0,20,0,62.55,7,0.05,Catalog,Wine,Moderately Active
2131,1959,Phd,Divorced,62859.0,0,1,2012-12-30,37,1063,81,102,16.0,12,25.0,4,9,4,6,6,0,0,0,0,0,0,3,11,0,66,66,1.49,1,2,1299.0,19,0,68.36842105263158,15,0.21052631578947367,Web,Wine,Moderately Active
2942,1964,Graduation,Single,45906.0,0,1,2013-05-07,20,305,3,27,4.0,3,126.5,2,5,4,4,5,1,0,0,0,0,0,3,11,0,61,61,1.14,1,2,468.5,13,1,36.03846153846154,10,0.15384615384615385,Web,Wine,Highly Active
1173,1947,Master,Together,77632.0,0,0,2013-03-10,73,1200,81,556,0.0,42,126.5,1,4,2,6,2,0,1,1,0,0,0,3,11,1,78,78,1.3,0,1,2005.5,12,2,167.125,6,0.08333333333333333,Store,Wine,Inactive
4381,1971,Phd,Married,46463.0,1,1,2013-08-18,56,163,2,40,8.0,11,11.0,7,3,1,6,6,0,0,0,0,0,0,3,11,0,54,54,0.86,2,3,235.0,10,0,23.5,9,0.7,Store,Wine,Moderately Active
4611,1970,Graduation,Together,105471.0,0,0,2013-01-21,36,1009,81,104,120.5,21,126.5,0,9,8,13,3,0,0,1,1,0,0,3,11,1,55,55,1.43,0,1,1462.0,30,2,48.733333333333334,12,0.0,Store,Wine,Moderately Active
3376,1970,Master,Divorced,55282.0,1,0,2013-12-13,9,125,6,73,8.0,4,19.0,1,3,1,6,4,0,0,0,0,0,0,3,11,0,55,55,0.54,1,2,235.0,10,0,23.5,7,0.1,Store,Wine,Highly Active
4679,1977,Master,Married,78710.0,0,1,2014-05-23,42,721,0,152,119.0,50,50.0,3,7,6,12,4,0,0,0,0,0,0,3,11,0,48,48,0.1,1,2,1092.0,25,0,43.68,11,0.12,Store,Wine,Moderately Active
10928,1958,Graduation,Together,66886.0,0,1,2013-09-16,28,315,4,62,41.0,31,126.5,2,7,1,7,5,0,0,0,0,0,0,3,11,0,67,67,0.78,1,2,579.5,15,0,38.63333333333333,12,0.13333333333333333,Web,Wine,Highly Active
4248,1960,Master,Single,98777.0,0,0,2014-02-17,23,1000,19,556,120.5,81,38.0,0,4,6,9,1,0,1,0,0,0,0,3,11,0,65,65,0.36,0,1,1814.5,19,1,95.5,5,0.0,Store,Wine,Highly Active
6728,1985,Graduation,Together,29103.0,1,0,2012-08-27,38,16,0,17,6.0,3,6.0,2,1,0,3,9,0,0,0,0,0,0,3,11,0,40,40,1.84,1,2,48.0,4,0,12.0,10,0.5,Store,Meat,Moderately Active
6661,1974,Graduation,Married,67445.0,0,1,2012-08-12,63,757,80,217,29.0,80,11.0,5,9,6,12,6,0,0,0,0,0,0,3,11,0,51,51,1.88,1,2,1174.0,27,0,43.48148148148148,15,0.18518518518518517,Store,Wine,Inactive
4725,1950,Phd,Together,50616.0,0,1,2014-04-13,71,30,2,25,0.0,1,9.0,1,1,1,4,2,0,0,0,0,0,0,3,11,0,75,75,0.21,1,2,67.0,6,0,11.166666666666666,3,0.16666666666666666,Store,Wine,Inactive
3277,1955,Graduation,Divorced,49431.0,0,1,2012-08-03,9,219,3,100,26.0,0,17.0,2,7,1,5,8,0,0,0,0,0,0,3,11,0,70,70,1.9,1,2,365.0,13,0,28.076923076923077,15,0.15384615384615385,Web,Wine,Highly Active
5555,1975,Graduation,Divorced,117418.0,0,0,2014-02-07,81,1,1,1,1.0,1,1.0,0,0,0,0,0,0,0,0,0,0,0,3,11,0,50,50,0.39,0,1,6.0,0,0,0.0,0,0.0,Web,Wine,Inactive
2564,1953,Graduation,Together,61278.0,0,1,2014-01-04,87,111,3,28,2.0,6,15.0,2,3,1,4,6,0,0,0,0,0,0,3,11,0,72,72,0.48,1,2,165.0,8,0,20.625,9,0.25,Store,Wine,Inactive
946,1958,2N Cycle,Together,26490.0,0,0,2012-09-22,92,45,47,52,21.0,20,25.0,2,3,1,5,6,0,0,0,0,0,0,3,11,0,67,67,1.77,0,1,210.0,9,0,23.333333333333332,9,0.2222222222222222,Store,Meat,Inactive
3867,1947,Phd,Together,73059.0,0,1,2013-08-31,36,410,81,420,0.0,81,71.0,1,9,3,13,4,0,0,0,0,0,0,3,11,0,78,78,0.83,1,2,1063.0,25,0,42.52,13,0.04,Store,Meat,Moderately Active
6940,1966,Phd,Single,46734.0,1,2,2013-10-21,86,100,1,39,6.0,1,76.0,4,3,2,3,6,1,0,0,0,0,0,3,11,0,59,59,0.69,3,4,223.0,8,1,27.875,9,0.5,Web,Wine,Inactive
55,1963,Graduation,Together,56253.0,0,1,2012-12-07,83,509,0,65,7.0,11,5.0,4,7,2,9,6,0,0,0,0,0,0,3,11,0,62,62,1.56,1,2,597.0,18,0,33.166666666666664,13,0.2222222222222222,Store,Wine,Inactive
7093,1985,Graduation,Married,19986.0,1,0,2013-11-14,74,3,6,5,0.0,2,6.0,1,0,0,3,7,0,0,0,0,0,0,3,11,0,40,40,0.62,1,2,22.0,3,0,7.333333333333333,7,0.3333333333333333,Store,Fruits,Inactive
5084,1975,Graduation,Widow,58330.0,0,1,2013-12-25,87,445,53,213,104.0,81,126.5,1,6,4,13,4,0,0,0,0,0,0,3,11,0,50,50,0.51,1,2,1022.5,23,0,44.45652173913044,10,0.043478260869565216,Store,Wine,Inactive
1777,1980,Basic,Married,25965.0,0,0,2012-09-07,29,2,2,11,41.0,7,11.0,1,2,0,3,8,0,0,0,0,0,0,3,11,0,45,45,1.81,0,1,74.0,5,0,14.8,10,0.2,Store,Fish,Highly Active
8162,1956,Master,Together,14661.0,0,0,2013-01-01,88,4,1,11,6.0,2,2.0,1,1,0,3,6,0,0,0,0,0,0,3,11,0,69,69,1.49,0,1,26.0,4,0,6.5,7,0.25,Store,Meat,Inactive
10826,1959,Graduation,Married,18690.0,0,0,2012-12-28,77,6,1,7,23.0,4,19.0,1,1,1,2,8,0,0,0,0,0,0,3,11,0,66,66,1.5,0,1,60.0,4,0,15.0,9,0.25,Store,Fish,Inactive
8754,1974,Phd,Together,45068.0,0,1,2013-05-16,25,14,0,3,0.0,0,3.0,1,1,0,2,7,0,0,0,0,0,0,3,11,0,51,51,1.12,1,2,20.0,3,0,6.666666666666667,8,0.3333333333333333,Store,Wine,Highly Active
1987,1987,Basic,Single,21063.0,1,0,2013-09-25,34,1,10,11,19.0,3,15.0,2,2,0,3,6,0,0,0,0,0,0,3,11,0,38,38,0.76,1,2,59.0,5,0,11.8,8,0.4,Store,Fish,Moderately Active
11007,1968,Phd,Married,29187.0,1,0,2013-05-09,43,26,0,6,0.0,0,2.0,1,1,0,3,8,0,0,0,0,0,0,3,11,0,57,57,1.14,1,2,34.0,4,0,8.5,9,0.25,Store,Wine,Moderately Active
7426,1971,2N Cycle,Married,54690.0,1,1,2013-11-07,76,111,16,37,7.0,9,18.0,3,3,1,5,3,0,0,0,0,0,0,3,11,0,54,54,0.64,2,3,198.0,9,0,22.0,6,0.3333333333333333,Store,Wine,Inactive
9153,1964,Phd,Married,59304.0,0,1,2013-07-29,81,418,61,428,80.0,51,10.0,3,7,8,10,5,0,0,0,0,0,0,3,11,0,61,61,0.92,1,2,1048.0,25,0,41.92,12,0.12,Store,Meat,Inactive
10379,1962,Master,Single,59247.0,0,2,2013-11-08,87,327,9,122,19.0,14,83.0,5,5,2,9,6,0,0,0,0,0,0,3,11,0,63,63,0.64,2,3,574.0,16,0,35.875,11,0.3125,Store,Wine,Inactive
9204,1970,Graduation,Widow,66731.0,0,1,2012-09-12,33,371,81,194,58.0,81,126.5,4,4,3,6,3,0,0,0,0,0,0,3,11,0,55,55,1.79,1,2,911.5,13,0,70.11538461538461,7,0.3076923076923077,Store,Wine,Moderately Active
3197,1980,Graduation,Married,77353.0,0,1,2013-12-16,38,275,59,107,69.0,81,59.0,2,6,4,8,4,0,0,0,0,0,0,3,11,0,45,45,0.53,1,2,650.0,18,0,36.111111111111114,10,0.1111111111111111,Store,Wine,Moderately Active
2920,1975,Phd,Single,52614.0,0,1,2012-12-01,63,789,0,142,12.0,9,38.0,2,2,4,8,8,0,0,0,0,0,0,3,11,0,50,50,1.57,1,2,990.0,14,0,70.71428571428571,10,0.14285714285714285,Store,Wine,Inactive
6961,1974,Graduation,Married,26751.0,2,0,2014-05-22,26,1,1,5,0.0,3,1.0,1,1,0,2,8,0,0,0,0,0,0,3,11,0,51,51,0.1,2,3,11.0,3,0,3.6666666666666665,9,0.3333333333333333,Store,Meat,Highly Active
4673,1963,Phd,Married,81300.0,0,1,2012-10-30,17,1004,12,145,32.0,12,36.0,3,10,3,5,5,0,0,0,1,0,0,3,11,1,62,62,1.66,1,2,1241.0,18,1,68.94444444444444,15,0.16666666666666666,Web,Wine,Highly Active
9937,1979,Graduation,Single,70337.0,0,0,2014-01-02,75,187,81,149,25.0,43,91.0,1,2,2,12,1,0,0,0,0,0,0,3,11,0,46,46,0.49,0,1,576.0,16,0,36.0,3,0.0625,Store,Wine,Inactive
8779,1985,2N Cycle,Married,36145.0,1,0,2013-06-16,13,56,4,76,17.0,1,18.0,4,4,1,3,9,1,0,0,0,0,0,3,11,1,40,40,1.03,1,2,172.0,8,1,21.5,13,0.5,Web,Meat,Highly Active
9596,1980,Phd,Single,65295.0,0,0,2013-12-23,19,365,32,117,34.0,81,6.0,1,3,3,13,2,0,0,0,0,0,0,3,11,0,45,45,0.51,0,1,635.0,19,0,33.421052631578945,5,0.05263157894736842,Store,Wine,Highly Active
2891,1963,Graduation,Divorced,68118.0,0,1,2013-10-18,51,595,23,123,10.0,23,126.5,2,8,9,4,6,0,0,0,0,0,0,3,11,0,62,62,0.7,1,2,900.5,21,0,42.88095238095238,14,0.09523809523809523,Catalog,Wine,Moderately Active
4910,1967,Graduation,Divorced,68743.0,0,0,2012-08-30,81,1132,81,384,120.5,81,115.0,1,11,5,13,7,0,0,0,0,0,0,3,11,0,58,58,1.83,0,1,1913.5,29,0,65.98275862068965,18,0.034482758620689655,Store,Wine,Inactive
75,1982,2N Cycle,Together,41039.0,0,0,2013-07-25,32,34,11,137,120.5,61,45.0,1,8,1,5,8,0,0,0,0,0,0,3,11,0,43,43,0.93,0,1,408.5,14,0,29.178571428571427,16,0.07142857142857142,Web,Meat,Moderately Active
10120,1955,Graduation,Together,38946.0,0,1,2013-10-24,84,116,6,82,6.0,6,41.0,2,3,1,6,5,0,0,0,0,0,0,3,11,0,70,70,0.68,1,2,257.0,10,0,25.7,8,0.2,Store,Wine,Inactive
6327,1967,Graduation,Together,65777.0,0,0,2013-12-19,87,565,32,435,28.0,32,54.0,1,2,8,6,1,0,0,0,0,0,0,3,11,0,58,58,0.53,0,1,1146.0,16,0,71.625,3,0.0625,Catalog,Wine,Inactive
10142,1976,Phd,Divorced,66476.0,0,1,2013-03-07,99,372,18,126,47.0,48,78.0,2,5,2,11,4,0,0,0,0,0,0,3,11,0,49,49,1.31,1,2,689.0,18,0,38.27777777777778,9,0.1111111111111111,Store,Wine,Inactive
9826,1972,Phd,Single,86857.0,0,0,2012-09-12,96,899,81,556,120.5,81,40.0,1,5,6,10,2,0,0,0,0,0,0,3,11,1,53,53,1.79,0,1,1777.5,21,0,84.64285714285714,7,0.047619047619047616,Store,Wine,Inactive
1501,1982,Phd,Married,117418.0,0,0,2012-08-04,21,55,16,556,17.0,3,4.0,15,0,28,1,0,0,0,0,0,0,0,3,11,0,43,43,1.9,0,1,651.0,29,0,22.448275862068964,0,0.5172413793103449,Catalog,Meat,Highly Active
10767,1989,Phd,Together,77845.0,0,0,2014-05-16,40,760,40,480,0.0,40,26.0,1,3,5,12,1,0,0,1,1,0,0,3,11,0,36,36,0.12,0,1,1346.0,20,2,67.3,4,0.05,Store,Wine,Moderately Active
7279,1969,Phd,Together,69476.0,0,0,2013-09-30,3,260,81,556,63.0,9,67.0,1,4,6,4,2,0,0,0,0,0,0,3,11,0,56,56,0.74,0,1,1036.0,14,0,74.0,6,0.07142857142857142,Catalog,Meat,Highly Active
7230,1960,Phd,Divorced,50611.0,0,1,2012-10-04,98,459,0,24,6.0,0,4.0,6,4,5,7,6,0,1,0,0,0,0,3,11,1,65,65,1.73,1,2,493.0,16,1,30.8125,10,0.375,Store,Wine,Inactive
143,1970,Graduation,Single,61209.0,0,0,2013-08-25,73,466,0,224,119.0,49,99.0,1,5,3,4,2,0,0,0,0,0,0,3,11,0,55,55,0.84,0,1,957.0,12,0,79.75,7,0.08333333333333333,Web,Wine,Inactive
450,1958,Master,Together,42315.0,0,1,2013-07-12,90,67,15,80,17.0,11,80.0,3,1,4,4,3,0,0,0,0,0,0,3,11,0,67,67,0.96,1,2,270.0,9,0,30.0,4,0.3333333333333333,Catalog,Meat,Inactive
9316,1952,Basic,Together,13084.0,0,0,2013-11-02,29,2,0,7,3.0,7,10.0,1,1,0,3,6,0,0,0,0,0,0,3,11,0,73,73,0.65,0,1,29.0,4,0,7.25,7,0.25,Store,Gold,Highly Active
6379,1949,Master,Widow,47570.0,1,1,2013-05-29,3,67,1,20,0.0,2,31.0,3,2,2,2,7,0,0,0,0,0,0,3,11,1,76,76,1.08,2,3,121.0,6,0,20.166666666666668,9,0.5,Web,Wine,Highly Active
9239,1961,Master,Married,61923.0,0,2,2013-07-26,94,92,4,18,3.0,3,6.0,1,2,1,4,3,0,0,0,0,0,0,3,11,0,64,64,0.93,2,3,126.0,7,0,18.0,5,0.14285714285714285,Store,Wine,Inactive
8315,1995,Graduation,Single,34824.0,0,0,2014-03-26,65,4,2,11,2.0,0,4.0,1,1,0,2,6,0,0,0,0,0,0,3,11,0,30,30,0.26,0,1,23.0,3,0,7.666666666666667,7,0.3333333333333333,Store,Meat,Inactive
2868,1949,Phd,Single,26518.0,1,1,2013-04-08,33,20,1,28,3.0,3,2.0,3,2,0,3,8,0,0,0,0,0,0,3,11,1,76,76,1.22,2,3,57.0,5,0,11.4,10,0.6,Store,Meat,Moderately Active
10888,1961,Graduation,Single,45938.0,0,0,2013-11-03,46,273,11,178,62.0,81,29.0,2,8,4,6,6,0,0,0,0,0,0,3,11,0,64,64,0.65,0,1,634.0,18,0,35.22222222222222,14,0.1111111111111111,Web,Wine,Moderately Active
1277,1960,Graduation,Together,78468.0,0,0,2014-04-09,29,434,22,388,104.0,22,34.0,1,10,7,10,4,0,0,0,1,0,0,3,11,0,65,65,0.22,0,1,1004.0,27,1,37.18518518518518,14,0.037037037037037035,Web,Wine,Highly Active
9977,1973,Graduation,Divorced,78901.0,0,1,2013-09-17,99,321,11,309,33.0,26,34.0,3,9,3,5,4,0,0,0,0,0,0,3,11,0,52,52,0.78,1,2,734.0,17,0,43.1764705882353,13,0.17647058823529413,Web,Wine,Inactive
10196,1978,Graduation,Married,71427.0,2,0,2014-03-12,26,212,81,177,15.0,64,23.0,2,8,2,8,4,0,0,0,0,0,0,3,11,0,47,47,0.3,2,3,572.0,18,0,31.77777777777778,12,0.1111111111111111,Web,Wine,Highly Active
6384,1978,Graduation,Divorced,71022.0,0,1,2014-02-11,30,909,12,278,0.0,12,126.5,3,5,2,11,8,1,0,0,0,0,0,3,11,0,47,47,0.38,1,2,1337.5,18,1,74.30555555555556,13,0.16666666666666666,Store,Wine,Highly Active
8029,1988,Master,Single,90247.0,0,0,2014-04-29,27,1184,32,352,21.0,16,16.0,1,3,4,7,1,0,1,1,1,0,0,3,11,1,37,37,0.17,0,1,1621.0,14,3,115.78571428571429,4,0.07142857142857142,Store,Wine,Highly Active
968,1968,Master,Divorced,41335.0,1,0,2013-12-26,24,112,19,21,16.0,14,5.0,3,4,1,4,7,0,0,0,0,0,0,3,11,0,57,57,0.51,1,2,187.0,9,0,20.77777777777778,11,0.3333333333333333,Web,Wine,Highly Active
6988,1986,Graduation,Married,71952.0,1,0,2013-01-10,93,656,80,455,52.0,81,93.0,2,8,4,8,4,1,0,1,0,0,0,3,11,0,39,39,1.46,1,2,1417.0,20,2,70.85,12,0.1,Web,Wine,Inactive
4472,1970,Phd,Divorced,35682.0,1,0,2014-06-27,34,23,0,8,6.0,2,18.0,1,1,1,3,2,0,0,0,0,0,0,3,11,0,55,55,0.01,1,2,57.0,5,0,11.4,3,0.2,Store,Wine,Moderately Active
6991,1951,Graduation,Divorced,43185.0,0,1,2013-04-10,88,537,6,42,16.0,6,30.0,2,9,3,6,8,0,0,0,0,0,0,3,11,0,74,74,1.22,1,2,637.0,18,0,35.388888888888886,17,0.1111111111111111,Web,Wine,Inactive
3336,1948,Phd,Together,66375.0,0,1,2013-11-21,96,712,0,45,0.0,0,126.5,3,2,4,5,7,1,0,0,0,0,0,3,11,0,77,77,0.6,1,2,883.5,11,1,80.31818181818181,9,0.2727272727272727,Store,Wine,Inactive
4301,1971,Master,Married,35178.0,1,0,2013-01-10,10,23,1,13,2.0,2,18.0,1,1,1,2,7,1,0,0,0,0,0,3,11,1,54,54,1.46,1,2,59.0,4,1,14.75,8,0.25,Store,Wine,Highly Active
1940,1986,Graduation,Married,25252.0,1,0,2013-07-12,26,1,3,4,2.0,2,6.0,1,1,0,2,8,0,0,0,0,0,0,3,11,0,39,39,0.96,1,2,18.0,3,0,6.0,9,0.3333333333333333,Store,Gold,Highly Active
1272,1965,Master,Single,55250.0,0,1,2012-10-21,49,664,58,83,32.0,0,66.0,4,7,5,10,5,0,0,0,0,0,0,3,11,0,60,60,1.69,1,2,903.0,22,0,41.04545454545455,12,0.18181818181818182,Store,Wine,Moderately Active
1388,1975,Graduation,Single,33249.0,1,0,2013-02-20,11,6,10,21,19.0,14,42.0,2,2,1,3,6,0,0,0,0,0,0,3,11,0,50,50,1.35,1,2,112.0,6,0,18.666666666666668,8,0.3333333333333333,Store,Gold,Highly Active
1044,1953,Graduation,Together,58398.0,0,0,2013-05-14,44,299,5,201,21.0,21,49.0,3,5,4,8,4,0,0,0,0,0,0,3,11,0,72,72,1.13,0,1,596.0,17,0,35.05882352941177,9,0.17647058823529413,Store,Wine,Moderately Active
6969,1982,Graduation,Together,50272.0,1,0,2013-08-07,75,99,13,66,43.0,8,4.0,3,4,1,5,7,0,0,0,0,0,0,3,11,0,43,43,0.89,1,2,233.0,10,0,23.3,11,0.3,Store,Wine,Inactive
10479,1975,Phd,Married,76618.0,0,0,2012-12-07,64,749,40,294,120.5,81,126.5,1,3,2,5,1,0,0,0,0,0,0,3,11,0,50,50,1.56,0,1,1411.0,10,0,141.1,4,0.1,Store,Wine,Inactive
3619,1960,2N Cycle,Divorced,87305.0,0,0,2012-09-23,19,345,25,501,63.0,81,80.0,1,5,3,8,2,0,0,1,0,0,0,3,11,1,65,65,1.76,0,1,1095.0,16,1,68.4375,7,0.0625,Store,Meat,Highly Active
1715,1978,Graduation,Together,25851.0,1,0,2013-02-11,45,9,4,18,7.0,5,5.0,2,2,0,3,7,0,0,0,0,0,0,3,11,0,47,47,1.38,1,2,48.0,5,0,9.6,9,0.4,Store,Meat,Moderately Active
10159,1970,Graduation,Divorced,58710.0,0,1,2013-03-31,77,440,81,368,0.0,81,126.5,6,11,5,9,6,0,0,0,0,0,0,3,11,0,55,55,1.25,1,2,1096.5,25,0,43.86,17,0.24,Web,Wine,Inactive
1463,1958,Graduation,Single,45160.0,1,1,2014-03-29,9,8,2,5,3.0,0,3.0,1,1,0,2,7,0,0,0,0,0,0,3,11,0,67,67,0.25,2,3,21.0,3,0,7.0,8,0.3333333333333333,Store,Wine,Highly Active
5114,1965,Master,Married,74806.0,0,1,2012-12-19,1,670,9,249,0.0,28,9.0,2,5,4,5,4,0,0,0,0,0,0,3,11,0,60,60,1.52,1,2,965.0,14,0,68.92857142857143,9,0.14285714285714285,Web,Wine,Highly Active
4990,1954,Graduation,Married,59111.0,0,0,2013-05-02,90,524,0,134,28.0,28,126.5,1,11,1,8,7,0,0,0,0,0,0,3,11,0,71,71,1.16,0,1,840.5,20,0,42.025,18,0.05,Web,Wine,Inactive
4329,1984,Phd,Married,18988.0,1,0,2014-05-23,43,6,0,6,2.0,1,1.0,2,1,0,3,7,0,0,0,0,0,0,3,11,0,41,41,0.1,1,2,16.0,4,0,4.0,8,0.5,Store,Wine,Moderately Active
10936,1965,Graduation,Married,72190.0,0,0,2013-02-13,79,597,81,556,120.5,81,126.5,1,5,6,4,3,0,0,0,0,0,0,3,11,0,60,60,1.37,0,1,1562.0,15,0,104.13333333333334,8,0.06666666666666667,Catalog,Wine,Inactive
4692,1976,Graduation,Married,7500.0,1,0,2012-08-01,19,7,0,12,13.0,7,32.0,5,4,1,2,9,1,0,0,0,0,0,3,11,1,49,49,1.91,1,2,71.0,7,1,10.142857142857142,13,0.7142857142857143,Web,Gold,Highly Active
7212,1966,Graduation,Married,44794.0,0,1,2014-06-08,99,54,0,7,0.0,0,4.0,1,2,0,3,6,0,0,0,0,0,0,3,11,0,59,59,0.06,1,2,65.0,5,0,13.0,8,0.2,Store,Wine,Inactive
6086,1955,Graduation,Married,80395.0,0,0,2013-11-23,62,445,25,556,80.0,76,48.0,1,6,5,12,2,0,0,0,1,0,0,3,11,0,70,70,0.6,0,1,1230.0,23,1,53.47826086956522,8,0.043478260869565216,Store,Meat,Inactive
437,1976,Master,Divorced,75012.0,0,0,2014-01-25,41,294,81,218,120.5,58,126.5,1,3,8,11,1,0,0,0,0,0,0,3,11,0,49,49,0.42,0,1,898.0,22,0,40.81818181818182,4,0.045454545454545456,Store,Wine,Moderately Active
11171,1965,Master,Married,56962.0,2,1,2013-10-11,60,292,3,77,10.0,3,26.0,7,6,3,5,7,0,0,0,0,0,0,3,11,0,60,60,0.71,3,4,411.0,14,0,29.357142857142858,13,0.5,Web,Wine,Moderately Active
11101,1991,Graduation,Together,89891.0,0,0,2013-04-15,17,412,22,132,59.0,28,126.5,1,11,6,8,4,0,0,1,0,0,0,3,11,0,34,34,1.2,0,1,779.5,25,1,31.18,15,0.04,Web,Wine,Highly Active
5329,1949,Phd,Divorced,35946.0,1,1,2013-09-27,24,8,0,3,0.0,0,0.0,1,0,0,3,5,0,0,0,0,0,0,3,11,0,76,76,0.75,2,3,11.0,3,0,3.6666666666666665,5,0.3333333333333333,Store,Wine,Highly Active
610,1953,Phd,Together,53593.0,1,1,2012-08-07,60,349,4,78,6.0,0,43.0,8,7,2,6,8,0,0,0,0,0,0,3,11,0,72,72,1.89,2,3,480.0,15,0,32.0,15,0.5333333333333333,Web,Wine,Moderately Active
9384,1978,Graduation,Married,66373.0,1,1,2013-06-12,57,328,9,124,12.0,24,109.0,7,4,2,10,3,0,0,0,0,0,0,3,11,0,47,47,1.05,2,3,606.0,16,0,37.875,7,0.4375,Store,Wine,Moderately Active
5956,1948,Phd,Divorced,45072.0,1,2,2013-10-16,74,144,2,99,7.0,2,30.0,5,6,1,4,8,0,0,0,0,0,0,3,11,0,77,77,0.7,3,4,284.0,11,0,25.818181818181817,14,0.45454545454545453,Web,Wine,Inactive
10430,1973,Graduation,Divorced,89694.0,1,1,2013-10-09,22,1126,28,211,37.0,28,42.0,3,4,3,4,5,0,1,1,1,0,0,3,11,0,52,52,0.72,2,3,1472.0,11,3,133.8181818181818,9,0.2727272727272727,Web,Wine,Highly Active
7875,1949,Graduation,Married,72025.0,0,0,2014-04-29,46,967,0,556,43.0,50,0.0,1,4,8,13,2,0,1,1,1,0,0,3,11,1,76,76,0.17,0,1,1616.0,25,3,64.64,6,0.04,Store,Wine,Moderately Active
7072,1973,Graduation,Married,67432.0,0,1,2013-03-29,69,432,79,341,120.5,81,126.5,2,8,5,4,4,0,0,0,0,0,0,3,11,0,52,52,1.25,1,2,1180.0,17,0,69.41176470588235,12,0.11764705882352941,Web,Wine,Inactive
6255,1952,Master,Together,70545.0,0,1,2014-06-03,29,138,39,63,55.0,18,21.0,1,4,1,7,2,0,0,0,0,0,0,3,11,0,73,73,0.07,1,2,334.0,12,0,27.833333333333332,6,0.08333333333333333,Store,Wine,Highly Active
6516,1989,Basic,Married,17487.0,1,0,2013-03-18,37,0,0,1,7.0,4,6.0,1,1,0,2,7,0,0,0,0,0,0,3,11,0,36,36,1.28,1,2,18.0,3,0,6.0,8,0.3333333333333333,Store,Fish,Moderately Active
5564,1969,Graduation,Together,62882.0,0,1,2012-08-09,26,509,81,497,78.0,24,97.0,2,7,5,6,4,0,0,0,0,0,0,3,11,0,56,56,1.89,1,2,1286.0,18,0,71.44444444444444,11,0.1111111111111111,Web,Wine,Highly Active
5682,1953,Phd,Single,64108.0,0,1,2013-03-23,8,948,10,86,13.0,21,21.0,4,6,9,11,5,0,0,0,0,0,0,3,11,0,72,72,1.27,1,2,1099.0,26,0,42.26923076923077,11,0.15384615384615385,Store,Wine,Highly Active
7458,1956,Master,Together,34941.0,1,1,2013-03-06,26,39,2,25,4.0,3,24.0,2,3,0,3,8,0,0,0,0,0,0,3,11,0,69,69,1.31,2,3,97.0,6,0,16.166666666666668,11,0.3333333333333333,Web,Wine,Highly Active
5237,1950,Phd,Single,48767.0,1,2,2014-01-01,79,28,1,21,3.0,0,10.0,3,2,1,3,5,0,0,0,0,0,0,3,11,0,75,75,0.49,3,4,63.0,6,0,10.5,7,0.5,Store,Wine,Inactive
7761,1978,2N Cycle,Together,38702.0,1,0,2013-08-01,71,13,11,24,13.0,8,40.0,2,3,0,4,6,0,0,0,0,0,0,3,11,0,47,47,0.91,1,2,109.0,7,0,15.571428571428571,9,0.2857142857142857,Store,Gold,Inactive
5278,1964,Graduation,Married,82224.0,0,0,2014-01-25,83,307,26,360,120.5,31,40.0,1,6,9,5,3,0,0,0,1,0,0,3,11,0,61,61,0.42,0,1,884.5,20,1,44.225,9,0.05,Catalog,Meat,Inactive
3560,1952,Graduation,Together,83844.0,0,0,2013-05-12,57,901,31,345,75.0,31,126.5,1,4,4,11,1,0,0,1,0,0,0,3,11,0,73,73,1.13,0,1,1509.5,19,1,79.44736842105263,5,0.05263157894736842,Store,Wine,Moderately Active
7235,1975,2N Cycle,Married,17003.0,1,0,2013-12-09,37,2,5,12,4.0,8,7.0,3,2,0,4,5,0,0,0,0,0,0,3,11,0,50,50,0.55,1,2,38.0,6,0,6.333333333333333,7,0.5,Store,Meat,Moderately Active
10548,1995,Graduation,Single,71163.0,0,0,2014-03-09,30,283,17,372,120.5,81,44.0,1,3,8,12,1,0,0,0,0,0,0,3,11,0,30,30,0.31,0,1,917.5,23,0,39.891304347826086,4,0.043478260869565216,Store,Meat,Highly Active
2281,1970,Graduation,Single,33697.0,1,0,2013-09-15,34,4,3,7,0.0,3,11.0,1,1,0,2,7,1,0,0,0,0,0,3,11,0,55,55,0.79,1,2,28.0,3,1,9.333333333333334,8,0.3333333333333333,Store,Gold,Moderately Active
4073,1954,2N Cycle,Married,63564.0,0,0,2014-01-29,0,769,80,252,15.0,34,65.0,1,10,10,7,6,1,0,0,0,0,0,3,11,1,71,71,0.41,0,1,1215.0,27,1,45.0,16,0.037037037037037035,Web,Wine,Highly Active
6974,1972,Phd,Together,83443.0,0,0,2013-12-31,89,518,42,556,55.0,56,84.0,1,6,10,5,2,0,0,0,0,0,0,3,11,0,53,53,0.49,0,1,1311.0,21,0,62.42857142857143,8,0.047619047619047616,Catalog,Meat,Inactive
7938,1958,Phd,Together,51518.0,0,1,2013-10-03,92,350,8,66,17.0,4,4.0,2,3,2,10,3,0,0,0,0,0,0,3,11,0,67,67,0.74,1,2,449.0,15,0,29.933333333333334,6,0.13333333333333333,Store,Wine,Inactive
7094,1975,Graduation,Widow,58330.0,0,1,2013-12-25,87,445,53,213,104.0,81,126.5,1,6,4,13,4,0,0,0,0,0,0,3,11,0,50,50,0.51,1,2,1022.5,23,0,44.45652173913044,10,0.043478260869565216,Store,Wine,Inactive
3667,1969,Graduation,Married,80952.0,0,0,2013-02-28,20,778,81,556,41.0,27,44.0,1,8,5,11,8,0,1,1,1,0,0,3,11,1,56,56,1.33,0,1,1527.0,24,3,63.625,16,0.041666666666666664,Store,Wine,Highly Active
7723,1979,Graduation,Together,75507.0,0,0,2014-05-02,56,709,81,374,104.0,80,80.0,1,8,6,6,3,0,0,0,0,0,0,3,11,0,46,46,0.16,0,1,1428.0,20,0,71.4,11,0.05,Web,Wine,Moderately Active
3870,1978,2N Cycle,Together,63855.0,0,0,2013-02-09,28,359,35,314,93.0,81,89.0,1,7,3,13,4,0,0,0,0,0,0,3,11,0,47,47,1.38,0,1,971.0,23,0,42.21739130434783,11,0.043478260869565216,Store,Wine,Highly Active
4012,1972,Phd,Together,62220.0,0,1,2012-08-11,55,799,12,375,16.0,12,12.0,5,7,6,5,6,0,0,0,0,0,0,3,11,1,53,53,1.88,1,2,1226.0,18,0,68.11111111111111,13,0.2777777777777778,Web,Wine,Moderately Active
5909,1964,Graduation,Married,58512.0,0,1,2013-09-19,25,895,10,101,13.0,0,126.5,5,3,4,8,8,0,0,0,0,0,0,3,11,0,61,61,0.77,1,2,1145.5,15,0,76.36666666666666,11,0.3333333333333333,Store,Wine,Highly Active
10470,1979,Master,Married,40662.0,1,0,2013-03-15,0,40,2,23,0.0,4,23.0,2,2,1,3,4,0,0,0,0,0,0,3,11,0,46,46,1.29,1,2,92.0,6,0,15.333333333333334,6,0.3333333333333333,Store,Wine,Highly Active
6488,1959,Phd,Married,38829.0,0,1,2014-04-06,86,76,0,7,0.0,0,16.0,1,3,2,2,5,0,0,0,0,0,0,3,11,0,66,66,0.23,1,2,99.0,7,0,14.142857142857142,8,0.14285714285714285,Web,Wine,Inactive
10270,1981,2N Cycle,Married,35523.0,1,0,2013-10-03,8,11,5,22,12.0,5,11.0,2,3,0,3,7,0,0,0,0,0,0,3,11,0,44,44,0.74,1,2,66.0,6,0,11.0,10,0.3333333333333333,Web,Meat,Highly Active
6887,1967,Graduation,Single,79146.0,1,1,2014-04-24,33,245,16,223,21.0,43,16.0,2,8,1,8,6,0,0,0,0,0,0,3,11,0,58,58,0.18,2,3,564.0,17,0,33.1764705882353,14,0.11764705882352941,Web,Wine,Moderately Active
6406,1988,Master,Married,78285.0,0,0,2013-10-28,13,647,81,391,120.5,67,40.0,1,6,4,10,3,0,0,0,0,0,0,3,11,0,37,37,0.67,0,1,1346.5,20,0,67.325,9,0.05,Store,Wine,Highly Active
7573,1978,Phd,Single,31626.0,1,0,2013-05-10,12,39,1,9,2.0,1,34.0,1,2,1,2,7,1,0,0,0,0,0,3,11,1,47,47,1.14,1,2,86.0,5,1,17.2,9,0.2,Web,Wine,Highly Active
4508,1952,Graduation,Single,75127.0,0,0,2014-05-22,92,203,35,305,46.0,17,126.5,1,2,11,5,1,0,0,0,0,0,0,3,11,0,73,73,0.1,0,1,732.5,18,0,40.69444444444444,3,0.05555555555555555,Catalog,Meat,Inactive
221,1955,Graduation,Married,48726.0,0,1,2013-04-27,90,138,3,38,4.0,0,59.0,3,3,2,4,6,0,0,0,0,0,0,3,11,0,70,70,1.17,1,2,242.0,9,0,26.88888888888889,9,0.3333333333333333,Store,Wine,Inactive
5331,1977,Graduation,Married,74985.0,0,0,2012-09-11,8,587,51,556,120.5,0,86.0,1,3,6,7,2,0,0,0,0,0,0,3,11,0,48,48,1.8,0,1,1400.5,16,0,87.53125,5,0.0625,Store,Wine,Highly Active
1911,1987,Graduation,Together,67430.0,0,0,2012-09-05,6,595,81,291,120.5,81,121.0,1,11,5,12,6,0,0,0,0,0,0,3,11,0,38,38,1.81,0,1,1289.5,28,0,46.05357142857143,17,0.03571428571428571,Store,Wine,Highly Active
20,1965,2N Cycle,Married,46891.0,0,1,2013-09-01,91,43,12,23,29.0,15,61.0,1,2,1,4,4,0,0,0,0,0,0,3,11,0,60,60,0.82,1,2,183.0,7,0,26.142857142857142,6,0.14285714285714285,Store,Gold,Inactive
8786,1956,Master,Married,62058.0,0,1,2013-05-26,52,301,7,74,10.0,0,58.0,4,6,1,7,6,0,0,0,0,0,0,3,11,0,69,69,1.09,1,2,450.0,14,0,32.142857142857146,12,0.2857142857142857,Store,Wine,Moderately Active
10582,1979,Graduation,Married,72063.0,0,1,2013-07-03,3,180,32,348,76.0,32,90.0,2,5,2,12,2,0,0,0,0,0,0,3,11,0,46,46,0.99,1,2,758.0,19,0,39.89473684210526,7,0.10526315789473684,Store,Meat,Highly Active
1915,1951,Phd,Married,78939.0,0,0,2013-12-12,57,794,81,243,120.5,0,126.5,1,8,5,6,3,0,0,0,0,0,0,3,11,0,74,74,0.54,0,1,1365.0,19,0,71.84210526315789,11,0.05263157894736842,Web,Wine,Moderately Active
8897,1965,Graduation,Single,42720.0,1,1,2013-04-24,9,392,5,91,28.0,26,112.0,8,7,3,7,8,0,0,0,0,0,0,3,11,1,60,60,1.18,2,3,654.0,17,0,38.470588235294116,15,0.47058823529411764,Web,Wine,Highly Active
2371,1972,Graduation,Married,33622.0,1,1,2013-04-13,22,39,1,22,3.0,4,12.0,3,2,0,4,7,0,0,0,0,0,0,3,11,0,53,53,1.21,2,3,81.0,6,0,13.5,9,0.5,Store,Wine,Highly Active
4303,1957,Phd,Together,6835.0,0,1,2012-12-08,76,107,2,12,2.0,2,12.0,0,0,0,1,20,0,0,0,0,0,0,3,11,0,68,68,1.56,1,2,137.0,1,0,137.0,20,0.0,Store,Wine,Inactive
6825,1953,Graduation,Together,41452.0,1,1,2013-03-06,86,13,0,3,0.0,0,0.0,1,1,0,2,7,0,0,0,0,0,0,3,11,0,72,72,1.31,2,3,16.0,3,0,5.333333333333333,8,0.3333333333333333,Store,Wine,Inactive
1072,1965,Phd,Single,40760.0,0,1,2013-08-30,64,70,0,17,0.0,0,6.0,2,2,1,3,6,0,0,0,0,0,0,3,11,0,60,60,0.83,1,2,93.0,6,0,15.5,8,0.3333333333333333,Store,Wine,Inactive
4964,1958,Phd,Together,74250.0,0,0,2014-01-26,90,680,11,392,75.0,0,0.0,1,2,11,4,1,0,0,0,0,0,0,3,11,0,67,67,0.42,0,1,1158.0,17,0,68.11764705882354,3,0.058823529411764705,Catalog,Wine,Inactive
2461,1955,Master,Single,51124.0,1,1,2013-12-18,79,26,1,11,0.0,1,4.0,2,1,0,3,3,0,0,0,0,0,0,3,11,0,70,70,0.53,2,3,43.0,4,0,10.75,4,0.5,Store,Wine,Inactive
10736,1971,Graduation,Single,72258.0,0,1,2013-09-12,28,522,0,522,120.5,81,126.5,2,6,9,5,2,0,0,0,0,0,0,3,11,0,54,54,0.79,1,2,1372.0,20,0,68.6,8,0.1,Catalog,Wine,Highly Active
3194,1974,Phd,Single,71466.0,0,0,2014-04-05,86,412,12,546,78.0,81,0.0,1,4,4,10,1,0,0,0,0,0,0,3,11,0,51,51,0.23,0,1,1129.0,18,0,62.72222222222222,5,0.05555555555555555,Store,Meat,Inactive
10839,1976,Graduation,Together,36283.0,1,1,2014-04-14,42,6,5,5,8.0,0,5.0,2,1,0,3,4,0,0,0,0,0,0,3,11,0,49,49,0.21,2,3,29.0,4,0,7.25,5,0.5,Store,Fish,Moderately Active
49,1970,Graduation,Single,20587.0,1,0,2014-05-11,39,2,3,6,4.0,1,9.0,1,1,1,2,7,0,0,0,0,0,0,3,11,0,55,55,0.13,1,2,25.0,4,0,6.25,8,0.25,Store,Gold,Moderately Active
4290,1972,Graduation,Married,30467.0,1,0,2014-03-19,8,1,3,8,2.0,5,5.0,1,1,0,2,7,0,0,0,0,0,0,3,11,0,53,53,0.28,1,2,24.0,3,0,8.0,8,0.3333333333333333,Store,Meat,Highly Active
10219,1972,Graduation,Together,31590.0,1,0,2013-06-18,40,6,2,15,6.0,6,3.0,1,1,0,3,8,0,0,0,0,0,0,3,11,0,53,53,1.03,1,2,38.0,4,0,9.5,9,0.25,Store,Meat,Moderately Active
4211,1986,Basic,Married,20425.0,1,0,2012-10-29,5,4,12,5,3.0,16,17.0,2,2,0,3,7,0,0,0,0,0,0,3,11,0,39,39,1.66,1,2,57.0,5,0,11.4,9,0.4,Store,Gold,Highly Active
1135,1960,Master,Together,17144.0,1,1,2014-02-15,96,18,2,19,0.0,2,6.0,5,3,0,4,7,0,0,0,0,0,0,3,11,0,65,65,0.37,2,3,47.0,7,0,6.714285714285714,10,0.7142857142857143,Store,Meat,Inactive
6299,1968,Phd,Divorced,42564.0,0,1,2013-01-02,28,324,48,186,39.0,18,126.5,6,6,8,4,7,1,0,0,0,0,0,3,11,1,57,57,1.49,1,2,741.5,18,1,41.19444444444444,13,0.3333333333333333,Catalog,Wine,Highly Active
10846,1978,Master,Married,43783.0,1,0,2014-05-29,22,327,9,125,25.0,4,126.5,6,7,1,8,7,1,0,0,0,0,0,3,11,0,47,47,0.08,1,2,616.5,16,1,38.53125,14,0.375,Store,Wine,Highly Active
347,1976,Graduation,Divorced,40780.0,0,1,2012-09-08,30,229,27,71,13.0,3,34.0,4,7,1,5,9,0,0,0,0,0,0,3,11,0,49,49,1.8,1,2,377.0,13,0,29.0,16,0.3076923076923077,Web,Wine,Highly Active
6543,1945,Master,Together,62847.0,0,0,2013-01-15,45,521,81,556,80.0,76,61.0,1,3,6,4,2,0,0,0,0,0,0,3,11,0,80,80,1.45,0,1,1375.0,13,0,105.76923076923077,5,0.07692307692307693,Catalog,Meat,Moderately Active
10446,1957,Phd,Married,82017.0,0,0,2012-11-07,58,184,23,446,30.0,23,23.0,1,5,4,7,2,0,1,1,1,0,0,3,11,1,68,68,1.64,0,1,729.0,16,3,45.5625,7,0.0625,Store,Meat,Moderately Active
3479,1950,Graduation,Single,16813.0,0,0,2013-07-19,49,4,8,11,12.0,2,13.0,1,2,0,3,7,1,0,0,0,0,0,3,11,0,75,75,0.94,0,1,50.0,5,1,10.0,9,0.2,Store,Gold,Moderately Active
11075,1978,Graduation,Married,51267.0,1,1,2013-10-29,37,183,2,64,7.0,2,12.0,4,3,3,5,4,0,0,0,0,0,0,3,11,0,47,47,0.67,2,3,270.0,11,0,24.545454545454547,7,0.36363636363636365,Store,Wine,Moderately Active
4442,1961,Graduation,Single,46524.0,0,1,2013-04-05,70,31,19,35,26.0,14,52.0,2,1,1,5,3,0,0,0,0,0,0,3,11,0,64,64,1.23,1,2,177.0,7,0,25.285714285714285,4,0.2857142857142857,Store,Gold,Inactive
199,1962,Master,Single,45183.0,0,0,2013-01-20,33,219,3,60,12.0,9,12.0,1,4,1,7,7,0,1,0,0,0,0,3,11,0,63,63,1.44,0,1,315.0,12,1,26.25,11,0.08333333333333333,Store,Wine,Moderately Active
6722,1954,Phd,Married,70421.0,0,1,2014-06-28,98,479,28,136,75.0,14,35.0,3,10,3,7,6,0,0,0,0,0,0,3,11,0,71,71,0.0,1,2,767.0,20,0,38.35,16,0.15,Web,Wine,Inactive
796,1965,2N Cycle,Divorced,60161.0,0,1,2012-10-23,17,584,44,212,46.0,8,126.5,3,11,4,8,8,0,0,0,0,0,0,3,11,0,60,60,1.68,1,2,1020.5,23,0,44.369565217391305,19,0.13043478260869565,Web,Wine,Highly Active
3749,1973,Graduation,Together,73926.0,0,0,2013-03-02,54,627,81,556,120.5,81,15.0,1,6,5,12,3,0,0,0,0,0,0,3,11,0,52,52,1.33,0,1,1480.5,23,0,64.3695652173913,9,0.043478260869565216,Store,Wine,Moderately Active
8523,1968,Graduation,Married,19329.0,1,0,2013-12-14,39,24,1,16,12.0,2,5.0,3,4,0,3,8,0,0,0,0,0,0,3,11,0,57,57,0.54,1,2,60.0,7,0,8.571428571428571,12,0.42857142857142855,Web,Wine,Moderately Active
310,1970,Master,Married,61872.0,0,1,2013-12-13,81,330,5,159,36.0,27,16.0,4,4,4,9,4,0,0,0,0,0,0,3,11,0,55,55,0.54,1,2,573.0,17,0,33.705882352941174,8,0.23529411764705882,Store,Wine,Inactive
8629,1956,Graduation,Widow,46984.0,1,1,2013-03-26,71,19,1,10,2.0,1,8.0,1,1,0,3,5,0,0,0,0,0,0,3,11,0,69,69,1.26,2,3,41.0,4,0,10.25,6,0.25,Store,Wine,Inactive
236,1951,Graduation,Married,34838.0,1,1,2013-01-19,62,28,23,29,29.0,14,47.0,3,2,1,4,6,0,0,0,0,0,0,3,11,0,74,74,1.44,2,3,170.0,7,0,24.285714285714285,8,0.42857142857142855,Store,Gold,Inactive
9930,1944,Phd,Single,82716.0,0,0,2013-11-05,8,606,81,228,15.0,81,22.0,1,6,8,13,2,0,0,0,0,0,0,3,11,0,81,81,0.65,0,1,1033.0,27,0,38.25925925925926,8,0.037037037037037035,Store,Wine,Highly Active
3483,1958,Graduation,Married,48192.0,0,0,2013-04-06,76,1039,43,204,120.5,58,29.0,3,2,8,12,8,0,1,0,1,1,0,3,11,1,67,67,1.23,0,1,1493.5,22,3,67.88636363636364,10,0.13636363636363635,Store,Wine,Inactive
4599,1976,Master,Married,49681.0,0,2,2013-11-04,66,411,0,26,0.0,0,21.0,6,7,1,7,7,0,0,0,0,0,0,3,11,0,49,49,0.65,2,3,458.0,15,0,30.533333333333335,14,0.4,Web,Wine,Inactive
7326,1971,Master,Married,56850.0,0,1,2014-03-23,83,34,1,19,2.0,7,0.0,1,1,1,3,2,0,0,0,0,0,0,3,11,0,54,54,0.27,1,2,63.0,5,0,12.6,3,0.2,Store,Wine,Inactive
7352,1957,Graduation,Married,55267.0,0,1,2013-10-21,28,161,28,136,32.0,3,45.0,4,3,4,6,3,0,0,0,0,0,0,3,11,0,68,68,0.69,1,2,405.0,13,0,31.153846153846153,6,0.3076923076923077,Store,Wine,Highly Active
2350,1972,Graduation,Married,59666.0,1,1,2013-03-22,87,623,53,178,23.0,17,126.5,7,3,2,8,8,0,1,0,0,0,0,3,11,0,53,53,1.27,2,3,1020.5,13,1,78.5,11,0.5384615384615384,Store,Wine,Inactive
9145,1972,Graduation,Single,72504.0,0,1,2013-04-06,43,604,26,470,120.5,81,94.0,2,5,9,6,2,0,0,0,0,0,0,3,11,0,53,53,1.23,1,2,1395.5,20,0,69.775,7,0.1,Catalog,Wine,Moderately Active
2964,1981,Graduation,Married,26872.0,0,0,2013-10-16,0,3,10,8,3.0,16,32.0,1,1,1,2,6,0,0,0,0,0,0,3,11,0,44,44,0.7,0,1,72.0,4,0,18.0,7,0.25,Store,Gold,Highly Active
5585,1972,Graduation,Single,21359.0,1,0,2013-04-20,1,12,2,17,6.0,1,10.0,2,2,0,3,8,0,0,0,0,0,0,3,11,1,53,53,1.19,1,2,48.0,5,0,9.6,10,0.4,Store,Meat,Highly Active
9687,1975,Graduation,Single,73170.0,0,0,2014-05-31,1,184,81,256,50.0,30,32.0,1,5,4,6,2,0,0,0,0,0,0,3,11,0,50,50,0.08,0,1,633.0,15,0,42.2,7,0.06666666666666667,Store,Meat,Highly Active
3732,1955,Master,Married,52750.0,0,1,2013-02-04,72,393,0,239,90.0,69,69.0,6,5,7,9,4,0,0,0,0,0,0,3,11,0,70,70,1.4,1,2,860.0,21,0,40.95238095238095,9,0.2857142857142857,Store,Wine,Inactive
6303,1986,Phd,Together,91820.0,0,0,2013-11-23,72,410,73,556,76.0,81,30.0,0,5,5,12,1,0,0,0,0,0,0,3,11,0,39,39,0.6,0,1,1226.0,22,0,55.72727272727273,6,0.0,Store,Meat,Inactive
11176,1970,Phd,Together,65968.0,0,1,2014-05-12,12,376,9,83,19.0,4,4.0,2,5,4,7,3,0,0,0,0,0,0,3,11,0,55,55,0.13,1,2,495.0,16,0,30.9375,8,0.125,Store,Wine,Highly Active
2986,1976,Graduation,Married,30772.0,1,1,2014-03-12,89,7,2,4,2.0,1,4.0,1,1,0,2,6,0,0,0,0,0,0,3,11,0,49,49,0.3,2,3,20.0,3,0,6.666666666666667,7,0.3333333333333333,Store,Wine,Inactive
7462,1954,Graduation,Single,22507.0,0,0,2012-11-24,67,68,0,226,51.0,81,68.0,3,10,2,4,9,0,0,0,0,0,0,3,11,0,71,71,1.59,0,1,494.0,16,0,30.875,19,0.1875,Web,Meat,Inactive
3900,1972,Graduation,Married,65685.0,0,1,2014-03-29,54,642,14,49,0.0,7,57.0,1,9,2,9,5,0,0,0,0,0,0,3,11,0,53,53,0.25,1,2,769.0,20,0,38.45,14,0.05,Web,Wine,Moderately Active
7034,1978,2N Cycle,Married,25804.0,1,0,2013-09-01,34,8,7,9,13.0,6,12.0,2,2,0,3,8,0,0,0,0,0,0,3,11,0,47,47,0.82,1,2,55.0,5,0,11.0,10,0.4,Store,Fish,Moderately Active
9493,1980,Phd,Single,76412.0,0,0,2013-05-05,15,840,53,556,23.0,71,17.0,1,5,4,8,3,0,0,1,1,0,0,3,11,1,45,45,1.15,0,1,1560.0,17,2,91.76470588235294,8,0.058823529411764705,Store,Wine,Highly Active
1143,1972,Graduation,Married,22063.0,1,0,2013-08-08,43,7,10,13,3.0,11,11.0,2,2,0,3,7,0,0,0,0,0,0,3,11,0,53,53,0.89,1,2,55.0,5,0,11.0,9,0.4,Store,Meat,Moderately Active
1,1961,Graduation,Single,57091.0,0,0,2014-06-15,0,464,5,64,7.0,0,37.0,1,7,3,7,5,0,0,0,0,1,0,3,11,1,64,64,0.04,0,1,577.0,17,1,33.94117647058823,12,0.058823529411764705,Web,Wine,Highly Active
3855,1963,Graduation,Married,22419.0,0,0,2013-04-18,74,30,3,47,19.0,21,42.0,1,3,2,2,8,0,0,0,0,0,0,3,11,0,62,62,1.2,0,1,162.0,7,0,23.142857142857142,11,0.14285714285714285,Web,Meat,Inactive
5536,1959,Graduation,Together,87771.0,0,1,2013-05-22,61,1224,38,287,50.0,57,33.0,1,5,10,4,6,0,1,1,1,1,0,3,11,1,66,66,1.1,1,2,1689.0,19,4,88.89473684210526,11,0.05263157894736842,Catalog,Wine,Inactive
5989,1959,2N Cycle,Divorced,78353.0,0,1,2013-04-16,51,752,81,476,39.0,81,34.0,1,10,2,11,8,0,0,0,0,0,0,3,11,0,66,66,1.2,1,2,1463.0,23,0,63.608695652173914,18,0.043478260869565216,Store,Wine,Moderately Active
9499,1954,Graduation,Married,93404.0,1,2,2013-05-07,97,1224,15,287,20.0,0,15.0,3,3,4,7,5,0,1,1,0,0,0,3,11,0,71,71,1.14,3,4,1561.0,14,2,111.5,8,0.21428571428571427,Store,Wine,Inactive
6768,1962,Graduation,Divorced,37859.0,1,2,2013-01-12,75,22,1,8,2.0,1,2.0,2,1,0,3,8,0,0,0,0,0,0,3,11,0,63,63,1.46,3,4,36.0,4,0,9.0,9,0.5,Store,Wine,Inactive
2150,1958,Phd,Widow,80995.0,0,1,2013-05-11,83,860,28,409,73.0,56,56.0,1,8,9,4,4,0,0,0,0,0,0,3,11,0,67,67,1.13,1,2,1482.0,21,0,70.57142857142857,12,0.047619047619047616,Catalog,Wine,Inactive
6646,1984,Graduation,Together,16529.0,1,0,2014-03-01,23,3,0,5,13.0,0,1.0,1,1,0,3,6,0,0,0,0,0,0,3,11,0,41,41,0.33,1,2,22.0,4,0,5.5,7,0.25,Store,Fish,Highly Active
4887,1976,Phd,Divorced,55412.0,1,1,2013-11-22,65,10,5,28,11.0,1,8.0,1,2,0,3,5,0,0,0,0,0,0,3,11,0,49,49,0.6,2,3,63.0,5,0,12.6,7,0.2,Store,Meat,Inactive
8560,1992,Graduation,Single,48789.0,0,0,2012-09-10,94,351,16,156,7.0,5,126.5,1,6,4,7,6,0,0,0,0,0,0,3,11,0,33,33,1.8,0,1,661.5,17,0,38.911764705882355,12,0.058823529411764705,Store,Wine,Inactive
3321,1967,Phd,Together,56575.0,0,2,2013-05-05,42,421,5,90,0.0,16,10.0,3,7,3,7,5,0,0,0,0,0,0,3,11,0,58,58,1.15,2,3,542.0,17,0,31.88235294117647,12,0.17647058823529413,Web,Wine,Moderately Active
11003,1980,2N Cycle,Together,25130.0,1,0,2013-10-02,10,2,5,7,0.0,18,18.0,2,2,0,3,7,0,0,0,0,0,0,3,11,0,45,45,0.74,1,2,50.0,5,0,10.0,9,0.4,Store,Sweets,Highly Active
10402,1967,Graduation,Married,35441.0,1,1,2013-02-14,94,25,1,9,2.0,1,1.0,2,1,0,3,8,0,0,0,0,0,0,3,11,0,58,58,1.37,2,3,39.0,4,0,9.75,9,0.5,Store,Wine,Inactive
9904,1956,Graduation,Married,71391.0,0,1,2013-03-29,50,336,81,274,46.0,81,126.5,5,6,5,12,3,0,0,0,0,0,0,3,11,0,69,69,1.25,1,2,944.5,23,0,41.06521739130435,9,0.21739130434782608,Store,Wine,Moderately Active
6141,1972,Master,Single,49494.0,1,0,2013-04-25,46,191,9,97,0.0,6,82.0,2,6,1,5,7,0,0,0,0,0,0,3,11,0,53,53,1.18,1,2,385.0,12,0,32.083333333333336,13,0.16666666666666666,Web,Wine,Moderately Active
5687,1980,Graduation,Divorced,81702.0,0,0,2012-09-23,98,563,50,556,28.0,31,126.5,1,7,7,12,3,0,0,0,0,0,0,3,11,0,45,45,1.76,0,1,1354.5,26,0,52.09615384615385,10,0.038461538461538464,Store,Wine,Inactive
10856,1980,2N Cycle,Single,45889.0,0,1,2013-07-02,42,31,0,6,0.0,1,8.0,1,1,0,3,6,0,0,0,0,0,0,3,11,0,45,45,0.99,1,2,46.0,4,0,11.5,7,0.25,Store,Wine,Moderately Active
5121,1977,Graduation,Single,56628.0,0,1,2014-03-21,30,479,5,82,7.0,17,126.5,2,7,6,5,5,1,0,0,0,0,0,3,11,0,48,48,0.27,1,2,716.5,18,1,39.80555555555556,12,0.1111111111111111,Web,Wine,Highly Active
4186,1950,Graduation,Together,34026.0,1,1,2013-08-05,11,18,6,15,12.0,8,17.0,3,2,1,3,5,0,0,0,0,0,0,3,11,0,75,75,0.9,2,3,76.0,6,0,12.666666666666666,7,0.5,Store,Wine,Highly Active
368,1974,Graduation,Married,40049.0,0,1,2012-11-29,61,91,65,52,10.0,44,28.0,3,3,2,6,5,0,0,0,0,0,0,3,11,0,51,51,1.58,1,2,290.0,11,0,26.363636363636363,8,0.2727272727272727,Store,Wine,Inactive
3312,1988,Graduation,Single,34176.0,1,0,2014-05-12,12,5,7,24,19.0,14,20.0,4,3,0,4,6,0,0,0,0,0,0,3,11,0,37,37,0.13,1,2,89.0,7,0,12.714285714285714,9,0.5714285714285714,Store,Meat,Highly Active
11121,1981,Graduation,Married,19419.0,1,0,2012-11-10,76,2,14,28,16.0,3,7.0,4,4,0,3,9,0,0,0,0,0,0,3,11,0,44,44,1.63,1,2,70.0,7,0,10.0,13,0.5714285714285714,Web,Meat,Inactive
5332,1960,2N Cycle,Married,82504.0,0,0,2013-07-27,2,362,50,431,120.5,35,54.0,1,3,6,7,1,0,0,0,0,0,0,3,11,0,65,65,0.92,0,1,1052.5,16,0,65.78125,4,0.0625,Store,Meat,Highly Active
5848,1970,Graduation,Together,81205.0,0,0,2014-01-13,43,724,74,556,97.0,55,126.5,1,5,6,7,2,1,0,1,0,1,0,3,11,1,55,55,0.46,0,1,1632.5,18,3,90.69444444444444,7,0.05555555555555555,Store,Wine,Moderately Active
10343,1991,2N Cycle,Single,61618.0,0,0,2012-09-29,27,605,81,399,0.0,45,126.5,2,3,6,8,3,0,0,0,0,0,0,3,11,0,34,34,1.75,0,1,1256.5,17,0,73.91176470588235,6,0.11764705882352941,Store,Wine,Highly Active
5935,1956,Master,Single,55284.0,0,1,2012-12-24,60,547,7,140,0.0,7,63.0,3,7,5,8,5,0,0,0,0,0,0,3,11,0,69,69,1.51,1,2,764.0,20,0,38.2,12,0.15,Store,Wine,Moderately Active
2895,1963,Graduation,Single,49980.0,0,1,2013-10-23,79,104,1,54,13.0,9,14.0,2,3,1,5,5,0,0,0,0,0,0,3,11,0,62,62,0.68,1,2,195.0,9,0,21.666666666666668,8,0.2222222222222222,Store,Wine,Inactive
10262,1980,Graduation,Married,15072.0,2,0,2013-05-10,96,8,2,15,0.0,10,18.0,4,3,1,3,5,0,0,0,0,0,0,3,11,0,45,45,1.14,2,3,53.0,7,0,7.571428571428571,8,0.5714285714285714,Web,Gold,Inactive
7848,1974,Graduation,Single,49166.0,0,1,2013-06-13,17,224,2,25,7.0,0,110.0,2,5,3,3,6,0,0,0,0,0,0,3,11,0,51,51,1.04,1,2,368.0,11,0,33.45454545454545,11,0.18181818181818182,Web,Wine,Highly Active
9477,1954,Phd,Married,65324.0,0,1,2014-01-11,0,384,0,102,21.0,32,5.0,3,6,2,9,4,0,0,0,0,0,0,3,11,0,71,71,0.46,1,2,544.0,17,0,32.0,10,0.17647058823529413,Store,Wine,Highly Active
4856,1957,2N Cycle,Married,82347.0,0,0,2012-11-06,38,556,54,556,120.5,81,63.0,1,7,7,10,3,1,0,0,1,0,0,3,11,0,68,68,1.64,0,1,1430.5,24,2,59.604166666666664,10,0.041666666666666664,Store,Wine,Moderately Active
7186,1966,Phd,Together,30843.0,1,1,2014-05-26,43,24,0,2,0.0,0,9.0,2,1,1,2,5,1,0,0,0,0,0,3,11,0,59,59,0.09,2,3,35.0,4,1,8.75,6,0.5,Store,Wine,Moderately Active
5794,1974,Phd,Married,46374.0,0,1,2014-03-17,1,408,0,21,0.0,0,17.0,3,7,1,7,8,0,1,0,1,0,0,3,11,1,51,51,0.28,1,2,446.0,15,2,29.733333333333334,15,0.2,Web,Wine,Highly Active
1456,1979,Graduation,Single,60474.0,0,1,2013-04-01,25,265,81,303,120.5,9,126.5,7,10,2,12,7,0,0,0,0,0,0,3,11,0,46,46,1.24,1,2,905.0,24,0,37.708333333333336,17,0.2916666666666667,Store,Meat,Highly Active
4877,1973,Master,Married,38576.0,0,1,2014-03-04,2,34,0,7,0.0,0,0.0,1,1,0,3,7,0,0,0,0,0,0,3,11,0,52,52,0.32,1,2,41.0,4,0,10.25,8,0.25,Store,Wine,Highly Active
425,1985,Graduation,Married,55357.0,2,0,2013-02-19,66,374,64,116,84.0,25,64.0,3,6,2,11,5,0,0,0,0,0,0,3,11,0,40,40,1.36,2,3,727.0,19,0,38.26315789473684,11,0.15789473684210525,Store,Wine,Inactive
3007,1966,Graduation,Together,37758.0,1,1,2012-10-04,49,27,2,10,0.0,0,1.0,2,1,0,3,8,0,0,0,0,0,0,3,11,0,59,59,1.73,2,3,40.0,4,0,10.0,9,0.5,Store,Wine,Moderately Active
1031,1989,2N Cycle,Married,85710.0,0,0,2013-05-05,5,600,20,350,29.0,30,33.0,1,6,9,10,2,0,0,1,0,0,0,3,11,0,36,36,1.15,0,1,1062.0,25,1,42.48,8,0.04,Store,Wine,Highly Active
4297,1969,Graduation,Together,23228.0,1,0,2014-01-26,71,13,2,18,6.0,1,0.0,2,2,0,3,8,0,0,0,0,0,0,3,11,0,56,56,0.42,1,2,40.0,5,0,8.0,10,0.4,Store,Meat,Inactive
807,1969,Master,Together,44602.0,1,1,2014-02-15,35,167,2,89,0.0,0,34.0,6,6,1,4,8,0,0,0,0,0,0,3,11,0,56,56,0.37,2,3,292.0,11,0,26.545454545454547,14,0.5454545454545454,Web,Wine,Moderately Active
9553,1987,Graduation,Married,7500.0,0,0,2013-01-09,94,0,2,3,4.0,1,5.0,1,0,0,3,6,0,0,0,0,0,0,3,11,0,38,38,1.47,0,1,15.0,3,0,5.0,6,0.3333333333333333,Store,Gold,Inactive
4271,1989,2N Cycle,Together,38683.0,1,0,2012-10-04,80,46,35,69,84.0,41,66.0,6,4,1,6,7,0,0,0,0,0,0,3,11,0,36,36,1.73,1,2,341.0,11,0,31.0,11,0.5454545454545454,Store,Fish,Inactive
4120,1975,2N Cycle,Single,49514.0,1,0,2013-12-17,61,88,39,78,58.0,13,93.0,2,6,1,4,7,0,0,0,0,0,0,3,11,0,50,50,0.53,1,2,369.0,11,0,33.54545454545455,13,0.18181818181818182,Web,Gold,Inactive
2036,1973,Phd,Together,57906.0,0,1,2013-06-11,29,243,11,119,10.0,3,15.0,3,4,2,8,4,0,0,0,0,0,0,3,11,0,52,52,1.05,1,2,401.0,14,0,28.642857142857142,8,0.21428571428571427,Store,Wine,Highly Active
115,1966,Master,Single,43456.0,0,1,2013-03-26,0,275,11,68,25.0,7,7.0,3,5,1,8,5,0,0,0,0,0,0,3,11,0,59,59,1.26,1,2,393.0,14,0,28.071428571428573,10,0.21428571428571427,Store,Wine,Highly Active
4259,1986,Master,Single,19485.0,2,0,2013-09-24,80,6,0,4,0.0,0,0.0,1,1,0,2,7,0,0,0,0,0,0,3,11,0,39,39,0.76,2,3,10.0,3,0,3.3333333333333335,8,0.3333333333333333,Store,Wine,Inactive
8687,1978,Graduation,Together,53172.0,0,1,2013-05-06,54,121,62,90,68.0,20,125.0,3,2,3,8,3,0,0,0,0,0,0,3,11,0,47,47,1.15,1,2,486.0,13,0,37.38461538461539,5,0.23076923076923078,Store,Gold,Moderately Active
2447,1979,Graduation,Together,30545.0,1,0,2012-10-17,71,4,12,15,19.0,7,12.0,2,2,0,3,7,0,0,0,0,0,0,3,11,0,46,46,1.7,1,2,69.0,5,0,13.8,9,0.4,Store,Fish,Inactive
10140,1983,Phd,Together,70123.0,0,0,2013-09-28,27,1224,0,396,23.0,0,0.0,1,5,7,4,3,0,1,0,0,1,0,3,11,0,42,42,0.75,0,1,1643.0,16,2,102.6875,8,0.0625,Catalog,Wine,Highly Active
9353,1959,Graduation,Single,62450.0,0,1,2014-01-06,61,515,47,267,62.0,66,38.0,2,5,5,4,3,0,1,0,0,0,0,3,11,0,66,66,0.48,1,2,995.0,14,1,71.07142857142857,8,0.14285714285714285,Web,Wine,Inactive
3623,1976,Graduation,Together,21675.0,1,0,2014-06-11,55,4,0,16,17.0,4,4.0,3,4,0,3,7,0,0,0,0,0,0,3,11,0,49,49,0.05,1,2,45.0,7,0,6.428571428571429,11,0.42857142857142855,Web,Fish,Moderately Active
738,1981,2N Cycle,Single,42395.0,1,1,2014-04-04,35,48,13,57,24.0,15,25.0,4,3,1,4,7,0,0,0,0,0,0,3,11,0,44,44,0.24,2,3,182.0,8,0,22.75,10,0.5,Store,Meat,Moderately Active
7631,1978,Master,Together,61346.0,1,0,2013-10-06,34,562,58,168,43.0,16,126.5,1,5,7,10,3,0,0,0,0,0,0,3,11,0,47,47,0.73,1,2,973.5,22,0,44.25,8,0.045454545454545456,Store,Wine,Moderately Active
4789,1953,Graduation,Together,80812.0,0,0,2013-09-17,95,769,22,500,120.5,81,33.0,1,4,8,5,2,1,0,1,1,0,0,3,11,0,72,72,0.78,0,1,1525.5,17,3,89.73529411764706,6,0.058823529411764705,Catalog,Wine,Inactive
773,1971,Master,Divorced,42835.0,1,1,2013-06-30,64,379,4,93,12.0,9,98.0,7,6,6,4,6,0,0,0,0,0,0,3,11,0,54,54,1.0,2,3,595.0,16,0,37.1875,12,0.4375,Web,Wine,Inactive
10602,1983,Graduation,Married,39922.0,1,0,2013-02-14,30,29,12,59,19.0,1,36.0,2,3,0,4,8,0,0,0,0,0,0,3,11,0,42,42,1.37,1,2,156.0,7,0,22.285714285714285,11,0.2857142857142857,Store,Meat,Highly Active
1446,1956,Master,Single,86424.0,0,0,2014-04-05,12,387,68,556,89.0,45,68.0,1,6,9,12,1,0,0,0,0,0,0,3,11,0,69,69,0.23,0,1,1213.0,27,0,44.925925925925924,7,0.037037037037037035,Store,Meat,Highly Active
3270,1978,2N Cycle,Together,17117.0,1,0,2013-01-17,96,12,23,38,30.0,18,7.0,4,3,1,3,9,0,0,0,0,0,0,3,11,0,47,47,1.45,1,2,128.0,7,0,18.285714285714285,12,0.5714285714285714,Web,Meat,Inactive
8443,1972,Graduation,Single,24762.0,1,0,2014-02-10,16,6,10,12,3.0,15,40.0,3,3,1,2,8,1,0,0,0,0,0,3,11,1,53,53,0.38,1,2,86.0,6,1,14.333333333333334,11,0.5,Web,Gold,Highly Active
9653,1975,Graduation,Married,35797.0,0,1,2012-10-16,16,27,1,14,4.0,1,21.0,2,2,0,3,8,0,0,0,0,0,0,3,11,0,50,50,1.7,1,2,68.0,5,0,13.6,10,0.4,Store,Wine,Highly Active
8916,1975,Graduation,Divorced,36627.0,2,0,2013-07-23,78,9,1,5,0.0,0,1.0,1,0,0,3,5,0,0,0,0,0,0,3,11,0,50,50,0.93,2,3,16.0,3,0,5.333333333333333,5,0.3333333333333333,Store,Wine,Inactive
8017,1981,2N Cycle,Married,51111.0,1,1,2014-06-19,83,22,0,19,6.0,5,3.0,2,2,0,3,6,0,0,0,0,0,0,3,11,0,44,44,0.03,2,3,55.0,5,0,11.0,8,0.4,Store,Wine,Inactive
5830,1972,Phd,Single,86857.0,0,0,2012-09-12,96,899,81,556,120.5,81,40.0,1,5,6,10,2,0,0,0,0,0,0,3,11,1,53,53,1.79,0,1,1777.5,21,0,84.64285714285714,7,0.047619047619047616,Store,Wine,Inactive
4597,1970,Phd,Together,82072.0,0,0,2013-07-02,67,889,55,556,120.5,81,126.5,1,3,2,13,1,0,0,0,0,0,0,3,11,0,55,55,0.99,0,1,1828.0,18,0,101.55555555555556,4,0.05555555555555555,Store,Wine,Inactive
7023,1953,Phd,Single,46231.0,2,1,2012-11-26,87,189,2,55,0.0,5,12.0,4,6,1,4,9,0,0,0,0,0,0,3,11,0,72,72,1.59,3,4,263.0,11,0,23.90909090909091,15,0.36363636363636365,Web,Wine,Inactive
8086,1959,Graduation,Married,42243.0,1,1,2013-12-11,34,48,0,2,0.0,0,5.0,2,2,0,3,7,0,0,0,0,0,0,3,11,0,66,66,0.55,2,3,55.0,5,0,11.0,9,0.4,Store,Wine,Moderately Active
8825,1962,Graduation,Together,51195.0,1,1,2013-04-01,46,230,14,156,82.0,24,58.0,8,9,2,5,8,0,0,0,0,0,0,3,11,0,63,63,1.24,2,3,564.0,16,0,35.25,17,0.5,Web,Wine,Moderately Active
2930,1978,Master,Single,68092.0,0,0,2013-12-16,7,852,60,207,78.0,36,48.0,2,2,6,10,5,0,0,0,0,0,0,3,11,0,47,47,0.53,0,1,1281.0,18,0,71.16666666666667,7,0.1111111111111111,Store,Wine,Highly Active
1928,1973,Graduation,Married,31814.0,1,0,2013-02-09,73,35,3,20,4.0,1,20.0,2,2,0,3,9,1,0,0,0,0,0,3,11,0,52,52,1.38,1,2,83.0,5,1,16.6,11,0.4,Store,Wine,Inactive
7108,1965,Master,Widow,51390.0,1,1,2012-09-08,54,205,20,47,23.0,2,56.0,6,5,2,5,5,0,0,0,0,0,0,3,11,0,60,60,1.8,2,3,353.0,12,0,29.416666666666668,10,0.5,Web,Wine,Moderately Active
10925,1983,Graduation,Married,76630.0,0,0,2014-01-14,93,255,31,446,40.0,56,126.5,1,3,10,11,1,0,0,0,0,0,0,3,11,0,42,42,0.45,0,1,954.5,24,0,39.770833333333336,4,0.041666666666666664,Store,Meat,Inactive
9960,1991,Basic,Single,26868.0,1,0,2014-04-30,52,0,0,1,8.0,3,2.0,1,1,0,2,7,0,0,0,0,0,0,3,11,0,34,34,0.16,1,2,14.0,3,0,4.666666666666667,8,0.3333333333333333,Store,Fish,Moderately Active
8800,1943,Phd,Divorced,48948.0,0,0,2013-02-01,53,437,8,206,120.5,49,42.0,2,7,10,5,6,1,0,0,0,0,0,3,11,1,82,82,1.4,0,1,862.5,22,1,39.20454545454545,13,0.09090909090909091,Catalog,Wine,Moderately Active
9224,1972,Phd,Single,55260.0,0,1,2012-12-12,81,825,8,53,11.0,0,126.5,2,8,10,5,6,0,0,0,0,0,0,3,11,0,53,53,1.54,1,2,1023.5,23,0,44.5,14,0.08695652173913043,Catalog,Wine,Inactive
5519,1956,Graduation,Together,64090.0,0,1,2013-08-07,8,316,58,161,76.0,51,126.5,1,6,9,4,5,0,0,0,0,0,0,3,11,1,69,69,0.89,1,2,788.5,19,0,41.5,11,0.05263157894736842,Catalog,Wine,Highly Active
5046,1958,Graduation,Divorced,78331.0,0,1,2014-01-23,97,756,81,354,120.5,81,61.0,2,10,6,7,4,0,0,0,0,0,0,3,11,0,67,67,0.43,1,2,1453.5,23,0,63.19565217391305,14,0.08695652173913043,Web,Wine,Inactive
7037,1974,Phd,Married,37087.0,1,0,2013-08-11,50,194,55,134,15.0,0,3.0,3,4,2,8,6,0,0,0,0,0,0,3,11,0,51,51,0.88,1,2,401.0,14,0,28.642857142857142,10,0.21428571428571427,Store,Wine,Moderately Active
905,1986,Graduation,Divorced,21846.0,1,0,2013-10-22,38,7,17,18,6.0,10,26.0,4,4,0,3,8,0,0,0,0,0,0,3,11,0,39,39,0.68,1,2,84.0,7,0,12.0,12,0.5714285714285714,Web,Gold,Moderately Active
8624,1958,Graduation,Married,81320.0,0,0,2013-02-06,61,183,33,493,59.0,81,57.0,1,4,3,10,2,0,0,0,0,0,0,3,11,0,67,67,1.39,0,1,906.0,17,0,53.294117647058826,6,0.058823529411764705,Store,Meat,Inactive
8945,1970,Graduation,Divorced,54137.0,0,1,2013-08-16,46,171,0,11,0.0,1,20.0,2,4,1,4,6,0,0,0,0,0,0,3,11,0,55,55,0.87,1,2,203.0,9,0,22.555555555555557,10,0.2222222222222222,Web,Wine,Moderately Active
6445,1967,Graduation,Together,66825.0,0,0,2013-07-14,73,243,81,405,29.0,40,40.0,1,4,5,6,2,0,0,0,0,0,0,3,11,0,58,58,0.96,0,1,838.0,15,0,55.86666666666667,6,0.06666666666666667,Store,Meat,Inactive
2727,1973,Graduation,Together,57100.0,0,0,2013-12-04,19,181,21,69,39.0,3,96.0,1,3,3,6,3,0,0,0,0,0,0,3,11,0,52,52,0.57,0,1,409.0,12,0,34.083333333333336,6,0.08333333333333333,Store,Wine,Highly Active
6404,1969,Graduation,Together,58917.0,1,2,2013-03-24,10,151,7,89,0.0,7,28.0,5,4,1,6,5,0,0,0,0,0,0,3,11,0,56,56,1.26,3,4,282.0,11,0,25.636363636363637,9,0.45454545454545453,Store,Wine,Highly Active
11074,1977,Graduation,Single,85072.0,0,0,2014-04-09,94,494,81,391,120.5,11,126.5,1,3,4,10,0,0,0,0,0,0,0,3,11,0,48,48,0.22,0,1,1224.0,17,0,72.0,3,0.058823529411764705,Store,Wine,Inactive
10150,1961,Graduation,Single,86429.0,0,0,2013-11-21,10,464,28,556,29.0,18,37.0,0,7,4,7,2,0,0,0,1,0,0,3,11,1,64,64,0.6,0,1,1132.0,18,1,62.888888888888886,9,0.0,Web,Meat,Highly Active
1968,1971,Graduation,Widow,45684.0,1,0,2013-12-02,37,5,1,5,10.0,0,7.0,1,1,0,2,7,0,0,0,0,0,0,3,11,0,54,54,0.57,1,2,28.0,3,0,9.333333333333334,8,0.3333333333333333,Store,Fish,Moderately Active
6534,1974,Graduation,Together,47889.0,1,0,2014-01-04,94,29,0,29,0.0,5,4.0,1,2,0,3,5,0,0,0,0,0,0,3,11,0,51,51,0.48,1,2,67.0,5,0,13.4,7,0.2,Store,Wine,Inactive
9485,1986,Phd,Married,45921.0,0,0,2014-03-10,23,102,9,49,24.0,3,12.0,1,2,1,6,4,0,0,0,0,0,0,3,11,0,39,39,0.3,0,1,199.0,9,0,22.11111111111111,6,0.1111111111111111,Store,Wine,Highly Active
7053,1966,Phd,Single,78420.0,0,0,2013-06-29,75,604,28,556,91.0,28,28.0,1,3,10,8,1,0,0,0,0,0,0,3,11,0,59,59,1.0,0,1,1335.0,21,0,63.57142857142857,4,0.047619047619047616,Catalog,Wine,Inactive
4654,1992,Graduation,Together,75114.0,0,0,2013-11-07,40,571,12,523,63.0,60,24.0,1,3,10,5,2,0,0,0,0,0,0,3,11,0,33,33,0.64,0,1,1253.0,18,0,69.61111111111111,5,0.05555555555555555,Catalog,Wine,Moderately Active
9760,1963,Phd,Widow,52278.0,0,1,2013-01-25,24,953,0,71,0.0,0,126.5,6,10,5,10,8,0,0,0,0,0,0,3,11,1,62,62,1.42,1,2,1150.5,25,0,46.02,18,0.24,Web,Wine,Highly Active
1048,1972,Master,Married,35641.0,1,0,2013-07-14,11,63,3,67,8.0,9,28.0,2,3,1,4,7,0,0,0,0,0,0,3,11,1,53,53,0.96,1,2,178.0,8,0,22.25,10,0.25,Store,Meat,Highly Active
10619,1994,Graduation,Single,95529.0,0,0,2012-12-03,29,770,29,556,120.5,27,24.0,1,7,3,7,3,0,0,1,0,0,0,3,11,1,31,31,1.57,0,1,1526.5,17,1,89.79411764705883,10,0.058823529411764705,Web,Wine,Highly Active
9308,1954,Graduation,Married,62820.0,0,0,2013-05-11,51,398,61,265,120.5,61,53.0,1,3,4,6,1,0,0,0,0,0,0,3,11,0,71,71,1.13,0,1,958.5,13,0,73.73076923076923,4,0.07692307692307693,Store,Wine,Moderately Active
10505,1960,Master,Together,73113.0,0,0,2013-12-26,86,741,19,154,50.0,9,28.0,1,3,4,7,2,0,0,0,0,0,0,3,11,0,65,65,0.51,0,1,1001.0,14,0,71.5,5,0.07142857142857142,Store,Wine,Inactive
8362,1982,Phd,Married,84169.0,0,0,2013-08-07,9,1224,19,403,0.0,19,0.0,1,7,6,6,3,0,1,1,0,0,0,3,11,1,43,43,0.89,0,1,1665.0,19,2,87.63157894736842,10,0.05263157894736842,Web,Wine,Highly Active
2625,1954,2N Cycle,Single,42607.0,0,1,2013-11-17,30,156,29,56,30.0,32,47.0,2,3,2,7,3,0,0,0,0,0,0,3,11,0,71,71,0.61,1,2,350.0,12,0,29.166666666666668,6,0.16666666666666666,Store,Wine,Highly Active
4637,1954,Phd,Single,74637.0,0,0,2013-05-18,73,960,64,464,120.5,0,16.0,1,6,9,9,3,0,0,0,1,0,0,3,11,0,71,71,1.11,0,1,1624.5,24,1,67.6875,9,0.041666666666666664,Catalog,Wine,Inactive
9972,1955,Phd,Together,46015.0,1,1,2014-04-13,25,38,0,2,0.0,0,6.0,1,1,0,3,7,1,0,0,0,1,0,3,11,0,70,70,0.21,2,3,46.0,4,2,11.5,8,0.25,Store,Wine,Highly Active
4483,1993,Graduation,Single,72354.0,0,0,2013-04-17,67,315,26,473,120.5,12,126.5,1,2,10,6,1,0,0,0,0,0,0,3,11,0,32,32,1.2,0,1,1073.0,18,0,59.611111111111114,3,0.05555555555555555,Catalog,Meat,Inactive
4487,1969,Master,Single,39858.0,1,0,2013-01-24,67,15,20,25,2.0,7,26.0,1,2,0,4,6,0,0,0,0,0,0,3,11,1,56,56,1.43,1,2,95.0,6,0,15.833333333333334,8,0.16666666666666666,Store,Gold,Inactive
4988,1948,Phd,Married,34469.0,1,1,2014-05-04,58,19,6,20,0.0,5,12.0,3,1,1,4,4,0,0,0,0,0,0,3,11,0,77,77,0.15,2,3,62.0,6,0,10.333333333333334,5,0.5,Store,Meat,Moderately Active
8931,1986,Graduation,Together,83033.0,1,0,2014-05-18,82,812,81,431,120.5,81,33.0,1,11,4,10,5,0,0,0,1,0,0,3,11,0,39,39,0.11,1,2,1558.5,25,1,62.34,16,0.04,Web,Wine,Inactive
5871,1979,Master,Together,24401.0,0,0,2012-08-31,98,73,28,217,10.0,24,115.0,3,6,1,6,8,0,0,0,0,0,0,3,11,0,46,46,1.83,0,1,467.0,13,0,35.92307692307692,14,0.23076923076923078,Web,Meat,Inactive
2008,1978,Graduation,Married,77583.0,0,0,2014-02-10,93,372,23,384,120.5,12,108.0,1,4,5,9,2,0,0,0,1,0,0,3,11,0,47,47,0.38,0,1,1019.5,18,1,56.638888888888886,6,0.05555555555555555,Store,Meat,Inactive
3139,1982,2N Cycle,Single,74116.0,0,0,2013-12-30,53,871,81,556,120.5,55,126.5,1,4,4,10,2,0,1,0,0,0,0,3,11,0,43,43,0.5,0,1,1810.0,18,1,100.55555555555556,6,0.05555555555555555,Store,Wine,Moderately Active
10037,1993,Graduation,Single,74293.0,0,0,2014-05-04,66,375,81,335,93.0,81,81.0,1,5,4,6,2,0,0,0,0,0,0,3,11,0,32,32,0.15,0,1,1046.0,15,0,69.73333333333333,7,0.06666666666666667,Store,Wine,Inactive
10673,1976,Phd,Married,68397.0,0,1,2013-11-17,6,760,80,466,17.0,13,80.0,1,6,9,5,3,0,0,0,0,0,0,3,11,0,49,49,0.61,1,2,1416.0,20,0,70.8,9,0.05,Catalog,Wine,Highly Active
5303,1974,Phd,Together,79632.0,0,0,2014-04-08,42,471,0,510,99.0,21,12.0,1,6,4,9,2,0,0,0,0,0,0,3,11,0,51,51,0.22,0,1,1113.0,19,0,58.578947368421055,8,0.05263157894736842,Store,Meat,Moderately Active
538,1989,Graduation,Single,46107.0,1,0,2014-02-10,78,31,9,27,16.0,9,33.0,1,1,1,4,3,0,0,0,0,0,0,3,11,0,36,36,0.38,1,2,125.0,6,0,20.833333333333332,4,0.16666666666666666,Store,Gold,Inactive
7922,1951,Phd,Single,64950.0,0,1,2012-08-12,29,819,0,72,12.0,0,63.0,2,11,2,10,7,0,1,0,0,0,0,3,11,0,74,74,1.88,1,2,966.0,23,1,42.0,18,0.08695652173913043,Web,Wine,Highly Active
5692,1989,Basic,Married,25443.0,1,0,2012-12-22,82,1,4,3,8.0,9,7.0,1,1,0,3,8,0,0,0,0,0,0,3,11,0,36,36,1.52,1,2,32.0,4,0,8.0,9,0.25,Store,Sweets,Inactive
4843,1952,Graduation,Single,75127.0,0,0,2014-05-22,92,203,35,305,46.0,17,126.5,1,2,11,5,1,0,0,0,0,0,0,3,11,0,73,73,0.1,0,1,732.5,18,0,40.69444444444444,3,0.05555555555555555,Catalog,Meat,Inactive
6383,1971,Phd,Together,32892.0,1,0,2014-05-25,78,26,0,15,2.0,1,2.0,2,3,0,3,8,0,0,0,0,0,0,3,11,0,54,54,0.1,1,2,46.0,6,0,7.666666666666667,11,0.3333333333333333,Web,Wine,Inactive
1628,1971,Graduation,Together,71796.0,0,0,2013-10-24,54,354,21,311,120.5,75,32.0,1,9,3,4,4,0,0,0,0,0,0,3,11,0,54,54,0.68,0,1,913.5,16,0,57.09375,13,0.0625,Web,Wine,Moderately Active
1204,1970,Phd,Married,67536.0,0,1,2013-05-22,45,1224,0,447,23.0,71,35.0,3,11,5,11,8,0,0,0,1,0,0,3,11,0,55,55,1.1,1,2,1800.0,27,1,66.66666666666667,19,0.1111111111111111,Web,Wine,Moderately Active
3673,1971,Graduation,Single,55239.0,0,1,2013-07-14,59,371,17,238,23.0,24,106.0,3,7,5,11,5,0,0,0,0,0,0,3,11,0,54,54,0.96,1,2,779.0,23,0,33.869565217391305,12,0.13043478260869565,Store,Wine,Moderately Active
760,1975,Phd,Divorced,60554.0,1,0,2013-08-09,8,588,7,76,110.0,15,15.0,2,8,4,9,6,0,0,0,0,0,0,3,11,0,50,50,0.89,1,2,811.0,21,0,38.61904761904762,14,0.09523809523809523,Store,Wine,Highly Active
8957,1952,2N Cycle,Single,64831.0,1,1,2013-06-10,51,480,81,249,75.0,81,126.5,8,6,3,5,6,0,0,0,0,0,0,3,11,0,73,73,1.05,2,3,1092.5,14,0,78.03571428571429,12,0.5714285714285714,Web,Wine,Moderately Active
4128,1962,Phd,Together,56067.0,0,1,2013-07-20,51,517,12,54,16.0,6,120.0,2,7,4,7,5,0,0,0,0,0,0,3,11,0,63,63,0.94,1,2,725.0,18,0,40.27777777777778,12,0.1111111111111111,Web,Wine,Moderately Active
6810,1983,Graduation,Divorced,82025.0,0,0,2013-05-28,76,267,81,556,48.0,70,98.0,1,3,2,6,1,0,0,1,0,0,0,3,11,1,42,42,1.09,0,1,1120.0,11,1,101.81818181818181,4,0.09090909090909091,Store,Meat,Inactive
5386,1953,Graduation,Together,94384.0,0,0,2013-03-04,62,1111,24,556,120.5,45,126.5,0,5,8,5,2,0,1,1,1,0,0,3,11,1,72,72,1.32,0,1,1983.0,18,3,110.16666666666667,7,0.0,Catalog,Wine,Inactive
8700,1986,Basic,Single,14906.0,0,0,2012-12-22,86,7,7,14,7.0,16,15.0,3,2,1,3,7,0,0,0,0,0,0,3,11,0,39,39,1.52,0,1,66.0,6,0,11.0,9,0.5,Store,Sweets,Inactive
3202,1987,Phd,Married,51563.0,0,0,2012-10-01,60,1166,0,48,0.0,0,36.0,1,4,4,10,8,0,1,1,0,0,0,3,11,0,38,38,1.74,0,1,1250.0,18,2,69.44444444444444,12,0.05555555555555555,Store,Wine,Moderately Active
1328,1982,2N Cycle,Married,57937.0,0,1,2014-02-16,56,261,42,144,55.0,48,126.5,3,4,4,9,3,0,0,0,0,0,0,3,11,0,43,43,0.36,1,2,676.5,17,0,39.794117647058826,7,0.17647058823529413,Store,Wine,Moderately Active
8405,1979,Graduation,Divorced,68274.0,1,1,2013-09-30,83,135,25,51,23.0,25,46.0,2,4,2,5,3,0,0,0,0,0,0,3,11,0,46,46,0.74,2,3,305.0,11,0,27.727272727272727,7,0.18181818181818182,Store,Wine,Inactive
6515,1977,Graduation,Together,39771.0,1,0,2013-12-06,92,6,2,18,2.0,8,14.0,1,2,0,3,4,0,0,0,0,0,0,3,11,0,48,48,0.56,1,2,50.0,5,0,10.0,6,0.2,Store,Meat,Inactive
2882,1975,2N Cycle,Divorced,67893.0,0,1,2012-10-01,31,711,28,142,49.0,18,47.0,2,3,2,9,8,0,0,0,0,0,0,3,11,0,50,50,1.74,1,2,995.0,14,0,71.07142857142857,11,0.14285714285714285,Store,Wine,Moderately Active
7574,1979,Phd,Together,27922.0,1,0,2014-05-10,80,11,0,13,2.0,4,11.0,1,2,0,3,4,0,0,0,0,0,0,3,11,0,46,46,0.14,1,2,41.0,5,0,8.2,6,0.2,Store,Meat,Inactive
6387,1976,Phd,Together,52190.0,1,1,2014-05-08,39,42,0,17,0.0,0,18.0,3,2,1,3,5,1,0,0,0,0,0,3,11,0,49,49,0.14,2,3,77.0,6,1,12.833333333333334,7,0.5,Store,Wine,Moderately Active
5320,1973,Master,Divorced,44051.0,1,1,2013-01-29,20,79,7,58,6.0,3,18.0,4,3,1,4,6,0,0,0,0,0,0,3,11,1,52,52,1.41,2,3,171.0,8,0,21.375,9,0.5,Store,Wine,Highly Active
5048,1971,Phd,Single,42767.0,2,0,2013-05-11,53,20,6,43,19.0,5,38.0,1,3,1,2,8,0,0,0,0,0,0,3,11,0,54,54,1.13,2,3,131.0,6,0,21.833333333333332,11,0.16666666666666666,Web,Meat,Moderately Active
8146,1976,Master,Together,46106.0,1,1,2014-05-11,84,30,0,8,2.0,0,14.0,1,1,1,2,6,0,0,0,0,0,0,3,11,0,49,49,0.13,2,3,54.0,4,0,13.5,7,0.25,Store,Wine,Inactive
10031,1976,Phd,Married,16927.0,1,1,2013-02-10,50,20,2,23,3.0,1,4.0,5,3,0,4,8,0,0,0,0,0,0,3,11,0,49,49,1.38,2,3,53.0,7,0,7.571428571428571,11,0.7142857142857143,Store,Meat,Moderately Active
5748,1965,Graduation,Married,59754.0,0,1,2012-12-01,96,115,27,44,4.0,81,126.5,3,5,2,6,5,0,0,0,0,0,0,3,11,1,60,60,1.57,1,2,397.5,13,0,30.576923076923077,10,0.23076923076923078,Store,Gold,Inactive
2134,1952,Graduation,Single,53700.0,0,1,2012-08-17,94,263,5,233,69.0,41,83.0,4,5,5,8,5,0,0,0,0,0,0,3,11,0,73,73,1.86,1,2,694.0,18,0,38.55555555555556,10,0.2222222222222222,Store,Wine,Inactive
1523,1973,Graduation,Married,59041.0,1,1,2014-05-07,25,69,2,15,2.0,2,6.0,2,2,0,4,5,0,0,0,0,0,0,3,11,0,52,52,0.15,2,3,96.0,6,0,16.0,7,0.3333333333333333,Store,Wine,Highly Active
9665,1957,Phd,Divorced,54237.0,0,1,2013-04-27,48,267,3,30,4.0,0,57.0,4,5,2,5,6,0,0,0,0,0,0,3,11,0,68,68,1.17,1,2,361.0,12,0,30.083333333333332,11,0.3333333333333333,Web,Wine,Moderately Active
4640,1967,Graduation,Divorced,70647.0,0,1,2012-09-21,65,561,81,171,25.0,81,114.0,2,4,7,13,2,0,0,0,0,0,0,3,11,0,58,58,1.77,1,2,1033.0,24,0,43.041666666666664,6,0.08333333333333333,Store,Wine,Inactive
3635,1962,Phd,Single,52597.0,0,1,2014-05-07,69,492,0,37,7.0,0,42.0,3,6,3,8,5,0,0,0,0,0,0,3,11,0,63,63,0.15,1,2,578.0,17,0,34.0,11,0.17647058823529413,Store,Wine,Inactive
3547,1969,Master,Together,41021.0,1,0,2012-12-30,12,14,7,9,6.0,16,12.0,2,2,0,3,6,0,0,0,0,0,0,3,11,1,56,56,1.49,1,2,64.0,5,0,12.8,8,0.4,Store,Sweets,Highly Active
2456,1975,Phd,Married,40233.0,0,1,2013-10-14,84,80,4,46,0.0,17,2.0,5,2,1,5,6,0,0,0,0,0,0,3,11,0,50,50,0.71,1,2,149.0,8,0,18.625,8,0.625,Store,Wine,Inactive
5633,1980,Graduation,Married,50183.0,1,1,2014-06-25,47,97,12,84,13.0,10,15.0,7,3,1,6,5,0,0,0,0,0,0,3,11,0,45,45,0.01,2,3,231.0,10,0,23.1,8,0.7,Store,Wine,Moderately Active
7801,1959,Graduation,Together,54753.0,0,1,2013-09-12,87,197,81,227,7.0,59,126.5,3,5,2,11,4,0,0,0,0,0,0,3,11,0,66,66,0.79,1,2,697.5,18,0,38.75,9,0.16666666666666666,Store,Meat,Inactive
10489,1973,Graduation,Married,92955.0,0,0,2013-08-19,35,693,21,556,31.0,24,84.0,1,6,7,9,2,0,0,1,1,0,0,3,11,1,52,52,0.86,0,1,1409.0,22,2,64.04545454545455,8,0.045454545454545456,Store,Wine,Moderately Active
7011,1973,Graduation,Married,33471.0,1,0,2012-10-12,47,43,2,27,0.0,9,12.0,3,3,0,4,7,0,0,0,0,0,0,3,11,0,52,52,1.71,1,2,93.0,7,0,13.285714285714286,10,0.42857142857142855,Store,Wine,Moderately Active
2620,1974,Phd,Married,34596.0,1,0,2013-04-13,48,14,0,2,0.0,0,7.0,1,1,0,2,8,0,0,0,0,0,0,3,11,1,51,51,1.21,1,2,23.0,3,0,7.666666666666667,9,0.3333333333333333,Store,Wine,Moderately Active
3933,1980,Graduation,Together,44010.0,1,0,2012-10-13,46,186,36,234,86.0,72,48.0,6,10,2,6,9,0,0,0,0,0,0,3,11,0,45,45,1.71,1,2,662.0,18,0,36.77777777777778,19,0.3333333333333333,Web,Meat,Moderately Active
10981,1988,Graduation,Married,84219.0,0,0,2014-02-02,27,434,81,400,45.0,81,45.0,1,3,4,10,1,0,0,0,0,0,0,3,11,0,37,37,0.4,0,1,1086.0,17,0,63.88235294117647,4,0.058823529411764705,Store,Wine,Highly Active
1734,1968,Phd,Together,40706.0,2,1,2013-01-17,37,59,0,11,4.0,2,5.0,4,3,0,4,7,0,0,0,0,0,0,3,11,0,57,57,1.45,3,4,81.0,7,0,11.571428571428571,10,0.5714285714285714,Store,Wine,Moderately Active
10995,1988,2N Cycle,Married,15716.0,1,0,2012-11-12,8,16,5,30,8.0,7,26.0,3,3,0,4,8,0,0,0,0,0,1,3,11,0,37,37,1.63,1,2,92.0,7,0,13.142857142857142,11,0.42857142857142855,Store,Meat,Highly Active
6357,1959,2N Cycle,Divorced,59052.0,0,1,2013-11-17,29,230,35,75,63.0,57,31.0,3,7,1,7,5,0,0,0,0,0,0,3,11,0,66,66,0.61,1,2,491.0,15,0,32.733333333333334,12,0.2,Web,Wine,Highly Active
9209,1971,Master,Together,80573.0,0,0,2012-10-14,85,829,81,430,60.0,81,15.0,1,4,6,13,2,0,0,0,0,0,0,3,11,0,54,54,1.71,0,1,1496.0,23,0,65.04347826086956,6,0.043478260869565216,Store,Wine,Inactive
10286,1962,Graduation,Married,83715.0,0,0,2014-02-03,2,318,8,407,120.5,35,8.0,1,2,8,13,0,0,0,0,0,0,0,3,11,0,63,63,0.4,0,1,896.5,23,0,38.97826086956522,2,0.043478260869565216,Store,Meat,Highly Active
2611,1959,Master,Together,82576.0,0,0,2012-08-01,66,1206,55,445,120.5,18,18.0,1,2,4,12,1,0,0,1,0,0,0,3,11,0,66,66,1.91,0,1,1862.5,18,1,103.47222222222223,3,0.05555555555555555,Store,Wine,Inactive
1600,1965,Master,Married,56962.0,2,1,2013-10-11,60,292,3,77,10.0,3,26.0,7,6,3,5,7,0,0,0,0,0,0,3,11,0,60,60,0.71,3,4,411.0,14,0,29.357142857142858,13,0.5,Web,Wine,Moderately Active
3308,1952,Graduation,Married,35704.0,1,1,2014-01-03,54,30,9,12,2.0,11,30.0,3,2,0,4,4,0,0,0,0,0,0,3,11,0,73,73,0.48,2,3,94.0,6,0,15.666666666666666,6,0.5,Store,Wine,Moderately Active
5407,1954,Graduation,Together,53103.0,0,1,2013-09-12,70,729,17,133,11.0,0,126.5,5,10,6,7,7,1,0,0,0,0,0,3,11,0,71,71,0.79,1,2,1016.5,23,1,44.19565217391305,17,0.21739130434782608,Web,Wine,Inactive
2166,1960,2N Cycle,Widow,46779.0,1,1,2013-07-12,55,12,1,3,0.0,0,7.0,1,0,1,2,4,0,0,0,0,0,0,3,11,0,65,65,0.96,2,3,23.0,3,0,7.666666666666667,4,0.3333333333333333,Store,Wine,Moderately Active
3955,1965,Graduation,Divorced,4861.0,0,0,2014-06-22,20,2,1,1,1.0,0,1.0,0,0,0,0,14,0,0,0,0,0,0,3,11,0,60,60,0.02,0,1,6.0,0,0,0.0,14,0.0,Web,Wine,Highly Active
6634,1979,Master,Divorced,33462.0,1,0,2013-08-07,78,22,3,18,0.0,0,11.0,1,2,0,3,7,0,0,0,0,0,0,3,11,0,46,46,0.89,1,2,54.0,5,0,10.8,9,0.2,Store,Wine,Inactive
3056,1978,Graduation,Divorced,63693.0,0,1,2013-10-14,63,587,43,337,42.0,81,54.0,3,11,6,9,6,0,0,0,0,0,0,3,11,0,47,47,0.71,1,2,1144.0,26,0,44.0,17,0.11538461538461539,Web,Wine,Inactive
5718,1950,Graduation,Married,80763.0,0,0,2013-08-15,17,674,81,108,120.5,42,126.5,1,5,11,6,3,0,0,1,1,0,0,3,11,1,75,75,0.87,0,1,1152.0,22,2,52.36363636363637,8,0.045454545454545456,Catalog,Wine,Highly Active
6872,1974,Phd,Married,65352.0,0,1,2013-08-21,43,284,3,84,4.0,7,23.0,2,4,2,8,4,0,0,0,0,0,0,3,11,0,51,51,0.85,1,2,405.0,14,0,28.928571428571427,8,0.14285714285714285,Store,Wine,Moderately Active
8164,1978,Phd,Married,82170.0,0,0,2013-11-25,13,1023,81,556,49.0,55,37.0,1,5,6,7,2,0,0,0,0,0,0,3,11,0,47,47,0.59,0,1,1801.0,18,0,100.05555555555556,7,0.05555555555555555,Store,Wine,Highly Active
4580,1969,Graduation,Married,75759.0,0,0,2013-10-25,46,1224,22,556,89.0,81,126.5,1,9,7,9,5,1,0,1,1,0,0,3,11,1,56,56,0.68,0,1,2098.5,25,3,83.94,14,0.04,Web,Wine,Moderately Active
9305,1976,2N Cycle,Single,79689.0,0,0,2013-05-12,65,311,26,556,120.5,37,121.0,1,4,9,13,2,0,0,0,0,0,0,3,11,0,49,49,1.13,0,1,1171.5,26,0,45.05769230769231,6,0.038461538461538464,Store,Meat,Inactive
453,1956,Phd,Widow,35340.0,1,1,2014-06-29,1,27,0,12,0.0,1,5.0,2,2,0,3,5,0,0,0,0,0,0,3,11,0,69,69,0.0,2,3,45.0,5,0,9.0,7,0.4,Store,Wine,Highly Active
8545,1954,Graduation,Divorced,85683.0,0,0,2014-03-21,6,1224,17,311,45.0,69,51.0,1,2,4,10,1,0,1,1,1,1,0,3,11,1,71,71,0.27,0,1,1717.0,16,4,107.3125,3,0.0625,Store,Wine,Highly Active
9850,1972,2N Cycle,Married,24884.0,1,0,2012-11-29,32,3,6,7,0.0,0,3.0,1,0,0,3,7,0,0,0,0,0,0,3,11,0,53,53,1.58,1,2,19.0,3,0,6.333333333333333,7,0.3333333333333333,Store,Meat,Moderately Active
7378,1981,Master,Together,42021.0,1,0,2012-08-31,34,393,5,136,7.0,5,27.0,5,10,1,6,9,1,0,0,0,0,0,3,11,0,44,44,1.83,1,2,573.0,17,1,33.705882352941174,19,0.29411764705882354,Web,Wine,Moderately Active
7646,1989,Graduation,Single,64449.0,1,0,2014-02-18,70,218,63,282,120.5,35,70.0,4,5,3,12,4,0,0,0,0,0,0,3,11,0,36,36,0.36,1,2,788.5,20,0,39.425,9,0.2,Store,Meat,Inactive
1640,1954,Graduation,Divorced,64587.0,1,1,2014-06-22,49,66,0,16,0.0,6,20.0,2,1,1,4,3,0,0,0,0,0,0,3,11,0,71,71,0.02,2,3,108.0,6,0,18.0,4,0.3333333333333333,Store,Wine,Moderately Active
5184,1995,Graduation,Single,34824.0,0,0,2014-03-26,65,4,2,11,2.0,0,4.0,1,1,0,2,6,0,0,0,0,0,0,3,11,0,30,30,0.26,0,1,23.0,3,0,7.666666666666667,7,0.3333333333333333,Store,Meat,Inactive
8492,1978,Graduation,Together,75437.0,0,0,2013-11-09,25,795,0,545,95.0,58,0.0,1,8,4,10,6,0,0,0,1,0,0,3,11,0,47,47,0.64,0,1,1493.0,22,1,67.86363636363636,14,0.045454545454545456,Store,Wine,Highly Active
11188,1957,Graduation,Together,26091.0,1,1,2014-02-25,84,15,10,19,8.0,17,20.0,3,2,1,3,5,0,0,0,0,0,0,3,11,0,68,68,0.34,2,3,89.0,6,0,14.833333333333334,7,0.5,Store,Gold,Inactive
1212,1973,Graduation,Married,52845.0,1,0,2013-08-13,7,384,25,292,120.5,41,64.0,3,8,8,6,6,1,0,0,0,0,0,3,11,0,52,52,0.88,1,2,926.5,22,1,42.11363636363637,14,0.13636363636363635,Web,Wine,Highly Active
9097,1956,Graduation,Divorced,46086.0,0,1,2013-11-03,34,244,8,32,7.0,2,50.0,4,3,1,8,4,0,0,0,0,0,0,3,11,0,69,69,0.65,1,2,343.0,12,0,28.583333333333332,7,0.3333333333333333,Store,Wine,Moderately Active
10473,1956,Phd,Widow,78028.0,0,1,2012-09-10,38,158,19,288,25.0,0,38.0,1,6,4,9,7,0,1,1,0,0,0,3,11,1,69,69,1.8,1,2,528.0,19,2,27.789473684210527,13,0.05263157894736842,Store,Meat,Moderately Active
7962,1987,Phd,Single,95169.0,0,0,2013-10-09,1,1224,21,449,106.0,20,20.0,1,4,3,4,1,0,0,1,1,0,0,3,11,1,38,38,0.72,0,1,1840.0,11,2,167.27272727272728,5,0.09090909090909091,Web,Wine,Highly Active
9984,1981,2N Cycle,Married,56337.0,1,1,2013-03-27,25,349,16,144,28.0,5,126.5,5,8,5,4,8,1,0,0,1,0,0,3,11,1,44,44,1.26,2,3,668.5,17,2,39.3235294117647,16,0.29411764705882354,Web,Wine,Highly Active
5527,1987,Graduation,Together,22434.0,1,0,2013-02-13,25,4,12,11,3.0,13,15.0,2,2,0,3,8,0,0,0,0,0,0,3,11,0,38,38,1.37,1,2,58.0,5,0,11.6,10,0.4,Store,Gold,Highly Active
6374,1954,Phd,Married,36930.0,0,1,2013-05-17,50,223,2,31,0.0,2,39.0,5,5,2,4,8,0,0,0,0,0,0,3,11,0,71,71,1.12,1,2,297.0,11,0,27.0,13,0.45454545454545453,Web,Wine,Moderately Active
7453,1954,Graduation,Single,36130.0,0,1,2013-02-02,46,157,43,127,68.0,56,37.0,6,3,8,4,4,1,0,0,0,0,0,3,11,1,71,71,1.4,1,2,488.0,15,1,32.53333333333333,7,0.4,Catalog,Wine,Moderately Active
8952,1953,Master,Married,65569.0,0,1,2012-11-05,96,397,46,288,20.0,38,70.0,2,6,5,10,3,0,0,0,0,0,0,3,11,0,72,72,1.65,1,2,859.0,21,0,40.904761904761905,9,0.09523809523809523,Store,Wine,Inactive
241,1952,Graduation,Together,83844.0,0,0,2013-05-12,57,901,31,345,75.0,31,126.5,1,4,4,11,1,0,0,1,0,0,0,3,11,0,73,73,1.13,0,1,1509.5,19,1,79.44736842105263,5,0.05263157894736842,Store,Wine,Moderately Active
8975,1968,Graduation,Married,19514.0,1,1,2014-01-26,47,14,3,21,2.0,1,28.0,4,3,1,2,8,1,0,0,0,0,0,3,11,0,57,57,0.42,2,3,69.0,6,1,11.5,11,0.6666666666666666,Web,Gold,Moderately Active
6119,1963,Phd,Single,36736.0,1,1,2013-05-10,52,10,0,3,0.0,0,4.0,1,1,0,2,6,0,0,0,0,0,0,3,11,0,62,62,1.14,2,3,17.0,3,0,5.666666666666667,7,0.3333333333333333,Store,Wine,Moderately Active
5236,1979,Graduation,Together,77568.0,0,1,2012-08-25,30,1224,0,396,120.5,81,126.5,1,10,2,8,5,0,1,1,1,0,0,3,11,0,46,46,1.84,1,2,1948.0,20,3,97.4,15,0.05,Web,Wine,Highly Active
5723,1976,Phd,Together,49187.0,0,1,2014-01-11,63,81,1,31,2.0,1,0.0,1,1,1,5,2,0,0,0,0,0,0,3,11,0,49,49,0.46,1,2,116.0,7,0,16.571428571428573,3,0.14285714285714285,Store,Wine,Inactive
1710,1978,Graduation,Single,30168.0,1,0,2013-03-07,51,154,20,66,0.0,12,27.0,7,6,1,4,9,0,0,0,0,0,0,3,11,0,47,47,1.31,1,2,279.0,11,0,25.363636363636363,15,0.6363636363636364,Web,Wine,Moderately Active
1970,1968,Master,Together,34053.0,0,1,2012-09-10,14,63,0,21,7.0,0,12.0,1,3,0,3,8,0,0,0,0,0,0,3,11,0,57,57,1.8,1,2,103.0,6,0,17.166666666666668,11,0.16666666666666666,Web,Wine,Highly Active
5313,1971,Master,Married,38196.0,1,1,2014-04-18,20,30,0,11,0.0,0,3.0,3,2,0,4,5,0,0,0,0,0,0,3,11,0,54,54,0.2,2,3,44.0,6,0,7.333333333333333,7,0.5,Store,Wine,Highly Active
10634,1951,Master,Married,59412.0,0,0,2014-04-19,56,90,67,165,30.0,43,11.0,1,4,2,8,3,0,0,0,0,0,0,3,11,0,74,74,0.19,0,1,406.0,14,0,29.0,7,0.07142857142857142,Store,Meat,Moderately Active
7010,1965,2N Cycle,Married,70924.0,0,0,2014-04-07,41,635,81,254,120.5,81,76.0,1,6,6,7,3,0,0,1,0,0,0,3,11,0,60,60,0.23,0,1,1247.5,19,1,65.65789473684211,9,0.05263157894736842,Store,Wine,Moderately Active
8562,1969,Graduation,Together,54165.0,0,0,2013-05-28,72,127,4,73,15.0,6,11.0,1,2,1,7,2,0,0,0,0,0,0,3,11,0,56,56,1.09,0,1,236.0,10,0,23.6,4,0.1,Store,Wine,Inactive
3158,1973,Graduation,Married,32300.0,1,0,2013-01-03,1,13,3,6,6.0,5,6.0,1,1,0,3,8,0,0,0,0,0,0,3,11,0,52,52,1.48,1,2,39.0,4,0,9.75,9,0.25,Store,Wine,Highly Active
4436,1976,Graduation,Single,20180.0,0,0,2013-02-20,27,18,42,24,15.0,20,18.0,1,2,1,4,7,0,0,0,0,0,0,3,11,0,49,49,1.35,0,1,137.0,7,0,19.571428571428573,9,0.14285714285714285,Store,Fruits,Highly Active
5287,1973,Graduation,Married,34961.0,1,0,2014-06-19,77,45,2,26,4.0,1,1.0,3,3,1,3,7,0,0,0,0,0,0,3,11,0,52,52,0.03,1,2,79.0,7,0,11.285714285714286,10,0.42857142857142855,Web,Wine,Inactive
2445,1974,Phd,Together,28440.0,1,0,2013-07-07,87,38,1,24,0.0,0,0.0,1,2,0,3,8,0,0,0,0,0,0,3,11,0,51,51,0.98,1,2,63.0,5,0,12.6,10,0.2,Store,Wine,Inactive
6059,1953,Phd,Together,64504.0,1,2,2013-03-04,81,986,36,168,16.0,0,108.0,7,11,3,4,7,0,0,0,0,0,0,3,11,1,72,72,1.32,3,4,1314.0,18,0,73.0,18,0.3888888888888889,Web,Wine,Inactive
4550,1966,Master,Together,33564.0,0,1,2014-06-24,51,61,0,3,0.0,0,7.0,1,1,1,3,5,0,0,0,0,0,0,3,11,0,59,59,0.01,1,2,71.0,5,0,14.2,6,0.2,Store,Wine,Moderately Active
4240,1978,Graduation,Married,17345.0,1,0,2012-11-03,79,4,9,16,17.0,0,12.0,2,2,1,2,8,0,0,0,0,0,0,3,11,0,47,47,1.65,1,2,58.0,5,0,11.6,10,0.4,Web,Fish,Inactive
8911,1967,Phd,Married,56320.0,0,1,2013-04-08,11,201,53,172,116.0,77,83.0,3,5,4,9,4,0,0,0,0,0,0,3,11,0,58,58,1.22,1,2,702.0,18,0,39.0,9,0.16666666666666666,Store,Wine,Highly Active
3706,1978,Graduation,Single,28647.0,1,0,2013-08-21,54,19,8,29,0.0,12,26.0,1,2,2,2,7,1,0,0,0,0,0,3,11,1,47,47,0.85,1,2,94.0,6,1,15.666666666666666,9,0.16666666666666666,Web,Meat,Moderately Active
3628,1987,Basic,Single,15038.0,1,0,2013-01-29,93,4,8,11,19.0,12,26.0,2,2,1,2,9,0,0,0,0,0,0,3,11,0,38,38,1.41,1,2,80.0,5,0,16.0,11,0.4,Web,Gold,Inactive
10175,1958,Phd,Divorced,32173.0,0,1,2013-08-01,0,18,0,2,0.0,0,2.0,1,1,0,3,4,0,0,0,0,0,0,3,11,0,67,67,0.91,1,2,22.0,4,0,5.5,5,0.25,Store,Wine,Highly Active
8985,1964,2N Cycle,Together,68316.0,0,1,2012-11-04,54,806,80,161,120.0,11,33.0,5,10,7,10,6,0,0,0,0,0,0,3,11,0,61,61,1.65,1,2,1211.0,27,0,44.851851851851855,16,0.18518518518518517,Web,Wine,Moderately Active
5204,1971,Graduation,Together,74538.0,0,0,2013-06-29,21,380,81,556,110.0,81,28.0,1,8,8,5,3,0,0,1,0,0,0,3,11,1,54,54,1.0,0,1,1236.0,21,1,58.857142857142854,11,0.047619047619047616,Web,Meat,Highly Active
9220,1971,Graduation,Single,91700.0,0,0,2013-01-17,58,576,81,556,120.5,81,19.0,1,8,6,5,3,0,0,0,0,0,0,3,11,1,54,54,1.45,0,1,1433.5,19,0,75.44736842105263,11,0.05263157894736842,Web,Wine,Moderately Active
9888,1969,Graduation,Together,68695.0,0,0,2014-06-25,3,458,81,356,106.0,50,40.0,1,4,4,7,2,0,0,0,0,0,0,3,11,0,56,56,0.01,0,1,1091.0,15,0,72.73333333333333,6,0.06666666666666667,Store,Wine,Highly Active
5263,1977,2N Cycle,Married,31056.0,1,0,2013-01-22,99,5,10,13,3.0,8,16.0,1,1,0,3,8,0,0,0,0,0,0,3,11,0,48,48,1.43,1,2,55.0,4,0,13.75,9,0.25,Store,Gold,Inactive
1020,1973,Graduation,Married,79593.0,0,0,2014-05-12,70,350,60,556,110.0,81,126.5,1,5,6,7,2,0,0,1,0,0,0,3,11,0,52,52,0.13,0,1,1283.5,18,1,71.30555555555556,7,0.05555555555555555,Store,Meat,Inactive
9503,1980,Graduation,Single,28071.0,0,0,2012-08-29,65,39,33,130,41.0,26,44.0,2,5,1,5,8,0,0,0,0,0,0,3,11,0,45,45,1.83,0,1,313.0,11,0,28.454545454545453,13,0.18181818181818182,Web,Meat,Inactive
10613,1958,Phd,Together,37334.0,1,1,2014-02-26,44,26,1,16,2.0,2,15.0,4,3,0,4,4,0,0,0,0,0,0,3,11,0,67,67,0.34,2,3,62.0,7,0,8.857142857142858,7,0.5714285714285714,Store,Wine,Moderately Active
67,1972,Master,Single,46423.0,1,1,2013-09-18,6,68,0,16,0.0,0,8.0,3,2,0,4,7,0,0,0,0,0,0,3,11,0,53,53,0.78,2,3,92.0,6,0,15.333333333333334,9,0.5,Store,Wine,Highly Active
6019,1971,Phd,Married,37126.0,1,0,2014-03-30,9,45,3,9,4.0,4,7.0,1,1,2,2,6,1,0,0,0,0,0,3,11,1,54,54,0.25,1,2,72.0,5,1,14.4,7,0.2,Catalog,Wine,Highly Active
5863,1953,Graduation,Married,47703.0,0,1,2013-05-29,95,359,0,134,13.0,26,123.0,4,6,3,8,5,0,0,0,0,0,0,3,11,0,72,72,1.08,1,2,655.0,17,0,38.529411764705884,11,0.23529411764705882,Store,Wine,Inactive
3717,1959,Graduation,Married,61180.0,0,1,2014-04-23,70,403,24,29,6.0,24,126.5,2,5,5,6,3,1,0,0,0,0,0,3,11,0,66,66,0.18,1,2,612.5,16,1,38.28125,8,0.125,Store,Wine,Inactive
6730,1954,Graduation,Married,38998.0,1,1,2012-11-03,92,34,1,14,0.0,0,5.0,3,2,0,3,8,0,0,0,0,0,1,3,11,0,71,71,1.65,2,3,54.0,5,0,10.8,10,0.6,Store,Wine,Inactive
10749,1991,Graduation,Single,8028.0,0,0,2012-09-18,62,73,18,66,7.0,12,2.0,15,0,1,0,19,0,0,0,0,0,0,3,11,0,34,34,1.78,0,1,178.0,1,0,178.0,19,15.0,Catalog,Wine,Inactive
4998,1962,Graduation,Together,76081.0,0,0,2014-05-23,85,292,30,415,63.0,33,126.5,1,4,5,4,2,0,0,0,1,0,0,3,11,0,63,63,0.1,0,1,959.5,13,1,73.8076923076923,6,0.07692307692307693,Catalog,Meat,Inactive
6287,1986,Graduation,Together,34728.0,1,0,2013-07-30,2,14,0,16,0.0,0,6.0,1,1,1,2,6,0,0,0,0,0,0,3,11,1,39,39,0.91,1,2,36.0,4,0,9.0,7,0.25,Store,Meat,Highly Active
5985,1965,Master,Single,33168.0,0,1,2012-10-13,0,80,1,37,0.0,1,3.0,3,2,1,4,7,0,0,0,0,0,0,3,11,0,60,60,1.71,1,2,122.0,7,0,17.428571428571427,9,0.42857142857142855,Store,Wine,Highly Active
4754,1966,Master,Married,33585.0,0,1,2013-09-25,91,30,11,33,13.0,6,29.0,1,2,0,4,4,0,0,0,0,0,0,3,11,0,59,59,0.76,1,2,122.0,6,0,20.333333333333332,6,0.16666666666666666,Store,Meat,Inactive
4002,1960,Phd,Married,77037.0,0,1,2013-10-13,3,463,81,333,120.5,53,10.0,1,7,7,12,3,0,0,0,0,0,0,3,11,0,65,65,0.71,1,2,1060.5,26,0,40.78846153846154,10,0.038461538461538464,Store,Wine,Highly Active
8870,1984,Graduation,Together,35196.0,1,0,2012-11-13,68,75,12,141,43.0,39,126.5,6,6,1,5,8,0,0,0,0,0,0,3,11,1,41,41,1.62,1,2,436.5,12,0,36.375,14,0.5,Web,Meat,Inactive
966,1966,Graduation,Married,44529.0,0,1,2013-07-05,98,538,13,91,17.0,6,26.0,6,6,2,11,5,0,1,0,0,0,0,3,11,0,59,59,0.98,1,2,691.0,19,1,36.36842105263158,11,0.3157894736842105,Store,Wine,Inactive
4767,1965,2N Cycle,Married,70924.0,0,0,2014-04-07,41,635,81,254,120.5,81,76.0,1,6,6,7,3,0,0,1,0,0,0,3,11,0,60,60,0.23,0,1,1247.5,19,1,65.65789473684211,9,0.05263157894736842,Store,Wine,Moderately Active
9725,1966,Phd,Together,28764.0,1,1,2014-06-05,16,8,0,3,0.0,0,1.0,1,1,0,2,8,1,0,0,0,0,0,3,11,0,59,59,0.07,2,3,12.0,3,1,4.0,9,0.3333333333333333,Store,Wine,Highly Active
4475,1949,Phd,Married,69098.0,0,0,2013-02-16,82,1224,22,556,120.5,0,126.5,1,7,8,9,5,0,0,0,0,0,0,3,11,0,76,76,1.36,0,1,2049.0,24,0,85.375,12,0.041666666666666664,Store,Wine,Inactive
5740,1970,2N Cycle,Divorced,25959.0,1,1,2013-02-14,1,4,2,12,7.0,5,26.0,2,1,2,2,6,0,0,0,0,0,0,3,11,1,55,55,1.37,2,3,56.0,5,0,11.2,7,0.4,Catalog,Gold,Highly Active
5731,1983,Master,Married,27100.0,1,0,2013-04-05,64,12,0,13,2.0,0,10.0,1,1,0,3,7,0,0,0,0,0,0,3,11,0,42,42,1.23,1,2,37.0,4,0,9.25,8,0.25,Store,Meat,Inactive
7290,1985,Graduation,Single,70596.0,0,0,2012-10-05,68,347,44,534,17.0,0,26.0,1,3,5,12,2,0,0,0,0,0,0,3,11,0,40,40,1.73,0,1,968.0,20,0,48.4,5,0.05,Store,Meat,Inactive
3846,1974,Graduation,Married,42557.0,0,1,2012-08-29,98,192,5,53,0.0,5,15.0,4,6,1,4,8,0,0,0,0,0,0,3,11,0,51,51,1.83,1,2,270.0,11,0,24.545454545454547,14,0.36363636363636365,Web,Wine,Inactive
8104,1951,Phd,Married,53312.0,0,0,2013-08-09,32,241,0,12,0.0,0,25.0,1,5,1,5,7,0,0,0,0,0,0,3,11,0,74,74,0.89,0,1,278.0,11,0,25.272727272727273,12,0.09090909090909091,Web,Wine,Moderately Active
4507,1952,Graduation,Single,72228.0,0,0,2012-11-27,87,631,28,491,30.0,14,56.0,1,6,7,8,3,0,0,0,0,0,0,3,11,0,73,73,1.59,0,1,1250.0,21,0,59.523809523809526,9,0.047619047619047616,Store,Wine,Inactive
11013,1987,Graduation,Together,67605.0,0,0,2013-03-31,84,336,28,282,120.5,54,54.0,1,2,8,6,1,0,0,0,0,0,0,3,11,0,38,38,1.25,0,1,874.5,16,0,54.65625,3,0.0625,Catalog,Wine,Inactive
4491,1949,Master,Married,62845.0,1,1,2012-10-01,3,1099,0,45,0.0,0,34.0,11,3,4,10,8,0,1,0,0,0,0,3,11,0,76,76,1.74,2,3,1178.0,17,1,69.29411764705883,11,0.6470588235294118,Store,Wine,Highly Active
3759,1958,Graduation,Together,65196.0,0,2,2013-07-25,34,743,19,181,12.0,0,126.5,2,7,6,11,5,1,0,0,0,0,0,3,11,0,67,67,0.93,2,3,1081.5,24,1,45.0625,12,0.08333333333333333,Store,Wine,Moderately Active
1162,1987,Phd,Single,42000.0,0,0,2013-01-10,23,124,81,267,85.0,59,35.0,2,5,2,11,5,0,0,0,0,0,0,3,11,1,38,38,1.46,0,1,651.0,18,0,36.166666666666664,10,0.1111111111111111,Store,Meat,Highly Active
2055,1973,Phd,Divorced,35860.0,1,1,2014-05-19,37,15,0,8,4.0,2,20.0,2,1,1,2,5,1,0,0,0,0,0,3,11,0,52,52,0.11,2,3,49.0,4,1,12.25,6,0.5,Store,Gold,Moderately Active
10766,1964,Phd,Married,65526.0,0,1,2014-04-11,22,397,19,69,12.0,0,9.0,1,4,4,8,2,0,0,0,0,0,0,3,11,0,61,61,0.22,1,2,506.0,16,0,31.625,6,0.0625,Store,Wine,Highly Active
4415,1961,Graduation,Married,16860.0,1,1,2012-09-12,19,10,4,4,3.0,3,14.0,3,1,1,3,7,0,0,0,0,0,0,3,11,0,64,64,1.79,2,3,38.0,5,0,7.6,8,0.6,Store,Gold,Highly Active
3005,1992,Graduation,Single,83528.0,0,0,2014-05-01,7,530,81,556,120.5,44,126.5,1,4,10,8,1,1,0,0,1,0,0,3,11,1,33,33,0.16,0,1,1458.0,22,2,66.27272727272727,5,0.045454545454545456,Catalog,Meat,Highly Active
2223,1965,2N Cycle,Divorced,64176.0,0,1,2012-08-03,52,1215,33,249,64.0,81,126.5,8,8,9,8,6,0,0,0,0,0,0,3,11,0,60,60,1.9,1,2,1768.5,25,0,70.74,14,0.32,Catalog,Wine,Moderately Active
4817,1956,Graduation,Divorced,22304.0,0,0,2012-08-04,91,3,2,7,0.0,4,2.0,1,1,0,2,8,0,0,0,0,0,0,3,11,0,69,69,1.9,0,1,18.0,3,0,6.0,9,0.3333333333333333,Store,Meat,Inactive
2875,1978,Graduation,Married,67023.0,0,0,2014-03-04,93,444,44,382,11.0,8,17.0,1,3,7,13,2,0,0,0,0,0,1,3,11,0,47,47,0.32,0,1,906.0,23,0,39.391304347826086,5,0.043478260869565216,Store,Wine,Inactive
10536,1971,Phd,Together,32892.0,1,0,2014-05-25,78,26,0,15,2.0,1,2.0,2,3,0,3,8,0,0,0,0,0,0,3,11,0,54,54,0.1,1,2,46.0,6,0,7.666666666666667,11,0.3333333333333333,Web,Wine,Inactive
11112,1966,Graduation,Together,70713.0,0,1,2012-12-03,23,736,81,279,82.0,76,126.5,6,5,6,8,3,0,0,0,0,0,0,3,11,0,59,59,1.57,1,2,1380.5,19,0,72.65789473684211,8,0.3157894736842105,Store,Wine,Highly Active
3807,1955,Graduation,Together,59925.0,0,1,2012-11-30,83,473,21,176,19.0,21,56.0,3,9,2,9,6,0,0,0,0,0,0,3,11,0,70,70,1.58,1,2,766.0,20,0,38.3,15,0.15,Web,Wine,Inactive
9197,1953,Graduation,Married,39722.0,0,1,2014-02-24,92,32,0,5,2.0,0,8.0,2,2,0,3,5,0,0,0,0,0,0,3,11,0,72,72,0.34,1,2,47.0,5,0,9.4,7,0.4,Store,Wine,Inactive
10832,1958,Graduation,Together,46610.0,0,0,2013-07-18,4,288,10,30,4.0,10,125.0,1,6,1,6,6,0,0,0,0,0,0,3,11,0,67,67,0.95,0,1,467.0,13,0,35.92307692307692,12,0.07692307692307693,Web,Wine,Highly Active
6421,1961,Graduation,Together,88347.0,0,0,2013-07-03,32,1050,81,555,77.0,81,118.0,1,4,7,9,1,0,0,0,1,0,0,3,11,0,64,64,0.99,0,1,1962.0,20,1,98.1,5,0.05,Store,Wine,Moderately Active
4207,1981,Phd,Married,87171.0,0,0,2013-05-01,27,1001,44,107,58.0,44,44.0,1,6,7,11,2,1,0,1,0,0,0,3,11,0,44,44,1.16,0,1,1298.0,24,2,54.083333333333336,8,0.041666666666666664,Store,Wine,Highly Active
577,1976,2N Cycle,Together,26907.0,1,1,2013-08-20,10,9,1,7,0.0,3,2.0,2,1,0,3,7,0,0,0,0,0,0,3,11,0,49,49,0.86,2,3,22.0,4,0,5.5,8,0.5,Store,Wine,Highly Active
10855,1968,Master,Single,50014.0,1,0,2014-01-22,9,234,14,77,19.0,10,42.0,2,4,1,8,5,0,0,0,0,0,0,3,11,0,57,57,0.43,1,2,396.0,13,0,30.46153846153846,9,0.15384615384615385,Store,Wine,Highly Active
3081,1978,Phd,Married,41014.0,1,0,2013-04-22,65,7,2,6,2.0,0,3.0,1,1,0,2,7,0,0,0,0,0,0,3,11,0,47,47,1.19,1,2,20.0,3,0,6.666666666666667,8,0.3333333333333333,Store,Wine,Inactive
3535,1965,Graduation,Single,66294.0,0,0,2014-03-17,68,251,81,334,65.0,81,117.0,1,4,3,5,2,0,0,0,0,0,0,3,11,0,60,60,0.28,0,1,929.0,12,0,77.41666666666667,6,0.08333333333333333,Store,Meat,Inactive
247,1971,Graduation,Married,36715.0,1,0,2012-11-17,16,172,10,125,21.0,13,16.0,6,7,2,4,9,0,0,0,0,0,0,3,11,1,54,54,1.61,1,2,357.0,13,0,27.46153846153846,16,0.46153846153846156,Web,Wine,Highly Active
8707,1956,Graduation,Married,79456.0,0,0,2012-08-22,12,565,42,548,64.0,81,99.0,1,5,6,4,3,0,0,0,0,0,0,3,11,1,69,69,1.85,0,1,1399.0,15,0,93.26666666666667,8,0.06666666666666667,Catalog,Wine,Highly Active
9523,1982,Graduation,Together,40479.0,1,0,2013-08-17,95,5,0,8,2.0,0,0.0,1,0,0,3,4,0,0,0,0,0,0,3,11,0,43,43,0.87,1,2,15.0,3,0,5.0,4,0.3333333333333333,Store,Meat,Inactive
6072,1970,Master,Single,75345.0,0,0,2013-02-02,16,918,57,556,99.0,38,126.5,1,5,8,6,3,0,0,0,1,0,0,3,11,1,55,55,1.4,0,1,1794.5,19,1,94.44736842105263,8,0.05263157894736842,Catalog,Wine,Highly Active
6295,1977,Graduation,Married,54233.0,0,1,2013-02-04,46,652,8,158,21.0,0,126.5,4,11,6,5,8,0,0,0,0,0,0,3,11,0,48,48,1.4,1,2,965.5,22,0,43.88636363636363,19,0.18181818181818182,Web,Wine,Moderately Active
10914,1970,Graduation,Single,24163.0,1,1,2013-10-12,3,4,1,7,2.0,1,2.0,2,1,0,3,4,0,0,0,0,0,0,3,11,0,55,55,0.71,2,3,17.0,4,0,4.25,5,0.5,Store,Meat,Highly Active
1509,1958,Phd,Together,84460.0,0,0,2013-01-04,80,152,27,103,106.0,54,81.0,0,9,9,4,5,0,1,1,1,1,0,3,11,1,67,67,1.48,0,1,523.0,22,4,23.772727272727273,14,0.0,Web,Wine,Inactive
5577,1983,Graduation,Together,43776.0,1,0,2014-05-03,77,8,0,9,2.0,1,3.0,1,1,0,2,6,0,0,0,0,0,0,3,11,0,42,42,0.16,1,2,23.0,3,0,7.666666666666667,7,0.3333333333333333,Store,Meat,Inactive
7348,1958,Phd,Single,71691.0,0,0,2014-03-17,0,336,81,411,120.5,32,43.0,1,4,7,5,2,0,0,0,0,0,0,3,11,1,67,67,0.28,0,1,1023.5,16,0,63.96875,6,0.0625,Catalog,Meat,Highly Active
1127,1973,Phd,Married,85844.0,0,0,2014-05-29,62,938,19,556,25.0,81,38.0,1,6,6,7,2,0,0,1,0,0,0,3,11,0,52,52,0.08,0,1,1657.0,19,1,87.21052631578948,8,0.05263157894736842,Store,Wine,Inactive
1833,1974,Phd,Single,39190.0,1,0,2014-04-26,91,68,8,18,19.0,8,12.0,2,2,1,4,5,0,0,0,0,0,0,3,11,0,51,51,0.18,1,2,133.0,7,0,19.0,7,0.2857142857142857,Store,Wine,Inactive
4944,1959,Graduation,Together,71367.0,0,0,2013-08-23,24,227,23,389,42.0,21,75.0,1,4,5,7,2,0,0,0,0,0,0,3,11,0,66,66,0.85,0,1,777.0,16,0,48.5625,6,0.0625,Store,Meat,Highly Active
9080,1972,Phd,Single,38578.0,1,1,2013-06-22,2,38,4,22,3.0,3,3.0,3,3,0,3,8,0,0,0,0,0,0,3,11,0,53,53,1.02,2,3,73.0,6,0,12.166666666666666,11,0.5,Web,Wine,Highly Active
6466,1965,Phd,Married,57236.0,1,1,2014-03-12,22,105,0,9,2.0,1,4.0,3,2,1,4,3,0,0,0,0,0,0,3,11,0,60,60,0.3,2,3,121.0,7,0,17.285714285714285,5,0.42857142857142855,Store,Wine,Highly Active
9964,1979,Graduation,Single,61825.0,0,1,2013-08-07,56,162,50,100,55.0,30,27.0,1,4,2,8,4,0,0,0,0,0,0,3,11,0,46,46,0.89,1,2,424.0,14,0,30.285714285714285,8,0.07142857142857142,Store,Wine,Moderately Active
4790,1958,Graduation,Divorced,79803.0,0,1,2014-06-02,54,574,8,216,21.0,16,33.0,1,4,3,5,1,0,0,0,0,0,0,3,11,0,67,67,0.07,1,2,868.0,12,0,72.33333333333333,5,0.08333333333333333,Store,Wine,Moderately Active
10245,1986,2N Cycle,Single,80910.0,0,0,2012-10-31,71,160,80,369,67.0,39,41.0,1,3,3,8,1,0,0,0,0,0,0,3,11,0,39,39,1.66,0,1,756.0,14,0,54.0,4,0.07142857142857142,Store,Meat,Inactive
1109,1982,Master,Together,27590.0,1,0,2013-04-23,38,6,0,5,0.0,0,1.0,1,1,0,2,7,0,0,0,0,0,0,3,11,0,43,43,1.18,1,2,12.0,3,0,4.0,8,0.3333333333333333,Store,Wine,Moderately Active
6001,1979,Graduation,Married,56775.0,0,1,2013-01-02,62,614,35,160,58.0,35,35.0,2,5,8,10,5,0,0,0,0,0,0,3,11,0,46,46,1.49,1,2,937.0,23,0,40.73913043478261,10,0.08695652173913043,Store,Wine,Inactive
5538,1975,Graduation,Divorced,83829.0,0,0,2013-10-08,78,897,81,430,120.5,81,27.0,0,4,7,6,1,1,0,1,1,0,0,3,11,1,50,50,0.72,0,1,1636.5,17,3,96.26470588235294,5,0.0,Catalog,Wine,Inactive
10552,1979,2N Cycle,Married,54210.0,0,1,2013-05-20,18,70,54,109,80.0,9,45.0,2,4,1,7,5,0,0,0,0,0,0,3,11,0,46,46,1.11,1,2,367.0,12,0,30.583333333333332,9,0.16666666666666666,Store,Meat,Highly Active
1545,1986,Graduation,Married,38508.0,1,0,2013-08-02,95,120,19,206,25.0,19,54.0,6,7,2,5,8,0,0,0,0,0,0,3,11,0,39,39,0.91,1,2,443.0,14,0,31.642857142857142,15,0.42857142857142855,Web,Meat,Inactive
7409,1970,Graduation,Together,53187.0,1,0,2013-10-26,66,211,2,30,7.0,7,10.0,2,4,1,6,5,0,0,0,0,0,0,3,11,0,55,55,0.67,1,2,267.0,11,0,24.272727272727273,9,0.18181818181818182,Store,Wine,Inactive
4444,1972,Graduation,Married,30023.0,1,0,2014-03-24,28,11,0,16,7.0,6,21.0,1,2,0,3,8,0,0,0,0,0,0,3,11,0,53,53,0.27,1,2,61.0,5,0,12.2,10,0.2,Store,Gold,Highly Active
146,1960,Phd,Single,76045.0,0,0,2013-11-15,78,760,53,400,17.0,81,0.0,1,4,5,11,2,0,0,0,1,0,0,3,11,0,65,65,0.62,0,1,1311.0,20,1,65.55,6,0.05,Store,Wine,Inactive
6271,1952,Phd,Married,50870.0,0,1,2014-06-19,13,53,0,8,0.0,0,2.0,1,2,0,3,5,0,0,0,0,0,0,3,11,0,73,73,0.03,1,2,63.0,5,0,12.6,7,0.2,Store,Wine,Highly Active
10065,1970,2N Cycle,Married,15315.0,0,0,2013-08-03,27,7,4,13,15.0,8,17.0,2,2,0,4,5,0,0,0,0,0,0,3,11,0,55,55,0.9,0,1,64.0,6,0,10.666666666666666,7,0.3333333333333333,Store,Gold,Highly Active
4741,1974,2N Cycle,Married,65463.0,1,0,2014-01-30,17,391,32,70,21.0,32,16.0,2,6,2,9,5,0,1,0,0,0,0,3,11,0,51,51,0.41,1,2,562.0,17,1,33.05882352941177,11,0.11764705882352941,Store,Wine,Highly Active
246,1965,Graduation,Married,66480.0,1,1,2014-05-31,71,199,9,57,20.0,21,6.0,7,4,1,7,4,0,0,0,0,0,0,3,11,0,60,60,0.08,2,3,312.0,12,0,26.0,8,0.5833333333333334,Store,Wine,Inactive
375,1954,Graduation,Divorced,76773.0,0,0,2013-02-25,79,516,56,449,86.0,33,16.0,1,2,2,11,1,0,0,0,0,0,0,3,11,0,71,71,1.34,0,1,1156.0,15,0,77.06666666666666,3,0.06666666666666667,Store,Wine,Inactive
1524,1983,2N Cycle,Single,81698.0,0,0,2013-03-01,1,709,45,115,30.0,81,45.0,1,8,2,5,5,0,0,0,1,0,0,3,11,1,42,42,1.33,0,1,1025.0,15,1,68.33333333333333,13,0.06666666666666667,Web,Wine,Highly Active
10022,1973,Phd,Single,54466.0,1,1,2014-02-09,78,12,0,4,0.0,0,0.0,1,1,0,2,5,0,0,0,0,0,0,3,11,0,52,52,0.38,2,3,16.0,3,0,5.333333333333333,6,0.3333333333333333,Store,Wine,Inactive
7451,1960,Master,Single,98777.0,0,0,2014-02-17,23,1000,19,556,120.5,81,38.0,0,4,6,9,1,0,1,0,0,0,0,3,11,0,65,65,0.36,0,1,1814.5,19,1,95.5,5,0.0,Store,Wine,Highly Active
11010,1984,Phd,Single,16269.0,1,0,2013-08-30,75,19,3,18,3.0,1,0.0,3,3,0,3,8,0,0,0,0,0,0,3,11,0,41,41,0.83,1,2,44.0,6,0,7.333333333333333,11,0.5,Web,Wine,Inactive
4356,1971,Graduation,Together,71819.0,0,1,2013-08-28,70,1224,28,140,0.0,14,126.5,3,3,3,5,6,0,1,1,0,0,0,3,11,0,54,54,0.84,1,2,1532.5,11,2,139.3181818181818,9,0.2727272727272727,Store,Wine,Inactive
3885,1983,Phd,Married,33569.0,1,0,2013-10-16,10,16,2,18,3.0,0,24.0,1,1,1,2,8,1,0,0,0,0,0,3,11,1,42,42,0.7,1,2,63.0,4,1,15.75,9,0.25,Store,Gold,Highly Active
1175,1983,Master,Married,36262.0,0,0,2013-09-20,24,88,39,54,64.0,28,126.5,1,3,5,3,6,1,0,0,0,0,0,3,11,1,42,42,0.77,0,1,399.5,11,1,36.31818181818182,9,0.09090909090909091,Catalog,Gold,Highly Active
880,1966,Basic,Together,22634.0,0,0,2013-01-16,47,2,23,11,8.0,6,46.0,1,2,1,2,8,0,0,0,0,0,0,3,11,0,59,59,1.45,0,1,96.0,5,0,19.2,10,0.2,Web,Gold,Moderately Active
2320,1978,2N Cycle,Married,47025.0,0,1,2013-09-12,98,508,11,59,23.0,5,29.0,5,11,1,6,9,0,0,0,0,0,0,3,11,0,47,47,0.79,1,2,635.0,18,0,35.27777777777778,20,0.2777777777777778,Web,Wine,Inactive
850,1968,Graduation,Single,70566.0,0,1,2013-10-06,4,381,28,215,84.0,28,21.0,2,6,5,9,3,0,0,0,0,0,0,3,11,0,57,57,0.73,1,2,757.0,20,0,37.85,9,0.1,Store,Wine,Highly Active
4713,1979,Phd,Married,31605.0,1,0,2012-11-22,15,74,0,42,2.0,1,6.0,2,2,1,4,7,0,0,0,0,0,0,3,11,0,46,46,1.6,1,2,125.0,7,0,17.857142857142858,9,0.2857142857142857,Store,Wine,Highly Active
675,1973,Master,Divorced,52034.0,1,1,2013-05-17,67,146,0,93,7.0,13,73.0,5,4,2,5,7,0,0,0,0,0,0,3,11,0,52,52,1.12,2,3,332.0,11,0,30.181818181818183,11,0.45454545454545453,Store,Wine,Inactive
5025,1979,Graduation,Single,48526.0,1,0,2013-12-24,32,23,17,23,43.0,20,9.0,1,2,1,4,3,0,0,0,0,0,0,3,11,0,46,46,0.51,1,2,135.0,7,0,19.285714285714285,5,0.14285714285714285,Store,Fish,Moderately Active
2308,1954,Graduation,Married,46734.0,0,1,2012-11-18,40,110,5,137,26.0,23,29.0,2,6,1,5,7,0,0,0,0,0,0,3,11,0,71,71,1.61,1,2,330.0,12,0,27.5,13,0.16666666666666666,Web,Meat,Moderately Active
5995,1962,Graduation,Divorced,39552.0,1,1,2012-12-18,54,165,3,147,4.0,24,41.0,7,6,2,5,8,0,0,0,0,0,0,3,11,1,63,63,1.53,2,3,384.0,13,0,29.53846153846154,14,0.5384615384615384,Web,Wine,Moderately Active
6749,1966,Graduation,Single,86358.0,1,1,2012-08-08,78,957,47,494,82.0,47,95.0,4,5,3,6,8,0,0,0,0,0,0,3,11,0,59,59,1.89,2,3,1722.0,14,0,123.0,13,0.2857142857142857,Store,Wine,Inactive
1010,1977,Graduation,Together,46931.0,2,1,2014-04-24,94,41,0,17,3.0,1,16.0,2,1,1,3,3,0,0,0,0,0,0,3,11,0,48,48,0.18,3,4,78.0,5,0,15.6,4,0.4,Store,Wine,Inactive
8977,1985,Basic,Single,16581.0,0,0,2013-01-12,51,1,3,4,2.0,3,11.0,1,0,0,3,4,0,0,0,0,0,0,3,11,0,40,40,1.46,0,1,24.0,3,0,8.0,4,0.3333333333333333,Store,Gold,Moderately Active
4756,1952,2N Cycle,Divorced,63998.0,0,0,2013-12-20,42,176,29,556,0.0,33,112.0,1,7,6,11,4,0,0,0,0,0,0,3,11,1,73,73,0.52,0,1,906.0,24,0,37.75,11,0.041666666666666664,Store,Meat,Moderately Active
3412,1951,Master,Married,67381.0,0,1,2013-01-15,67,815,8,53,11.0,0,70.0,4,2,2,9,7,0,1,0,0,0,0,3,11,0,74,74,1.45,1,2,957.0,13,1,73.61538461538461,9,0.3076923076923077,Store,Wine,Inactive
606,1967,Graduation,Single,25930.0,1,1,2013-10-10,87,6,1,2,2.0,0,4.0,1,1,0,2,7,0,0,0,0,0,0,3,11,0,58,58,0.72,2,3,15.0,3,0,5.0,8,0.3333333333333333,Store,Wine,Inactive
5961,1978,Graduation,Married,42693.0,1,0,2014-06-07,29,8,4,20,6.0,3,16.0,1,1,0,3,5,0,0,0,0,0,0,3,11,0,47,47,0.06,1,2,57.0,4,0,14.25,6,0.25,Store,Meat,Highly Active
2975,1976,Graduation,Together,85606.0,0,1,2012-11-12,89,717,42,556,120.5,30,84.0,2,6,7,9,3,0,0,0,1,0,0,3,11,0,49,49,1.63,1,2,1549.5,22,1,70.43181818181819,9,0.09090909090909091,Store,Wine,Inactive
2894,1985,Graduation,Single,72903.0,0,0,2013-10-29,74,1067,81,556,0.0,19,39.0,1,7,5,8,4,0,1,1,1,0,0,3,11,1,40,40,0.67,0,1,1762.0,20,3,88.1,11,0.05,Store,Wine,Inactive
7613,1974,2N Cycle,Together,49669.0,1,0,2014-05-24,97,166,5,107,11.0,8,29.0,2,5,1,6,6,0,0,0,0,0,0,3,11,0,51,51,0.1,1,2,326.0,12,0,27.166666666666668,11,0.16666666666666666,Store,Wine,Inactive
10542,1968,Phd,Married,36778.0,1,1,2012-08-05,63,29,4,34,2.0,4,4.0,3,3,0,3,9,0,0,0,0,0,0,3,11,0,57,57,1.9,2,3,77.0,6,0,12.833333333333334,12,0.5,Web,Meat,Inactive
8015,1962,Phd,Divorced,85696.0,0,0,2013-05-03,88,714,76,395,116.0,0,12.0,1,4,6,9,1,0,0,0,0,0,0,3,11,1,63,63,1.16,0,1,1313.0,19,0,69.10526315789474,5,0.05263157894736842,Store,Wine,Inactive
10617,1989,Master,Divorced,10979.0,0,0,2014-05-22,34,8,4,10,2.0,2,4.0,2,3,0,3,5,0,0,0,0,0,0,3,11,0,36,36,0.1,0,1,30.0,6,0,5.0,8,0.3333333333333333,Web,Meat,Moderately Active
11166,1961,Graduation,Married,49678.0,0,1,2013-02-02,81,229,5,56,3.0,2,20.0,2,6,2,4,7,0,0,0,0,0,0,3,11,0,64,64,1.4,1,2,315.0,12,0,26.25,13,0.16666666666666666,Web,Wine,Inactive
849,1953,Master,Together,56129.0,0,1,2013-06-20,65,320,48,133,39.0,72,48.0,4,6,2,10,4,0,0,0,0,0,0,3,11,0,72,72,1.02,1,2,660.0,18,0,36.666666666666664,10,0.2222222222222222,Store,Wine,Inactive
523,1989,Graduation,Married,37155.0,1,0,2013-01-31,51,23,0,26,7.0,15,3.0,1,2,0,4,5,0,0,0,0,0,0,3,11,0,36,36,1.41,1,2,74.0,6,0,12.333333333333334,7,0.16666666666666666,Store,Meat,Moderately Active
4066,1978,2N Cycle,Divorced,21282.0,1,0,2014-05-11,76,1,5,8,4.0,8,20.0,2,2,1,2,6,0,0,0,0,0,0,3,11,0,47,47,0.13,1,2,46.0,5,0,9.2,8,0.4,Web,Gold,Inactive
8414,1962,Phd,Single,33419.0,0,1,2013-08-17,76,56,0,12,0.0,0,18.0,2,2,0,4,7,0,0,0,0,0,0,3,11,0,63,63,0.87,1,2,86.0,6,0,14.333333333333334,9,0.3333333333333333,Store,Wine,Inactive
819,1945,Graduation,Widow,63285.0,0,0,2013-11-05,84,508,81,249,50.0,38,126.5,1,6,5,13,3,0,0,0,0,0,0,3,11,0,80,80,0.65,0,1,1052.5,24,0,43.854166666666664,9,0.041666666666666664,Store,Wine,Inactive
4961,1974,Master,Together,21255.0,1,0,2014-01-21,56,29,0,25,2.0,2,3.0,4,2,1,4,4,0,0,0,0,0,0,3,11,0,51,51,0.44,1,2,61.0,7,0,8.714285714285714,6,0.5714285714285714,Store,Wine,Moderately Active
749,1981,Graduation,Together,42162.0,1,0,2013-11-19,31,46,7,59,2.0,4,27.0,2,3,1,3,6,1,0,0,0,0,0,3,11,1,44,44,0.61,1,2,145.0,7,1,20.714285714285715,9,0.2857142857142857,Web,Meat,Moderately Active
5430,1956,Graduation,Together,54450.0,1,1,2012-09-14,0,454,0,171,8.0,19,32.0,12,9,2,8,8,0,0,0,0,0,0,3,11,0,69,69,1.79,2,3,684.0,19,0,36.0,17,0.631578947368421,Web,Wine,Highly Active
7755,1954,Phd,Married,57744.0,0,1,2013-11-12,91,350,3,39,0.0,0,19.0,2,9,1,4,8,0,0,0,0,0,0,3,11,0,71,71,0.63,1,2,411.0,14,0,29.357142857142858,17,0.14285714285714285,Web,Wine,Inactive
10525,1986,Graduation,Single,26576.0,1,0,2012-10-13,40,10,0,8,0.0,0,9.0,1,1,0,2,9,1,0,0,0,0,0,3,11,1,39,39,1.71,1,2,27.0,3,1,9.0,10,0.3333333333333333,Store,Wine,Moderately Active
1453,1943,Phd,Widow,57513.0,0,0,2013-07-06,59,735,40,183,52.0,20,30.0,2,9,3,13,6,0,0,0,0,0,0,3,11,0,82,82,0.98,0,1,1060.0,25,0,42.4,15,0.08,Store,Wine,Moderately Active
8310,1964,Graduation,Together,68142.0,0,1,2012-08-29,96,897,81,196,91.0,81,37.0,3,10,4,7,6,0,0,0,0,0,0,3,11,0,61,61,1.83,1,2,1383.0,21,0,65.85714285714286,16,0.14285714285714285,Web,Wine,Inactive
10710,1979,Graduation,Married,7500.0,0,1,2012-08-29,61,5,2,3,3.0,0,5.0,1,1,0,2,8,0,0,0,0,0,0,3,11,0,46,46,1.83,1,2,18.0,3,0,6.0,9,0.3333333333333333,Store,Wine,Inactive
5031,1974,Graduation,Together,83145.0,0,0,2012-09-22,14,777,35,556,39.0,81,114.0,1,5,9,11,2,0,0,1,0,0,0,3,11,1,51,51,1.77,0,1,1602.0,25,1,64.08,7,0.04,Store,Wine,Highly Active
2613,1960,Master,Married,54197.0,0,1,2014-04-03,16,162,6,37,6.0,13,13.0,2,1,3,6,1,0,0,0,0,0,0,3,11,0,65,65,0.24,1,2,237.0,10,0,23.7,2,0.2,Store,Wine,Highly Active
213,1963,Phd,Single,23091.0,1,1,2014-05-28,98,35,0,11,0.0,0,2.0,4,2,1,3,7,0,0,0,0,0,0,3,11,0,62,62,0.09,2,3,48.0,6,0,8.0,9,0.6666666666666666,Store,Wine,Inactive
967,1976,Graduation,Married,46049.0,1,1,2013-07-21,11,342,9,112,19.0,14,19.0,10,5,2,9,7,0,0,0,0,0,0,3,11,1,49,49,0.94,2,3,515.0,16,0,32.1875,12,0.625,Store,Wine,Highly Active
1077,1974,Graduation,Together,56715.0,0,0,2012-12-05,52,258,81,239,120.5,81,9.0,1,7,3,4,4,0,0,0,0,0,0,3,11,0,51,51,1.56,0,1,788.5,14,0,56.32142857142857,11,0.07142857142857142,Web,Wine,Moderately Active
7959,1961,Graduation,Married,79410.0,0,0,2014-05-29,19,658,80,483,120.5,13,13.0,1,3,2,5,1,0,0,0,0,0,0,3,11,0,64,64,0.08,0,1,1367.5,10,0,136.75,4,0.1,Store,Wine,Highly Active
640,1951,Graduation,Married,57304.0,0,1,2013-03-11,61,356,80,329,120.5,17,106.0,2,7,6,10,5,0,0,0,0,0,0,3,11,0,74,74,1.3,1,2,1008.5,23,0,43.84782608695652,12,0.08695652173913043,Store,Wine,Inactive
4252,1965,Graduation,Married,44375.0,0,1,2014-03-23,73,213,5,28,7.0,7,41.0,1,4,1,6,5,0,0,0,0,0,0,3,11,0,60,60,0.27,1,2,301.0,11,0,27.363636363636363,9,0.09090909090909091,Store,Wine,Inactive
8432,1956,Graduation,Together,54450.0,1,1,2012-09-14,0,454,0,171,8.0,19,32.0,12,9,2,8,8,0,0,0,0,0,0,3,11,0,69,69,1.79,2,3,684.0,19,0,36.0,17,0.631578947368421,Web,Wine,Highly Active
6218,1965,Graduation,Married,59594.0,0,1,2012-10-20,74,457,4,29,0.0,0,9.0,1,8,1,7,7,0,1,0,0,0,0,3,11,0,60,60,1.69,1,2,499.0,16,1,31.1875,15,0.0625,Web,Wine,Inactive
6905,1994,Graduation,Together,80685.0,0,0,2012-08-22,55,241,45,556,34.0,26,54.0,1,6,4,10,2,0,0,0,0,0,0,3,11,0,31,31,1.85,0,1,956.0,20,0,47.8,8,0.05,Store,Meat,Moderately Active
5922,1974,Phd,Married,40344.0,0,1,2013-10-13,48,210,0,6,0.0,0,2.0,2,4,1,5,7,0,0,0,0,0,0,3,11,0,51,51,0.71,1,2,218.0,10,0,21.8,11,0.2,Store,Wine,Moderately Active
3598,1972,Graduation,Married,62710.0,0,1,2013-05-23,53,441,35,83,7.0,29,11.0,4,4,2,12,4,0,0,0,0,0,0,3,11,0,53,53,1.1,1,2,606.0,18,0,33.666666666666664,8,0.2222222222222222,Store,Wine,Moderately Active
6116,1968,2N Cycle,Married,48985.0,0,1,2013-07-05,13,19,13,18,10.0,7,8.0,1,1,1,3,3,0,0,0,0,0,0,3,11,0,57,57,0.98,1,2,75.0,5,0,15.0,4,0.2,Store,Wine,Highly Active
6263,1968,Graduation,Together,35322.0,1,2,2012-08-22,34,28,9,37,12.0,7,13.0,3,2,0,4,8,0,0,0,0,0,0,3,11,0,57,57,1.85,3,4,106.0,6,0,17.666666666666668,10,0.5,Store,Meat,Moderately Active
10486,1948,Graduation,Married,77142.0,0,0,2013-05-29,54,476,75,162,29.0,81,97.0,1,4,4,8,2,0,0,0,0,0,0,3,11,0,77,77,1.08,0,1,920.0,16,0,57.5,6,0.0625,Store,Wine,Moderately Active
2410,1969,Graduation,Single,81657.0,0,0,2014-01-22,69,364,40,425,120.5,60,50.0,1,3,4,8,1,0,0,0,0,0,0,3,11,0,56,56,0.43,0,1,1059.5,15,0,70.63333333333334,4,0.06666666666666667,Store,Meat,Inactive
193,1996,Basic,Married,14421.0,0,0,2014-02-17,81,0,0,2,3.0,3,8.0,1,1,0,2,5,1,0,0,0,0,0,3,11,0,29,29,0.36,0,1,16.0,3,1,5.333333333333333,6,0.3333333333333333,Store,Gold,Inactive
3363,1974,2N Cycle,Married,20130.0,0,0,2014-03-17,99,0,6,3,7.0,6,12.0,1,1,0,3,8,0,0,0,0,0,0,3,11,0,51,51,0.28,0,1,34.0,4,0,8.5,9,0.25,Store,Gold,Inactive
8278,1990,Phd,Married,74214.0,0,0,2012-08-26,3,863,81,547,86.0,81,33.0,1,8,2,5,5,0,0,0,0,0,0,3,11,0,35,35,1.84,0,1,1691.0,15,0,112.73333333333333,13,0.06666666666666667,Web,Wine,Highly Active
10660,1957,Master,Married,66726.0,1,1,2014-01-12,61,349,7,35,0.0,0,47.0,3,8,2,4,7,0,1,0,0,0,0,3,11,0,68,68,0.46,2,3,438.0,14,1,31.285714285714285,15,0.21428571428571427,Web,Wine,Inactive
8686,1979,Basic,Together,23724.0,1,0,2013-01-08,65,5,23,15,0.0,18,14.0,2,2,0,3,8,0,0,0,0,0,0,3,11,0,46,46,1.47,1,2,75.0,5,0,15.0,10,0.4,Store,Fruits,Inactive
1604,1960,Master,Married,47353.0,0,1,2013-11-13,93,184,2,19,8.0,8,4.0,3,2,2,6,5,0,0,0,0,0,0,3,11,0,65,65,0.62,1,2,225.0,10,0,22.5,7,0.3,Store,Wine,Inactive
5907,1952,Master,Married,33444.0,1,1,2012-11-03,24,8,0,8,0.0,0,2.0,1,1,0,2,8,0,0,0,0,0,0,3,11,0,73,73,1.65,2,3,18.0,3,0,6.0,9,0.3333333333333333,Store,Wine,Highly Active
10669,1981,Graduation,Married,54386.0,0,1,2013-05-17,8,277,21,64,62.0,21,25.0,2,3,2,10,3,0,0,0,0,0,0,3,11,0,44,44,1.12,1,2,470.0,15,0,31.333333333333332,6,0.13333333333333333,Store,Wine,Highly Active
2918,1981,Graduation,Divorced,28510.0,1,1,2013-04-13,72,44,5,19,0.0,4,19.0,3,2,0,4,5,0,0,0,0,0,0,3,11,0,44,44,1.21,2,3,91.0,6,0,15.166666666666666,7,0.5,Store,Wine,Inactive
5735,1991,Master,Single,90638.0,0,0,2014-02-13,29,1156,81,556,94.0,81,96.0,1,3,4,10,1,0,0,1,0,0,0,3,11,0,34,34,0.37,0,1,2064.0,17,1,121.41176470588235,4,0.058823529411764705,Store,Wine,Highly Active
359,1950,Graduation,Together,48070.0,0,1,2013-01-13,33,373,14,83,6.0,9,19.0,3,8,2,6,7,0,0,0,0,0,1,3,11,0,75,75,1.46,1,2,504.0,16,0,31.5,15,0.1875,Web,Wine,Moderately Active
8387,1957,Graduation,Married,43140.0,0,1,2013-01-05,68,134,8,76,6.0,0,11.0,1,4,1,5,6,0,0,0,0,0,0,3,11,0,68,68,1.48,1,2,235.0,10,0,23.5,10,0.1,Store,Wine,Inactive
1829,1961,Phd,Divorced,54959.0,0,1,2013-01-19,55,1148,0,60,0.0,0,24.0,3,9,5,4,7,0,1,0,0,0,0,3,11,1,64,64,1.44,1,2,1232.0,18,1,68.44444444444444,16,0.16666666666666666,Web,Wine,Moderately Active
3839,1958,Basic,Single,15056.0,1,1,2013-05-03,76,6,12,3,21.0,6,40.0,5,2,2,3,5,0,0,0,0,0,0,3,11,0,67,67,1.16,2,3,88.0,7,0,12.571428571428571,7,0.7142857142857143,Store,Gold,Inactive
9392,1971,Graduation,Single,26954.0,1,0,2014-05-08,17,4,1,11,0.0,0,1.0,1,1,0,2,7,0,0,0,0,0,0,3,11,0,54,54,0.14,1,2,17.0,3,0,5.666666666666667,8,0.3333333333333333,Store,Meat,Highly Active
2292,1985,Graduation,Single,22327.0,1,0,2013-08-02,94,5,4,8,2.0,0,5.0,1,1,0,3,5,0,0,0,0,0,0,3,11,0,40,40,0.91,1,2,24.0,4,0,6.0,6,0.25,Store,Meat,Inactive
10466,1965,Graduation,Married,44393.0,1,1,2013-08-22,86,24,2,20,2.0,2,10.0,2,1,0,4,4,0,0,0,0,0,0,3,11,0,60,60,0.85,2,3,60.0,5,0,12.0,5,0.4,Store,Wine,Inactive
9855,1952,Phd,Single,62000.0,0,1,2013-08-25,25,899,0,101,0.0,0,20.0,1,6,6,13,4,0,0,0,1,0,0,3,11,0,73,73,0.84,1,2,1020.0,25,1,40.8,10,0.04,Store,Wine,Highly Active
4088,1962,Phd,Together,31497.0,0,1,2012-12-06,22,108,1,28,13.0,1,4.0,2,3,1,4,8,0,0,0,0,0,0,3,11,0,63,63,1.56,1,2,155.0,8,0,19.375,11,0.25,Store,Wine,Highly Active
5231,1974,2N Cycle,Married,45894.0,0,2,2014-02-27,15,27,2,7,0.0,2,13.0,1,1,0,3,5,0,0,0,0,0,0,3,11,0,51,51,0.33,2,3,51.0,4,0,12.75,6,0.25,Store,Wine,Highly Active
590,1970,Master,Divorced,78579.0,0,0,2012-12-22,35,816,66,549,120.5,66,99.0,1,5,6,4,3,0,0,0,0,0,0,3,11,1,55,55,1.52,0,1,1716.5,15,0,114.43333333333334,8,0.06666666666666667,Catalog,Wine,Moderately Active
8732,1969,Master,Widow,67369.0,0,1,2012-11-17,81,1224,0,70,37.0,14,42.0,4,7,4,10,4,0,1,1,0,0,0,3,11,1,56,56,1.61,1,2,1387.0,21,2,66.04761904761905,11,0.19047619047619047,Store,Wine,Inactive
2315,1960,Graduation,Divorced,58401.0,0,1,2014-04-20,55,10,0,11,17.0,29,29.0,1,1,2,2,4,0,0,0,0,0,0,3,11,0,65,65,0.19,1,2,96.0,5,0,19.2,5,0.2,Catalog,Sweets,Moderately Active
3515,1952,Graduation,Single,62307.0,0,1,2014-02-17,94,87,13,34,10.0,6,10.0,1,4,0,4,5,0,0,0,0,0,0,3,11,0,73,73,0.36,1,2,160.0,8,0,20.0,9,0.125,Web,Wine,Inactive
2245,1969,Master,Married,43641.0,1,1,2013-04-22,50,57,2,51,4.0,2,23.0,3,2,1,4,6,0,0,0,0,0,0,3,11,0,56,56,1.19,2,3,139.0,7,0,19.857142857142858,8,0.42857142857142855,Store,Wine,Moderately Active
6283,1968,Master,Divorced,63841.0,0,1,2013-04-21,64,635,15,100,20.0,7,126.5,1,9,3,9,6,0,0,0,0,0,0,3,11,0,57,57,1.19,1,2,903.5,21,0,43.023809523809526,15,0.047619047619047616,Web,Wine,Inactive
2246,1965,2N Cycle,Married,46891.0,0,1,2013-09-01,91,43,12,23,29.0,15,61.0,1,2,1,4,4,0,0,0,0,0,0,3,11,0,60,60,0.82,1,2,183.0,7,0,26.142857142857142,6,0.14285714285714285,Store,Gold,Inactive
6606,1969,Master,Married,70091.0,1,0,2013-03-31,11,964,34,137,15.0,0,11.0,2,5,2,10,8,0,1,0,0,0,0,3,11,0,56,56,1.25,1,2,1161.0,17,1,68.29411764705883,13,0.11764705882352941,Store,Wine,Highly Active
5545,1972,Phd,Married,78075.0,0,0,2014-04-05,72,572,8,259,34.0,35,80.0,1,3,5,5,1,0,0,0,0,0,0,3,11,0,53,53,0.23,0,1,988.0,13,0,76.0,4,0.07692307692307693,Catalog,Wine,Inactive
7342,1961,2N Cycle,Widow,59184.0,0,1,2012-09-09,6,341,81,113,120.5,81,66.0,3,6,6,12,5,0,0,0,0,0,0,3,11,0,64,64,1.8,1,2,802.5,24,0,33.4375,11,0.125,Store,Wine,Highly Active
837,1977,Graduation,Married,54809.0,1,1,2013-09-11,0,63,6,57,13.0,13,22.0,4,2,1,5,4,0,0,0,0,0,0,3,11,0,48,48,0.8,2,3,174.0,8,0,21.75,6,0.5,Store,Wine,Highly Active
9500,1959,Graduation,Married,58113.0,0,1,2013-01-25,66,221,81,169,102.0,78,84.0,3,9,2,8,7,0,0,0,0,0,1,3,11,0,66,66,1.42,1,2,735.0,19,0,38.68421052631579,16,0.15789473684210525,Web,Wine,Inactive
3602,1958,Master,Married,51412.0,0,1,2013-12-31,42,140,3,29,4.0,5,14.0,2,3,2,4,4,0,0,0,0,0,0,3,11,0,67,67,0.49,1,2,195.0,9,0,21.666666666666668,7,0.2222222222222222,Store,Wine,Moderately Active
234,1979,Graduation,Divorced,15287.0,1,0,2012-10-10,60,1,2,8,4.0,3,13.0,2,1,1,2,7,1,0,0,0,0,0,3,11,1,46,46,1.72,1,2,31.0,4,1,7.75,8,0.5,Store,Gold,Moderately Active
2995,1957,Master,Together,66636.0,0,0,2013-08-17,64,291,10,556,84.0,10,0.0,1,3,4,9,1,0,0,0,0,0,0,3,11,0,68,68,0.87,0,1,951.0,16,0,59.4375,4,0.0625,Store,Meat,Inactive
1118,1956,Master,Married,50965.0,0,1,2013-02-20,87,544,13,85,8.0,6,29.0,3,10,4,5,8,1,0,0,0,0,0,3,11,0,69,69,1.35,1,2,685.0,19,1,36.05263157894737,18,0.15789473684210525,Web,Wine,Inactive
7789,1965,Phd,Married,84618.0,0,0,2013-11-22,96,684,81,556,21.0,66,0.0,1,6,9,10,2,0,0,1,0,0,0,3,11,0,60,60,0.6,0,1,1408.0,25,1,56.32,8,0.04,Store,Wine,Inactive
3068,1990,Graduation,Married,18351.0,0,0,2013-10-29,1,1,12,9,0.0,14,7.0,1,2,0,3,7,0,0,0,0,0,0,3,11,0,35,35,0.67,0,1,43.0,5,0,8.6,9,0.2,Store,Sweets,Highly Active
8955,1957,Phd,Together,40451.0,0,2,2014-02-16,54,35,0,4,0.0,0,10.0,1,1,1,2,5,1,0,0,0,0,0,3,11,0,68,68,0.36,2,3,49.0,4,1,12.25,6,0.25,Store,Wine,Moderately Active
945,1965,Graduation,Together,36317.0,0,1,2013-05-22,53,87,3,25,3.0,2,13.0,2,3,0,4,7,0,0,0,0,0,0,3,11,0,60,60,1.1,1,2,133.0,7,0,19.0,10,0.2857142857142857,Store,Wine,Moderately Active
5644,1957,Graduation,Together,42213.0,0,1,2013-10-12,96,309,3,24,4.0,3,20.0,2,5,1,7,7,0,1,0,0,0,0,3,11,0,68,68,0.71,1,2,363.0,13,1,27.923076923076923,12,0.15384615384615385,Store,Wine,Inactive
7192,1955,Graduation,Together,65748.0,0,1,2013-04-15,58,172,73,93,95.0,78,34.0,2,2,4,10,1,0,0,0,0,0,1,3,11,0,70,70,1.2,1,2,545.0,16,0,34.0625,3,0.125,Store,Wine,Moderately Active
2324,1972,Graduation,Together,77044.0,0,1,2013-10-27,12,625,38,242,50.0,34,76.0,2,7,11,11,4,1,0,0,0,0,0,3,11,0,53,53,0.67,1,2,1065.0,29,1,36.724137931034484,11,0.06896551724137931,Catalog,Wine,Highly Active
697,1969,Graduation,Together,74918.0,0,0,2013-03-12,78,972,59,556,25.0,19,59.0,1,5,9,6,3,0,0,1,0,0,0,3,11,0,56,56,1.3,0,1,1690.0,20,1,84.5,8,0.05,Catalog,Wine,Inactive
3439,1972,Graduation,Married,56721.0,1,1,2012-10-31,64,157,6,39,6.0,13,75.0,5,4,1,5,6,0,0,0,0,0,0,3,11,0,53,53,1.66,2,3,296.0,10,0,29.6,10,0.5,Store,Wine,Inactive
1506,1975,Graduation,Single,42160.0,1,1,2013-06-28,26,48,9,45,3.0,15,20.0,4,2,1,4,6,0,0,0,0,0,0,3,11,1,50,50,1.0,2,3,140.0,7,0,20.0,8,0.5714285714285714,Store,Wine,Highly Active
232,1965,Graduation,Single,61559.0,0,1,2013-07-17,8,279,81,88,32.0,14,34.0,1,4,2,10,3,0,0,0,0,0,0,3,11,0,60,60,0.95,1,2,528.0,16,0,33.0,7,0.0625,Store,Wine,Highly Active
8876,1963,Phd,Together,33629.0,1,1,2012-08-08,49,132,0,16,0.0,0,4.0,5,3,1,4,9,0,0,0,0,0,0,3,11,0,62,62,1.89,2,3,152.0,8,0,19.0,12,0.625,Store,Wine,Moderately Active
4500,1991,Phd,Together,68682.0,0,0,2013-10-06,56,919,0,505,99.0,30,45.0,1,4,9,10,2,0,0,0,0,0,0,3,11,0,34,34,0.73,0,1,1598.0,23,0,69.47826086956522,6,0.043478260869565216,Store,Wine,Moderately Active
9739,1963,Graduation,Single,34377.0,0,1,2013-01-19,55,62,0,22,3.0,1,26.0,2,2,2,2,7,0,0,0,0,0,0,3,11,0,62,62,1.44,1,2,114.0,6,0,19.0,9,0.3333333333333333,Web,Wine,Moderately Active
10395,1986,Basic,Single,8940.0,1,0,2012-08-22,25,1,45,3,4.0,6,42.0,3,3,1,3,8,0,0,0,0,0,0,3,11,0,39,39,1.85,1,2,101.0,7,0,14.428571428571429,11,0.42857142857142855,Web,Fruits,Highly Active
1176,1973,Graduation,Married,26228.0,1,0,2013-09-22,50,2,6,4,3.0,1,9.0,1,1,0,2,8,0,0,0,0,0,0,3,11,0,52,52,0.77,1,2,25.0,3,0,8.333333333333334,9,0.3333333333333333,Store,Gold,Moderately Active
1627,1957,2N Cycle,Divorced,77297.0,0,0,2013-01-26,84,408,61,109,48.0,81,41.0,1,5,7,9,4,0,0,0,1,0,0,3,11,0,68,68,1.42,0,1,748.0,21,1,35.61904761904762,9,0.047619047619047616,Store,Wine,Inactive
938,1981,Graduation,Married,40211.0,1,1,2013-07-30,30,51,1,7,2.0,1,25.0,2,2,1,2,8,1,0,0,0,0,0,3,11,0,44,44,0.91,2,3,87.0,5,1,17.4,10,0.4,Web,Wine,Highly Active
2740,1958,Phd,Widow,33438.0,1,1,2013-09-22,81,62,1,16,3.0,2,6.0,4,2,1,4,5,0,0,0,0,0,0,3,11,0,67,67,0.77,2,3,90.0,7,0,12.857142857142858,7,0.5714285714285714,Store,Wine,Inactive
257,1959,Phd,Married,75032.0,0,1,2013-04-28,74,952,12,180,47.0,12,12.0,2,5,4,9,3,0,0,0,0,0,0,3,11,0,66,66,1.17,1,2,1215.0,18,0,67.5,8,0.1111111111111111,Store,Wine,Inactive
4058,1955,Phd,Single,61284.0,0,0,2013-10-12,76,618,15,106,20.0,7,45.0,1,11,2,8,6,0,1,0,0,0,0,3,11,0,70,70,0.71,0,1,811.0,21,1,38.61904761904762,17,0.047619047619047616,Web,Wine,Inactive
7736,1986,Graduation,Married,22518.0,1,0,2012-10-22,36,11,7,12,2.0,2,27.0,2,2,1,2,5,1,0,0,0,0,0,3,11,1,39,39,1.68,1,2,61.0,5,1,12.2,7,0.4,Web,Gold,Moderately Active
8210,1975,Master,Married,54730.0,0,1,2013-08-15,64,318,3,17,4.0,7,56.0,5,4,1,8,4,0,0,0,0,0,0,3,11,0,50,50,0.87,1,2,405.0,13,0,31.153846153846153,8,0.38461538461538464,Store,Wine,Inactive
833,1955,Master,Married,38452.0,1,1,2014-03-30,62,56,0,14,0.0,0,2.0,3,3,0,3,7,0,0,0,0,0,0,3,11,0,70,70,0.25,2,3,72.0,6,0,12.0,10,0.5,Web,Wine,Inactive
6230,1971,Graduation,Divorced,44421.0,1,1,2013-02-15,53,110,5,59,7.0,1,7.0,5,5,0,4,8,0,0,0,0,0,0,3,11,0,54,54,1.37,2,3,189.0,9,0,21.0,13,0.5555555555555556,Web,Wine,Moderately Active
7325,1986,Phd,Together,38197.0,1,0,2013-06-29,86,23,0,11,2.0,1,3.0,1,1,0,3,5,0,0,0,0,0,0,3,11,0,39,39,1.0,1,2,40.0,4,0,10.0,6,0.25,Store,Wine,Inactive
1307,1978,Graduation,Divorced,41986.0,0,1,2014-02-09,15,27,5,8,8.0,3,12.0,3,3,0,4,4,0,0,0,0,0,0,3,11,0,47,47,0.38,1,2,63.0,7,0,9.0,7,0.42857142857142855,Store,Wine,Highly Active
1502,1983,Graduation,Together,28427.0,1,0,2013-03-21,67,18,3,19,3.0,3,6.0,2,2,0,3,8,0,0,0,0,0,0,3,11,0,42,42,1.27,1,2,52.0,5,0,10.4,10,0.4,Store,Meat,Inactive
6211,1976,Phd,Together,37395.0,1,0,2014-05-02,47,18,0,9,0.0,1,11.0,1,1,0,3,6,0,0,0,0,0,0,3,11,0,49,49,0.16,1,2,39.0,4,0,9.75,7,0.25,Store,Wine,Moderately Active
843,1971,Graduation,Married,64722.0,1,0,2014-05-26,47,303,0,280,60.0,81,15.0,4,8,2,11,6,0,0,0,0,0,0,3,11,0,54,54,0.09,1,2,739.0,21,0,35.19047619047619,14,0.19047619047619047,Store,Wine,Moderately Active
4174,1956,Master,Together,55249.0,0,1,2014-04-17,81,97,1,19,2.0,0,11.0,1,2,1,4,3,0,0,0,0,0,0,3,11,0,69,69,0.2,1,2,130.0,7,0,18.571428571428573,5,0.14285714285714285,Store,Wine,Inactive
9757,1972,Graduation,Together,84906.0,0,0,2013-10-04,98,997,15,414,99.0,30,76.0,1,5,6,12,2,0,1,1,0,1,0,3,11,0,53,53,0.73,0,1,1631.0,23,3,70.91304347826087,7,0.043478260869565216,Store,Wine,Inactive
6918,1989,Graduation,Married,28691.0,1,0,2013-07-04,56,5,4,13,8.0,0,4.0,1,1,0,3,8,0,0,0,0,0,0,3,11,0,36,36,0.99,1,2,34.0,4,0,8.5,9,0.25,Store,Meat,Moderately Active
286,1952,Graduation,Single,44213.0,1,1,2013-11-29,48,95,11,35,0.0,4,7.0,4,2,1,5,6,0,0,0,0,0,0,3,11,0,73,73,0.58,2,3,152.0,8,0,19.0,8,0.5,Store,Wine,Moderately Active
11086,1984,Basic,Single,25707.0,1,0,2014-01-18,18,1,6,2,3.0,6,3.0,1,1,0,3,7,0,0,0,0,0,0,3,11,0,41,41,0.44,1,2,21.0,4,0,5.25,8,0.25,Store,Fruits,Highly Active
1921,1967,Phd,Married,59062.0,2,1,2013-10-03,74,46,1,12,3.0,0,9.0,2,2,0,3,4,0,0,0,0,0,0,3,11,0,58,58,0.74,3,4,71.0,5,0,14.2,6,0.4,Store,Wine,Inactive
4138,1962,Graduation,Single,76624.0,0,1,2014-05-24,68,411,81,147,54.0,81,66.0,1,5,10,7,1,1,0,0,0,0,0,3,11,0,63,63,0.1,1,2,840.0,22,1,38.18181818181818,6,0.045454545454545456,Catalog,Wine,Inactive
7718,1947,Master,Together,66000.0,0,0,2014-04-20,36,244,51,270,101.0,0,45.0,1,1,3,5,1,0,0,0,0,0,0,3,11,0,78,78,0.19,0,1,711.0,9,0,79.0,2,0.1111111111111111,Store,Meat,Moderately Active
1291,1978,Phd,Together,27683.0,1,0,2012-08-04,90,152,9,121,12.0,12,45.0,4,6,2,4,8,0,0,0,0,0,0,3,11,0,47,47,1.9,1,2,351.0,12,0,29.25,14,0.3333333333333333,Web,Wine,Inactive
6862,1971,Graduation,Divorced,1730.0,0,0,2014-05-18,65,1,1,3,1.0,1,1.0,15,0,0,0,20,0,0,0,0,0,0,3,11,0,54,54,0.11,0,1,8.0,0,0,0.0,20,0.0,Web,Meat,Inactive
4136,1992,Basic,Single,7500.0,1,0,2012-12-03,63,10,17,18,8.0,26,40.0,4,3,2,2,9,0,0,0,0,0,0,3,11,0,33,33,1.57,1,2,119.0,7,0,17.0,12,0.5714285714285714,Web,Gold,Inactive
803,1968,Graduation,Together,40521.0,1,1,2013-04-05,82,12,0,5,0.0,0,4.0,1,0,1,2,5,0,0,0,0,0,0,3,11,0,57,57,1.23,2,3,21.0,3,0,7.0,5,0.3333333333333333,Store,Wine,Inactive
4298,1973,Phd,Together,20427.0,1,0,2014-03-24,63,5,0,4,0.0,0,1.0,1,1,0,2,8,0,0,0,0,0,0,3,11,0,52,52,0.27,1,2,10.0,3,0,3.3333333333333335,9,0.3333333333333333,Store,Wine,Inactive
10833,1975,Graduation,Married,65106.0,0,1,2014-05-24,55,790,19,133,12.0,0,19.0,3,8,3,13,6,0,1,0,0,0,0,3,11,0,50,50,0.1,1,2,973.0,24,1,40.541666666666664,14,0.125,Store,Wine,Moderately Active
9606,1965,Phd,Married,69969.0,0,0,2013-08-27,64,882,29,514,38.0,29,44.0,1,4,2,6,3,0,0,1,1,0,0,3,11,1,60,60,0.84,0,1,1536.0,12,2,128.0,7,0.08333333333333333,Store,Wine,Inactive
8534,1952,Graduation,Married,67433.0,0,2,2013-07-16,51,615,28,259,12.0,48,30.0,4,6,5,13,4,0,1,0,0,0,0,3,11,0,73,73,0.95,2,3,992.0,24,1,41.333333333333336,10,0.16666666666666666,Store,Wine,Moderately Active
5153,1967,Phd,Married,77766.0,0,1,2013-02-22,97,1004,59,265,115.0,59,27.0,2,11,10,11,6,1,0,0,0,0,0,3,11,1,58,58,1.35,1,2,1529.0,32,1,47.78125,17,0.0625,Web,Wine,Inactive
961,1972,Graduation,Married,74716.0,0,1,2013-09-12,92,133,27,421,13.0,81,71.0,2,7,3,5,4,0,0,0,0,0,0,3,11,0,53,53,0.79,1,2,746.0,15,0,49.733333333333334,11,0.13333333333333333,Web,Meat,Inactive
5011,1963,Graduation,Divorced,68118.0,0,1,2013-10-18,51,595,23,123,10.0,23,126.5,2,8,9,4,6,0,0,0,0,0,0,3,11,0,62,62,0.7,1,2,900.5,21,0,42.88095238095238,14,0.09523809523809523,Catalog,Wine,Moderately Active
6653,1970,Phd,Married,55158.0,1,1,2012-07-30,72,293,0,87,4.0,11,23.0,4,7,2,5,7,0,0,0,0,0,0,3,11,1,55,55,1.91,2,3,418.0,14,0,29.857142857142858,14,0.2857142857142857,Web,Wine,Inactive
9094,1955,2N Cycle,Married,62972.0,0,1,2012-08-03,39,313,15,47,20.0,0,126.5,2,7,4,3,6,0,0,0,0,0,0,3,11,1,70,70,1.9,1,2,521.5,14,0,37.25,13,0.14285714285714285,Web,Wine,Moderately Active
810,1975,Graduation,Married,74190.0,0,1,2014-05-12,49,151,81,86,120.5,81,64.0,2,4,2,11,2,0,0,0,0,0,0,3,11,0,50,50,0.13,1,2,583.5,17,0,34.3235294117647,6,0.11764705882352941,Store,Wine,Moderately Active
5493,1976,Graduation,Married,39356.0,1,1,2014-03-19,21,15,0,2,0.0,0,6.0,1,1,0,2,6,1,0,0,0,0,0,3,11,0,49,49,0.28,2,3,23.0,3,1,7.666666666666667,7,0.3333333333333333,Store,Wine,Highly Active
2147,1969,Graduation,Together,76653.0,0,0,2013-08-16,91,736,63,556,120.5,81,126.0,1,4,7,11,2,0,0,1,1,0,0,3,11,0,56,56,0.87,0,1,1682.5,22,2,76.47727272727273,6,0.045454545454545456,Store,Wine,Inactive
5107,1973,Phd,Divorced,35860.0,1,1,2014-05-19,37,15,0,8,4.0,2,20.0,2,1,1,2,5,1,0,0,0,0,0,3,11,0,52,52,0.11,2,3,49.0,4,1,12.25,6,0.5,Store,Gold,Moderately Active
3979,1983,Phd,Divorced,90687.0,0,0,2013-05-22,98,982,17,556,23.0,34,51.0,1,6,2,8,2,0,0,1,0,0,0,3,11,1,42,42,1.1,0,1,1663.0,16,1,103.9375,8,0.0625,Store,Wine,Inactive
6049,1982,Master,Together,73450.0,0,0,2013-12-05,85,1142,51,415,90.0,69,37.0,1,7,8,11,3,1,0,0,1,0,0,3,11,0,43,43,0.56,0,1,1804.0,26,2,69.38461538461539,10,0.038461538461538464,Store,Wine,Inactive
8147,1960,Graduation,Married,31454.0,1,1,2013-07-06,40,28,0,11,0.0,0,9.0,3,2,0,3,8,0,0,0,0,0,0,3,11,0,65,65,0.98,2,3,48.0,5,0,9.6,10,0.6,Store,Wine,Moderately Active
1857,1952,Graduation,Single,47139.0,1,1,2014-03-06,2,46,0,12,0.0,2,23.0,2,2,1,2,7,0,0,0,0,0,0,3,11,1,73,73,0.31,2,3,83.0,5,0,16.6,9,0.4,Web,Wine,Highly Active
3910,1975,Graduation,Divorced,83829.0,0,0,2013-10-08,78,897,81,430,120.5,81,27.0,0,4,7,6,1,1,0,1,1,0,0,3,11,1,50,50,0.72,0,1,1636.5,17,3,96.26470588235294,5,0.0,Catalog,Wine,Inactive
5207,1963,Phd,Married,53378.0,1,1,2012-09-24,41,489,6,152,8.0,6,126.5,10,9,4,6,8,0,0,0,0,0,0,3,11,1,62,62,1.76,2,3,787.5,19,0,41.44736842105263,17,0.5263157894736842,Web,Wine,Moderately Active
11114,1970,Graduation,Together,19656.0,1,0,2013-02-08,94,25,4,9,6.0,8,32.0,3,2,1,3,7,0,0,0,0,0,0,3,11,0,55,55,1.39,1,2,84.0,6,0,14.0,9,0.5,Store,Gold,Inactive
5429,1948,Phd,Married,45579.0,0,1,2013-08-20,10,145,1,33,2.0,1,1.0,1,4,1,4,6,0,0,0,0,0,0,3,11,0,77,77,0.86,1,2,183.0,9,0,20.333333333333332,10,0.1111111111111111,Web,Wine,Highly Active
9400,1958,2N Cycle,Single,85485.0,0,0,2014-06-21,73,630,26,556,44.0,18,54.0,1,6,6,6,2,0,0,0,0,0,0,3,11,0,67,67,0.02,0,1,1328.0,18,0,73.77777777777777,8,0.05555555555555555,Web,Wine,Inactive
1740,1944,Graduation,Married,55956.0,0,0,2014-04-07,22,760,38,104,50.0,9,38.0,2,7,3,4,4,0,1,0,0,0,0,3,11,0,81,81,0.23,0,1,999.0,14,1,71.35714285714286,11,0.14285714285714285,Web,Wine,Highly Active
7488,1963,Master,Single,64191.0,0,1,2013-01-22,30,420,15,186,120.5,38,15.0,3,5,3,13,3,0,0,0,0,0,0,3,11,0,62,62,1.43,1,2,794.5,21,0,37.833333333333336,8,0.14285714285714285,Store,Wine,Highly Active
195,1972,Graduation,Single,38808.0,1,0,2012-08-26,21,125,17,52,3.0,19,30.0,4,5,1,4,8,1,0,0,0,0,0,3,11,1,53,53,1.84,1,2,246.0,10,1,24.6,13,0.4,Web,Wine,Highly Active
635,1966,Master,Married,57183.0,1,1,2013-03-19,51,464,5,64,7.0,0,70.0,8,9,1,7,8,0,0,0,0,0,0,3,11,0,59,59,1.28,2,3,610.0,17,0,35.88235294117647,17,0.47058823529411764,Web,Wine,Moderately Active
7527,1968,Master,Divorced,23748.0,1,0,2012-11-21,97,6,6,29,12.0,15,8.0,3,2,1,3,8,0,0,0,0,0,0,3,11,0,57,57,1.6,1,2,76.0,6,0,12.666666666666666,10,0.5,Store,Meat,Inactive
10319,1971,Graduation,Married,66303.0,0,1,2013-02-26,56,1090,12,96,16.0,12,60.0,4,3,4,11,8,0,1,0,0,0,0,3,11,0,54,54,1.34,1,2,1286.0,18,1,71.44444444444444,11,0.2222222222222222,Store,Wine,Moderately Active
2296,1975,Master,Married,37368.0,1,0,2013-12-16,4,3,2,11,2.0,2,10.0,1,1,0,2,6,1,0,0,0,0,0,3,11,0,50,50,0.53,1,2,30.0,3,1,10.0,7,0.3333333333333333,Store,Meat,Highly Active
10637,1964,Graduation,Married,40800.0,1,2,2013-01-01,77,24,0,27,8.0,30,10.0,2,3,0,3,7,0,0,0,0,0,1,3,11,0,61,61,1.49,3,4,99.0,6,0,16.5,10,0.3333333333333333,Web,Sweets,Inactive
2931,1978,Graduation,Divorced,71847.0,0,0,2012-09-21,95,737,21,106,55.0,63,126.5,0,6,7,9,3,0,0,0,1,0,0,3,11,0,47,47,1.77,0,1,1108.5,22,1,50.38636363636363,9,0.0,Store,Wine,Inactive
907,1975,Graduation,Married,46149.0,0,1,2013-11-29,36,254,6,71,4.0,0,27.0,5,5,1,7,5,0,0,0,0,0,0,3,11,0,50,50,0.58,1,2,362.0,13,0,27.846153846153847,10,0.38461538461538464,Store,Wine,Moderately Active
3698,1983,Graduation,Together,78687.0,0,0,2012-08-09,13,817,81,556,120.5,55,126.5,1,4,6,8,2,0,0,1,0,0,0,3,11,1,42,42,1.89,0,1,1756.0,18,1,97.55555555555556,6,0.05555555555555555,Store,Wine,Highly Active
9516,1971,2N Cycle,Divorced,49118.0,0,0,2012-08-18,90,620,54,239,99.0,81,119.0,2,9,7,10,7,0,1,0,0,1,0,3,11,1,54,54,1.86,0,1,1212.0,26,2,46.61538461538461,16,0.07692307692307693,Store,Wine,Inactive
679,1957,Phd,Married,37633.0,1,1,2012-09-20,49,13,4,20,0.0,0,1.0,2,1,0,3,9,0,0,0,0,0,0,3,11,0,68,68,1.77,2,3,38.0,4,0,9.5,10,0.5,Store,Meat,Moderately Active
7384,1951,Master,Together,39767.0,0,0,2013-07-21,18,113,61,204,34.0,26,47.0,2,7,1,7,8,0,0,0,0,0,0,3,11,0,74,74,0.94,0,1,485.0,15,0,32.333333333333336,15,0.13333333333333333,Web,Meat,Highly Active
5043,1951,Basic,Married,26997.0,0,0,2012-11-05,89,7,23,78,120.5,49,126.5,2,4,2,5,7,0,0,0,0,0,0,3,11,0,74,74,1.65,0,1,404.0,11,0,36.72727272727273,11,0.18181818181818182,Store,Gold,Inactive
5267,1970,Graduation,Divorced,33986.0,1,0,2013-03-14,43,16,2,18,2.0,1,5.0,1,1,0,3,7,0,0,0,0,0,0,3,11,0,55,55,1.29,1,2,44.0,4,0,11.0,8,0.25,Store,Meat,Moderately Active
339,1972,Phd,Married,57091.0,0,1,2012-11-23,82,462,0,24,6.0,0,4.0,2,9,2,5,7,0,1,0,0,0,0,3,11,1,53,53,1.6,1,2,496.0,16,1,31.0,16,0.125,Web,Wine,Inactive
2516,1969,2N Cycle,Married,46831.0,1,1,2013-06-08,84,22,2,10,6.0,4,34.0,2,1,2,2,4,0,0,0,0,0,0,3,11,0,56,56,1.06,2,3,78.0,5,0,15.6,5,0.4,Catalog,Gold,Inactive
9010,1972,Master,Married,83151.0,0,0,2013-02-10,80,968,81,556,120.5,42,126.5,1,5,7,10,2,1,0,1,1,0,0,3,11,1,53,53,1.38,0,1,1894.0,22,3,86.0909090909091,7,0.045454545454545456,Store,Wine,Inactive
378,1971,Graduation,Married,52531.0,0,0,2012-12-30,68,283,81,151,51.0,72,125.0,2,7,2,10,6,0,0,0,0,0,0,3,11,0,54,54,1.49,0,1,763.0,19,0,40.1578947368421,13,0.10526315789473684,Store,Wine,Inactive
4808,1956,Graduation,Married,15759.0,0,0,2013-09-05,12,1,2,5,6.0,0,3.0,1,1,0,2,7,0,0,0,0,0,0,3,11,0,69,69,0.81,0,1,17.0,3,0,5.666666666666667,8,0.3333333333333333,Store,Fish,Highly Active
5068,1971,Graduation,Single,22804.0,1,0,2013-07-31,75,14,1,7,2.0,1,1.0,1,2,0,2,9,0,0,0,0,0,0,3,11,0,54,54,0.91,1,2,26.0,4,0,6.5,11,0.25,Web,Wine,Inactive
7628,1973,2N Cycle,Married,43050.0,1,0,2014-03-18,10,30,5,24,6.0,3,8.0,2,2,0,4,5,0,0,0,0,0,0,3,11,0,52,52,0.28,1,2,76.0,6,0,12.666666666666666,7,0.3333333333333333,Store,Wine,Highly Active
7128,1977,Phd,Single,42997.0,1,1,2013-12-07,91,4,0,5,0.0,1,5.0,1,1,0,2,7,0,0,0,0,0,0,3,11,0,48,48,0.56,2,3,15.0,3,0,5.0,8,0.3333333333333333,Store,Meat,Inactive
2811,1963,Phd,Single,48918.0,1,1,2014-04-12,21,52,0,9,0.0,0,1.0,2,1,0,4,4,0,0,0,0,0,0,3,11,0,62,62,0.21,2,3,62.0,5,0,12.4,5,0.4,Store,Wine,Highly Active
3551,1954,Master,Together,60033.0,0,1,2014-03-29,28,62,1,57,19.0,11,48.0,2,2,1,5,2,0,0,0,0,0,0,3,11,0,71,71,0.25,1,2,198.0,8,0,24.75,4,0.25,Store,Wine,Highly Active
1663,1978,Phd,Together,34043.0,1,0,2013-10-25,97,20,2,14,3.0,0,10.0,1,2,0,2,9,0,0,0,0,0,0,3,11,0,47,47,0.68,1,2,49.0,4,0,12.25,11,0.25,Web,Wine,Inactive
5543,1966,Graduation,Together,57811.0,0,1,2013-06-24,49,545,7,114,37.0,21,78.0,5,7,2,11,5,0,1,0,0,0,0,3,11,0,59,59,1.01,1,2,802.0,20,1,40.1,12,0.25,Store,Wine,Moderately Active
1577,1946,Graduation,Married,78569.0,0,0,2014-02-19,14,558,79,556,120.5,81,95.0,1,4,6,4,1,0,0,1,0,0,0,3,11,1,79,79,0.36,0,1,1489.5,14,1,106.39285714285714,5,0.07142857142857142,Catalog,Wine,Highly Active
10641,1978,Graduation,Single,7500.0,1,1,2012-12-27,5,6,5,4,13.0,4,25.0,4,2,1,3,6,0,0,0,0,0,0,3,11,0,47,47,1.5,2,3,57.0,6,0,9.5,8,0.6666666666666666,Store,Gold,Highly Active
5336,1971,Master,Together,117418.0,1,0,2013-06-04,37,39,1,9,2.0,0,8.0,0,1,0,1,1,0,0,0,0,0,0,3,11,0,54,54,1.07,1,2,59.0,2,0,29.5,2,0.0,Web,Wine,Moderately Active
6024,1953,Graduation,Together,94384.0,0,0,2013-03-04,62,1111,24,556,120.5,45,126.5,0,5,8,5,2,0,1,1,1,0,0,3,11,1,72,72,1.32,0,1,1983.0,18,3,110.16666666666667,7,0.0,Catalog,Wine,Inactive
1878,1985,2N Cycle,Married,23148.0,0,0,2014-02-18,83,4,6,8,6.0,3,10.0,1,2,0,3,7,0,0,0,0,0,0,3,11,0,40,40,0.36,0,1,37.0,5,0,7.4,9,0.2,Store,Gold,Inactive
3099,1970,Graduation,Divorced,44267.0,1,1,2013-02-25,48,183,5,65,3.0,5,49.0,5,5,2,4,9,0,0,0,0,0,0,3,11,0,55,55,1.34,2,3,310.0,11,0,28.181818181818183,14,0.45454545454545453,Web,Wine,Moderately Active
6055,1979,Graduation,Married,71626.0,0,0,2012-11-01,94,546,72,376,94.0,81,72.0,1,5,5,8,3,0,1,0,0,0,0,3,11,0,46,46,1.66,0,1,1241.0,18,1,68.94444444444444,8,0.05555555555555555,Store,Wine,Inactive
5841,1966,Graduation,Together,60894.0,0,1,2013-06-28,61,606,7,155,10.0,0,54.0,5,10,3,8,7,0,0,0,0,0,0,3,11,0,59,59,1.0,1,2,832.0,21,0,39.61904761904762,17,0.23809523809523808,Web,Wine,Inactive
3972,1976,Graduation,Together,50200.0,1,1,2013-04-03,70,266,6,51,8.0,6,64.0,6,7,1,5,8,0,0,0,0,0,0,3,11,0,49,49,1.24,2,3,401.0,13,0,30.846153846153847,15,0.46153846153846156,Web,Wine,Inactive
4394,1965,Phd,Married,81051.0,0,0,2014-05-23,43,1142,29,249,38.0,29,14.0,1,5,5,12,2,0,1,1,0,0,0,3,11,0,60,60,0.1,0,1,1501.0,22,2,68.22727272727273,7,0.045454545454545456,Store,Wine,Moderately Active
5758,1982,Graduation,Married,65169.0,0,0,2014-01-14,23,1074,0,69,0.0,0,46.0,1,10,4,13,6,1,0,1,1,1,0,3,11,1,43,43,0.45,0,1,1189.0,27,4,44.03703703703704,16,0.037037037037037035,Store,Wine,Highly Active
6658,1972,Graduation,Together,59868.0,0,1,2013-07-22,37,771,51,154,54.0,10,126.5,7,11,2,12,6,0,0,0,0,0,0,3,11,0,53,53,0.94,1,2,1166.5,25,0,46.66,17,0.28,Store,Wine,Moderately Active
4603,1960,Phd,Married,65695.0,0,1,2014-01-31,50,371,32,189,0.0,58,6.0,2,5,4,10,4,0,0,0,0,0,0,3,11,0,65,65,0.41,1,2,656.0,19,0,34.526315789473685,9,0.10526315789473684,Store,Wine,Moderately Active
8427,1956,Master,Single,64857.0,0,0,2012-11-23,78,556,14,556,120.5,0,43.0,1,7,5,10,4,0,0,0,0,0,0,3,11,0,69,69,1.6,0,1,1289.5,22,0,58.61363636363637,11,0.045454545454545456,Store,Wine,Inactive
10260,1965,Master,Together,45143.0,0,1,2013-08-26,74,202,5,74,11.0,5,14.0,3,6,1,5,7,0,0,0,0,0,0,3,11,0,60,60,0.84,1,2,311.0,12,0,25.916666666666668,13,0.25,Web,Wine,Inactive
7143,1955,2N Cycle,Together,74805.0,0,1,2013-11-06,14,209,81,209,41.0,81,37.0,5,4,7,10,2,0,0,0,0,0,0,3,11,0,70,70,0.64,1,2,658.0,21,0,31.333333333333332,6,0.23809523809523808,Store,Wine,Highly Active
8789,1989,2N Cycle,Married,59060.0,1,0,2014-01-11,77,35,40,111,36.0,40,12.0,3,3,1,7,4,0,0,0,0,0,0,3,11,0,36,36,0.46,1,2,274.0,11,0,24.90909090909091,7,0.2727272727272727,Store,Meat,Inactive
6197,1962,Phd,Single,27238.0,1,1,2013-04-20,39,37,0,17,0.0,0,3.0,3,3,0,3,9,0,0,0,0,0,0,3,11,0,63,63,1.19,2,3,57.0,6,0,9.5,12,0.5,Web,Wine,Moderately Active
4554,1965,Graduation,Together,47009.0,0,1,2013-10-01,89,171,45,73,59.0,10,90.0,4,3,2,8,4,0,0,0,0,0,0,3,11,0,60,60,0.74,1,2,448.0,13,0,34.46153846153846,7,0.3076923076923077,Store,Wine,Inactive
4937,1973,2N Cycle,Married,46094.0,1,1,2014-06-10,62,12,2,20,3.0,2,5.0,1,1,0,3,7,0,0,0,0,0,0,3,11,0,52,52,0.05,2,3,44.0,4,0,11.0,8,0.25,Store,Meat,Inactive
1920,1972,Graduation,Married,40321.0,1,1,2013-07-29,59,44,4,21,6.0,0,27.0,2,3,0,3,7,0,0,0,0,0,0,3,11,0,53,53,0.92,2,3,102.0,6,0,17.0,10,0.3333333333333333,Web,Wine,Moderately Active
8749,1984,Graduation,Together,37235.0,1,0,2014-02-01,68,20,2,9,4.0,6,20.0,1,1,1,2,4,0,0,0,0,0,0,3,11,0,41,41,0.41,1,2,61.0,4,0,15.25,5,0.25,Store,Wine,Inactive
1650,1960,Master,Married,81843.0,0,0,2013-04-22,13,779,81,537,34.0,69,126.5,1,5,9,12,3,0,0,0,0,0,0,3,11,0,65,65,1.19,0,1,1626.5,26,0,62.55769230769231,8,0.038461538461538464,Store,Wine,Highly Active
10377,1958,Master,Together,46692.0,0,1,2013-06-06,37,170,6,97,24.0,12,88.0,3,6,1,5,6,0,0,0,0,0,0,3,11,0,67,67,1.06,1,2,397.0,12,0,33.083333333333336,12,0.25,Web,Wine,Moderately Active
9206,1968,Graduation,Together,77382.0,0,1,2014-01-07,36,491,48,231,112.0,81,126.5,2,5,7,12,1,0,0,1,0,0,0,3,11,0,57,57,0.47,1,2,1089.5,24,1,45.395833333333336,6,0.08333333333333333,Store,Wine,Moderately Active
10971,1977,Graduation,Single,37774.0,2,0,2012-09-03,28,173,8,107,7.0,2,126.5,4,7,2,3,9,1,0,0,0,0,1,3,11,1,48,48,1.82,2,3,423.5,12,1,35.291666666666664,16,0.3333333333333333,Web,Wine,Highly Active
6398,1974,Basic,Married,18393.0,1,0,2014-03-29,2,7,10,13,16.0,0,4.0,2,3,0,3,8,0,0,0,0,0,0,3,11,0,51,51,0.25,1,2,50.0,6,0,8.333333333333334,11,0.3333333333333333,Web,Fish,Highly Active
9212,1962,Master,Married,72828.0,0,1,2013-02-14,17,1205,0,235,19.0,14,126.5,6,6,3,13,7,0,0,0,0,0,0,3,11,0,63,63,1.37,1,2,1599.5,22,0,72.70454545454545,13,0.2727272727272727,Store,Wine,Highly Active
7937,1982,Graduation,Married,24711.0,0,0,2014-04-18,86,10,7,25,6.0,3,7.0,1,3,0,3,7,0,0,0,0,0,0,3,11,0,43,43,0.2,0,1,58.0,6,0,9.666666666666666,10,0.16666666666666666,Web,Meat,Inactive
839,1975,Phd,Married,45503.0,1,0,2013-09-25,54,97,4,44,6.0,1,18.0,1,3,1,4,5,0,0,0,0,0,0,3,11,0,50,50,0.76,1,2,170.0,8,0,21.25,8,0.125,Store,Wine,Moderately Active
4246,1982,Master,Single,6560.0,0,0,2013-12-12,2,67,11,26,4.0,3,126.5,0,1,0,1,17,0,0,0,0,0,0,3,11,0,43,43,0.54,0,1,237.5,2,0,118.75,18,0.0,Web,Gold,Highly Active
158,1945,Phd,Together,71604.0,0,0,2013-11-17,3,345,53,528,98.0,75,97.0,1,8,3,5,4,1,0,0,0,0,0,3,11,1,80,80,0.61,0,1,1196.0,16,1,74.75,12,0.0625,Web,Meat,Highly Active
4832,1979,Graduation,Married,27244.0,1,0,2014-03-07,84,6,5,17,3.0,24,46.0,2,2,2,2,7,0,0,0,0,0,0,3,11,0,46,46,0.31,1,2,101.0,6,0,16.833333333333332,9,0.3333333333333333,Web,Gold,Inactive
5621,1969,Graduation,Married,48752.0,1,1,2012-12-12,8,73,57,100,71.0,15,0.0,5,6,1,5,9,0,0,0,0,0,0,3,11,1,56,56,1.54,2,3,316.0,12,0,26.333333333333332,15,0.4166666666666667,Web,Meat,Highly Active
1945,1962,Graduation,Married,71434.0,0,1,2013-09-18,4,711,36,217,120.5,81,126.5,3,7,4,7,4,0,1,0,1,0,0,3,11,0,63,63,0.78,1,2,1292.0,18,2,71.77777777777777,11,0.16666666666666666,Web,Wine,Highly Active
5147,1948,Graduation,Single,90842.0,0,0,2013-07-29,57,774,70,118,120.5,81,93.0,1,4,9,13,1,0,0,0,0,0,0,3,11,0,77,77,0.92,0,1,1256.5,26,0,48.32692307692308,5,0.038461538461538464,Store,Wine,Moderately Active
2535,1978,Master,Married,88097.0,1,0,2012-08-18,24,163,0,480,0.0,81,75.0,1,6,5,8,9,0,1,1,1,0,0,3,11,1,47,47,1.86,1,2,799.0,19,3,42.05263157894737,15,0.05263157894736842,Store,Meat,Highly Active
11039,1975,Graduation,Married,51948.0,0,1,2013-09-17,51,82,33,54,71.0,30,41.0,2,5,2,4,5,0,0,0,0,0,0,3,11,0,50,50,0.78,1,2,311.0,11,0,28.272727272727273,10,0.18181818181818182,Web,Wine,Moderately Active
9495,1982,Graduation,Together,71853.0,0,0,2013-05-08,29,358,81,413,120.5,81,32.0,1,2,8,6,1,0,0,0,0,0,0,3,11,0,43,43,1.14,0,1,1085.5,16,0,67.84375,3,0.0625,Catalog,Meat,Highly Active
9635,1983,Master,Married,35876.0,0,0,2014-04-20,13,66,2,40,4.0,3,14.0,1,3,1,3,6,0,0,0,0,0,0,3,11,0,42,42,0.19,0,1,129.0,7,0,18.428571428571427,9,0.14285714285714285,Web,Wine,Highly Active
2173,1952,Graduation,Widow,40049.0,0,1,2013-10-16,23,13,6,7,0.0,3,3.0,1,1,0,3,6,0,0,0,0,0,0,3,11,0,73,73,0.7,1,2,32.0,4,0,8.0,7,0.25,Store,Wine,Highly Active
942,1982,Graduation,Single,39660.0,1,0,2012-08-08,36,139,13,78,20.0,13,36.0,3,7,1,3,9,0,0,0,0,0,0,3,11,1,43,43,1.89,1,2,299.0,11,0,27.181818181818183,16,0.2727272727272727,Web,Wine,Moderately Active
9386,1962,Graduation,Together,50127.0,0,1,2014-05-29,88,274,0,21,4.0,6,15.0,1,5,1,6,6,0,1,0,0,0,0,3,11,0,63,63,0.08,1,2,320.0,12,1,26.666666666666668,11,0.08333333333333333,Store,Wine,Inactive
5510,1977,Master,Married,43263.0,0,1,2012-11-21,2,262,6,61,0.0,10,102.0,3,5,2,6,5,0,0,0,0,0,0,3,11,0,48,48,1.6,1,2,441.0,13,0,33.92307692307692,10,0.23076923076923078,Store,Wine,Highly Active
873,1949,Master,Married,62845.0,1,1,2012-10-01,3,1099,0,45,0.0,0,34.0,11,3,4,10,8,0,1,0,0,0,0,3,11,1,76,76,1.74,2,3,1178.0,17,1,69.29411764705883,11,0.6470588235294118,Store,Wine,Highly Active
2253,1990,Graduation,Married,18929.0,0,0,2013-02-16,15,32,0,8,23.0,4,18.0,1,1,0,4,6,0,0,0,0,0,0,3,11,0,35,35,1.36,0,1,85.0,5,0,17.0,7,0.2,Store,Wine,Highly Active
5181,1982,Basic,Single,24367.0,1,0,2013-03-20,58,2,4,2,0.0,11,5.0,1,1,0,2,9,0,0,0,0,0,0,3,11,0,43,43,1.28,1,2,24.0,3,0,8.0,10,0.3333333333333333,Store,Sweets,Moderately Active
979,1975,Graduation,Single,33249.0,1,0,2013-02-20,11,6,10,21,19.0,14,42.0,2,2,1,3,6,0,0,0,0,0,0,3,11,0,50,50,1.35,1,2,112.0,6,0,18.666666666666668,8,0.3333333333333333,Store,Gold,Highly Active
10390,1959,2N Cycle,Married,26887.0,0,1,2013-02-10,27,6,7,4,3.0,4,6.0,1,1,0,3,6,0,0,0,0,0,0,3,11,0,66,66,1.38,1,2,30.0,4,0,7.5,7,0.25,Store,Fruits,Highly Active
4698,1983,Phd,Married,50150.0,0,0,2013-06-20,32,135,46,92,65.0,61,11.0,2,5,2,7,5,0,0,0,0,0,0,3,11,0,42,42,1.02,0,1,410.0,14,0,29.285714285714285,10,0.14285714285714285,Store,Wine,Moderately Active
7793,1976,Graduation,Together,62061.0,0,1,2013-08-31,12,641,7,84,0.0,30,38.0,3,10,4,7,6,0,1,0,0,0,0,3,11,0,49,49,0.83,1,2,800.0,21,1,38.095238095238095,16,0.14285714285714285,Web,Wine,Highly Active
1745,1962,Phd,Divorced,85696.0,0,0,2013-05-03,88,714,76,395,116.0,0,12.0,1,4,6,9,1,0,0,0,0,0,0,3,11,1,63,63,1.16,0,1,1313.0,19,0,69.10526315789474,5,0.05263157894736842,Store,Wine,Inactive
10590,1956,Phd,Together,76542.0,0,0,2013-03-30,91,794,73,556,0.0,29,14.0,1,4,8,10,2,0,0,0,0,0,0,3,11,0,69,69,1.25,0,1,1466.0,22,0,66.63636363636364,6,0.045454545454545456,Store,Wine,Inactive
5080,1993,Graduation,Single,70515.0,0,0,2013-10-21,12,420,0,452,120.5,64,126.5,1,6,6,4,2,0,0,0,0,0,0,3,11,1,32,32,0.69,0,1,1183.0,16,0,73.9375,8,0.0625,Web,Meat,Highly Active
8369,1987,Graduation,Together,18227.0,1,0,2012-11-08,21,1,2,7,4.0,3,11.0,1,0,1,2,8,0,0,0,0,0,0,3,11,0,38,38,1.64,1,2,28.0,3,0,9.333333333333334,8,0.3333333333333333,Store,Gold,Highly Active
5232,1965,Graduation,Married,69139.0,0,1,2014-01-27,23,86,12,75,33.0,15,6.0,1,4,1,5,4,0,0,0,0,0,0,3,11,0,60,60,0.42,1,2,227.0,10,0,22.7,8,0.1,Store,Wine,Highly Active
2407,1982,Graduation,Married,69109.0,0,0,2012-11-09,10,823,25,459,120.5,29,95.0,1,6,6,7,4,0,0,1,0,0,0,3,11,1,43,43,1.63,0,1,1551.5,19,1,81.65789473684211,10,0.05263157894736842,Store,Wine,Highly Active
3834,1962,Graduation,Single,69627.0,0,1,2013-03-17,35,231,81,215,120.5,30,53.0,2,8,2,11,5,0,0,0,0,0,0,3,11,0,63,63,1.28,1,2,730.5,21,0,34.785714285714285,13,0.09523809523809523,Store,Wine,Moderately Active
7912,1978,Graduation,Married,38136.0,1,0,2013-04-22,69,8,15,27,0.0,20,33.0,2,3,1,2,8,1,0,0,0,0,0,3,11,0,47,47,1.19,1,2,103.0,6,1,17.166666666666668,11,0.3333333333333333,Web,Gold,Inactive
7712,1946,Phd,Single,62159.0,0,0,2014-04-28,68,182,17,259,77.0,70,29.0,1,6,2,10,4,0,0,0,0,0,0,3,11,0,79,79,0.17,0,1,634.0,18,0,35.22222222222222,10,0.05555555555555555,Store,Meat,Inactive
1065,1963,Graduation,Single,80695.0,0,0,2013-12-29,85,557,81,556,120.5,37,18.0,1,5,8,5,2,0,0,0,0,0,0,3,11,0,62,62,0.5,0,1,1369.5,18,0,76.08333333333333,7,0.05555555555555555,Catalog,Wine,Inactive
7275,1971,Master,Single,33316.0,1,1,2013-10-04,34,79,1,31,4.0,4,12.0,3,2,1,4,6,0,0,0,0,0,0,3,11,0,54,54,0.73,2,3,131.0,7,0,18.714285714285715,8,0.42857142857142855,Store,Wine,Moderately Active
1343,1968,Graduation,Together,58554.0,1,1,2012-09-26,55,368,24,68,38.0,0,88.0,6,8,2,6,7,0,0,0,0,0,0,3,11,0,57,57,1.75,2,3,586.0,16,0,36.625,15,0.375,Web,Wine,Moderately Active
1384,1992,Basic,Married,17256.0,1,0,2013-11-23,10,6,4,14,8.0,8,22.0,2,2,1,2,8,1,0,0,0,0,0,3,11,0,33,33,0.6,1,2,62.0,5,1,12.4,10,0.4,Web,Gold,Highly Active
9967,1974,Graduation,Divorced,53034.0,1,1,2013-05-30,30,160,15,196,15.0,11,50.0,8,6,1,7,8,0,0,0,0,0,0,3,11,0,51,51,1.08,2,3,447.0,14,0,31.928571428571427,14,0.5714285714285714,Store,Meat,Highly Active
6181,1950,2N Cycle,Together,52203.0,0,0,2012-07-31,36,488,21,238,56.0,81,28.0,1,8,7,11,6,0,0,0,0,0,0,3,11,0,75,75,1.91,0,1,912.0,26,0,35.07692307692308,14,0.038461538461538464,Store,Wine,Moderately Active
10507,1977,2N Cycle,Divorced,59601.0,0,1,2013-07-25,14,691,7,69,0.0,7,23.0,4,2,2,7,8,0,1,0,0,0,0,3,11,0,48,48,0.93,1,2,797.0,11,1,72.45454545454545,10,0.36363636363636365,Store,Wine,Highly Active
2674,1958,Master,Single,75154.0,0,1,2012-09-04,79,543,10,205,120.5,81,82.0,1,6,3,6,3,0,0,0,0,0,0,3,11,1,67,67,1.82,1,2,1041.5,15,0,69.43333333333334,9,0.06666666666666667,Web,Wine,Inactive
2698,1976,Graduation,Single,47025.0,0,1,2013-11-07,52,254,7,108,20.0,0,26.0,3,6,3,5,6,0,0,0,0,0,0,3,11,0,49,49,0.64,1,2,415.0,14,0,29.642857142857142,12,0.21428571428571427,Web,Wine,Moderately Active
3231,1973,Graduation,Married,37971.0,1,0,2013-11-25,97,5,4,10,2.0,2,7.0,1,1,0,3,8,0,0,0,0,0,0,3,11,0,52,52,0.59,1,2,30.0,4,0,7.5,9,0.25,Store,Meat,Inactive
4096,1968,Master,Divorced,41335.0,1,0,2013-12-26,24,112,19,21,16.0,14,5.0,3,4,1,4,7,0,0,0,0,0,0,3,11,0,57,57,0.51,1,2,187.0,9,0,20.77777777777778,11,0.3333333333333333,Web,Wine,Highly Active
10476,1958,Graduation,Married,67267.0,0,1,2014-05-13,0,134,11,59,15.0,2,30.0,1,3,2,5,2,0,0,0,0,0,0,3,11,0,67,67,0.13,1,2,251.0,10,0,25.1,5,0.1,Store,Wine,Highly Active
5948,1975,Graduation,Single,57338.0,0,1,2014-04-29,96,143,6,52,11.0,8,17.0,2,4,1,5,5,0,0,0,0,0,0,3,11,0,50,50,0.17,1,2,237.0,10,0,23.7,9,0.2,Store,Wine,Inactive
9140,1960,2N Cycle,Together,50523.0,1,1,2013-12-25,89,51,4,24,4.0,7,1.0,2,2,0,4,6,0,0,0,0,0,0,3,11,0,65,65,0.51,2,3,91.0,6,0,15.166666666666666,8,0.3333333333333333,Store,Wine,Inactive
10258,1965,Master,Single,35791.0,2,1,2013-05-06,94,27,0,5,0.0,0,3.0,2,1,0,3,8,0,0,0,0,0,0,3,11,0,60,60,1.15,3,4,35.0,4,0,8.75,9,0.5,Store,Wine,Inactive
5675,1960,Phd,Divorced,50611.0,0,1,2012-10-04,98,459,0,24,6.0,0,4.0,6,4,5,7,6,0,1,0,0,0,0,3,11,0,65,65,1.73,1,2,493.0,16,1,30.8125,10,0.375,Store,Wine,Inactive
4743,1969,Phd,Married,56242.0,0,1,2013-03-03,72,689,8,167,11.0,8,88.0,5,8,4,11,6,0,0,0,0,0,0,3,11,0,56,56,1.32,1,2,971.0,23,0,42.21739130434783,14,0.21739130434782608,Store,Wine,Inactive
8805,1960,Graduation,Single,48904.0,0,1,2012-12-02,1,283,10,38,0.0,13,27.0,4,7,2,4,8,0,0,0,0,0,0,3,11,0,65,65,1.57,1,2,371.0,13,0,28.53846153846154,15,0.3076923076923077,Web,Wine,Highly Active
1542,1975,Graduation,Single,56243.0,1,2,2013-12-30,26,347,0,35,4.0,3,7.0,6,4,2,8,5,0,0,0,0,0,0,3,11,0,50,50,0.5,3,4,396.0,14,0,28.285714285714285,9,0.42857142857142855,Store,Wine,Highly Active
6770,1985,Graduation,Married,21355.0,1,0,2013-08-20,5,5,13,14,0.0,5,31.0,2,2,1,2,6,1,0,0,0,0,0,3,11,1,40,40,0.86,1,2,68.0,5,1,13.6,8,0.4,Web,Gold,Highly Active
8773,1971,Master,Together,57420.0,0,1,2013-06-25,22,280,0,18,0.0,0,24.0,3,5,1,6,7,0,1,0,0,0,0,3,11,0,54,54,1.01,1,2,322.0,12,1,26.833333333333332,12,0.25,Store,Wine,Highly Active
10475,1970,Master,Together,51381.5,0,1,2013-04-01,39,187,5,65,26.0,20,14.0,2,4,2,6,5,0,0,0,0,0,0,3,11,0,55,55,1.24,1,2,317.0,12,0,26.416666666666668,9,0.16666666666666666,Store,Wine,Moderately Active
10420,1955,Master,Divorced,46390.0,0,1,2014-05-05,56,95,14,64,2.0,9,38.0,1,4,2,3,7,0,0,0,0,0,0,3,11,0,70,70,0.15,1,2,222.0,9,0,24.666666666666668,11,0.1111111111111111,Web,Wine,Moderately Active
7514,1956,2N Cycle,Together,54342.0,1,1,2013-07-03,74,84,10,34,11.0,10,28.0,4,3,1,4,6,0,0,0,0,0,0,3,11,0,69,69,0.99,2,3,177.0,8,0,22.125,9,0.5,Store,Wine,Inactive
2902,1958,Graduation,Together,51381.5,1,1,2012-09-03,87,19,4,12,2.0,2,6.0,1,1,0,3,5,0,0,0,0,0,0,3,11,0,67,67,1.82,2,3,45.0,4,0,11.25,6,0.25,Store,Wine,Inactive
4345,1964,2N Cycle,Single,51381.5,1,1,2014-01-12,49,5,1,9,2.0,0,4.0,1,1,0,2,7,0,0,0,0,0,0,3,11,0,61,61,0.46,2,3,21.0,3,0,7.0,8,0.3333333333333333,Store,Meat,Moderately Active
793,1973,Graduation,Married,20895.0,1,0,2012-10-06,24,18,3,17,3.0,0,4.0,1,2,0,3,9,0,0,0,0,0,0,3,11,0,52,52,1.73,1,2,45.0,5,0,9.0,11,0.2,Store,Wine,Highly Active
10909,1948,Graduation,Married,92344.0,0,0,2014-01-15,9,992,24,556,51.0,19,119.0,0,5,10,5,1,1,0,1,0,0,0,3,11,0,77,77,0.45,0,1,1761.0,20,2,88.05,6,0.0,Catalog,Wine,Highly Active
3769,1972,Phd,Together,51381.5,1,0,2014-03-02,17,25,1,13,0.0,0,3.0,1,1,0,3,7,0,0,0,0,0,0,3,11,0,53,53,0.33,1,2,42.0,4,0,10.5,8,0.25,Store,Wine,Highly Active
8702,1976,2N Cycle,Together,26907.0,1,1,2013-08-20,10,9,1,7,0.0,3,2.0,2,1,0,3,7,0,0,0,0,0,0,3,11,0,49,49,0.86,2,3,22.0,4,0,5.5,8,0.5,Store,Wine,Highly Active
4791,1980,Graduation,Together,44964.0,1,1,2012-12-16,35,19,1,17,2.0,0,2.0,1,1,0,3,8,0,0,0,0,0,0,3,11,0,45,45,1.53,2,3,41.0,4,0,10.25,9,0.25,Store,Wine,Moderately Active
2963,1979,Graduation,Together,75507.0,0,0,2014-05-02,56,709,81,374,104.0,80,80.0,1,8,6,6,3,0,0,0,0,0,0,3,11,0,46,46,0.16,0,1,1428.0,20,0,71.4,11,0.05,Web,Wine,Moderately Active
8216,1972,Master,Married,53761.0,1,1,2013-10-11,7,158,0,76,13.0,7,71.0,6,4,4,3,5,0,0,0,0,0,0,3,11,0,53,53,0.71,2,3,325.0,11,0,29.545454545454547,9,0.5454545454545454,Web,Wine,Highly Active
8140,1973,Graduation,Together,22682.0,1,0,2013-10-03,51,10,14,29,4.0,2,36.0,3,2,1,4,4,0,0,0,0,0,0,3,11,0,52,52,0.74,1,2,95.0,7,0,13.571428571428571,6,0.42857142857142855,Store,Gold,Moderately Active
10146,1972,Phd,Together,38887.0,1,0,2014-03-02,17,25,1,13,0.0,0,3.0,1,1,0,3,7,0,0,0,0,0,0,3,11,0,53,53,0.33,1,2,42.0,4,0,10.5,8,0.25,Store,Wine,Highly Active
5289,1975,2N Cycle,Single,41658.0,1,1,2012-11-09,30,8,4,12,15.0,4,29.0,2,1,1,2,4,0,0,0,0,0,0,3,11,0,50,50,1.63,2,3,72.0,4,0,18.0,5,0.5,Store,Gold,Highly Active
2587,1972,Phd,Married,29791.0,1,0,2014-05-15,21,14,0,6,0.0,0,0.0,2,2,0,3,5,0,0,0,0,0,0,3,11,0,53,53,0.12,1,2,20.0,5,0,4.0,7,0.4,Store,Wine,Highly Active
4405,1956,Master,Married,63915.0,0,2,2013-07-30,2,622,7,115,30.0,0,15.0,2,6,3,12,5,0,0,0,0,0,0,3,11,0,69,69,0.91,2,3,789.0,21,0,37.57142857142857,11,0.09523809523809523,Store,Wine,Highly Active
8663,1974,Graduation,Divorced,39996.0,1,1,2014-05-22,85,11,0,3,0.0,0,1.0,1,1,0,2,6,0,0,0,0,0,0,3,11,0,51,51,0.1,2,3,15.0,3,0,5.0,7,0.3333333333333333,Store,Wine,Inactive
2589,1972,Graduation,Divorced,26759.0,1,0,2014-02-07,65,25,3,16,8.0,5,2.0,2,2,1,3,6,0,0,0,0,0,0,3,11,0,53,53,0.39,1,2,59.0,6,0,9.833333333333334,8,0.3333333333333333,Store,Wine,Inactive
3421,1968,Master,Divorced,63841.0,0,1,2013-04-21,64,635,15,100,20.0,7,126.5,1,9,3,9,6,0,0,0,0,0,0,3,11,0,57,57,1.19,1,2,903.5,21,0,43.023809523809526,15,0.047619047619047616,Web,Wine,Inactive
10490,1969,Phd,Married,51039.0,1,1,2012-12-10,11,100,64,79,65.0,0,109.0,2,6,2,4,7,0,0,0,0,0,0,3,11,0,56,56,1.55,2,3,417.0,12,0,34.75,13,0.16666666666666666,Web,Gold,Highly Active
4094,1961,Graduation,Married,60544.0,1,1,2012-08-25,92,201,2,43,3.0,5,35.0,4,5,1,5,6,0,0,0,0,0,0,3,11,0,64,64,1.84,2,3,289.0,11,0,26.272727272727273,11,0.36363636363636365,Web,Wine,Inactive
9958,1972,Graduation,Married,65685.0,0,1,2014-03-29,54,642,14,49,0.0,7,57.0,1,9,2,9,5,0,0,0,0,0,0,3,11,0,53,53,0.25,1,2,769.0,20,0,38.45,14,0.05,Web,Wine,Moderately Active
2534,1953,Graduation,Married,37716.0,0,1,2014-04-21,4,97,1,41,6.0,2,41.0,2,4,1,3,7,0,0,0,0,0,0,3,11,0,72,72,0.19,1,2,188.0,8,0,23.5,11,0.25,Web,Wine,Highly Active
4188,1957,Graduation,Single,36864.0,0,1,2012-08-13,53,204,5,39,17.0,0,89.0,3,5,2,4,8,0,0,0,0,0,0,3,11,1,68,68,1.88,1,2,354.0,11,0,32.18181818181818,13,0.2727272727272727,Web,Wine,Moderately Active
6613,1970,Master,Married,44511.0,1,0,2012-10-12,39,513,7,133,46.0,14,14.0,6,8,4,8,8,0,0,0,0,0,0,3,11,0,55,55,1.71,1,2,727.0,20,0,36.35,16,0.3,Web,Wine,Moderately Active
10827,1967,Phd,Married,36947.0,1,1,2012-08-07,49,88,3,21,4.0,1,29.0,4,3,0,4,9,0,0,0,0,0,0,3,11,0,58,58,1.89,2,3,146.0,7,0,20.857142857142858,12,0.5714285714285714,Store,Wine,Moderately Active
5491,1951,Master,Together,47352.0,0,1,2013-04-11,70,172,12,112,8.0,0,15.0,4,6,1,5,7,0,0,0,0,0,0,3,11,0,74,74,1.22,1,2,319.0,12,0,26.583333333333332,13,0.3333333333333333,Web,Wine,Inactive
8402,1953,Master,Married,67087.0,0,1,2013-12-17,40,329,35,222,120.5,35,43.0,2,7,5,8,4,0,0,0,0,0,0,3,11,0,72,72,0.53,1,2,784.5,20,0,39.225,11,0.1,Store,Wine,Moderately Active
8783,1950,Graduation,Married,57045.0,0,1,2012-09-08,40,296,13,104,11.0,13,17.0,3,4,2,9,3,0,0,0,0,0,0,3,11,0,75,75,1.8,1,2,454.0,15,0,30.266666666666666,7,0.2,Store,Wine,Moderately Active
10010,1953,Phd,Divorced,36957.0,1,1,2012-09-06,43,100,2,16,2.0,1,31.0,4,3,2,2,9,0,0,0,0,0,0,3,11,1,72,72,1.81,2,3,152.0,7,0,21.714285714285715,12,0.5714285714285714,Web,Wine,Moderately Active
618,1977,Phd,Married,69389.0,0,1,2012-09-28,17,422,7,238,69.0,46,15.0,1,7,2,12,4,0,0,0,0,0,0,3,11,0,48,48,1.75,1,2,797.0,21,0,37.95238095238095,11,0.047619047619047616,Store,Wine,Highly Active
9121,1972,Graduation,Married,80134.0,1,0,2013-05-20,40,1218,16,272,104.0,0,80.0,2,5,3,6,6,0,1,1,1,0,0,3,11,1,53,53,1.11,1,2,1690.0,14,3,120.71428571428571,11,0.14285714285714285,Store,Wine,Moderately Active
361,1969,Master,Married,43142.0,1,1,2014-02-18,84,5,1,7,2.0,1,4.0,1,1,0,2,7,0,0,0,0,0,0,3,11,0,56,56,0.36,2,3,20.0,3,0,6.666666666666667,8,0.3333333333333333,Store,Meat,Inactive
4310,1944,Graduation,Married,80589.0,0,0,2014-01-22,25,507,81,520,120.5,40,26.0,1,5,10,5,1,0,0,0,1,0,0,3,11,1,81,81,0.43,0,1,1294.5,20,1,64.725,6,0.05,Catalog,Meat,Highly Active
2678,1990,Graduation,Single,34412.0,1,0,2013-02-13,62,52,12,50,4.0,36,55.0,3,5,0,3,9,0,0,0,0,0,0,3,11,0,35,35,1.37,1,2,209.0,8,0,26.125,14,0.375,Web,Gold,Inactive
6376,1979,Graduation,Single,57537.0,1,0,2013-06-10,83,191,56,139,51.0,8,100.0,4,4,3,8,4,0,0,0,0,0,0,3,11,0,46,46,1.05,1,2,545.0,15,0,36.333333333333336,8,0.26666666666666666,Store,Wine,Inactive
524,1966,Basic,Together,22634.0,0,0,2013-01-16,47,2,23,11,8.0,6,46.0,1,2,1,2,8,0,0,0,0,0,0,3,11,0,59,59,1.45,0,1,96.0,5,0,19.2,10,0.2,Web,Gold,Moderately Active
10341,1948,Graduation,Together,51315.0,0,0,2014-02-23,45,68,28,39,16.0,30,41.0,1,2,2,5,2,0,0,0,0,0,0,3,11,0,77,77,0.34,0,1,222.0,9,0,24.666666666666668,4,0.1111111111111111,Store,Wine,Moderately Active
5654,1972,Graduation,Married,36026.0,2,1,2014-03-16,34,20,4,10,6.0,4,17.0,2,2,0,3,6,0,0,0,0,0,0,3,11,0,53,53,0.29,3,4,61.0,5,0,12.2,8,0.4,Store,Wine,Moderately Active
4098,1973,Graduation,Married,24639.0,1,1,2014-01-28,3,20,3,16,0.0,4,1.0,3,2,0,4,6,0,0,0,0,0,0,3,11,0,52,52,0.42,2,3,44.0,6,0,7.333333333333333,8,0.5,Store,Wine,Highly Active
5824,1972,Phd,Together,34578.0,2,1,2014-04-11,1,7,0,1,0.0,0,0.0,1,1,0,2,6,0,0,0,0,0,0,3,11,0,53,53,0.22,3,4,8.0,3,0,2.6666666666666665,7,0.3333333333333333,Store,Wine,Highly Active
7000,1972,2N Cycle,Single,65704.0,0,0,2013-10-13,18,279,81,74,38.0,8,126.5,1,2,10,10,1,0,0,0,0,0,0,3,11,0,53,53,0.71,0,1,606.5,22,0,27.568181818181817,3,0.045454545454545456,Catalog,Wine,Highly Active
2561,1966,Graduation,Single,63810.0,0,1,2012-11-11,45,977,12,253,16.0,12,101.0,4,4,3,12,8,0,1,0,0,0,0,3,11,0,59,59,1.63,1,2,1371.0,19,1,72.15789473684211,12,0.21052631578947367,Store,Wine,Moderately Active
5229,1969,Phd,Together,54132.0,0,1,2014-02-16,81,30,1,8,0.0,0,3.0,1,1,0,3,7,0,0,0,0,0,0,3,11,0,56,56,0.36,1,2,42.0,4,0,10.5,8,0.25,Store,Wine,Inactive
4086,1959,Graduation,Married,18690.0,0,0,2012-12-28,77,6,1,7,23.0,4,19.0,1,1,1,2,8,0,0,0,0,0,0,3,11,0,66,66,1.5,0,1,60.0,4,0,15.0,9,0.25,Store,Fish,Inactive
2428,1970,Graduation,Married,28164.0,1,0,2013-05-04,23,3,18,26,11.0,8,12.0,3,2,0,4,7,0,0,0,0,0,0,3,11,0,55,55,1.15,1,2,78.0,6,0,13.0,9,0.5,Store,Meat,Highly Active
8254,1974,Phd,Married,34596.0,1,0,2013-04-13,48,14,0,2,0.0,0,7.0,1,1,0,2,8,0,0,0,0,0,0,3,11,0,51,51,1.21,1,2,23.0,3,0,7.666666666666667,9,0.3333333333333333,Store,Wine,Moderately Active
2836,1972,Phd,Married,43269.0,1,0,2013-09-16,61,10,1,7,0.0,0,1.0,1,1,0,2,8,0,0,0,0,0,0,3,11,0,53,53,0.78,1,2,19.0,3,0,6.333333333333333,9,0.3333333333333333,Store,Wine,Inactive
8418,1958,2N Cycle,Single,38741.0,1,1,2014-03-30,60,7,10,17,8.0,6,13.0,2,2,0,3,7,0,0,0,0,0,0,3,11,0,67,67,0.25,2,3,61.0,5,0,12.2,9,0.4,Store,Meat,Moderately Active
1362,1972,Graduation,Single,31907.0,0,0,2013-03-04,75,33,81,64,120.5,16,74.0,1,6,1,6,7,0,0,0,0,0,0,3,11,0,53,53,1.32,0,1,388.5,13,0,29.884615384615383,13,0.07692307692307693,Web,Fish,Inactive
7152,1983,Master,Married,27100.0,1,0,2013-04-05,64,12,0,13,2.0,0,10.0,1,1,0,3,7,0,0,0,0,0,0,3,11,0,42,42,1.23,1,2,37.0,4,0,9.25,8,0.25,Store,Meat,Inactive
10033,1973,2N Cycle,Divorced,31163.0,1,0,2014-02-13,54,2,3,10,11.0,2,10.0,1,1,0,3,6,0,0,0,0,0,0,3,11,0,52,52,0.37,1,2,38.0,4,0,9.5,7,0.25,Store,Fish,Moderately Active
9349,1985,Graduation,Married,92533.0,0,0,2013-12-19,84,693,21,118,110.0,81,42.0,1,6,5,11,2,0,0,1,1,0,0,3,11,0,40,40,0.53,0,1,1065.0,22,2,48.40909090909091,8,0.045454545454545456,Store,Wine,Inactive
274,1973,Graduation,Single,34853.0,1,1,2013-12-23,75,9,3,15,2.0,3,2.0,2,2,0,3,6,0,0,0,0,0,0,3,11,0,52,52,0.51,2,3,34.0,5,0,6.8,8,0.4,Store,Meat,Inactive
3388,1967,Graduation,Divorced,70844.0,1,1,2013-10-30,16,129,26,67,3.0,67,2.0,5,6,1,5,7,0,0,0,0,0,0,3,11,0,58,58,0.66,2,3,294.0,12,0,24.5,13,0.4166666666666667,Web,Wine,Highly Active
922,1979,2N Cycle,Married,31086.0,1,1,2013-05-04,79,16,2,11,3.0,0,16.0,2,1,1,2,8,1,0,0,0,0,0,3,11,0,46,46,1.15,2,3,48.0,4,1,12.0,9,0.5,Store,Wine,Inactive
8588,1961,Graduation,Married,60544.0,1,1,2012-08-25,92,201,2,43,3.0,5,35.0,4,5,1,5,6,0,0,0,0,0,0,3,11,0,64,64,1.84,2,3,289.0,11,0,26.272727272727273,11,0.36363636363636365,Web,Wine,Inactive
2518,1986,2N Cycle,Together,20491.0,0,0,2013-01-25,16,5,4,5,4.0,2,10.0,1,0,1,2,7,0,0,0,0,0,0,3,11,0,39,39,1.42,0,1,30.0,3,0,10.0,7,0.3333333333333333,Store,Gold,Highly Active
574,1964,Graduation,Married,42523.0,0,0,2014-04-23,96,14,36,11,3.0,26,35.0,1,1,1,4,2,0,0,0,0,0,0,3,11,0,61,61,0.18,0,1,125.0,6,0,20.833333333333332,3,0.16666666666666666,Store,Fruits,Inactive
3220,1983,Graduation,Married,39922.0,1,0,2013-02-14,30,29,12,59,19.0,1,36.0,2,3,0,4,8,0,0,0,0,0,0,3,11,0,42,42,1.37,1,2,156.0,7,0,22.285714285714285,11,0.2857142857142857,Store,Meat,Highly Active
5967,1952,Graduation,Together,33402.0,1,1,2013-07-18,60,26,2,19,10.0,5,8.0,3,2,1,3,8,0,0,0,0,0,0,3,11,0,73,73,0.95,2,3,70.0,6,0,11.666666666666666,10,0.5,Store,Wine,Moderately Active
1183,1949,Master,Married,36408.0,1,1,2013-09-21,11,9,1,4,3.0,2,3.0,1,1,0,2,6,0,0,0,0,0,0,3,11,0,76,76,0.77,2,3,22.0,3,0,7.333333333333333,7,0.3333333333333333,Store,Wine,Highly Active
6856,1979,Graduation,Together,21645.0,1,0,2012-09-03,75,14,0,23,4.0,5,19.0,3,3,0,3,9,0,0,0,0,0,0,3,11,1,46,46,1.82,1,2,65.0,6,0,10.833333333333334,12,0.5,Web,Meat,Inactive
4530,1948,Master,Widow,78427.0,0,0,2012-10-24,36,972,19,556,120.5,26,126.5,3,3,7,10,3,0,0,0,1,0,0,3,11,1,77,77,1.68,0,1,1820.0,20,1,91.0,6,0.15,Store,Wine,Moderately Active
1553,1946,Graduation,Together,82657.0,0,0,2013-09-27,71,966,81,556,120.5,81,126.0,1,7,5,10,4,0,1,0,1,0,0,3,11,0,79,79,0.75,0,1,1930.5,22,2,87.75,11,0.045454545454545456,Store,Wine,Inactive
4682,1958,Graduation,Married,51876.0,0,0,2013-10-15,88,99,27,102,28.0,48,6.0,1,2,2,8,1,0,0,0,0,0,0,3,11,0,67,67,0.7,0,1,310.0,12,0,25.833333333333332,3,0.08333333333333333,Store,Meat,Inactive
8204,1971,2N Cycle,Married,78041.0,0,0,2012-12-16,93,482,35,553,72.0,81,17.0,1,4,4,9,2,0,0,0,0,0,0,3,11,0,54,54,1.53,0,1,1240.0,17,0,72.94117647058823,6,0.058823529411764705,Store,Meat,Inactive
5221,1957,Graduation,Married,52852.0,0,1,2012-12-01,93,714,8,99,11.0,0,47.0,4,10,7,5,8,1,0,0,0,0,0,3,11,0,68,68,1.57,1,2,879.0,22,1,39.95454545454545,18,0.18181818181818182,Web,Wine,Inactive
1232,1982,Phd,Together,70038.0,0,0,2013-10-25,54,587,54,348,71.0,54,126.5,1,4,4,8,2,0,0,0,0,0,0,3,11,0,43,43,0.68,0,1,1240.5,16,0,77.53125,6,0.0625,Store,Wine,Moderately Active
1927,1973,2N Cycle,Together,69401.0,0,1,2014-03-23,41,399,27,159,58.0,8,39.0,4,4,4,5,2,0,0,0,0,0,0,3,11,0,52,52,0.27,1,2,690.0,13,0,53.07692307692308,6,0.3076923076923077,Store,Wine,Moderately Active
5788,1972,Graduation,Together,46053.0,1,0,2013-02-17,46,56,10,92,19.0,7,25.0,3,3,2,4,5,0,0,0,0,0,0,3,11,0,53,53,1.36,1,2,209.0,9,0,23.22222222222222,8,0.3333333333333333,Store,Meat,Moderately Active
6652,1965,Graduation,Married,77343.0,0,0,2014-06-09,28,227,81,556,98.0,54,31.0,1,3,4,9,1,0,0,0,0,0,0,3,11,0,60,60,0.05,0,1,1047.0,16,0,65.4375,4,0.0625,Store,Meat,Highly Active
6246,1953,Graduation,Single,73892.0,0,0,2013-11-13,40,703,81,556,0.0,58,43.0,1,3,11,8,1,0,0,0,0,0,0,3,11,1,72,72,0.62,0,1,1441.0,22,0,65.5,4,0.045454545454545456,Catalog,Wine,Moderately Active
5975,1967,Phd,Single,40304.0,1,0,2013-09-30,82,37,0,17,0.0,0,3.0,1,2,0,3,7,0,0,0,0,0,0,3,11,0,58,58,0.74,1,2,57.0,5,0,11.4,9,0.2,Store,Wine,Inactive
6875,1965,Phd,Together,32727.0,0,0,2012-08-28,38,167,13,180,86.0,13,70.0,2,7,3,5,8,0,0,0,0,0,0,3,11,0,60,60,1.83,0,1,529.0,15,0,35.266666666666666,15,0.13333333333333333,Web,Meat,Moderately Active
4399,1969,Graduation,Together,68695.0,0,0,2014-06-25,3,458,81,356,106.0,50,40.0,1,4,4,7,2,0,0,0,0,0,0,3,11,0,56,56,0.01,0,1,1091.0,15,0,72.73333333333333,6,0.06666666666666667,Store,Wine,Highly Active
4042,1971,Graduation,Divorced,43300.0,0,1,2012-10-13,87,91,3,52,2.0,1,31.0,3,4,0,4,8,0,0,0,0,0,0,3,11,1,54,54,1.71,1,2,180.0,8,0,22.5,12,0.375,Web,Wine,Inactive
2157,1972,Graduation,Together,26290.0,1,1,2013-01-12,49,15,8,16,11.0,5,22.0,4,2,0,4,6,0,0,0,0,0,0,3,11,0,53,53,1.46,2,3,77.0,6,0,12.833333333333334,8,0.6666666666666666,Store,Gold,Moderately Active
10133,1970,Graduation,Single,93790.0,0,0,2014-02-12,16,1224,68,556,89.0,81,45.0,0,6,7,12,2,0,1,1,1,0,0,3,11,1,55,55,0.38,0,1,2063.0,25,3,82.52,8,0.0,Store,Wine,Highly Active
2525,1974,Phd,Married,38410.0,0,0,2012-09-14,65,153,64,123,116.0,64,14.0,2,5,2,9,6,0,0,0,0,0,0,3,11,1,51,51,1.79,0,1,534.0,16,0,33.375,11,0.125,Store,Wine,Inactive
8233,1950,Master,Widow,64866.0,0,1,2014-01-26,9,508,5,21,7.0,5,10.0,4,7,3,7,5,0,1,0,0,0,0,3,11,0,75,75,0.42,1,2,556.0,17,1,32.705882352941174,12,0.23529411764705882,Web,Wine,Highly Active
9483,1959,Graduation,Together,57957.0,0,1,2013-08-19,24,290,59,177,77.0,5,29.0,7,4,6,8,3,0,0,0,0,0,1,3,11,0,66,66,0.86,1,2,637.0,18,0,35.388888888888886,7,0.3888888888888889,Store,Wine,Highly Active
2945,1955,Phd,Together,46015.0,1,1,2014-04-13,25,38,0,2,0.0,0,6.0,1,1,0,3,7,1,0,0,0,1,0,3,11,0,70,70,0.21,2,3,46.0,4,2,11.5,8,0.25,Store,Wine,Highly Active
10403,1978,Graduation,Together,16531.0,1,0,2014-06-18,43,2,13,6,7.0,5,11.0,3,3,0,3,7,0,0,0,0,0,0,3,11,0,47,47,0.03,1,2,44.0,6,0,7.333333333333333,10,0.5,Web,Fruits,Moderately Active
5074,1986,Master,Married,28072.0,1,0,2013-07-08,10,30,0,10,2.0,0,5.0,1,1,0,3,7,0,0,0,0,0,0,3,11,0,39,39,0.97,1,2,47.0,4,0,11.75,8,0.25,Store,Wine,Highly Active
10524,1963,Master,Divorced,49476.0,0,1,2013-06-20,29,386,23,95,54.0,41,126.5,4,2,11,5,2,0,0,0,0,0,0,3,11,0,62,62,1.02,1,2,725.5,18,0,40.30555555555556,4,0.2222222222222222,Catalog,Wine,Highly Active
4690,1953,Graduation,Married,50725.0,0,1,2013-02-13,45,443,10,75,0.0,10,48.0,4,8,1,8,8,0,0,0,0,0,0,3,11,0,72,72,1.37,1,2,586.0,17,0,34.470588235294116,16,0.23529411764705882,Web,Wine,Moderately Active
7521,1952,Graduation,Together,83844.0,0,0,2013-05-12,57,901,31,345,75.0,31,126.5,1,4,4,11,1,0,0,1,0,0,0,3,11,0,73,73,1.13,0,1,1509.5,19,1,79.44736842105263,5,0.05263157894736842,Store,Wine,Moderately Active
7196,1950,Phd,Married,41145.0,1,1,2014-02-08,20,9,0,3,0.0,0,1.0,1,0,0,3,3,0,0,0,0,0,0,3,11,0,75,75,0.39,2,3,13.0,3,0,4.333333333333333,3,0.3333333333333333,Store,Wine,Highly Active
4406,1970,Graduation,Together,67419.0,0,1,2013-01-16,29,846,81,352,91.0,56,42.0,4,9,4,8,5,0,0,0,0,0,0,3,11,0,55,55,1.45,1,2,1468.0,21,0,69.9047619047619,14,0.19047619047619047,Web,Wine,Highly Active
9672,1970,2N Cycle,Married,23162.0,1,1,2013-12-21,82,8,3,9,19.0,4,22.0,3,1,1,3,6,0,0,0,0,0,0,3,11,0,55,55,0.52,2,3,65.0,5,0,13.0,7,0.6,Store,Gold,Inactive
4864,1977,Graduation,Married,34380.0,1,0,2013-05-02,68,72,7,58,13.0,1,24.0,4,4,1,3,8,0,0,0,0,0,0,3,11,0,48,48,1.16,1,2,175.0,8,0,21.875,12,0.5,Web,Wine,Inactive
4706,1966,Graduation,Single,34704.0,0,1,2013-04-27,65,29,0,5,0.0,1,5.0,1,1,0,3,5,0,0,0,0,0,0,3,11,0,59,59,1.17,1,2,40.0,4,0,10.0,6,0.25,Store,Wine,Inactive
4070,1969,Phd,Married,94871.0,0,2,2012-09-01,99,169,24,553,120.5,0,126.5,1,8,5,4,7,0,1,1,0,0,0,3,11,1,56,56,1.82,2,3,993.0,17,2,58.411764705882355,15,0.058823529411764705,Web,Meat,Inactive
25,1958,Graduation,Married,65148.0,0,1,2012-11-16,9,460,35,422,33.0,12,126.5,2,6,6,7,4,0,0,0,0,0,0,3,11,0,67,67,1.62,1,2,1088.5,19,0,57.28947368421053,10,0.10526315789473684,Store,Wine,Highly Active
3697,1954,Graduation,Together,39898.0,0,1,2013-02-12,20,69,8,26,12.0,7,12.0,2,3,0,4,7,0,0,0,0,0,0,3,11,0,71,71,1.37,1,2,134.0,7,0,19.142857142857142,10,0.2857142857142857,Store,Wine,Highly Active
217,1956,Master,Single,64857.0,0,0,2012-11-23,78,556,14,556,120.5,0,43.0,1,7,5,10,4,0,0,0,0,0,0,3,11,0,69,69,1.6,0,1,1289.5,22,0,58.61363636363637,11,0.045454545454545456,Store,Wine,Inactive
4220,1970,Phd,Married,59892.0,0,1,2013-11-02,26,73,0,13,0.0,1,0.0,1,2,1,3,3,0,0,0,0,0,0,3,11,0,55,55,0.65,1,2,87.0,6,0,14.5,5,0.16666666666666666,Store,Wine,Highly Active
5286,1987,Master,Single,41020.0,0,0,2013-10-28,68,112,1,54,7.0,7,36.0,1,3,2,4,3,0,0,0,0,0,0,3,11,0,38,38,0.67,0,1,217.0,9,0,24.11111111111111,6,0.1111111111111111,Store,Wine,Inactive
9559,1961,Phd,Married,57072.0,0,1,2014-01-24,79,944,0,60,0.0,0,30.0,2,7,5,13,5,1,0,0,0,0,0,3,11,0,64,64,0.43,1,2,1034.0,25,1,41.36,12,0.08,Store,Wine,Inactive
2849,1979,Graduation,Single,60474.0,0,1,2013-04-01,25,265,81,303,120.5,9,126.5,7,10,2,12,7,0,0,0,0,0,0,3,11,0,46,46,1.24,1,2,905.0,24,0,37.708333333333336,17,0.2916666666666667,Store,Meat,Highly Active
7787,1960,Graduation,Together,62807.0,0,1,2012-08-31,83,526,28,135,10.0,21,99.0,3,5,3,12,5,0,0,0,0,0,0,3,11,0,65,65,1.83,1,2,819.0,20,0,40.95,10,0.15,Store,Wine,Inactive
3102,1981,2N Cycle,Together,19414.0,1,0,2013-10-16,32,2,3,12,3.0,5,7.0,1,1,0,3,8,0,0,0,0,0,0,3,11,0,44,44,0.7,1,2,32.0,4,0,8.0,9,0.25,Store,Meat,Moderately Active
5868,1980,Graduation,Married,19107.0,1,0,2013-08-22,49,2,4,9,10.0,5,16.0,2,1,0,3,7,0,0,0,0,0,0,3,11,0,45,45,0.85,1,2,46.0,4,0,11.5,8,0.5,Store,Gold,Moderately Active
8370,1976,2N Cycle,Together,75484.0,0,1,2012-08-02,50,378,81,259,120.5,81,34.0,2,7,3,6,4,0,0,0,0,0,0,3,11,0,49,49,1.91,1,2,953.5,16,0,59.59375,11,0.125,Web,Wine,Moderately Active
9988,1976,Master,Single,70379.0,0,1,2013-03-03,84,553,25,142,65.0,67,8.0,3,6,3,13,4,0,0,0,0,0,0,3,11,0,49,49,1.32,1,2,860.0,22,0,39.09090909090909,10,0.13636363636363635,Store,Wine,Inactive
2939,1970,Master,Together,79419.0,0,0,2014-06-22,96,751,81,556,20.0,15,31.0,1,4,6,4,2,0,0,0,0,0,0,3,11,0,55,55,0.02,0,1,1454.0,14,0,103.85714285714286,6,0.07142857142857142,Catalog,Wine,Inactive
5529,1946,Phd,Together,64014.0,2,1,2014-06-10,56,406,0,30,0.0,0,8.0,7,8,2,5,7,0,0,0,1,0,0,3,11,0,79,79,0.05,3,4,444.0,15,1,29.6,15,0.4666666666666667,Web,Wine,Moderately Active
9743,1955,Graduation,Married,76998.0,0,1,2013-01-11,85,1224,81,161,69.0,35,107.0,2,11,8,8,6,0,0,1,0,0,0,3,11,0,70,70,1.46,1,2,1677.0,27,1,62.111111111111114,17,0.07407407407407407,Web,Wine,Inactive
5763,1972,Master,Together,49854.0,1,0,2013-11-10,63,123,17,171,39.0,0,30.0,5,6,2,5,6,0,0,0,0,0,0,3,11,0,53,53,0.63,1,2,380.0,13,0,29.23076923076923,12,0.38461538461538464,Web,Meat,Inactive
3478,1971,Phd,Married,60585.0,1,1,2013-06-24,17,267,42,309,55.0,42,21.0,10,7,4,9,5,0,0,0,0,0,0,3,11,1,54,54,1.01,2,3,736.0,20,0,36.8,12,0.5,Store,Meat,Highly Active
7494,1950,Phd,Divorced,42873.0,1,1,2013-01-21,11,209,0,40,3.0,2,15.0,4,6,1,4,8,0,0,0,0,0,0,3,11,0,75,75,1.43,2,3,269.0,11,0,24.454545454545453,14,0.36363636363636365,Web,Wine,Highly Active
1763,1988,Graduation,Together,87679.0,0,0,2013-07-27,62,1224,81,556,97.0,81,33.0,1,7,11,10,4,1,0,1,1,0,0,3,11,1,37,37,0.92,0,1,2072.0,28,3,74.0,11,0.03571428571428571,Catalog,Wine,Inactive
7250,1978,Graduation,Together,57867.0,1,0,2013-10-01,48,344,35,178,15.0,23,17.0,7,7,2,9,6,0,0,0,0,0,0,3,11,0,47,47,0.74,1,2,612.0,18,0,34.0,13,0.3888888888888889,Store,Wine,Moderately Active
2005,1990,Graduation,Married,35765.0,1,0,2013-12-11,86,22,3,30,0.0,5,15.0,2,2,0,4,6,0,0,0,0,0,0,3,11,0,35,35,0.55,1,2,75.0,6,0,12.5,8,0.3333333333333333,Store,Meat,Inactive
10770,1959,Graduation,Married,65492.0,0,0,2014-01-26,73,247,81,295,120.5,81,47.0,2,4,7,13,2,0,0,0,0,0,0,3,11,0,66,66,0.42,0,1,871.5,24,0,36.3125,6,0.08333333333333333,Store,Meat,Inactive
6885,1977,Graduation,Divorced,32952.0,1,0,2013-12-01,36,38,0,12,3.0,1,1.0,1,2,0,3,7,0,0,0,0,0,0,3,11,0,48,48,0.57,1,2,55.0,5,0,11.0,9,0.2,Store,Wine,Moderately Active
2072,1969,Phd,Together,53374.0,0,1,2012-08-16,34,896,10,101,13.0,10,34.0,6,4,2,9,9,1,0,0,0,0,0,3,11,1,56,56,1.87,1,2,1064.0,15,1,70.93333333333334,13,0.4,Store,Wine,Moderately Active
9463,1959,Graduation,Together,71706.0,0,1,2012-11-13,16,931,56,253,91.0,81,14.0,4,9,5,7,5,0,0,0,0,0,0,3,11,0,66,66,1.62,1,2,1426.0,21,0,67.9047619047619,14,0.19047619047619047,Web,Wine,Highly Active
6318,1988,Graduation,Married,68487.0,0,0,2013-01-13,48,758,12,385,33.0,81,89.0,1,9,7,13,4,0,0,0,0,0,0,3,11,0,37,37,1.46,0,1,1358.0,29,0,46.827586206896555,13,0.034482758620689655,Store,Wine,Moderately Active
4093,1975,Master,Together,53253.0,1,1,2013-02-11,61,216,9,57,20.0,9,125.0,7,4,3,5,5,0,0,0,0,0,0,3,11,0,50,50,1.38,2,3,436.0,12,0,36.333333333333336,9,0.5833333333333334,Store,Wine,Inactive
5751,1973,2N Cycle,Divorced,31163.0,1,0,2014-02-13,54,2,3,10,11.0,2,10.0,1,1,0,3,6,0,0,0,0,0,0,3,11,0,52,52,0.37,1,2,38.0,4,0,9.5,7,0.25,Store,Fish,Moderately Active
3340,1977,Graduation,Married,42014.0,1,0,2012-08-17,56,244,15,108,4.0,15,50.0,6,7,1,6,8,0,0,0,0,0,0,3,11,1,48,48,1.86,1,2,436.0,14,0,31.142857142857142,15,0.42857142857142855,Web,Wine,Moderately Active
3594,1973,Master,Married,54108.0,1,1,2012-11-05,74,539,6,91,8.0,6,97.0,13,8,2,9,8,0,0,0,0,0,0,3,11,0,52,52,1.65,2,3,747.0,19,0,39.31578947368421,16,0.6842105263157895,Store,Wine,Inactive
3584,1955,Phd,Single,49667.0,0,0,2012-08-20,35,1181,26,120,17.0,13,39.0,2,5,10,5,8,1,0,0,0,0,0,3,11,1,70,70,1.86,0,1,1396.0,20,1,69.8,13,0.1,Catalog,Wine,Moderately Active
3643,1974,Master,Married,63206.0,0,0,2014-03-20,65,750,8,125,11.0,8,26.0,1,4,3,6,2,0,0,1,0,0,0,3,11,0,51,51,0.28,0,1,928.0,13,1,71.38461538461539,6,0.07692307692307693,Store,Wine,Inactive
851,1972,Master,Married,57136.0,1,1,2013-07-09,48,306,5,109,21.0,81,92.0,9,5,2,10,6,0,0,0,0,0,0,3,11,0,53,53,0.97,2,3,614.0,17,0,36.11764705882353,11,0.5294117647058824,Store,Wine,Moderately Active
7706,1975,2N Cycle,Together,46772.0,0,1,2012-11-07,88,350,81,189,120.5,81,57.0,6,11,8,5,8,1,0,0,0,0,0,3,11,0,50,50,1.64,1,2,878.5,24,1,36.604166666666664,19,0.25,Web,Wine,Inactive
3967,1971,Phd,Married,78931.0,0,0,2013-10-25,19,331,81,170,58.0,81,35.0,1,2,8,13,1,0,0,0,0,0,0,3,11,0,54,54,0.68,0,1,756.0,23,0,32.869565217391305,3,0.043478260869565216,Store,Wine,Highly Active
10128,1958,Graduation,Together,53977.0,0,1,2013-06-08,21,620,16,165,0.0,24,82.0,5,5,5,12,5,0,0,0,0,0,0,3,11,0,67,67,1.06,1,2,907.0,22,0,41.22727272727273,10,0.22727272727272727,Store,Wine,Highly Active
486,1988,Graduation,Married,84219.0,0,0,2014-02-02,27,434,81,400,45.0,81,45.0,1,3,4,10,1,0,0,0,0,0,0,3,11,0,37,37,0.4,0,1,1086.0,17,0,63.88235294117647,4,0.058823529411764705,Store,Wine,Highly Active
9,1975,Master,Single,46098.0,1,1,2012-08-18,86,57,0,27,0.0,0,36.0,4,3,2,2,8,0,0,0,0,0,0,3,11,0,50,50,1.86,2,3,120.0,7,0,17.142857142857142,11,0.5714285714285714,Web,Wine,Inactive
9451,1965,Graduation,Married,73538.0,0,1,2012-11-25,92,811,76,428,99.0,81,107.0,3,10,4,9,7,0,0,0,0,0,0,3,11,0,60,60,1.59,1,2,1602.0,23,0,69.65217391304348,17,0.13043478260869565,Web,Wine,Inactive
9264,1986,Graduation,Married,79529.0,0,0,2014-04-27,1,423,42,556,73.0,81,126.5,1,4,8,9,2,0,0,0,0,0,0,3,11,0,39,39,0.17,0,1,1301.5,21,0,61.976190476190474,6,0.047619047619047616,Store,Meat,Highly Active
3865,1977,2N Cycle,Together,20981.0,0,0,2013-04-30,14,2,12,10,6.0,13,30.0,1,3,1,2,8,0,0,0,0,0,0,3,11,1,48,48,1.16,0,1,73.0,6,0,12.166666666666666,11,0.16666666666666666,Web,Gold,Highly Active
2853,1980,Graduation,Single,51766.0,1,0,2014-03-11,74,60,51,87,6.0,20,51.0,2,4,2,4,5,0,0,0,0,0,0,3,11,0,45,45,0.3,1,2,275.0,10,0,27.5,9,0.2,Web,Meat,Inactive
1490,1962,Graduation,Married,55759.0,0,1,2012-11-28,84,675,0,85,10.0,7,77.0,5,10,3,8,8,0,0,0,0,0,0,3,11,0,63,63,1.58,1,2,854.0,21,0,40.666666666666664,18,0.23809523809523808,Web,Wine,Inactive
6310,1978,Graduation,Married,33039.0,1,0,2013-09-09,4,30,8,12,8.0,8,12.0,1,2,0,4,5,0,0,0,0,0,0,3,11,0,47,47,0.8,1,2,78.0,6,0,13.0,7,0.16666666666666666,Store,Wine,Highly Active
10380,1972,Master,Married,37787.0,1,0,2013-09-20,50,40,1,40,4.0,3,18.0,1,3,0,3,8,0,0,0,0,0,0,3,11,0,53,53,0.77,1,2,106.0,6,0,17.666666666666668,11,0.16666666666666666,Web,Wine,Moderately Active
3887,1970,Graduation,Single,27242.0,1,0,2012-11-11,2,3,17,26,20.0,1,39.0,2,2,0,3,9,0,0,0,0,0,0,3,11,1,55,55,1.63,1,2,106.0,5,0,21.2,11,0.4,Store,Gold,Highly Active
4278,1983,Phd,Single,87188.0,0,0,2013-06-03,73,910,81,556,49.0,74,55.0,1,10,2,6,3,0,0,0,0,0,0,3,11,1,42,42,1.07,0,1,1725.0,18,0,95.83333333333333,13,0.05555555555555555,Web,Wine,Inactive
8643,1971,Graduation,Together,69930.0,0,0,2013-05-26,21,252,81,556,120.5,70,126.5,1,4,5,12,3,0,0,0,0,0,0,3,11,0,54,54,1.09,0,1,1206.0,21,0,57.42857142857143,7,0.047619047619047616,Store,Meat,Highly Active
1998,1976,Graduation,Single,37697.0,1,0,2014-02-07,82,34,6,21,11.0,4,8.0,1,2,1,3,6,0,0,0,0,0,0,3,11,0,49,49,0.39,1,2,84.0,6,0,14.0,8,0.16666666666666666,Store,Wine,Inactive
10795,1973,Phd,Married,37401.0,1,0,2014-05-06,14,19,3,19,3.0,1,3.0,2,2,0,3,7,0,0,0,0,0,0,3,11,0,52,52,0.15,1,2,48.0,5,0,9.6,9,0.4,Store,Wine,Highly Active
11110,1973,Graduation,Single,3502.0,1,0,2013-04-13,56,2,1,1,0.0,0,1.0,0,0,0,0,14,0,0,0,0,0,0,3,11,0,52,52,1.21,1,2,5.0,0,0,0.0,14,0.0,Web,Wine,Moderately Active
2408,1976,Graduation,Married,58597.0,1,1,2012-11-20,20,490,0,184,10.0,28,21.0,12,7,4,9,7,0,0,0,0,0,0,3,11,0,49,49,1.6,2,3,733.0,20,0,36.65,14,0.6,Store,Wine,Highly Active
202,1948,Phd,Widow,82032.0,0,0,2014-04-05,54,332,81,377,120.5,81,57.0,0,4,6,7,1,0,0,0,0,0,0,3,11,0,77,77,0.23,0,1,1048.5,17,0,61.6764705882353,5,0.0,Store,Meat,Moderately Active
7998,1958,Graduation,Together,28087.0,1,1,2012-12-11,77,53,8,17,13.0,0,21.0,3,2,2,2,7,0,0,0,0,0,0,3,11,0,67,67,1.55,2,3,112.0,6,0,18.666666666666668,9,0.5,Web,Wine,Inactive
830,1987,Phd,Single,74004.0,0,0,2014-02-24,5,784,48,556,42.0,81,48.0,1,4,6,4,3,0,0,1,1,0,0,3,11,1,38,38,0.34,0,1,1559.0,14,2,111.35714285714286,7,0.07142857142857142,Catalog,Wine,Highly Active
3536,1960,Graduation,Together,19740.0,0,1,2013-03-24,65,7,11,3,10.0,4,20.0,2,1,1,3,5,0,0,0,0,0,0,3,11,0,65,65,1.26,1,2,55.0,5,0,11.0,6,0.4,Store,Gold,Inactive
6050,1975,2N Cycle,Married,57036.0,0,1,2012-12-11,33,1171,43,219,19.0,14,47.0,4,6,3,13,9,1,0,0,0,0,0,3,11,0,50,50,1.55,1,2,1513.0,22,1,68.77272727272727,15,0.18181818181818182,Store,Wine,Moderately Active
125,1958,2N Cycle,Together,53083.0,1,1,2013-05-15,65,215,7,33,3.0,0,13.0,6,5,1,5,7,0,1,0,0,0,0,3,11,0,67,67,1.12,2,3,271.0,11,1,24.636363636363637,12,0.5454545454545454,Web,Wine,Inactive
3463,1975,Phd,Married,69283.0,0,1,2014-06-14,41,674,62,134,0.0,26,8.0,4,7,3,13,5,0,0,0,0,0,0,3,11,0,50,50,0.04,1,2,904.0,23,0,39.30434782608695,12,0.17391304347826086,Store,Wine,Moderately Active
2804,1975,Master,Single,46098.0,1,1,2012-08-18,86,57,0,27,0.0,0,36.0,4,3,2,2,8,0,0,0,0,0,0,3,11,1,50,50,1.86,2,3,120.0,7,0,17.142857142857142,11,0.5714285714285714,Web,Wine,Inactive
3745,1988,2N Cycle,Married,23331.0,1,0,2012-09-04,92,5,36,7,0.0,10,45.0,2,3,0,3,8,0,0,0,0,0,0,3,11,0,37,37,1.82,1,2,103.0,6,0,17.166666666666668,11,0.3333333333333333,Web,Gold,Inactive
9771,1988,2N Cycle,Single,23331.0,1,0,2012-10-05,97,104,20,101,24.0,15,5.0,6,5,1,5,9,0,0,0,0,0,0,3,11,0,37,37,1.73,1,2,269.0,11,0,24.454545454545453,14,0.5454545454545454,Web,Wine,Inactive
451,1989,Graduation,Single,9255.0,1,0,2013-12-20,91,9,0,7,2.0,0,4.0,1,1,1,2,8,0,0,0,0,0,0,3,11,0,36,36,0.52,1,2,22.0,4,0,5.5,9,0.25,Store,Wine,Inactive
10530,1959,Phd,Widow,67786.0,0,0,2013-12-07,0,431,81,441,80.0,20,102.0,1,3,6,6,1,0,0,0,0,0,0,3,11,1,66,66,0.56,0,1,1155.0,15,0,77.0,4,0.06666666666666667,Catalog,Meat,Highly Active
1079,1971,Phd,Married,71969.0,0,1,2012-10-16,59,1000,0,76,0.0,0,10.0,3,3,4,9,8,0,1,0,0,0,0,3,11,0,54,54,1.7,1,2,1086.0,16,1,67.875,11,0.1875,Store,Wine,Moderately Active
8920,1967,Master,Single,59235.0,1,0,2013-01-12,4,448,40,469,80.0,0,91.0,3,11,2,12,7,0,0,0,0,0,0,3,11,0,58,58,1.46,1,2,1128.0,25,0,45.12,18,0.12,Store,Meat,Highly Active
6678,1989,Graduation,Together,31928.0,1,0,2014-03-28,5,33,4,24,4.0,2,5.0,2,3,0,4,7,0,0,0,0,0,0,3,11,0,36,36,0.25,1,2,72.0,7,0,10.285714285714286,10,0.2857142857142857,Store,Wine,Highly Active
3852,1961,Master,Together,74881.0,1,1,2013-03-08,48,505,72,270,36.0,27,54.0,4,9,2,12,5,0,0,0,0,0,0,3,11,0,64,64,1.31,2,3,964.0,23,0,41.91304347826087,14,0.17391304347826086,Store,Wine,Moderately Active
528,1978,Graduation,Married,65819.0,0,0,2012-11-29,99,267,38,556,120.5,81,63.0,1,5,4,10,3,0,0,0,0,0,0,3,11,0,47,47,1.58,0,1,1125.5,19,0,59.23684210526316,8,0.05263157894736842,Store,Meat,Inactive
73,1953,Phd,Single,51411.0,1,2,2013-05-26,81,14,0,3,0.0,0,1.0,1,0,0,3,5,0,0,0,0,0,0,3,11,0,72,72,1.09,3,4,18.0,3,0,6.0,5,0.3333333333333333,Store,Wine,Inactive
5589,1964,Graduation,Divorced,51983.0,0,1,2012-08-31,95,631,0,115,10.0,7,30.0,3,9,2,10,7,0,0,0,0,0,0,3,11,0,61,61,1.83,1,2,793.0,21,0,37.76190476190476,16,0.14285714285714285,Store,Wine,Inactive
10212,1986,Master,Together,42386.0,1,0,2013-01-13,43,65,4,16,0.0,4,11.0,1,3,0,3,8,0,0,0,0,0,0,3,11,0,39,39,1.46,1,2,100.0,6,0,16.666666666666668,11,0.16666666666666666,Web,Wine,Moderately Active
6365,1987,2N Cycle,Married,30390.0,0,0,2013-09-02,5,10,12,12,25.0,1,20.0,1,2,0,3,6,0,0,0,0,0,0,3,11,0,38,38,0.82,0,1,80.0,5,0,16.0,8,0.2,Store,Fish,Highly Active
5636,1963,Graduation,Single,30983.0,0,0,2012-11-09,50,51,4,50,12.0,1,49.0,1,4,0,3,8,0,0,0,0,0,0,3,11,1,62,62,1.63,0,1,167.0,7,0,23.857142857142858,12,0.14285714285714285,Web,Wine,Moderately Active
591,1957,Graduation,Widow,66033.0,0,1,2013-01-20,76,293,35,179,46.0,59,65.0,2,8,3,7,7,0,0,0,0,0,0,3,11,0,68,68,1.44,1,2,677.0,18,0,37.611111111111114,15,0.1111111111111111,Web,Wine,Inactive
2217,1975,2N Cycle,Married,37284.0,1,1,2013-03-29,46,11,1,2,2.0,1,6.0,1,0,0,3,6,0,0,0,0,0,0,3,11,0,50,50,1.25,2,3,23.0,3,0,7.666666666666667,6,0.3333333333333333,Store,Wine,Moderately Active
2544,1951,Master,Divorced,57530.0,0,1,2013-10-12,68,50,1,27,6.0,7,1.0,1,1,1,4,1,0,0,0,0,0,0,3,11,0,74,74,0.71,1,2,92.0,6,0,15.333333333333334,2,0.16666666666666666,Store,Wine,Inactive
7725,1965,2N Cycle,Married,76800.0,0,0,2014-03-08,33,173,26,255,35.0,71,81.0,1,4,4,7,1,0,0,0,0,0,0,3,11,0,60,60,0.31,0,1,641.0,15,0,42.733333333333334,5,0.06666666666666667,Store,Meat,Moderately Active
8091,1956,Graduation,Married,63943.0,0,1,2012-09-02,50,423,81,368,13.0,81,21.0,1,6,4,6,5,0,0,0,0,0,0,3,11,0,69,69,1.82,1,2,987.0,16,0,61.6875,11,0.0625,Web,Wine,Moderately Active
7321,1962,Graduation,Together,76081.0,0,0,2014-05-23,85,292,30,415,63.0,33,126.5,1,4,5,4,2,0,0,0,1,0,0,3,11,0,63,63,0.1,0,1,959.5,13,1,73.8076923076923,6,0.07692307692307693,Catalog,Meat,Inactive
5462,1974,Graduation,Married,67445.0,0,1,2012-08-12,63,757,80,217,29.0,80,11.0,5,9,6,12,6,0,0,0,0,0,0,3,11,0,51,51,1.88,1,2,1174.0,27,0,43.48148148148148,15,0.18518518518518517,Store,Wine,Inactive
7791,1967,Master,Married,37054.0,1,1,2013-09-15,89,12,1,6,0.0,1,5.0,2,1,0,3,7,0,0,0,0,0,0,3,11,0,58,58,0.79,2,3,25.0,4,0,6.25,8,0.5,Store,Wine,Inactive
955,1962,Master,Together,47175.0,1,1,2012-10-28,81,167,2,44,6.0,2,19.0,7,4,2,4,8,1,0,0,0,0,0,3,11,1,63,63,1.67,2,3,240.0,10,1,24.0,12,0.7,Web,Wine,Inactive
4037,1976,Graduation,Divorced,31859.0,1,0,2013-06-14,77,3,1,3,8.0,0,5.0,1,1,0,2,7,0,0,0,0,0,0,3,11,0,49,49,1.04,1,2,20.0,3,0,6.666666666666667,8,0.3333333333333333,Store,Fish,Inactive
6642,1961,Graduation,Divorced,27215.0,2,1,2013-01-23,50,30,5,22,8.0,9,28.0,4,2,1,4,6,0,0,0,0,0,0,3,11,0,64,64,1.43,3,4,102.0,7,0,14.571428571428571,8,0.5714285714285714,Store,Wine,Moderately Active
2793,1976,Phd,Divorced,70179.0,0,1,2013-07-21,10,532,81,168,69.0,44,126.5,3,7,3,13,5,0,0,0,0,0,0,3,11,0,49,49,0.94,1,2,1020.5,23,0,44.369565217391305,12,0.13043478260869565,Store,Wine,Highly Active
5424,1983,Graduation,Married,39922.0,1,0,2013-02-14,30,29,12,59,19.0,1,36.0,2,3,0,4,8,0,0,0,0,0,0,3,11,0,42,42,1.37,1,2,156.0,7,0,22.285714285714285,11,0.2857142857142857,Store,Meat,Highly Active
879,1976,Master,Married,49681.0,0,2,2013-11-04,66,411,0,26,0.0,0,21.0,6,7,1,7,7,0,0,0,0,0,0,3,11,0,49,49,0.65,2,3,458.0,15,0,30.533333333333335,14,0.4,Web,Wine,Inactive
9530,1988,Graduation,Married,24645.0,1,0,2012-11-01,16,5,3,4,4.0,1,0.0,1,1,0,2,8,0,0,0,0,0,0,3,11,0,37,37,1.66,1,2,17.0,3,0,5.666666666666667,9,0.3333333333333333,Store,Wine,Highly Active
4828,1954,Graduation,Divorced,79865.0,0,1,2014-06-18,12,71,81,278,120.5,81,38.0,1,5,10,5,1,0,0,0,0,0,0,3,11,0,71,71,0.03,1,2,669.5,20,0,33.475,6,0.05,Catalog,Meat,Highly Active
10699,1985,Graduation,Married,44322.0,1,0,2014-06-16,30,46,0,40,3.0,0,3.0,2,3,0,3,8,0,0,0,0,0,0,3,11,0,40,40,0.04,1,2,92.0,6,0,15.333333333333334,11,0.3333333333333333,Web,Wine,Highly Active
1497,1952,Graduation,Single,47958.0,0,1,2013-01-19,8,268,11,88,15.0,3,22.0,2,6,3,5,5,0,0,0,0,0,0,3,11,0,73,73,1.44,1,2,407.0,14,0,29.071428571428573,11,0.14285714285714285,Web,Wine,Highly Active
7476,1964,Master,Single,63972.0,0,1,2012-12-02,93,928,63,254,0.0,12,12.0,4,5,4,10,4,0,1,0,0,0,0,3,11,0,61,61,1.57,1,2,1269.0,19,1,66.78947368421052,9,0.21052631578947367,Store,Wine,Inactive
4390,1954,Graduation,Together,75315.0,0,1,2014-04-15,14,459,15,171,120.5,23,31.0,2,5,4,12,2,0,0,0,0,0,0,3,11,0,71,71,0.21,1,2,819.5,21,0,39.023809523809526,7,0.09523809523809523,Store,Wine,Highly Active
10478,1950,Phd,Married,55517.0,1,1,2012-09-27,53,483,0,108,0.0,6,36.0,5,11,1,6,9,0,0,0,0,0,0,3,11,1,75,75,1.75,2,3,633.0,18,0,35.166666666666664,20,0.2777777777777778,Web,Wine,Moderately Active
1081,1957,Phd,Married,75283.0,1,2,2013-03-27,26,733,9,180,12.0,19,66.0,11,6,3,5,4,0,0,0,0,0,0,3,11,0,68,68,1.26,3,4,1019.0,14,0,72.78571428571429,10,0.7857142857142857,Web,Wine,Highly Active
4261,1946,Phd,Single,82800.0,0,0,2012-11-24,23,1006,22,115,59.0,68,45.0,1,7,6,12,3,0,0,1,1,0,0,3,11,1,79,79,1.59,0,1,1315.0,25,2,52.6,10,0.04,Store,Wine,Highly Active
9916,1954,Graduation,Married,38998.0,1,1,2012-11-03,92,34,1,14,0.0,0,5.0,3,2,0,3,8,0,0,0,0,0,1,3,11,0,71,71,1.65,2,3,54.0,5,0,10.8,10,0.6,Store,Wine,Inactive
5350,1991,Master,Single,90638.0,0,0,2014-02-13,29,1156,81,556,94.0,81,96.0,1,3,4,10,1,0,0,1,0,0,0,3,11,1,34,34,0.37,0,1,2064.0,17,1,121.41176470588235,4,0.058823529411764705,Store,Wine,Highly Active
8135,1986,Master,Married,27161.0,1,0,2013-10-28,41,7,4,23,7.0,0,11.0,1,1,0,3,7,0,0,0,0,0,0,3,11,0,39,39,0.67,1,2,52.0,4,0,13.0,8,0.25,Store,Meat,Moderately Active
8685,1977,Graduation,Married,42014.0,1,0,2012-08-17,56,244,15,108,4.0,15,50.0,6,7,1,6,8,0,0,0,0,0,0,3,11,1,48,48,1.86,1,2,436.0,14,0,31.142857142857142,15,0.42857142857142855,Web,Wine,Moderately Active
4967,1960,Phd,Together,38201.0,0,1,2013-03-29,19,233,0,23,0.0,0,12.0,4,5,1,5,8,0,0,0,0,0,0,3,11,0,65,65,1.25,1,2,268.0,11,0,24.363636363636363,13,0.36363636363636365,Web,Wine,Highly Active
2130,1982,Graduation,Together,45203.0,2,0,2014-03-23,4,35,3,67,10.0,8,24.0,1,3,1,3,6,0,0,0,0,0,0,3,11,1,43,43,0.27,2,3,147.0,7,0,21.0,9,0.14285714285714285,Web,Meat,Highly Active
9298,1947,Phd,Together,81574.0,0,0,2014-04-28,89,1224,0,465,46.0,35,0.0,1,4,5,8,1,0,1,1,0,0,0,3,11,0,78,78,0.17,0,1,1770.0,17,2,104.11764705882354,5,0.058823529411764705,Store,Wine,Inactive
8175,1992,Graduation,Married,34935.0,0,0,2013-06-21,71,34,4,66,3.0,10,20.0,1,2,1,4,7,0,0,0,0,0,0,3,11,0,33,33,1.02,0,1,137.0,7,0,19.571428571428573,9,0.14285714285714285,Store,Meat,Inactive
6257,1976,Master,Single,60482.0,0,1,2013-01-23,81,255,43,134,37.0,14,24.0,1,7,2,7,7,0,0,0,0,0,0,3,11,0,49,49,1.43,1,2,507.0,16,0,31.6875,14,0.0625,Web,Wine,Inactive
3790,1956,Graduation,Together,34633.0,2,1,2014-01-23,31,8,1,5,0.0,0,1.0,1,1,0,2,6,0,0,0,0,0,0,3,11,0,69,69,0.43,3,4,15.0,3,0,5.0,7,0.3333333333333333,Store,Wine,Moderately Active
9952,1947,Master,Together,78093.0,0,0,2013-12-11,53,368,32,556,13.0,43,10.0,1,4,7,5,1,0,0,0,0,0,0,3,11,0,78,78,0.55,0,1,1022.0,16,0,63.875,5,0.0625,Catalog,Meat,Moderately Active
3503,1950,Graduation,Divorced,82460.0,0,0,2013-12-02,78,255,47,556,52.0,32,15.0,1,5,3,6,1,0,0,0,0,0,0,3,11,0,75,75,0.57,0,1,957.0,14,0,68.35714285714286,6,0.07142857142857142,Store,Meat,Inactive
5223,1966,Master,Together,45903.0,0,1,2014-04-23,80,33,8,10,2.0,10,3.0,2,2,1,3,4,0,0,0,0,0,0,3,11,0,59,59,0.18,1,2,66.0,6,0,11.0,6,0.3333333333333333,Store,Wine,Inactive
4608,1987,Graduation,Divorced,81361.0,0,0,2014-02-25,18,163,23,424,27.0,65,76.0,1,3,10,13,1,0,0,0,0,0,0,3,11,1,38,38,0.34,0,1,778.0,26,0,29.923076923076923,4,0.038461538461538464,Store,Meat,Highly Active
1626,1973,Phd,Divorced,35860.0,1,1,2014-05-19,37,15,0,8,4.0,2,20.0,2,1,1,2,5,1,0,0,0,0,0,3,11,1,52,52,0.11,2,3,49.0,4,1,12.25,6,0.5,Store,Gold,Moderately Active
4764,1952,Master,Together,40442.0,1,1,2012-08-19,52,45,12,52,25.0,22,13.0,4,3,1,4,7,0,0,0,0,0,0,3,11,1,73,73,1.86,2,3,169.0,8,0,21.125,10,0.5,Store,Meat,Moderately Active
2471,1965,Graduation,Married,61482.0,0,0,2014-06-27,39,48,58,68,16.0,66,43.0,1,3,2,6,2,0,0,0,0,0,0,3,11,0,60,60,0.01,0,1,299.0,11,0,27.181818181818183,5,0.09090909090909091,Store,Meat,Moderately Active
5892,1980,Graduation,Married,34968.0,1,0,2013-04-10,11,158,6,45,8.0,2,2.0,7,3,2,5,7,0,0,0,0,0,0,3,11,0,45,45,1.22,1,2,221.0,10,0,22.1,10,0.7,Store,Wine,Highly Active
2612,1987,Graduation,Married,75794.0,0,0,2013-12-24,33,754,81,556,63.0,32,48.0,1,7,5,12,3,0,0,0,1,0,0,3,11,0,38,38,0.51,0,1,1534.0,24,1,63.916666666666664,10,0.041666666666666664,Store,Wine,Moderately Active
4971,1962,Phd,Together,31497.0,0,1,2012-12-06,22,108,1,28,13.0,1,4.0,2,3,1,4,8,0,0,0,0,0,0,3,11,0,63,63,1.56,1,2,155.0,8,0,19.375,11,0.25,Store,Wine,Highly Active
5185,1955,Graduation,Married,74268.0,0,0,2013-02-14,83,199,66,315,97.0,81,41.0,1,4,3,5,2,0,0,0,0,0,0,3,11,0,70,70,1.37,0,1,799.0,12,0,66.58333333333333,6,0.08333333333333333,Store,Meat,Inactive
10069,1988,Basic,Together,13724.0,1,0,2012-08-31,43,2,7,5,2.0,15,27.0,1,2,0,2,9,1,0,0,0,0,0,3,11,0,37,37,1.83,1,2,58.0,4,1,14.5,11,0.25,Web,Gold,Moderately Active
2262,1965,Master,Together,45143.0,0,1,2013-08-26,74,202,5,74,11.0,5,14.0,3,6,1,5,7,0,0,0,0,0,0,3,11,0,60,60,0.84,1,2,311.0,12,0,25.916666666666668,13,0.25,Web,Wine,Inactive
1131,1967,Phd,Single,52569.0,0,1,2014-04-05,54,85,0,3,0.0,0,7.0,1,2,0,4,3,0,0,0,0,0,0,3,11,0,58,58,0.23,1,2,95.0,6,0,15.833333333333334,5,0.16666666666666666,Store,Wine,Moderately Active
1041,1973,Phd,Single,48432.0,0,1,2012-10-18,3,322,3,50,4.0,3,42.0,5,7,1,6,8,0,0,0,0,0,0,3,11,1,52,52,1.69,1,2,424.0,14,0,30.285714285714285,15,0.35714285714285715,Web,Wine,Highly Active
24,1960,Master,Together,17144.0,1,1,2014-02-15,96,18,2,19,0.0,2,6.0,5,3,0,4,7,0,0,0,0,0,0,3,11,0,65,65,0.37,2,3,47.0,7,0,6.714285714285714,10,0.7142857142857143,Store,Meat,Inactive
3409,1984,Graduation,Single,36108.0,1,0,2013-10-15,68,141,8,129,3.0,11,47.0,3,7,1,4,9,1,0,0,0,0,0,3,11,0,41,41,0.7,1,2,339.0,12,1,28.25,16,0.25,Web,Wine,Inactive
7022,1971,Graduation,Married,76445.0,1,0,2012-09-28,2,739,81,309,120.5,80,35.0,1,2,5,13,6,0,0,0,0,0,0,3,11,0,54,54,1.75,1,2,1364.5,20,0,68.225,8,0.05,Store,Wine,Highly Active
7943,1975,Phd,Married,36663.0,1,0,2014-04-25,40,18,0,6,3.0,3,5.0,1,1,1,3,2,0,0,0,0,0,0,3,11,0,50,50,0.18,1,2,35.0,5,0,7.0,3,0.2,Store,Wine,Moderately Active
5272,1965,Master,Married,53843.0,0,1,2013-06-27,64,378,0,88,19.0,4,73.0,4,8,5,3,7,0,0,0,0,0,0,3,11,0,60,60,1.0,1,2,562.0,16,0,35.125,15,0.25,Web,Wine,Inactive
5453,1956,Master,Married,90226.0,0,0,2012-09-26,26,1083,81,556,120.5,81,108.0,1,4,7,12,2,0,0,0,1,0,0,3,11,0,69,69,1.75,0,1,2029.5,23,1,88.23913043478261,6,0.043478260869565216,Store,Wine,Highly Active
2565,1955,Master,Divorced,70638.0,0,0,2013-06-01,69,1016,12,215,16.0,12,63.0,1,4,5,10,3,0,1,0,0,0,0,3,11,0,70,70,1.08,0,1,1334.0,19,1,70.21052631578948,7,0.05263157894736842,Store,Wine,Inactive
800,1960,Graduation,Together,44512.0,1,1,2013-08-30,57,23,1,6,0.0,0,2.0,2,1,0,3,4,0,0,0,0,0,0,3,11,0,65,65,0.83,2,3,32.0,4,0,8.0,5,0.5,Store,Wine,Moderately Active
11092,1961,Graduation,Married,27116.0,1,1,2014-03-02,78,12,1,21,2.0,2,3.0,2,2,0,3,7,0,0,0,0,0,0,3,11,0,64,64,0.33,2,3,41.0,5,0,8.2,9,0.4,Store,Meat,Inactive
5062,1963,Phd,Married,54072.0,1,1,2013-07-27,71,35,0,4,0.0,0,0.0,1,2,0,2,8,0,0,0,0,0,0,3,11,0,62,62,0.92,2,3,39.0,4,0,9.75,10,0.25,Web,Wine,Inactive
8969,1977,Graduation,Married,71855.0,0,1,2013-01-16,59,548,31,422,0.0,81,28.0,4,5,5,11,3,0,0,0,0,0,0,3,11,0,48,48,1.45,1,2,1110.0,21,0,52.857142857142854,8,0.19047619047619047,Store,Wine,Moderately Active
4656,1990,2N Cycle,Single,51250.0,1,0,2013-03-30,28,342,32,230,34.0,32,40.0,5,10,5,4,9,1,0,0,0,0,0,3,11,0,35,35,1.25,1,2,710.0,19,1,37.36842105263158,19,0.2631578947368421,Web,Wine,Highly Active
4480,1973,Master,Married,60432.0,0,1,2014-03-09,61,365,3,15,4.0,3,11.0,5,7,2,5,6,0,0,0,0,0,0,3,11,0,52,52,0.31,1,2,401.0,14,0,28.642857142857142,13,0.35714285714285715,Web,Wine,Inactive
9971,1964,Phd,Married,65526.0,0,1,2014-04-11,22,397,19,69,12.0,0,9.0,1,4,4,8,2,0,0,0,0,0,0,3,11,0,61,61,0.22,1,2,506.0,16,0,31.625,6,0.0625,Store,Wine,Highly Active
6729,1988,Graduation,Single,68655.0,0,0,2012-08-10,95,456,19,556,75.0,81,38.0,1,4,5,11,3,0,0,0,0,0,0,3,11,0,37,37,1.88,0,1,1225.0,20,0,61.25,7,0.05,Store,Meat,Inactive
1773,1978,2N Cycle,Married,12393.0,0,0,2012-12-04,38,5,6,15,11.0,7,13.0,1,2,0,3,9,0,0,0,0,0,0,3,11,0,47,47,1.57,0,1,57.0,5,0,11.4,11,0.2,Store,Meat,Moderately Active
9242,1990,Graduation,Single,64509.0,0,0,2013-08-17,19,836,81,556,24.0,25,77.0,1,6,3,9,4,1,0,0,0,0,0,3,11,1,35,35,0.87,0,1,1599.0,18,1,88.83333333333333,10,0.05555555555555555,Store,Wine,Highly Active
1764,1975,Graduation,Single,33955.0,1,0,2013-08-09,92,100,2,128,23.0,7,10.0,4,5,1,5,8,0,0,0,0,0,0,3,11,0,50,50,0.89,1,2,270.0,11,0,24.545454545454547,13,0.36363636363636365,Web,Meat,Inactive
6215,1977,Graduation,Married,31353.0,1,1,2013-12-29,24,10,0,10,3.0,1,7.0,2,1,1,2,8,0,0,0,0,0,0,3,11,1,48,48,0.5,2,3,31.0,4,0,7.75,9,0.5,Store,Wine,Highly Active
10099,1984,Graduation,Married,55434.0,1,0,2013-10-05,21,238,81,215,120.5,69,76.0,3,5,3,13,4,0,0,0,0,0,0,3,11,0,41,41,0.73,1,2,799.5,21,0,38.07142857142857,9,0.14285714285714285,Store,Wine,Highly Active
5423,1983,Graduation,Together,28359.0,1,0,2013-10-27,35,6,0,5,2.0,1,2.0,1,1,0,2,7,0,0,0,0,0,0,3,11,0,42,42,0.67,1,2,16.0,3,0,5.333333333333333,8,0.3333333333333333,Store,Wine,Moderately Active
940,1987,Graduation,Single,57100.0,1,0,2014-05-18,9,158,11,99,15.0,11,17.0,2,3,2,7,3,0,0,0,0,0,0,3,11,0,38,38,0.11,1,2,311.0,12,0,25.916666666666668,6,0.16666666666666666,Store,Wine,Highly Active
3011,1965,Graduation,Married,69139.0,0,1,2014-01-27,23,86,12,75,33.0,15,6.0,1,4,1,5,4,0,0,0,0,0,0,3,11,0,60,60,0.42,1,2,227.0,10,0,22.7,8,0.1,Store,Wine,Highly Active
3298,1956,Master,Married,52973.0,0,1,2012-11-08,92,856,0,76,12.0,9,126.5,7,9,6,9,8,0,0,0,0,0,0,3,11,0,69,69,1.64,1,2,1079.5,24,0,44.979166666666664,17,0.2916666666666667,Web,Wine,Inactive
8286,1965,Phd,Together,51717.0,0,1,2013-08-20,55,98,1,17,0.0,1,5.0,1,3,0,4,7,0,1,0,0,0,0,3,11,0,60,60,0.86,1,2,122.0,7,1,17.428571428571427,10,0.14285714285714285,Store,Wine,Moderately Active
9668,1971,Graduation,Married,18793.0,1,0,2013-01-12,14,4,16,20,0.0,17,20.0,3,2,0,4,8,0,0,0,0,0,0,3,11,0,54,54,1.46,1,2,77.0,6,0,12.833333333333334,10,0.5,Store,Meat,Highly Active
5120,1982,2N Cycle,Together,66664.0,0,0,2012-09-25,78,398,81,447,120.5,81,32.0,1,5,7,6,3,0,0,0,0,0,0,3,11,0,43,43,1.76,0,1,1159.5,18,0,64.41666666666667,8,0.05555555555555555,Catalog,Meat,Inactive
6097,1959,Graduation,Single,50664.0,1,1,2013-01-16,64,313,8,104,6.0,4,126.0,9,8,1,6,9,0,0,0,0,0,0,3,11,0,66,66,1.45,2,3,561.0,15,0,37.4,17,0.6,Web,Wine,Inactive
7019,1963,Graduation,Together,54414.0,1,1,2013-01-23,49,109,18,16,24.0,26,18.0,4,3,1,5,4,0,0,0,0,0,0,3,11,0,62,62,1.43,2,3,211.0,9,0,23.444444444444443,7,0.4444444444444444,Store,Wine,Moderately Active
7408,1952,Phd,Married,54549.0,0,1,2014-03-03,8,216,2,6,0.0,0,9.0,2,5,1,4,7,0,0,0,0,0,0,3,11,0,73,73,0.32,1,2,233.0,10,0,23.3,12,0.2,Web,Wine,Highly Active
8041,1971,Phd,Widow,47111.0,0,1,2012-09-08,35,595,71,153,120.0,81,41.0,6,3,2,10,9,0,0,0,0,0,0,3,11,0,54,54,1.8,1,2,1061.0,15,0,70.73333333333333,12,0.4,Store,Wine,Moderately Active
252,1963,Phd,Divorced,41003.0,0,0,2013-03-17,11,123,81,142,71.0,44,88.0,1,6,2,8,6,0,0,0,0,0,0,3,11,0,62,62,1.28,0,1,549.0,16,0,34.3125,12,0.0625,Store,Meat,Highly Active
9986,1982,Graduation,Together,19444.0,1,0,2014-02-22,8,16,0,23,3.0,2,10.0,3,4,1,2,7,0,0,0,0,0,0,3,11,1,43,43,0.35,1,2,54.0,7,0,7.714285714285714,11,0.42857142857142855,Web,Meat,Highly Active
3276,1976,2N Cycle,Together,36301.0,1,0,2013-10-25,53,11,12,35,3.0,5,12.0,1,3,0,3,7,0,0,0,0,0,0,3,11,0,49,49,0.68,1,2,78.0,6,0,13.0,10,0.16666666666666666,Web,Meat,Moderately Active
3859,1947,Phd,Together,73059.0,0,1,2013-08-31,36,410,81,420,0.0,81,71.0,1,9,3,13,4,0,0,0,0,0,0,3,11,0,78,78,0.83,1,2,1063.0,25,0,42.52,13,0.04,Store,Meat,Moderately Active
3570,1969,Phd,Together,42731.0,1,0,2013-10-21,64,159,2,51,6.0,2,24.0,3,4,1,5,5,0,0,0,0,0,0,3,11,0,56,56,0.69,1,2,244.0,10,0,24.4,9,0.3,Store,Wine,Inactive
3783,1959,Phd,Married,52854.0,1,1,2014-03-24,43,105,0,10,0.0,1,0.0,2,2,1,4,5,0,0,0,0,0,0,3,11,0,66,66,0.27,2,3,116.0,7,0,16.571428571428573,7,0.2857142857142857,Store,Wine,Moderately Active
10207,1978,Graduation,Together,22775.0,1,0,2013-06-19,40,5,1,8,0.0,0,1.0,1,1,0,2,8,0,0,0,0,0,0,3,11,0,47,47,1.03,1,2,15.0,3,0,5.0,9,0.3333333333333333,Store,Meat,Moderately Active
10906,1948,Phd,Together,46681.0,0,2,2013-10-08,52,269,15,69,15.0,19,38.0,2,4,6,4,5,0,0,0,0,0,0,3,11,0,77,77,0.72,2,3,425.0,14,0,30.357142857142858,9,0.14285714285714285,Catalog,Wine,Moderately Active
3427,1955,Phd,Married,59821.0,0,1,2013-04-12,11,629,0,70,0.0,0,35.0,6,11,2,7,8,0,0,0,0,0,0,3,11,0,70,70,1.21,1,2,734.0,20,0,36.7,19,0.3,Web,Wine,Highly Active
5209,1954,Graduation,Divorced,50002.0,0,1,2013-06-17,21,443,5,71,21.0,16,82.0,2,8,2,7,7,0,0,0,0,0,0,3,11,0,71,71,1.03,1,2,638.0,17,0,37.529411764705884,15,0.11764705882352941,Web,Wine,Highly Active
10711,1945,Graduation,Married,69755.0,0,0,2013-10-02,23,217,77,373,111.0,23,93.0,1,3,6,12,1,0,0,0,0,0,0,3,11,0,80,80,0.74,0,1,894.0,21,0,42.57142857142857,4,0.047619047619047616,Store,Meat,Highly Active
10785,1969,Graduation,Married,44078.0,1,1,2014-06-19,17,24,1,10,2.0,0,4.0,2,2,0,3,5,0,0,0,0,0,0,3,11,0,56,56,0.03,2,3,41.0,5,0,8.2,7,0.4,Store,Wine,Highly Active
2814,1976,Master,Together,30560.0,1,0,2013-06-27,6,9,1,5,4.0,5,7.0,1,1,0,3,7,0,0,0,0,0,0,3,11,0,49,49,1.0,1,2,31.0,4,0,7.75,8,0.25,Store,Wine,Highly Active
6866,1969,Master,Together,35924.0,1,1,2014-03-23,56,8,0,14,2.0,3,7.0,1,1,0,3,5,0,0,0,0,0,0,3,11,0,56,56,0.27,2,3,34.0,4,0,8.5,6,0.25,Store,Meat,Moderately Active
1665,1964,Phd,Divorced,64140.0,0,2,2013-09-23,71,1224,0,61,0.0,15,126.5,5,2,5,6,5,1,0,1,0,1,0,3,11,1,61,61,0.76,2,3,1426.5,13,3,109.73076923076923,7,0.38461538461538464,Store,Wine,Inactive
6575,1981,Graduation,Together,56386.0,1,1,2012-10-27,51,230,48,214,13.0,32,75.0,8,9,1,7,9,0,0,0,0,0,0,3,11,0,44,44,1.67,2,3,612.0,17,0,36.0,18,0.47058823529411764,Web,Wine,Moderately Active
3829,1979,Basic,Together,24594.0,1,0,2013-12-10,94,1,3,6,10.0,0,9.0,1,1,0,3,5,0,0,0,0,0,0,3,11,0,46,46,0.55,1,2,29.0,4,0,7.25,6,0.25,Store,Fish,Inactive
3091,1981,2N Cycle,Together,75774.0,1,0,2014-05-02,27,340,21,134,120.5,14,56.0,1,7,5,8,4,0,0,0,0,0,0,3,11,0,44,44,0.16,1,2,685.5,20,0,34.275,11,0.05,Store,Wine,Highly Active
10141,1960,Master,Divorced,39228.0,0,0,2013-05-10,1,7,1,6,0.0,3,3.0,1,0,0,3,4,0,0,0,0,0,0,3,11,0,65,65,1.14,0,1,20.0,3,0,6.666666666666667,4,0.3333333333333333,Store,Wine,Highly Active
5177,1974,Master,Married,58494.0,0,1,2013-12-12,56,298,7,68,4.0,0,19.0,2,6,2,6,6,0,0,0,0,0,0,3,11,0,51,51,0.54,1,2,396.0,14,0,28.285714285714285,12,0.14285714285714285,Web,Wine,Moderately Active
7005,1981,Graduation,Single,58684.0,0,0,2014-06-16,71,479,35,179,28.0,7,85.0,1,5,3,12,2,0,1,0,0,0,0,3,11,0,44,44,0.04,0,1,813.0,20,1,40.65,7,0.05,Store,Wine,Inactive
6409,1967,Graduation,Divorced,57136.0,0,0,2013-05-18,18,267,81,556,34.0,12,126.5,1,7,5,7,6,0,0,0,0,0,0,3,11,1,58,58,1.11,0,1,1076.5,19,0,56.6578947368421,13,0.05263157894736842,Web,Meat,Highly Active
7485,1950,Phd,Widow,56551.0,1,1,2014-05-07,48,67,4,32,17.0,2,16.0,3,2,1,4,4,0,0,0,0,0,0,3,11,0,75,75,0.15,2,3,138.0,7,0,19.714285714285715,6,0.42857142857142855,Store,Wine,Moderately Active
8079,1982,Graduation,Married,22448.0,1,0,2014-02-26,86,3,1,8,23.0,2,18.0,3,2,1,3,3,0,0,0,0,0,0,3,11,0,43,43,0.34,1,2,55.0,6,0,9.166666666666666,5,0.5,Store,Fish,Inactive
8395,1961,Graduation,Single,82014.0,0,0,2012-08-20,48,980,37,265,35.0,81,31.0,1,3,6,12,6,0,0,0,0,0,0,3,11,1,64,64,1.86,0,1,1429.0,21,0,68.04761904761905,9,0.047619047619047616,Store,Wine,Moderately Active
10352,1963,Graduation,Widow,34213.0,1,1,2012-09-07,2,50,4,28,6.0,3,26.0,3,3,1,2,9,0,0,0,0,0,0,3,11,1,62,62,1.81,2,3,117.0,6,0,19.5,12,0.5,Web,Wine,Highly Active
4931,1977,Graduation,Together,117418.0,0,0,2013-04-29,13,1,0,556,2.0,1,1.0,0,0,28,0,1,0,0,0,0,0,0,3,11,0,48,48,1.17,0,1,561.0,28,0,20.035714285714285,1,0.0,Catalog,Meat,Highly Active
13,1947,Phd,Widow,25358.0,0,1,2013-07-22,57,19,0,5,0.0,0,8.0,2,1,0,3,6,0,0,0,0,0,0,3,11,0,78,78,0.94,1,2,32.0,4,0,8.0,7,0.5,Store,Wine,Moderately Active
1834,1978,Master,Single,35544.0,1,0,2014-03-08,77,30,5,23,4.0,1,4.0,1,2,0,3,7,0,0,0,0,0,0,3,11,0,47,47,0.31,1,2,67.0,5,0,13.4,9,0.2,Store,Wine,Inactive
2285,1954,Master,Together,36634.0,0,1,2013-05-28,0,213,9,76,4.0,3,30.0,3,5,2,5,7,0,0,0,0,0,0,3,11,0,71,71,1.09,1,2,335.0,12,0,27.916666666666668,12,0.25,Web,Wine,Highly Active
2295,1954,Phd,Married,62670.0,0,1,2014-02-02,57,539,30,92,80.0,46,38.0,1,5,3,13,3,0,0,0,0,0,0,3,11,0,71,71,0.4,1,2,825.0,21,0,39.285714285714285,8,0.047619047619047616,Store,Wine,Moderately Active
1378,1972,2N Cycle,Together,50334.0,0,1,2013-07-24,24,284,16,160,84.0,16,126.5,6,7,4,6,6,0,0,0,0,0,0,3,11,0,53,53,0.93,1,2,686.5,17,0,40.38235294117647,13,0.35294117647058826,Web,Wine,Highly Active
2781,1981,Graduation,Single,72066.0,0,0,2014-06-23,55,1003,34,536,120.5,51,34.0,1,4,6,6,2,0,0,1,1,0,0,3,11,1,44,44,0.02,0,1,1778.5,16,2,111.15625,6,0.0625,Catalog,Wine,Moderately Active
1165,1958,Phd,Single,50729.0,1,1,2013-05-02,62,239,13,143,45.0,4,52.0,9,6,2,7,6,0,0,0,0,0,0,3,11,0,67,67,1.16,2,3,496.0,15,0,33.06666666666667,12,0.6,Store,Wine,Inactive
1404,1968,Graduation,Together,34916.0,2,0,2013-05-15,89,51,23,82,33.0,0,42.0,4,5,1,3,9,0,0,0,0,0,0,3,11,0,57,57,1.12,2,3,231.0,9,0,25.666666666666668,14,0.4444444444444444,Web,Meat,Inactive
6457,1976,Graduation,Divorced,64892.0,0,1,2014-05-29,77,527,24,230,32.0,24,65.0,2,6,4,12,4,0,0,0,0,0,0,3,11,0,49,49,0.08,1,2,902.0,22,0,41.0,10,0.09090909090909091,Store,Wine,Inactive
2639,1966,Graduation,Single,43602.0,1,1,2014-01-10,45,19,5,12,10.0,3,19.0,3,3,1,2,6,0,0,0,0,0,0,3,11,0,59,59,0.47,2,3,68.0,6,0,11.333333333333334,9,0.5,Web,Wine,Moderately Active
8299,1989,Phd,Single,33996.0,0,0,2013-09-11,46,40,2,15,8.0,0,6.0,1,1,1,3,4,0,0,0,0,0,0,3,11,0,36,36,0.8,0,1,71.0,5,0,14.2,5,0.2,Store,Wine,Moderately Active
6437,1985,2N Cycle,Single,41473.0,1,0,2013-06-19,80,21,8,20,15.0,3,9.0,1,2,0,3,7,0,0,0,0,0,0,3,11,0,40,40,1.03,1,2,76.0,5,0,15.2,9,0.2,Store,Wine,Inactive
6912,1967,Phd,Married,63246.0,0,2,2013-08-20,60,593,30,91,29.0,22,7.0,1,6,3,12,4,0,0,0,0,0,0,3,11,0,58,58,0.86,2,3,772.0,21,0,36.76190476190476,10,0.047619047619047616,Store,Wine,Moderately Active
7327,1959,Phd,Married,36732.0,1,1,2013-12-29,71,21,5,3,10.0,1,7.0,3,1,1,4,2,0,0,0,0,0,0,3,11,0,66,66,0.5,2,3,47.0,6,0,7.833333333333333,3,0.5,Store,Wine,Inactive
5299,1970,Phd,Married,69084.0,1,0,2013-11-19,43,1181,81,199,39.0,30,30.0,2,7,3,13,8,0,0,0,0,0,0,3,11,0,55,55,0.61,1,2,1560.0,23,0,67.82608695652173,15,0.08695652173913043,Store,Wine,Moderately Active
4127,1967,Phd,Married,77766.0,0,1,2013-02-22,97,1004,59,265,115.0,59,27.0,2,11,10,11,6,1,0,0,0,0,0,3,11,1,58,58,1.35,1,2,1529.0,32,1,47.78125,17,0.0625,Web,Wine,Inactive
8143,1985,Phd,Single,37929.0,0,0,2013-07-30,49,202,2,46,3.0,2,10.0,2,4,2,5,7,0,1,0,1,0,0,3,11,1,40,40,0.91,0,1,265.0,11,2,24.09090909090909,11,0.18181818181818182,Store,Wine,Moderately Active
1964,1951,Graduation,Together,86610.0,0,0,2013-09-05,66,446,81,556,33.0,81,53.0,1,5,6,6,2,0,0,0,0,0,0,3,11,0,74,74,0.81,0,1,1250.0,17,0,73.52941176470588,7,0.058823529411764705,Catalog,Meat,Inactive
3690,1986,Master,Married,80141.0,0,0,2013-01-11,20,1184,81,556,52.0,40,40.0,1,7,4,10,6,0,0,1,0,0,0,3,11,1,39,39,1.46,0,1,1953.0,21,1,93.0,13,0.047619047619047616,Store,Wine,Highly Active
3433,1955,2N Cycle,Married,72635.0,0,0,2013-06-03,54,390,22,323,104.0,35,107.0,1,6,8,6,3,0,0,0,1,0,0,3,11,0,70,70,1.07,0,1,981.0,20,1,49.05,9,0.05,Catalog,Wine,Moderately Active
3389,1970,Graduation,Married,69016.0,0,1,2012-11-22,61,726,53,363,120.5,81,126.5,4,8,9,13,5,0,0,0,0,0,0,3,11,0,55,55,1.6,1,2,1470.0,30,0,49.0,13,0.13333333333333333,Store,Wine,Inactive
4712,1991,2N Cycle,Together,20193.0,0,0,2012-11-28,18,8,8,22,24.0,11,9.0,1,1,1,4,4,0,0,0,0,0,0,3,11,0,34,34,1.58,0,1,82.0,6,0,13.666666666666666,5,0.16666666666666666,Store,Fish,Highly Active
1170,1975,Graduation,Married,27573.0,1,0,2013-03-25,45,50,15,110,39.0,15,15.0,4,5,1,4,8,0,0,0,0,0,0,3,11,0,50,50,1.26,1,2,244.0,10,0,24.4,13,0.4,Web,Meat,Moderately Active
6347,1979,Basic,Single,15862.0,1,0,2013-06-27,26,1,1,4,11.0,9,10.0,1,1,0,3,8,0,0,0,0,0,0,3,11,0,46,46,1.0,1,2,36.0,4,0,9.0,9,0.25,Store,Fish,Highly Active
4065,1976,Phd,Married,49544.0,1,0,2013-02-12,0,308,0,73,0.0,0,23.0,2,5,1,8,7,0,0,0,0,0,0,3,11,0,49,49,1.37,1,2,404.0,14,0,28.857142857142858,12,0.14285714285714285,Store,Wine,Highly Active
8230,1980,Graduation,Married,33228.0,1,0,2014-01-23,28,22,2,31,7.0,4,5.0,1,2,0,3,7,0,0,0,0,0,0,3,11,0,45,45,0.43,1,2,71.0,5,0,14.2,9,0.2,Store,Meat,Highly Active
1215,1978,Graduation,Together,70440.0,0,0,2013-10-08,49,690,81,499,76.0,81,88.0,1,5,10,7,3,0,0,0,1,0,0,3,11,0,47,47,0.72,0,1,1515.0,22,1,68.86363636363636,8,0.045454545454545456,Catalog,Wine,Moderately Active
5939,1971,Graduation,Together,38232.0,1,1,2014-01-17,84,43,5,28,7.0,6,33.0,4,3,1,3,5,0,0,0,0,0,0,3,11,0,54,54,0.45,2,3,122.0,7,0,17.428571428571427,8,0.5714285714285714,Web,Wine,Inactive
2156,1955,Phd,Married,22554.0,1,1,2012-11-03,38,27,0,10,0.0,0,4.0,4,2,0,4,5,0,0,0,0,0,0,3,11,0,70,70,1.65,2,3,41.0,6,0,6.833333333333333,7,0.6666666666666666,Store,Wine,Moderately Active
7788,1983,Phd,Married,23536.0,1,0,2014-06-04,53,6,0,3,0.0,0,1.0,1,0,0,3,3,0,0,0,0,0,0,3,11,0,42,42,0.07,1,2,10.0,3,0,3.3333333333333335,3,0.3333333333333333,Store,Wine,Moderately Active
10323,1952,Graduation,Married,49413.0,0,1,2013-10-25,88,205,7,41,3.0,2,46.0,2,4,2,5,5,0,0,0,0,0,0,3,11,0,73,73,0.68,1,2,304.0,11,0,27.636363636363637,9,0.18181818181818182,Store,Wine,Inactive
7947,1969,Graduation,Married,42231.0,1,1,2014-03-25,99,24,0,8,0.0,1,4.0,1,1,0,3,5,0,0,0,0,0,0,3,11,0,56,56,0.26,2,3,37.0,4,0,9.25,6,0.25,Store,Wine,Inactive
1891,1980,Master,Divorced,78789.0,0,0,2012-08-08,12,667,50,556,21.0,81,83.0,1,4,6,5,2,0,0,0,0,0,0,3,11,1,45,45,1.89,0,1,1458.0,15,0,97.2,6,0.06666666666666667,Catalog,Wine,Highly Active
2570,1968,Graduation,Together,56534.0,0,1,2013-07-23,35,691,7,61,10.0,0,46.0,4,10,4,7,8,0,1,0,0,1,0,3,11,1,57,57,0.93,1,2,815.0,21,2,38.80952380952381,18,0.19047619047619047,Web,Wine,Moderately Active
9256,1971,Graduation,Single,58350.0,0,1,2013-01-04,5,493,26,206,116.0,80,80.0,4,8,3,12,6,0,0,0,0,0,0,3,11,0,54,54,1.48,1,2,1001.0,23,0,43.52173913043478,14,0.17391304347826086,Store,Wine,Highly Active
295,1989,Graduation,Single,81217.0,0,0,2013-07-19,77,493,70,324,120.5,40,84.0,1,3,7,11,1,0,0,0,0,0,0,3,11,0,36,36,0.94,0,1,1131.5,21,0,53.88095238095238,4,0.047619047619047616,Store,Wine,Inactive
7397,1951,Graduation,Single,49090.0,0,1,2013-07-19,45,494,5,82,7.0,0,100.0,3,7,2,9,7,0,0,0,0,0,0,3,11,0,74,74,0.94,1,2,688.0,18,0,38.22222222222222,14,0.16666666666666666,Store,Wine,Moderately Active
6349,1987,Master,Divorced,61787.0,0,0,2013-07-06,71,621,73,414,78.0,48,85.0,1,8,4,6,5,0,0,0,0,0,0,3,11,0,38,38,0.98,0,1,1319.0,18,0,73.27777777777777,13,0.05555555555555555,Web,Wine,Inactive
10790,1985,Phd,Married,18169.0,1,0,2013-02-19,40,9,0,5,0.0,0,7.0,1,1,0,2,8,0,0,0,0,0,0,3,11,0,40,40,1.36,1,2,21.0,3,0,7.0,9,0.3333333333333333,Store,Wine,Moderately Active
10398,1981,2N Cycle,Single,24336.0,1,0,2012-08-27,82,1,6,2,8.0,2,12.0,1,1,0,2,7,0,0,0,0,0,0,3,11,0,44,44,1.84,1,2,31.0,3,0,10.333333333333334,8,0.3333333333333333,Store,Gold,Inactive
2431,1990,Graduation,Married,18222.0,0,0,2012-12-31,70,12,4,19,12.0,6,14.0,1,2,0,3,8,0,0,0,0,0,0,3,11,0,35,35,1.49,0,1,67.0,5,0,13.4,10,0.2,Store,Meat,Inactive
550,1952,Graduation,Divorced,62335.0,0,1,2013-05-23,87,243,81,217,85.0,6,26.0,2,3,3,13,2,0,0,0,0,0,0,3,11,0,73,73,1.1,1,2,658.0,19,0,34.63157894736842,5,0.10526315789473684,Store,Wine,Inactive
1890,1971,2N Cycle,Together,42033.0,1,1,2012-09-19,95,11,1,4,2.0,0,7.0,1,1,0,2,7,0,0,0,0,0,0,3,11,0,54,54,1.77,2,3,25.0,3,0,8.333333333333334,8,0.3333333333333333,Store,Wine,Inactive
10742,1983,Phd,Married,86580.0,0,0,2013-02-27,72,532,21,127,26.0,20,20.0,0,4,2,5,1,0,0,1,0,0,0,3,11,0,42,42,1.33,0,1,746.0,11,1,67.81818181818181,5,0.0,Store,Wine,Inactive
10356,1957,Phd,Divorced,41437.0,1,1,2012-09-22,5,29,0,2,0.0,0,1.0,1,1,0,3,7,0,0,0,0,0,0,3,11,0,68,68,1.77,2,3,32.0,4,0,8.0,8,0.25,Store,Wine,Highly Active
4676,1951,Master,Widow,73705.0,0,2,2014-03-05,86,612,81,520,120.5,81,107.0,2,9,6,8,5,0,0,0,0,0,0,3,11,0,74,74,0.32,2,3,1521.5,23,0,66.15217391304348,14,0.08695652173913043,Web,Wine,Inactive
8852,1976,Graduation,Married,61064.0,0,1,2012-08-31,80,387,81,342,0.0,45,126.5,5,8,4,11,6,0,0,0,0,0,0,3,11,0,49,49,1.83,1,2,981.5,23,0,42.67391304347826,14,0.21739130434782608,Store,Wine,Inactive
3565,1955,Master,Married,38452.0,1,1,2014-03-30,62,56,0,14,0.0,0,2.0,3,3,0,3,7,0,0,0,0,0,0,3,11,0,70,70,0.25,2,3,72.0,6,0,12.0,10,0.5,Web,Wine,Inactive
5294,1989,Graduation,Single,18358.0,1,0,2013-11-20,49,6,8,19,16.0,4,4.0,3,3,0,4,7,0,0,0,0,0,0,3,11,0,36,36,0.61,1,2,57.0,7,0,8.142857142857142,10,0.42857142857142855,Store,Meat,Moderately Active
1958,1973,Phd,Together,55012.0,0,1,2014-03-21,85,582,0,65,0.0,0,13.0,6,8,2,9,5,0,0,0,0,0,0,3,11,0,52,52,0.27,1,2,660.0,19,0,34.73684210526316,13,0.3157894736842105,Store,Wine,Inactive
7349,1973,Basic,Together,9722.0,1,0,2012-10-02,7,6,17,16,6.0,16,42.0,4,3,1,3,8,0,0,0,0,0,0,3,11,1,52,52,1.74,1,2,103.0,7,0,14.714285714285714,11,0.5714285714285714,Web,Gold,Highly Active
8799,1984,Phd,Married,38175.0,1,0,2013-09-23,6,70,6,69,2.0,3,3.0,3,3,1,4,7,0,0,0,0,0,0,3,11,0,41,41,0.76,1,2,153.0,8,0,19.125,10,0.375,Store,Wine,Highly Active
1351,1956,Master,Together,58656.0,0,1,2012-09-20,25,962,12,194,16.0,24,12.0,4,7,8,13,6,0,0,1,0,0,0,3,11,0,69,69,1.77,1,2,1220.0,28,1,43.57142857142857,13,0.14285714285714285,Store,Wine,Highly Active
1045,1965,Graduation,Together,52117.0,0,1,2012-08-16,55,112,10,107,30.0,0,20.0,2,5,2,4,7,0,0,0,0,0,0,3,11,0,60,60,1.87,1,2,279.0,11,0,25.363636363636363,12,0.18181818181818182,Web,Wine,Moderately Active
7732,1978,Graduation,Married,64813.0,1,0,2014-01-02,81,293,0,124,120.5,81,52.0,1,7,2,10,5,0,0,0,0,0,0,3,11,0,47,47,0.49,1,2,670.5,19,0,35.28947368421053,12,0.05263157894736842,Store,Wine,Inactive
8070,1973,Phd,Married,54222.0,0,1,2014-03-01,98,199,12,31,3.0,12,7.0,1,3,3,5,3,0,0,0,0,0,0,3,11,0,52,52,0.33,1,2,264.0,11,0,24.0,6,0.09090909090909091,Store,Wine,Inactive
477,1986,Graduation,Married,83512.0,0,0,2014-06-17,31,1060,61,556,80.0,20,101.0,1,4,7,10,1,1,0,1,1,1,0,3,11,1,39,39,0.03,0,1,1878.0,21,4,89.42857142857143,5,0.047619047619047616,Store,Wine,Moderately Active
7832,1959,Master,Married,77520.0,0,1,2013-08-28,30,940,44,396,0.0,81,58.0,1,8,7,7,4,1,0,1,1,0,0,3,11,1,66,66,0.84,1,2,1519.0,22,3,69.04545454545455,12,0.045454545454545456,Web,Wine,Highly Active
2202,1978,Graduation,Together,41154.0,0,1,2013-04-09,98,44,2,11,2.0,3,7.0,1,1,0,4,5,0,0,0,0,0,0,3,11,0,47,47,1.22,1,2,69.0,5,0,13.8,6,0.2,Store,Wine,Inactive
7396,1966,Graduation,Married,80398.0,0,0,2012-11-10,92,342,51,556,120.5,35,26.0,1,5,8,12,3,0,0,1,0,0,0,3,11,0,59,59,1.63,0,1,1130.5,25,1,45.22,8,0.04,Store,Meat,Inactive
4055,1992,Basic,Single,18746.0,1,0,2014-05-29,41,2,10,11,12.0,9,20.0,2,3,0,3,6,0,0,0,0,0,0,3,11,0,33,33,0.08,1,2,64.0,6,0,10.666666666666666,9,0.3333333333333333,Web,Gold,Moderately Active
10340,1984,Graduation,Together,35196.0,1,0,2012-11-13,68,75,12,141,43.0,39,126.5,6,6,1,5,8,0,0,0,0,0,0,3,11,0,41,41,1.62,1,2,436.5,12,0,36.375,14,0.5,Web,Meat,Inactive
10091,1956,Graduation,Single,60230.0,0,1,2013-05-20,78,520,20,367,39.0,81,40.0,2,6,3,6,5,0,0,0,0,0,0,3,11,0,69,69,1.11,1,2,1067.0,15,0,71.13333333333334,11,0.13333333333333333,Web,Wine,Inactive
7629,1977,Graduation,Married,22108.0,1,1,2014-05-08,46,5,3,9,6.0,2,6.0,2,2,0,3,7,0,0,0,0,0,0,3,11,0,48,48,0.14,2,3,31.0,5,0,6.2,9,0.4,Store,Meat,Moderately Active
10640,1974,Graduation,Together,44392.0,1,1,2013-09-05,71,87,5,71,7.0,12,29.0,5,4,1,4,7,0,0,0,0,0,0,3,11,0,51,51,0.81,2,3,211.0,9,0,23.444444444444443,11,0.5555555555555556,Web,Wine,Inactive
3498,1976,Phd,Married,55424.0,0,1,2012-11-25,6,462,61,184,10.0,53,107.0,4,7,5,9,6,1,0,0,0,0,0,3,11,1,49,49,1.59,1,2,877.0,21,1,41.76190476190476,13,0.19047619047619047,Store,Wine,Highly Active
6742,1979,Graduation,Married,17688.0,1,0,2013-01-13,82,2,2,1,3.0,1,2.0,1,1,0,2,8,0,0,0,0,0,1,3,11,0,46,46,1.46,1,2,11.0,3,0,3.6666666666666665,9,0.3333333333333333,Store,Fish,Inactive
1172,1983,Phd,Married,92491.0,0,0,2013-05-01,71,979,44,556,29.0,25,22.0,1,7,5,12,3,0,1,1,1,0,0,3,11,1,42,42,1.16,0,1,1655.0,24,3,68.95833333333333,10,0.041666666666666664,Store,Wine,Inactive
569,1991,Graduation,Single,90273.0,0,0,2013-12-14,32,704,81,556,120.0,74,111.0,1,5,6,7,2,0,1,1,1,0,0,3,11,1,34,34,0.54,0,1,1646.0,18,3,91.44444444444444,7,0.05555555555555555,Store,Wine,Moderately Active
4686,1962,Phd,Widow,82571.0,0,0,2014-04-02,28,861,31,556,62.0,81,79.0,0,6,5,13,2,0,0,1,0,0,0,3,11,0,63,63,0.24,0,1,1670.0,24,1,69.58333333333333,8,0.0,Store,Wine,Highly Active
1381,1982,Phd,Single,38513.0,1,0,2014-01-28,20,172,3,115,16.0,0,18.0,5,6,1,5,8,0,0,0,0,0,0,3,11,1,43,43,0.42,1,2,324.0,12,0,27.0,14,0.4166666666666667,Web,Wine,Highly Active
2634,1979,Master,Single,16653.0,1,0,2014-04-18,10,5,7,31,15.0,4,7.0,3,2,1,3,6,0,0,0,0,0,0,3,11,1,46,46,0.2,1,2,69.0,6,0,11.5,8,0.5,Store,Meat,Highly Active
10905,1955,Graduation,Together,42586.0,1,1,2012-10-29,7,194,2,56,0.0,0,0.0,5,4,1,6,8,0,0,0,0,0,0,3,11,1,70,70,1.66,2,3,252.0,11,0,22.90909090909091,12,0.45454545454545453,Store,Wine,Highly Active
1744,1965,Basic,Single,23529.0,0,1,2013-01-07,67,9,7,13,3.0,2,20.0,1,1,1,2,6,0,0,0,0,0,0,3,11,0,60,60,1.47,1,2,54.0,4,0,13.5,7,0.25,Store,Gold,Inactive
1000,1961,Master,Together,74881.0,1,1,2013-03-08,48,505,72,270,36.0,27,54.0,4,9,2,12,5,0,0,0,0,0,0,3,11,0,64,64,1.31,2,3,964.0,23,0,41.91304347826087,14,0.17391304347826086,Store,Wine,Moderately Active
3828,1951,Graduation,Married,71107.0,0,1,2013-02-17,61,533,10,217,120.5,81,126.5,2,7,6,13,4,0,0,0,0,0,0,3,11,0,74,74,1.36,1,2,1088.0,26,0,41.84615384615385,11,0.07692307692307693,Store,Wine,Inactive
8605,1964,Phd,Together,46910.0,1,1,2014-03-23,36,48,0,14,0.0,0,6.0,2,2,0,3,6,0,0,0,0,0,0,3,11,0,61,61,0.27,2,3,68.0,5,0,13.6,8,0.4,Store,Wine,Moderately Active
10304,1959,Graduation,Married,18690.0,0,0,2012-12-28,77,6,1,7,23.0,4,19.0,1,1,1,2,8,0,0,0,0,0,0,3,11,0,66,66,1.5,0,1,60.0,4,0,15.0,9,0.25,Store,Fish,Inactive
4351,1955,Graduation,Divorced,37244.0,1,1,2013-04-27,90,18,2,10,0.0,0,25.0,1,1,1,2,7,1,0,0,0,0,0,3,11,0,70,70,1.17,2,3,55.0,4,1,13.75,8,0.25,Store,Gold,Inactive
10129,1966,Graduation,Together,82427.0,0,0,2014-03-12,35,482,81,509,104.0,81,107.0,1,3,5,12,1,0,0,1,0,0,0,3,11,0,59,59,0.3,0,1,1364.0,20,1,68.2,4,0.05,Store,Meat,Moderately Active
2499,1958,2N Cycle,Single,75342.0,0,1,2013-05-06,38,204,81,97,21.0,81,26.0,1,5,2,10,4,0,0,0,0,0,0,3,11,0,67,67,1.15,1,2,510.0,17,0,30.0,9,0.058823529411764705,Store,Wine,Moderately Active
10092,1954,Graduation,Divorced,70044.0,0,1,2013-02-18,46,1073,0,250,120.5,14,14.0,4,7,10,5,5,0,0,0,0,0,0,3,11,0,71,71,1.36,1,2,1471.5,22,0,66.88636363636364,12,0.18181818181818182,Catalog,Wine,Moderately Active
7500,1967,Graduation,Single,79146.0,1,1,2014-04-24,33,245,16,223,21.0,43,16.0,2,8,1,8,6,0,0,0,0,0,0,3,11,0,58,58,0.18,2,3,564.0,17,0,33.1764705882353,14,0.11764705882352941,Web,Wine,Moderately Active
5796,1963,Graduation,Married,77437.0,0,0,2013-11-26,70,560,21,442,29.0,44,29.0,1,4,5,13,1,0,0,1,0,0,0,3,11,0,62,62,0.59,0,1,1125.0,22,1,51.13636363636363,5,0.045454545454545456,Store,Wine,Inactive
10556,1959,Graduation,Married,54984.0,0,1,2014-05-24,51,173,13,131,32.0,3,6.0,4,6,1,6,7,0,0,0,1,0,0,3,11,0,66,66,0.1,1,2,358.0,13,1,27.53846153846154,13,0.3076923076923077,Web,Wine,Moderately Active
1064,1971,Phd,Married,42403.0,1,0,2013-12-11,18,22,1,11,0.0,5,3.0,1,1,0,3,8,0,0,0,0,0,0,3,11,0,54,54,0.55,1,2,42.0,4,0,10.5,9,0.25,Store,Wine,Highly Active
48,1964,Graduation,Together,55761.0,0,1,2014-04-24,97,136,1,12,0.0,3,32.0,2,4,1,3,6,0,1,0,0,0,0,3,11,0,61,61,0.18,1,2,184.0,8,1,23.0,10,0.25,Web,Wine,Inactive
7610,1983,Graduation,Together,37292.0,1,0,2013-04-18,32,275,0,86,10.0,23,66.0,5,6,3,5,8,0,0,0,0,0,0,3,11,0,42,42,1.2,1,2,460.0,14,0,32.857142857142854,14,0.35714285714285715,Web,Wine,Moderately Active
263,1945,Phd,Single,45576.0,0,0,2014-05-28,9,56,19,29,2.0,14,25.0,1,3,1,3,8,0,0,0,0,0,0,3,11,1,80,80,0.09,0,1,145.0,7,0,20.714285714285715,11,0.14285714285714285,Web,Wine,Highly Active
10814,1947,Graduation,Together,70321.0,0,0,2013-01-16,6,303,23,556,82.0,26,126.5,1,6,5,13,4,0,0,0,0,0,0,3,11,1,78,78,1.45,0,1,1116.5,24,0,46.520833333333336,10,0.041666666666666664,Store,Meat,Highly Active
9710,1969,Phd,Divorced,58086.0,0,1,2013-01-20,80,708,7,62,0.0,0,15.0,2,11,3,7,8,0,0,0,0,0,0,3,11,0,56,56,1.44,1,2,792.0,21,0,37.714285714285715,19,0.09523809523809523,Web,Wine,Inactive
9292,1952,Graduation,Married,81795.0,0,0,2012-10-26,74,324,81,556,27.0,81,88.0,1,4,11,7,2,0,0,0,0,0,0,3,11,0,73,73,1.67,0,1,1157.0,22,0,52.59090909090909,6,0.045454545454545456,Catalog,Meat,Inactive
10250,1947,Basic,Together,28389.0,0,0,2012-11-20,49,1,5,3,7.0,4,8.0,1,1,0,2,7,0,0,0,0,0,0,3,11,0,78,78,1.6,0,1,28.0,3,0,9.333333333333334,8,0.3333333333333333,Store,Gold,Moderately Active
7881,1946,Master,Married,66835.0,0,0,2013-09-28,21,620,26,195,34.0,17,126.5,1,6,4,13,2,0,0,0,0,0,0,3,11,0,79,79,0.75,0,1,1018.5,23,0,44.28260869565217,8,0.043478260869565216,Store,Wine,Highly Active
5847,1969,Graduation,Divorced,69901.0,0,1,2013-05-29,95,312,21,206,102.0,81,126.5,3,7,3,10,5,0,0,0,0,0,0,3,11,0,56,56,1.08,1,2,848.5,20,0,42.425,12,0.15,Store,Wine,Inactive
737,1949,Phd,Married,80360.0,0,0,2013-03-03,56,1224,81,454,112.0,43,43.0,2,4,4,5,2,0,1,1,1,0,0,3,11,0,76,76,1.32,0,1,1957.0,13,3,150.53846153846155,6,0.15384615384615385,Store,Wine,Moderately Active
3571,1961,Phd,Together,63342.0,0,1,2012-10-16,48,918,21,118,13.0,10,21.0,3,8,3,5,6,0,1,0,0,0,0,3,11,1,64,64,1.7,1,2,1101.0,16,1,68.8125,14,0.1875,Web,Wine,Moderately Active
7807,1974,Graduation,Married,44989.0,0,1,2012-09-12,26,98,0,106,49.0,10,106.0,5,5,1,5,6,0,0,0,0,0,0,3,11,0,51,51,1.79,1,2,369.0,11,0,33.54545454545455,11,0.45454545454545453,Web,Meat,Highly Active
3878,1980,2N Cycle,Single,31859.0,1,0,2014-02-27,3,3,4,7,15.0,8,11.0,1,1,0,3,7,0,0,0,0,0,0,3,11,0,45,45,0.33,1,2,48.0,4,0,12.0,8,0.25,Store,Fish,Highly Active
5092,1949,Phd,Widow,51569.0,0,1,2013-02-12,39,380,0,47,6.0,0,34.0,4,7,1,7,8,0,1,0,0,0,0,3,11,1,76,76,1.37,1,2,467.0,15,1,31.133333333333333,15,0.26666666666666666,Web,Wine,Moderately Active
2154,1971,Graduation,Widow,30372.0,1,1,2012-12-25,33,15,0,12,7.0,3,7.0,3,2,0,3,7,0,0,0,0,0,0,3,11,0,54,54,1.51,2,3,44.0,5,0,8.8,9,0.6,Store,Wine,Moderately Active
5394,1979,Basic,Single,16014.0,1,1,2013-03-17,42,3,9,4,7.0,8,7.0,4,1,1,4,3,0,0,0,0,0,0,3,11,0,46,46,1.28,2,3,38.0,6,0,6.333333333333333,4,0.6666666666666666,Store,Fruits,Moderately Active
3798,1968,Graduation,Married,41120.0,1,1,2013-11-06,80,24,2,23,0.0,8,24.0,3,2,1,3,6,0,0,0,0,0,0,3,11,0,57,57,0.64,2,3,81.0,6,0,13.5,8,0.5,Store,Wine,Inactive
3524,1971,Master,Single,39763.0,1,0,2013-08-04,9,80,1,60,4.0,6,16.0,2,5,1,2,9,0,0,0,0,0,0,3,11,1,54,54,0.9,1,2,167.0,8,0,20.875,14,0.25,Web,Wine,Highly Active
5247,1955,Phd,Married,38725.0,1,1,2014-05-10,52,31,0,6,2.0,1,5.0,2,1,0,4,4,0,0,0,0,0,0,3,11,0,70,70,0.14,2,3,45.0,5,0,9.0,5,0.4,Store,Wine,Moderately Active
5883,1972,Graduation,Married,77981.0,1,0,2013-05-26,78,138,81,204,16.0,81,60.0,3,7,4,7,5,0,0,0,0,0,0,3,11,0,53,53,1.09,1,2,580.0,18,0,32.22222222222222,12,0.16666666666666666,Web,Meat,Inactive
2118,1964,2N Cycle,Married,62905.0,0,1,2013-09-10,68,166,75,96,119.0,81,59.0,3,7,2,8,4,0,0,0,0,0,0,3,11,0,61,61,0.8,1,2,596.0,17,0,35.05882352941177,11,0.17647058823529413,Store,Wine,Inactive
8812,1979,2N Cycle,Divorced,13533.0,1,0,2013-03-10,45,12,3,8,8.0,0,17.0,2,2,0,3,7,0,0,0,0,0,0,3,11,0,46,46,1.3,1,2,48.0,5,0,9.6,9,0.4,Store,Gold,Moderately Active
6616,1975,Graduation,Together,59481.0,0,1,2013-10-23,47,178,3,85,71.0,66,58.0,2,3,3,8,2,0,0,0,0,0,0,3,11,0,50,50,0.68,1,2,461.0,14,0,32.92857142857143,5,0.14285714285714285,Store,Wine,Moderately Active
2797,1977,Graduation,Married,72117.0,0,1,2013-08-20,34,707,20,171,65.0,60,50.0,1,9,7,9,5,0,0,0,0,0,0,3,11,0,48,48,0.86,1,2,1073.0,25,0,42.92,14,0.04,Web,Wine,Moderately Active
4328,1986,2N Cycle,Married,21955.0,1,0,2013-09-07,81,5,1,7,17.0,14,11.0,2,2,1,3,6,0,0,0,0,0,0,3,11,0,39,39,0.81,1,2,55.0,6,0,9.166666666666666,8,0.3333333333333333,Store,Fish,Inactive
9167,1956,Graduation,Married,67131.0,0,1,2013-03-26,72,465,71,250,93.0,35,62.0,3,9,2,12,6,0,0,0,0,0,0,3,11,0,69,69,1.26,1,2,976.0,23,0,42.43478260869565,15,0.13043478260869565,Store,Wine,Inactive
10560,1980,Phd,Single,36802.0,1,0,2014-06-16,23,16,1,2,0.0,0,1.0,1,1,0,3,5,0,0,0,0,0,0,3,11,0,45,45,0.04,1,2,20.0,4,0,5.0,6,0.25,Store,Wine,Highly Active
2631,1982,Graduation,Together,71853.0,0,0,2013-05-08,29,358,81,413,120.5,81,32.0,1,2,8,6,1,0,0,0,0,0,0,3,11,0,43,43,1.14,0,1,1085.5,16,0,67.84375,3,0.0625,Catalog,Meat,Highly Active
8312,1961,Basic,Married,28249.0,0,0,2014-06-15,80,1,9,7,2.0,14,10.0,1,2,0,3,6,0,0,0,0,0,0,3,11,0,64,64,0.04,0,1,43.0,5,0,8.6,8,0.2,Store,Sweets,Inactive
5534,1975,Master,Married,47808.0,0,1,2013-10-20,30,123,1,26,2.0,0,72.0,2,3,2,3,7,1,0,0,0,0,0,3,11,0,50,50,0.69,1,2,224.0,8,1,28.0,10,0.25,Web,Wine,Highly Active
5093,1974,Phd,Divorced,25509.0,1,0,2012-09-18,15,40,3,30,10.0,7,11.0,3,3,0,3,9,0,0,0,0,0,0,3,11,1,51,51,1.78,1,2,101.0,6,0,16.833333333333332,12,0.5,Web,Wine,Highly Active
7592,1946,Phd,Married,51012.0,0,0,2013-04-18,86,102,9,63,2.0,9,24.0,1,4,1,4,6,0,0,0,0,0,0,3,11,0,79,79,1.2,0,1,209.0,9,0,23.22222222222222,10,0.1111111111111111,Web,Wine,Inactive
8895,1985,Graduation,Single,70596.0,0,0,2012-10-05,68,347,44,534,17.0,0,26.0,1,3,5,12,2,0,0,0,0,0,0,3,11,0,40,40,1.73,0,1,968.0,20,0,48.4,5,0.05,Store,Meat,Inactive
8584,1952,Phd,Together,85431.0,0,0,2013-06-08,54,376,53,462,120.5,53,53.0,1,2,7,7,0,0,0,0,0,0,0,3,11,0,73,73,1.06,0,1,1117.5,16,0,69.84375,2,0.0625,Catalog,Meat,Moderately Active
2694,1967,Graduation,Married,42664.0,0,1,2014-03-18,44,21,0,3,0.0,0,0.0,1,1,0,3,6,0,0,0,0,0,0,3,11,0,58,58,0.28,1,2,24.0,4,0,6.0,7,0.25,Store,Wine,Moderately Active
8910,1955,Graduation,Together,42586.0,1,1,2012-10-29,7,194,2,56,0.0,0,0.0,5,4,1,6,8,0,0,0,0,0,0,3,11,1,70,70,1.66,2,3,252.0,11,0,22.90909090909091,12,0.45454545454545453,Store,Wine,Highly Active
7433,1985,Graduation,Single,29760.0,1,0,2012-08-29,87,64,4,68,7.0,5,17.0,4,3,1,4,8,0,0,0,0,0,0,3,11,0,40,40,1.83,1,2,165.0,8,0,20.625,11,0.5,Store,Meat,Inactive
164,1977,Phd,Married,28973.0,0,0,2012-10-13,59,206,0,46,3.0,2,12.0,2,5,1,5,8,0,0,0,0,0,0,3,11,0,48,48,1.71,0,1,269.0,11,0,24.454545454545453,13,0.18181818181818182,Web,Wine,Moderately Active
10477,1973,Phd,Together,39435.0,1,0,2013-08-06,16,71,0,18,0.0,0,13.0,1,3,1,2,7,0,0,0,0,0,0,3,11,0,52,52,0.9,1,2,102.0,6,0,17.0,10,0.16666666666666666,Web,Wine,Highly Active
2681,1984,2N Cycle,Married,65370.0,0,0,2013-08-01,1,71,22,112,120.5,81,29.0,1,2,3,13,1,0,0,0,0,0,0,3,11,0,41,41,0.91,0,1,435.5,18,0,24.194444444444443,3,0.05555555555555555,Store,Fish,Highly Active
5150,1979,Basic,Single,20194.0,1,0,2012-12-17,64,0,4,7,11.0,10,15.0,2,2,0,3,6,0,0,0,0,0,0,3,11,0,46,46,1.53,1,2,47.0,5,0,9.4,8,0.4,Store,Gold,Inactive
5283,1976,Phd,Single,42473.0,1,1,2014-02-17,72,93,1,21,0.0,4,25.0,3,2,1,4,5,0,0,0,0,0,0,3,11,0,49,49,0.36,2,3,144.0,7,0,20.571428571428573,7,0.42857142857142855,Store,Wine,Inactive
9645,1968,Graduation,Married,64590.0,0,0,2012-10-14,98,920,81,168,36.0,46,30.0,1,9,4,10,6,0,0,0,0,0,0,3,11,0,57,57,1.71,0,1,1281.0,23,0,55.69565217391305,15,0.043478260869565216,Store,Wine,Inactive
10678,1959,Graduation,Together,71232.0,0,1,2013-11-28,91,653,17,170,34.0,26,17.0,2,11,2,10,7,0,0,0,0,0,0,3,11,0,66,66,0.58,1,2,917.0,23,0,39.869565217391305,18,0.08695652173913043,Web,Wine,Inactive
7261,1971,Graduation,Together,34600.0,1,1,2013-01-01,8,199,33,60,8.0,3,15.0,5,5,2,5,8,0,0,0,0,0,0,3,11,1,54,54,1.49,2,3,318.0,12,0,26.5,13,0.4166666666666667,Web,Wine,Highly Active
9648,1967,Graduation,Single,46904.0,1,1,2012-11-03,20,153,4,56,0.0,9,31.0,4,5,1,4,8,0,0,0,0,0,0,3,11,0,58,58,1.65,2,3,253.0,10,0,25.3,13,0.4,Web,Wine,Highly Active
2870,1973,Graduation,Married,49094.0,0,1,2012-09-21,6,376,0,38,11.0,8,69.0,5,6,3,6,6,0,0,0,0,0,0,3,11,0,52,52,1.77,1,2,502.0,15,0,33.46666666666667,12,0.3333333333333333,Web,Wine,Highly Active
8008,1983,Graduation,Together,36075.0,1,0,2013-12-09,54,46,0,30,12.0,1,30.0,1,2,0,4,6,0,0,0,0,0,0,3,11,0,42,42,0.55,1,2,119.0,6,0,19.833333333333332,8,0.16666666666666666,Store,Wine,Moderately Active
1513,1979,2N Cycle,Together,60839.0,1,1,2012-08-28,72,600,21,128,120.5,81,126.5,13,2,2,12,8,0,0,0,0,0,0,3,11,0,46,46,1.83,2,3,1077.0,16,0,67.3125,10,0.8125,Store,Wine,Inactive
6173,1979,Graduation,Together,77298.0,0,1,2013-11-02,46,425,81,292,23.0,35,79.0,1,6,6,11,3,0,0,0,0,0,0,3,11,0,46,46,0.65,1,2,935.0,23,0,40.65217391304348,9,0.043478260869565216,Store,Wine,Moderately Active
1419,1950,Graduation,Together,34026.0,1,1,2013-08-05,11,18,6,15,12.0,8,17.0,3,2,1,3,5,0,0,0,0,0,0,3,11,0,75,75,0.9,2,3,76.0,6,0,12.666666666666666,7,0.5,Store,Wine,Highly Active
9150,1963,Phd,Single,48918.0,1,1,2014-04-12,21,52,0,9,0.0,0,1.0,2,1,0,4,4,0,0,0,0,0,0,3,11,0,62,62,0.21,2,3,62.0,5,0,12.4,5,0.4,Store,Wine,Highly Active
7960,1962,2N Cycle,Together,82122.0,0,0,2013-08-15,89,734,22,350,120.5,25,100.0,1,3,9,13,1,0,0,1,0,0,0,3,11,0,63,63,0.87,0,1,1351.5,25,1,54.06,4,0.04,Store,Wine,Inactive
1250,1976,Graduation,Single,37697.0,1,0,2014-02-07,82,34,6,21,11.0,4,8.0,1,2,1,3,6,0,0,0,0,0,0,3,11,0,49,49,0.39,1,2,84.0,6,0,14.0,8,0.16666666666666666,Store,Wine,Inactive
9905,1952,Graduation,Together,34074.0,1,1,2013-07-13,69,135,1,41,10.0,1,67.0,5,3,3,3,6,1,0,0,0,0,0,3,11,0,73,73,0.96,2,3,255.0,9,1,28.333333333333332,9,0.5555555555555556,Web,Wine,Inactive
10691,1960,Master,Married,28520.0,1,1,2013-06-14,55,11,0,10,0.0,2,20.0,1,1,1,2,6,0,0,0,0,0,0,3,11,0,65,65,1.04,2,3,43.0,4,0,10.75,7,0.25,Store,Gold,Moderately Active
7002,1955,Graduation,Single,62535.0,0,1,2013-10-03,13,163,48,90,0.0,45,52.0,1,3,2,8,3,0,0,0,0,0,0,3,11,0,70,70,0.74,1,2,398.0,13,0,30.615384615384617,6,0.07692307692307693,Store,Wine,Highly Active
2952,1977,Master,Single,36273.0,1,0,2014-04-16,80,29,3,30,3.0,2,9.0,2,3,0,3,6,0,0,0,0,0,0,3,11,0,48,48,0.2,1,2,76.0,6,0,12.666666666666666,9,0.3333333333333333,Web,Meat,Inactive
8439,1964,Graduation,Together,63404.0,0,2,2014-06-06,97,734,26,70,11.0,44,17.0,2,6,3,4,4,0,0,0,1,0,0,3,11,0,61,61,0.06,2,3,902.0,13,1,69.38461538461539,10,0.15384615384615385,Web,Wine,Inactive
762,1981,2N Cycle,Together,75774.0,1,0,2014-05-02,27,340,21,134,120.5,14,56.0,1,7,5,8,4,0,0,0,0,0,0,3,11,0,44,44,0.16,1,2,685.5,20,0,34.275,11,0.05,Store,Wine,Highly Active
2831,1976,Graduation,Together,78416.0,0,1,2014-06-27,99,453,38,279,120.5,38,126.5,2,7,7,10,3,0,0,0,0,0,0,3,11,0,49,49,0.01,1,2,1055.0,24,0,43.958333333333336,10,0.08333333333333333,Store,Wine,Inactive
6977,1974,Graduation,Together,75702.0,0,1,2012-10-14,87,1073,0,556,120.5,37,37.0,1,10,5,13,6,0,0,1,0,0,0,3,11,0,51,51,1.71,1,2,1823.5,28,1,65.125,16,0.03571428571428571,Store,Wine,Inactive
6289,1951,Master,Together,59385.0,1,1,2013-04-28,85,135,0,10,0.0,4,36.0,2,3,1,4,5,0,0,0,0,0,0,3,11,0,74,74,1.17,2,3,185.0,8,0,23.125,8,0.25,Store,Wine,Inactive
4168,1966,Graduation,Single,37070.0,1,1,2013-03-20,30,231,7,137,4.0,15,39.0,9,5,1,8,7,0,0,0,0,0,0,3,11,1,59,59,1.28,2,3,433.0,14,0,30.928571428571427,12,0.6428571428571429,Store,Wine,Highly Active
8397,1951,Graduation,Married,44689.0,1,1,2014-01-10,82,18,0,5,0.0,0,11.0,2,1,1,2,7,1,0,0,0,0,0,3,11,0,74,74,0.47,2,3,34.0,4,1,8.5,8,0.5,Store,Wine,Inactive
9284,1958,Graduation,Together,53977.0,0,1,2013-06-08,21,620,16,165,0.0,24,82.0,5,5,5,12,5,0,0,0,0,0,0,3,11,0,67,67,1.06,1,2,907.0,22,0,41.22727272727273,10,0.22727272727272727,Store,Wine,Highly Active
6237,1966,Phd,Single,7144.0,0,2,2013-12-07,92,81,4,33,5.0,2,126.5,0,23,1,1,0,0,0,0,0,0,0,3,11,0,59,59,0.56,2,3,251.5,25,0,10.06,23,0.0,Web,Gold,Inactive
3130,1964,Graduation,Single,18701.0,1,1,2013-06-04,95,12,4,2,10.0,6,10.0,4,2,0,4,5,0,0,0,0,0,0,3,11,0,61,61,1.07,2,3,44.0,6,0,7.333333333333333,7,0.6666666666666666,Store,Wine,Inactive
1619,1956,Graduation,Married,90369.0,0,0,2014-04-28,2,292,51,556,120.5,23,17.0,1,4,6,6,1,0,0,0,0,0,0,3,11,1,69,69,0.17,0,1,1059.5,16,0,66.21875,5,0.0625,Catalog,Meat,Highly Active
1990,1974,Phd,Single,63159.0,0,0,2012-11-05,74,965,34,556,89.0,81,37.0,1,3,5,8,3,1,0,0,0,0,0,3,11,0,51,51,1.65,0,1,1762.0,16,1,110.125,6,0.0625,Store,Wine,Inactive
5513,1966,Graduation,Together,37758.0,1,1,2012-10-04,49,27,2,10,0.0,0,1.0,2,1,0,3,8,0,0,0,0,0,0,3,11,0,59,59,1.73,2,3,40.0,4,0,10.0,9,0.5,Store,Wine,Moderately Active
269,1963,Phd,Single,46757.0,0,1,2012-11-16,71,777,30,163,0.0,51,122.0,6,4,4,7,9,0,0,0,0,0,0,3,11,0,62,62,1.62,1,2,1143.0,15,0,76.2,13,0.4,Store,Wine,Inactive
8093,1969,Master,Married,79734.0,0,0,2014-06-28,72,572,8,232,23.0,62,17.0,1,4,3,6,1,0,0,0,1,0,0,3,11,0,56,56,0.0,0,1,914.0,13,1,70.3076923076923,5,0.07692307692307693,Store,Wine,Inactive
10513,1992,Graduation,Together,63207.0,0,0,2013-01-20,68,438,81,556,91.0,81,70.0,1,2,3,6,7,0,0,0,1,0,0,3,11,0,33,33,1.44,0,1,1317.0,11,1,119.72727272727273,9,0.09090909090909091,Store,Meat,Inactive
10177,1954,Graduation,Divorced,72071.0,0,1,2013-02-14,4,531,69,300,120.5,81,126.5,3,5,4,8,2,0,0,0,0,0,0,3,11,0,71,71,1.37,1,2,1228.0,17,0,72.23529411764706,7,0.17647058823529413,Store,Wine,Highly Active
2549,1983,Phd,Together,21840.0,1,0,2013-07-21,80,17,0,9,0.0,0,1.0,1,1,0,3,9,0,0,0,0,0,0,3,11,0,42,42,0.94,1,2,27.0,4,0,6.75,10,0.25,Store,Wine,Inactive
5782,1982,2N Cycle,Together,58582.0,0,1,2013-09-28,15,402,35,106,101.0,77,42.0,2,9,2,9,5,0,1,0,0,0,0,3,11,0,43,43,0.75,1,2,763.0,20,1,38.15,14,0.1,Web,Wine,Highly Active
10057,1951,Graduation,Single,72282.0,0,0,2013-07-19,70,503,27,419,90.0,81,126.5,1,5,7,9,7,0,0,0,0,0,0,3,11,1,74,74,0.94,0,1,1246.5,21,0,59.357142857142854,12,0.047619047619047616,Store,Wine,Inactive
10307,1956,Graduation,Married,50387.0,0,2,2013-08-31,91,369,9,87,12.0,14,34.0,3,6,2,8,5,0,0,0,0,0,0,3,11,0,69,69,0.83,2,3,525.0,16,0,32.8125,11,0.1875,Store,Wine,Inactive
8566,1961,Phd,Together,32583.0,1,1,2014-06-15,10,5,0,3,0.0,0,1.0,1,1,0,2,7,0,0,0,0,0,0,3,11,0,64,64,0.04,2,3,9.0,3,0,3.0,8,0.3333333333333333,Store,Wine,Highly Active
2415,1962,Graduation,Together,62568.0,0,1,2014-04-07,99,362,17,398,80.0,35,61.0,3,5,3,5,4,0,0,0,1,0,0,3,11,0,63,63,0.23,1,2,953.0,13,1,73.3076923076923,9,0.23076923076923078,Web,Meat,Inactive
5684,1971,Master,Divorced,44635.0,1,1,2013-10-11,25,56,0,9,0.0,0,3.0,2,2,0,3,7,0,0,0,0,0,0,3,11,0,54,54,0.71,2,3,68.0,5,0,13.6,9,0.4,Store,Wine,Highly Active
8334,1971,Master,Single,33316.0,1,1,2013-10-04,34,79,1,31,4.0,4,12.0,3,2,1,4,6,0,0,0,0,0,0,3,11,0,54,54,0.73,2,3,131.0,7,0,18.714285714285715,8,0.42857142857142855,Store,Wine,Moderately Active
9166,1968,Graduation,Married,63967.0,0,1,2013-08-09,57,387,81,141,73.0,35,126.5,3,4,4,12,2,0,0,0,0,0,0,3,11,0,57,57,0.89,1,2,843.5,20,0,42.175,6,0.15,Store,Wine,Moderately Active
1440,1978,2N Cycle,Together,52513.0,0,0,2012-09-04,84,367,17,241,104.0,81,126.5,2,9,5,9,7,0,0,0,0,0,0,3,11,0,47,47,1.82,0,1,936.5,23,0,40.71739130434783,16,0.08695652173913043,Web,Wine,Inactive
78,1969,Graduation,Married,25293.0,1,0,2013-09-15,51,15,0,11,0.0,2,9.0,1,1,1,2,8,0,0,0,0,0,0,3,11,0,56,56,0.79,1,2,37.0,4,0,9.25,9,0.25,Store,Wine,Moderately Active
5441,1965,Phd,Widow,54111.0,0,1,2013-08-25,97,267,6,54,8.0,3,50.0,2,5,2,6,5,0,0,0,0,0,0,3,11,0,60,60,0.84,1,2,388.0,13,0,29.846153846153847,10,0.15384615384615385,Store,Wine,Inactive
5302,1986,Graduation,Together,78394.0,0,0,2013-02-15,13,298,27,556,120.5,24,126.5,1,4,6,5,2,0,0,0,0,0,0,3,11,1,39,39,1.37,0,1,1152.0,15,0,76.8,6,0.06666666666666667,Catalog,Meat,Highly Active
4687,1958,Master,Married,80739.0,0,0,2013-05-23,92,674,81,556,39.0,0,92.0,1,3,11,9,1,0,0,0,0,0,0,3,11,0,67,67,1.1,0,1,1442.0,23,0,62.69565217391305,4,0.043478260869565216,Catalog,Wine,Inactive
1087,1975,Master,Together,22669.0,1,0,2013-05-22,30,16,14,36,37.0,22,48.0,3,4,1,2,9,0,0,0,0,0,0,3,11,1,50,50,1.1,1,2,173.0,7,0,24.714285714285715,13,0.42857142857142855,Web,Gold,Highly Active
6859,1987,Graduation,Single,29236.0,1,0,2013-10-08,30,37,4,24,16.0,9,9.0,2,4,0,3,9,0,0,0,0,0,0,3,11,0,38,38,0.72,1,2,99.0,7,0,14.142857142857142,13,0.2857142857142857,Web,Wine,Highly Active
9860,1959,Graduation,Together,44911.0,0,1,2013-03-15,11,159,0,22,2.0,1,31.0,3,4,1,4,7,0,0,0,0,0,0,3,11,0,66,66,1.29,1,2,215.0,9,0,23.88888888888889,11,0.3333333333333333,Web,Wine,Highly Active
7129,1962,Phd,Married,54693.0,0,1,2013-02-17,72,686,17,142,23.0,26,35.0,8,6,4,13,6,0,0,0,0,0,0,3,11,0,63,63,1.36,1,2,929.0,23,0,40.391304347826086,12,0.34782608695652173,Store,Wine,Inactive
5866,1974,Graduation,Together,48186.0,1,0,2014-03-20,39,97,3,66,12.0,7,34.0,3,4,1,4,7,0,0,0,0,0,0,3,11,0,51,51,0.28,1,2,219.0,9,0,24.333333333333332,11,0.3333333333333333,Web,Wine,Moderately Active
10521,1977,Graduation,Married,54809.0,1,1,2013-09-11,0,63,6,57,13.0,13,22.0,4,2,1,5,4,0,0,0,0,0,0,3,11,1,48,48,0.8,2,3,174.0,8,0,21.75,6,0.5,Store,Wine,Highly Active
7393,1978,Graduation,Together,41580.0,1,1,2012-12-10,15,56,5,24,4.0,0,3.0,3,2,1,3,5,0,0,0,0,0,0,3,11,0,47,47,1.55,2,3,92.0,6,0,15.333333333333334,7,0.5,Store,Wine,Highly Active
7849,1970,Phd,Married,80336.0,0,0,2013-09-09,12,209,19,456,120.5,81,66.0,1,2,9,13,1,0,0,0,0,0,0,3,11,0,55,55,0.8,0,1,951.5,24,0,39.645833333333336,3,0.041666666666666664,Store,Meat,Highly Active
332,1957,Graduation,Married,47743.0,0,1,2013-03-22,56,198,2,43,0.0,12,20.0,3,4,1,6,6,0,1,0,0,0,0,3,11,0,68,68,1.27,1,2,275.0,11,1,25.0,10,0.2727272727272727,Store,Wine,Moderately Active
9847,1955,2N Cycle,Married,62972.0,0,1,2012-08-03,39,313,15,47,20.0,0,126.5,2,7,4,3,6,0,0,0,0,0,0,3,11,0,70,70,1.9,1,2,521.5,14,0,37.25,13,0.14285714285714285,Web,Wine,Moderately Active
531,1954,Phd,Divorced,57333.0,0,1,2012-09-22,55,941,14,397,76.0,58,126.5,11,8,5,9,6,0,0,0,0,0,0,3,11,1,71,71,1.77,1,2,1612.5,22,0,73.29545454545455,14,0.5,Store,Wine,Moderately Active
9576,1982,Phd,Together,32313.0,1,0,2013-02-11,60,86,4,56,2.0,4,7.0,3,4,0,4,9,0,0,0,0,0,0,3,11,0,43,43,1.38,1,2,159.0,8,0,19.875,13,0.375,Web,Wine,Moderately Active
6906,1953,Master,Widow,84953.0,0,0,2013-06-03,73,167,48,556,63.0,72,72.0,1,3,10,4,2,0,1,1,1,0,0,3,11,1,72,72,1.07,0,1,978.0,17,3,57.529411764705884,5,0.058823529411764705,Catalog,Meat,Inactive
7419,1968,Master,Divorced,27071.0,1,0,2014-04-23,90,8,3,19,0.0,2,3.0,2,2,0,3,6,0,0,0,0,0,0,3,11,0,57,57,0.18,1,2,35.0,5,0,7.0,8,0.4,Store,Meat,Inactive
3170,1957,Master,Together,68148.0,0,0,2013-08-31,86,389,66,408,37.0,57,85.0,1,4,4,6,2,0,0,0,0,0,0,3,11,0,68,68,0.83,0,1,1042.0,14,0,74.42857142857143,6,0.07142857142857142,Store,Meat,Inactive
8527,1965,Master,Together,65735.0,1,1,2013-12-07,37,239,7,119,4.0,15,11.0,5,6,2,6,7,0,0,0,0,0,0,3,11,0,60,60,0.56,2,3,395.0,14,0,28.214285714285715,13,0.35714285714285715,Web,Wine,Moderately Active
7872,1975,Phd,Married,86836.0,0,0,2012-09-12,7,179,21,273,0.0,21,63.0,1,6,10,6,5,1,0,1,1,0,0,3,11,1,50,50,1.79,0,1,557.0,22,3,25.318181818181817,11,0.045454545454545456,Catalog,Meat,Highly Active
9931,1963,Phd,Married,4023.0,1,1,2014-06-23,29,5,0,1,1.0,1,1.0,15,0,0,0,19,0,0,0,0,0,0,3,11,0,62,62,0.02,2,3,9.0,0,0,0.0,19,0.0,Web,Wine,Highly Active
10595,1990,Graduation,Married,30093.0,0,0,2013-07-08,19,2,6,28,13.0,4,16.0,1,2,0,3,7,0,0,0,0,0,0,3,11,0,35,35,0.97,0,1,69.0,5,0,13.8,9,0.2,Store,Meat,Highly Active
4609,1966,Phd,Married,57705.0,0,1,2014-01-11,14,383,0,53,6.0,4,40.0,3,8,1,6,6,0,0,0,0,0,0,3,11,0,59,59,0.46,1,2,486.0,15,0,32.4,14,0.2,Web,Wine,Highly Active
5010,1988,Graduation,Single,25008.0,1,0,2014-02-02,72,2,8,8,6.0,1,9.0,2,1,0,3,8,0,0,0,0,0,0,3,11,0,37,37,0.4,1,2,34.0,4,0,8.5,9,0.5,Store,Gold,Inactive
4427,1995,2N Cycle,Single,83257.0,0,0,2012-09-18,56,536,27,556,38.0,81,67.0,1,5,10,12,6,1,0,1,0,0,1,3,11,1,30,30,1.78,0,1,1305.0,27,2,48.333333333333336,11,0.037037037037037035,Store,Meat,Moderately Active
11148,1975,Graduation,Together,22280.0,1,0,2013-05-19,85,2,1,4,3.0,1,2.0,1,1,0,2,8,0,0,0,0,0,0,3,11,0,50,50,1.11,1,2,13.0,3,0,4.333333333333333,9,0.3333333333333333,Store,Meat,Inactive
1168,1978,Phd,Married,72159.0,0,0,2012-10-29,62,322,53,556,34.0,40,53.0,1,4,6,10,2,0,0,0,0,0,0,3,11,0,47,47,1.66,0,1,1058.0,20,0,52.9,6,0.05,Store,Meat,Inactive
9595,1961,Graduation,Together,64260.0,0,0,2013-01-11,1,539,81,556,20.0,0,30.0,1,4,5,4,3,0,0,0,0,0,0,3,11,1,64,64,1.46,0,1,1226.0,13,0,94.3076923076923,7,0.07692307692307693,Catalog,Meat,Highly Active
10163,1984,Phd,Single,82733.0,0,0,2013-09-10,28,712,50,420,65.0,38,38.0,1,8,4,7,4,0,0,0,0,0,0,3,11,1,41,41,0.8,0,1,1323.0,19,0,69.63157894736842,12,0.05263157894736842,Web,Wine,Highly Active
2886,1971,Master,Divorced,74290.0,0,1,2013-08-12,70,1121,0,72,0.0,12,12.0,4,10,8,10,6,0,1,0,1,0,0,3,11,0,54,54,0.88,1,2,1217.0,28,2,43.464285714285715,16,0.14285714285714285,Web,Wine,Inactive
6710,1951,Master,Single,58217.0,2,1,2012-11-17,84,68,1,13,3.0,5,13.0,1,2,0,4,6,0,0,0,0,0,0,3,11,0,74,74,1.61,3,4,103.0,6,0,17.166666666666668,8,0.16666666666666666,Store,Wine,Inactive
5316,1976,Master,Together,21024.0,0,0,2013-07-04,89,36,4,18,6.0,2,18.0,1,2,0,4,7,0,0,0,0,0,0,3,11,0,49,49,0.99,0,1,84.0,6,0,14.0,9,0.16666666666666666,Store,Wine,Inactive
9029,1972,Phd,Married,70116.0,0,0,2013-01-26,73,707,44,556,95.0,58,29.0,1,2,8,12,1,0,0,0,0,0,0,3,11,0,53,53,1.42,0,1,1489.0,22,0,67.68181818181819,3,0.045454545454545456,Store,Wine,Inactive
521,1985,Graduation,Together,54006.0,1,0,2012-09-18,42,174,77,203,6.0,24,97.0,2,8,1,7,7,0,0,0,0,0,0,3,11,0,40,40,1.78,1,2,581.0,16,0,36.3125,15,0.125,Web,Meat,Moderately Active
1459,1966,Phd,Married,69063.0,0,1,2012-11-07,16,666,35,124,69.0,8,26.0,1,5,3,5,3,0,0,0,0,0,0,3,11,0,59,59,1.64,1,2,928.0,13,0,71.38461538461539,8,0.07692307692307693,Web,Wine,Highly Active
10241,1975,2N Cycle,Divorced,11448.0,0,0,2013-12-15,16,0,0,0,6.0,2,6.0,1,1,0,2,6,0,0,0,0,0,0,3,11,0,50,50,0.54,0,1,14.0,3,0,4.666666666666667,7,0.3333333333333333,Store,Fish,Highly Active
1630,1979,Graduation,Single,61825.0,0,1,2013-08-07,56,162,50,100,55.0,30,27.0,1,4,2,8,4,0,0,0,0,0,0,3,11,0,46,46,0.89,1,2,424.0,14,0,30.285714285714285,8,0.07142857142857142,Store,Wine,Moderately Active
3254,1971,Graduation,Married,70886.0,1,0,2013-10-14,65,407,70,239,103.0,81,53.0,1,5,4,4,2,0,0,0,0,0,0,3,11,0,54,54,0.71,1,2,953.0,13,0,73.3076923076923,7,0.07692307692307693,Web,Wine,Inactive
9064,1982,Graduation,Married,69109.0,0,0,2012-11-09,10,823,25,459,120.5,29,95.0,1,6,6,7,4,0,0,1,0,0,0,3,11,1,43,43,1.63,0,1,1551.5,19,1,81.65789473684211,10,0.05263157894736842,Store,Wine,Highly Active
3678,1973,Graduation,Widow,60208.0,1,1,2012-10-07,13,488,23,71,15.0,0,59.0,11,8,3,7,7,0,1,0,0,0,0,3,11,1,52,52,1.72,2,3,656.0,18,1,36.44444444444444,15,0.6111111111111112,Web,Wine,Highly Active
4227,1968,Master,Together,32889.0,1,1,2013-09-06,78,28,0,13,4.0,2,8.0,3,2,1,3,5,0,0,0,0,0,0,3,11,0,57,57,0.81,2,3,55.0,6,0,9.166666666666666,7,0.5,Store,Wine,Inactive
9467,1984,Graduation,Single,34738.0,1,0,2014-05-11,51,3,2,10,3.0,0,2.0,1,1,0,3,6,0,0,0,0,0,0,3,11,0,41,41,0.13,1,2,20.0,4,0,5.0,7,0.25,Store,Meat,Moderately Active
8486,1971,Master,Together,30538.0,1,0,2012-10-01,27,284,0,52,8.0,3,20.0,4,9,0,4,10,0,0,0,0,0,0,3,11,0,54,54,1.74,1,2,367.0,13,0,28.23076923076923,19,0.3076923076923077,Web,Wine,Highly Active
2186,1977,2N Cycle,Together,82326.0,0,0,2014-03-10,30,938,81,556,120.5,81,126.5,1,5,10,6,2,0,1,1,1,0,0,3,11,1,48,48,0.3,0,1,1903.0,21,3,90.61904761904762,7,0.047619047619047616,Catalog,Wine,Highly Active
3286,1967,Phd,Divorced,26642.0,1,0,2014-03-01,71,13,2,15,2.0,2,8.0,2,2,0,3,6,0,0,0,0,0,0,3,11,0,58,58,0.33,1,2,42.0,5,0,8.4,8,0.4,Store,Meat,Inactive
8602,1964,Graduation,Divorced,69932.0,0,1,2013-06-12,97,412,81,153,120.5,81,57.0,2,7,6,11,4,0,0,0,0,0,0,3,11,0,61,61,1.05,1,2,904.5,24,0,37.6875,11,0.08333333333333333,Store,Wine,Inactive
3722,1972,Graduation,Single,44503.0,1,1,2014-04-16,83,31,1,8,0.0,0,8.0,2,2,0,3,6,0,0,0,0,0,0,3,11,0,53,53,0.2,2,3,48.0,5,0,9.6,8,0.4,Store,Wine,Inactive
6715,1948,Phd,Single,60200.0,0,1,2013-01-02,3,502,19,132,0.0,6,26.0,6,6,2,11,6,0,0,0,0,0,0,3,11,0,77,77,1.49,1,2,685.0,19,0,36.05263157894737,12,0.3157894736842105,Store,Wine,Highly Active
4796,1952,Graduation,Divorced,49638.0,0,1,2014-04-19,71,18,10,3,3.0,5,0.0,1,1,0,3,2,0,0,0,0,0,0,3,11,0,73,73,0.19,1,2,39.0,4,0,9.75,3,0.25,Store,Wine,Inactive
9612,1987,2N Cycle,Single,23830.0,0,0,2014-02-07,3,1,8,6,4.0,8,16.0,1,1,0,3,7,0,0,0,0,0,0,3,11,0,38,38,0.39,0,1,43.0,4,0,10.75,8,0.25,Store,Gold,Highly Active
3766,1959,Master,Widow,33051.0,0,0,2012-08-16,15,100,71,243,108.0,81,126.5,3,9,1,8,9,0,0,0,0,0,0,3,11,1,66,66,1.87,0,1,729.5,18,0,40.52777777777778,18,0.16666666666666666,Web,Meat,Highly Active
1399,1958,Graduation,Married,72905.0,0,0,2014-01-21,52,407,81,445,120.5,81,126.5,1,3,7,9,1,0,0,0,1,0,0,3,11,0,67,67,0.44,0,1,1261.0,19,1,66.36842105263158,4,0.05263157894736842,Store,Meat,Moderately Active
1570,1951,Phd,Together,69702.0,0,1,2013-02-19,8,664,9,240,50.0,19,57.0,2,7,7,10,4,0,0,0,0,0,0,3,11,0,74,74,1.36,1,2,1039.0,24,0,43.291666666666664,11,0.08333333333333333,Store,Wine,Highly Active
3426,1975,Graduation,Divorced,70300.0,1,0,2013-07-15,89,1045,61,338,60.0,46,46.0,3,5,5,13,8,0,0,0,0,0,0,3,11,0,50,50,0.96,1,2,1596.0,23,0,69.3913043478261,13,0.13043478260869565,Store,Wine,Inactive
3074,1984,Phd,Married,70643.0,0,0,2012-10-15,66,1218,81,304,23.0,81,33.0,1,5,8,4,6,0,0,0,0,0,0,3,11,1,41,41,1.7,0,1,1740.0,17,0,102.3529411764706,11,0.058823529411764705,Catalog,Wine,Inactive
8341,1969,Phd,Married,30396.0,1,0,2014-04-30,22,15,0,6,0.0,1,12.0,2,1,1,2,7,1,0,0,0,0,0,3,11,1,56,56,0.16,1,2,34.0,4,1,8.5,8,0.5,Store,Wine,Highly Active
5180,1968,Phd,Divorced,50616.0,0,1,2014-04-18,56,128,0,16,0.0,1,4.0,2,4,0,4,7,0,0,0,0,0,0,3,11,0,57,57,0.2,1,2,149.0,8,0,18.625,11,0.25,Web,Wine,Moderately Active
6461,1969,Master,Single,62772.0,0,1,2013-05-19,74,581,49,157,43.0,8,108.0,1,5,6,11,2,0,1,0,0,0,0,3,11,0,56,56,1.11,1,2,946.0,22,1,43.0,7,0.045454545454545456,Store,Wine,Inactive
7679,1985,Phd,Single,30298.0,0,0,2014-05-19,48,6,3,12,6.0,1,0.0,1,1,1,3,3,0,0,0,0,0,0,3,11,0,40,40,0.11,0,1,28.0,5,0,5.6,4,0.2,Store,Meat,Moderately Active
10702,1984,Graduation,Single,52413.0,1,0,2012-11-03,67,185,8,133,56.0,56,12.0,2,7,1,7,7,0,0,0,0,0,0,3,11,0,41,41,1.65,1,2,450.0,15,0,30.0,14,0.13333333333333333,Web,Wine,Inactive
7505,1957,Phd,Married,44155.0,1,1,2014-01-19,24,22,1,9,0.0,0,14.0,1,1,1,2,4,0,0,0,0,0,0,3,11,0,68,68,0.44,2,3,46.0,4,0,11.5,5,0.25,Store,Wine,Highly Active
5113,1971,Phd,Divorced,86979.0,0,0,2013-11-07,67,584,81,556,65.0,81,35.0,1,5,5,5,2,1,0,0,0,0,0,3,11,1,54,54,0.64,0,1,1402.0,15,1,93.46666666666667,7,0.06666666666666667,Web,Wine,Inactive
10858,1975,Graduation,Together,76532.0,1,1,2013-09-09,38,355,30,177,90.0,81,30.0,4,9,5,7,5,0,0,0,0,0,0,3,11,0,50,50,0.8,2,3,763.0,21,0,36.333333333333336,14,0.19047619047619047,Web,Wine,Moderately Active
2961,1982,Graduation,Married,42081.0,1,0,2013-02-26,86,175,10,110,54.0,6,27.0,2,6,3,4,6,1,0,0,0,0,0,3,11,0,43,43,1.34,1,2,382.0,13,1,29.384615384615383,12,0.15384615384615385,Web,Wine,Inactive
2747,1988,Phd,Married,67546.0,0,0,2012-08-31,90,864,81,556,120.5,38,126.5,1,4,10,5,3,0,0,0,0,0,0,3,11,0,37,37,1.83,0,1,1786.0,19,0,94.0,7,0.05263157894736842,Catalog,Wine,Inactive
3010,1989,Master,Together,88420.0,0,0,2014-05-02,87,957,81,556,99.0,81,126.5,1,4,7,8,1,1,0,1,1,0,0,3,11,0,36,36,0.16,0,1,1900.5,19,3,100.02631578947368,5,0.05263157894736842,Store,Wine,Inactive
5790,1985,Graduation,Married,31158.0,1,0,2013-01-27,62,25,6,16,20.0,0,5.0,2,2,0,3,8,0,0,0,0,0,0,3,11,0,40,40,1.42,1,2,72.0,5,0,14.4,10,0.4,Store,Wine,Inactive
6892,1968,Graduation,Divorced,61671.0,0,1,2014-06-03,23,641,7,56,0.0,0,28.0,8,10,4,6,8,0,1,0,1,0,0,3,11,0,57,57,0.07,1,2,732.0,20,2,36.6,18,0.4,Web,Wine,Highly Active
1743,1974,Graduation,Single,69719.0,0,0,2014-05-26,99,273,81,208,120.5,14,43.0,1,2,3,5,1,0,0,0,0,0,0,3,11,0,51,51,0.09,0,1,739.5,10,0,73.95,3,0.1,Store,Wine,Inactive
3578,1949,Graduation,Divorced,49160.0,0,1,2013-10-20,29,122,21,43,25.0,10,15.0,2,3,1,6,6,0,0,0,0,0,0,3,11,0,76,76,0.69,1,2,236.0,10,0,23.6,9,0.2,Store,Wine,Highly Active
8462,1978,Basic,Together,24882.0,1,0,2012-09-09,52,1,4,10,29.0,0,36.0,1,1,1,2,6,1,0,0,0,0,0,3,11,0,47,47,1.8,1,2,80.0,4,1,20.0,7,0.25,Store,Gold,Moderately Active
5558,1954,Phd,Single,90933.0,0,0,2014-03-31,90,1020,31,430,62.0,63,79.0,1,4,6,4,1,0,0,1,0,0,0,3,11,0,71,71,0.25,0,1,1685.0,14,1,120.35714285714286,5,0.07142857142857142,Catalog,Wine,Inactive
4619,1945,Phd,Single,113734.0,0,0,2014-05-28,9,6,2,3,1.0,81,3.0,0,27,0,0,1,0,0,0,0,0,0,3,11,0,80,80,0.09,0,1,96.0,27,0,3.5555555555555554,28,0.0,Web,Sweets,Highly Active
8780,1950,Phd,Together,59292.0,0,1,2013-06-13,71,378,14,68,19.0,14,14.0,2,3,5,8,3,0,0,0,0,0,0,3,11,0,75,75,1.04,1,2,507.0,16,0,31.6875,6,0.125,Store,Wine,Inactive
10789,1964,Phd,Married,45759.0,1,1,2013-02-23,13,42,1,18,3.0,0,4.0,2,2,0,3,7,0,0,0,0,0,0,3,11,0,61,61,1.34,2,3,68.0,5,0,13.6,9,0.4,Store,Wine,Highly Active
10779,1983,Graduation,Single,22148.0,0,0,2014-04-13,16,15,5,14,0.0,4,11.0,1,1,0,3,7,0,0,0,0,0,0,3,11,0,42,42,0.21,0,1,49.0,4,0,12.25,8,0.25,Store,Wine,Highly Active
5896,1987,Master,Married,73395.0,0,0,2014-03-18,94,272,7,80,20.0,7,11.0,1,4,4,6,2,0,0,0,0,0,0,3,11,0,38,38,0.28,0,1,397.0,14,0,28.357142857142858,6,0.07142857142857142,Store,Wine,Inactive
2337,1971,Graduation,Divorced,29819.0,1,0,2013-10-24,77,9,1,24,2.0,1,2.0,3,3,0,3,6,0,0,0,0,0,0,3,11,0,54,54,0.68,1,2,39.0,6,0,6.5,9,0.5,Web,Meat,Inactive
10951,1968,Graduation,Married,45688.0,0,1,2014-01-25,20,279,0,18,0.0,0,9.0,2,3,1,8,4,0,1,0,0,0,0,3,11,0,57,57,0.42,1,2,306.0,12,1,25.5,7,0.16666666666666666,Store,Wine,Highly Active
544,1954,Graduation,Married,62820.0,0,0,2013-05-11,51,398,61,265,120.5,61,53.0,1,3,4,6,1,0,0,0,0,0,0,3,11,0,71,71,1.13,0,1,958.5,13,0,73.73076923076923,4,0.07692307692307693,Store,Wine,Moderately Active
17,1971,Phd,Married,60491.0,0,1,2013-09-06,81,637,47,237,12.0,19,76.0,4,6,11,7,5,0,0,0,0,0,0,3,11,0,54,54,0.81,1,2,1028.0,24,0,42.833333333333336,11,0.16666666666666666,Catalog,Wine,Inactive
10680,1986,Graduation,Together,33235.0,1,0,2014-02-05,71,45,0,16,2.0,1,6.0,1,3,0,3,7,0,0,0,0,0,0,3,11,0,39,39,0.39,1,2,70.0,6,0,11.666666666666666,10,0.16666666666666666,Web,Wine,Inactive
3265,1959,Graduation,Married,35701.0,0,0,2013-03-19,36,21,1,9,7.0,3,5.0,1,1,0,3,6,0,0,0,0,0,0,3,11,0,66,66,1.28,0,1,46.0,4,0,11.5,7,0.25,Store,Wine,Moderately Active
5623,1980,Master,Married,31535.0,1,0,2013-09-26,95,15,4,13,0.0,0,19.0,1,1,1,2,7,1,0,0,0,0,0,3,11,0,45,45,0.76,1,2,51.0,4,1,12.75,8,0.25,Store,Gold,Inactive
5832,1960,2N Cycle,Together,92556.0,0,0,2014-04-20,32,493,81,352,120.5,23,28.0,0,3,5,13,0,0,0,0,0,0,0,3,11,0,65,65,0.19,0,1,1097.5,21,0,52.26190476190476,3,0.0,Store,Wine,Moderately Active
5544,1970,Graduation,Single,67384.0,0,1,2012-11-10,32,957,40,175,120.5,53,107.0,2,7,8,5,5,0,1,0,0,0,0,3,11,0,55,55,1.63,1,2,1452.5,20,1,72.625,12,0.1,Catalog,Wine,Moderately Active
6417,1971,Master,Together,80573.0,0,0,2012-10-14,85,829,81,430,60.0,81,15.0,1,4,6,13,2,0,0,0,0,0,0,3,11,0,54,54,1.71,0,1,1496.0,23,0,65.04347826086956,6,0.043478260869565216,Store,Wine,Inactive
5831,1967,Graduation,Married,77870.0,0,1,2012-08-22,93,1017,50,500,65.0,50,126.5,3,5,5,5,8,0,1,0,1,0,0,3,11,1,58,58,1.85,1,2,1808.5,15,2,120.56666666666666,13,0.2,Web,Wine,Inactive
7101,1963,Phd,Widow,52278.0,0,1,2013-01-25,24,953,0,71,0.0,0,126.5,6,10,5,10,8,0,0,0,0,0,0,3,11,0,62,62,1.42,1,2,1150.5,25,0,46.02,18,0.24,Web,Wine,Highly Active
10176,1968,Graduation,Single,57107.0,0,1,2012-08-24,44,159,0,120,0.0,0,126.5,7,4,4,8,8,0,1,0,0,1,0,3,11,1,57,57,1.85,1,2,405.5,16,2,25.34375,12,0.4375,Store,Wine,Moderately Active
2326,1990,Graduation,Married,18929.0,0,0,2013-02-16,15,32,0,8,23.0,4,18.0,1,1,0,4,6,0,0,0,0,0,0,3,11,0,35,35,1.36,0,1,85.0,5,0,17.0,7,0.2,Store,Wine,Highly Active
4385,1981,Phd,Single,36038.0,1,0,2013-05-31,82,23,0,15,0.0,2,7.0,2,3,0,3,6,0,0,0,0,0,0,3,11,0,44,44,1.08,1,2,47.0,6,0,7.833333333333333,9,0.3333333333333333,Web,Wine,Inactive
2929,1976,Graduation,Single,20180.0,0,0,2013-02-20,27,18,42,24,15.0,20,18.0,1,2,1,4,7,0,0,0,0,0,0,3,11,0,49,49,1.35,0,1,137.0,7,0,19.571428571428573,9,0.14285714285714285,Store,Fruits,Highly Active
10686,1965,Phd,Together,34230.0,1,1,2012-12-26,72,15,0,4,0.0,0,2.0,1,1,0,2,7,0,0,0,0,0,0,3,11,0,60,60,1.51,2,3,21.0,3,0,7.0,8,0.3333333333333333,Store,Wine,Inactive
2546,1977,2N Cycle,Single,31878.0,0,1,2014-06-22,7,23,4,5,10.0,5,23.0,1,1,0,4,3,0,0,0,0,0,0,3,11,0,48,48,0.02,1,2,70.0,5,0,14.0,4,0.2,Store,Wine,Highly Active
3283,1972,2N Cycle,Married,70932.0,0,1,2014-01-19,57,200,81,100,46.0,81,126.5,2,6,2,12,3,0,0,0,0,0,0,3,11,0,53,53,0.44,1,2,634.5,20,0,31.725,9,0.1,Store,Wine,Moderately Active
3138,1956,Graduation,Single,91249.0,0,0,2012-10-20,84,1224,27,119,71.0,81,27.0,0,7,9,6,4,0,1,1,1,1,0,3,11,1,69,69,1.69,0,1,1549.0,22,4,70.4090909090909,11,0.0,Catalog,Wine,Inactive
4994,1943,Master,Single,77598.0,0,0,2013-10-01,53,1193,33,281,120.5,66,33.0,1,7,5,13,3,0,0,1,0,0,0,3,11,0,82,82,0.74,0,1,1726.5,25,1,69.06,10,0.04,Store,Wine,Moderately Active
7966,1959,Graduation,Single,80982.0,1,1,2013-01-08,48,505,81,401,104.0,22,22.0,3,11,5,11,5,0,0,0,0,0,1,3,11,0,66,66,1.47,2,3,1135.0,27,0,42.03703703703704,16,0.1111111111111111,Web,Wine,Moderately Active
3112,1977,Master,Married,22701.0,1,0,2013-09-05,2,2,4,9,0.0,4,5.0,1,1,0,3,5,0,0,0,0,0,0,3,11,0,48,48,0.81,1,2,24.0,4,0,6.0,6,0.25,Store,Meat,Highly Active
10872,1969,Phd,Married,55212.0,0,1,2012-11-23,65,1103,0,45,0.0,0,34.0,3,4,2,11,8,0,1,0,0,1,0,3,11,0,56,56,1.6,1,2,1182.0,17,2,69.52941176470588,12,0.17647058823529413,Store,Wine,Inactive
2181,1970,Graduation,Married,70617.0,0,0,2013-06-23,45,353,61,556,40.0,46,27.0,1,3,3,7,2,0,0,0,0,0,0,3,11,0,55,55,1.02,0,1,1083.0,13,0,83.3076923076923,5,0.07692307692307693,Store,Meat,Moderately Active
1867,1957,Graduation,Single,64849.0,0,0,2012-11-13,42,652,48,350,94.0,81,108.0,1,9,3,6,5,0,0,0,0,0,0,3,11,1,68,68,1.62,0,1,1333.0,18,0,74.05555555555556,14,0.05555555555555555,Web,Wine,Moderately Active
1518,1965,Master,Married,62694.0,1,1,2013-06-17,29,379,6,157,25.0,81,91.0,5,9,3,7,7,0,0,0,0,0,0,3,11,0,60,60,1.03,2,3,739.0,19,0,38.89473684210526,16,0.2631578947368421,Web,Wine,Highly Active
5734,1974,Phd,Married,61917.0,1,1,2013-11-20,83,46,4,36,2.0,2,1.0,1,2,0,4,5,0,0,0,0,0,0,3,11,0,51,51,0.61,2,3,91.0,6,0,15.166666666666666,7,0.16666666666666666,Store,Wine,Inactive
2878,1947,Phd,Married,67472.0,0,1,2013-09-28,93,162,31,127,8.0,17,69.0,2,4,2,7,3,0,0,0,0,0,0,3,11,0,78,78,0.75,1,2,414.0,13,0,31.846153846153847,7,0.15384615384615385,Store,Wine,Inactive
1458,1982,Master,Married,21059.0,1,0,2014-01-07,40,8,3,19,3.0,3,8.0,3,3,0,3,6,0,0,0,0,0,0,3,11,0,43,43,0.47,1,2,44.0,6,0,7.333333333333333,9,0.5,Web,Meat,Moderately Active
7007,1968,Master,Married,29543.0,2,0,2014-04-01,47,17,3,18,3.0,4,18.0,2,3,1,2,7,0,0,0,0,0,0,3,11,0,57,57,0.24,2,3,63.0,6,0,10.5,10,0.3333333333333333,Web,Meat,Moderately Active
6200,1951,Graduation,Married,75903.0,0,1,2013-04-08,50,340,81,185,120.5,38,100.0,2,6,6,9,3,0,0,0,0,0,0,3,11,0,74,74,1.22,1,2,864.5,21,0,41.166666666666664,9,0.09523809523809523,Store,Wine,Moderately Active
1403,1975,2N Cycle,Together,34984.0,1,1,2012-09-06,40,8,4,15,3.0,5,3.0,2,1,0,3,7,0,0,0,0,0,0,3,11,0,50,50,1.81,2,3,38.0,4,0,9.5,8,0.5,Store,Meat,Moderately Active
4827,1956,Phd,Single,54998.0,0,1,2013-03-10,3,154,22,202,39.0,30,8.0,5,4,2,9,4,0,0,0,0,0,0,3,11,1,69,69,1.3,1,2,455.0,15,0,30.333333333333332,8,0.3333333333333333,Store,Meat,Highly Active
6250,1949,Phd,Widow,54356.0,0,1,2012-11-19,62,710,15,30,20.0,0,0.0,3,11,2,8,8,0,0,0,0,0,0,3,11,1,76,76,1.61,1,2,775.0,21,0,36.904761904761905,19,0.14285714285714285,Web,Wine,Inactive
9291,1959,Master,Married,34242.0,0,1,2014-03-23,25,8,2,4,0.0,0,1.0,1,0,0,3,5,0,0,0,0,0,0,3,11,0,66,66,0.27,1,2,15.0,3,0,5.0,5,0.3333333333333333,Store,Wine,Highly Active
2478,1973,Graduation,Married,25410.0,1,0,2013-08-31,48,2,2,4,13.0,13,4.0,1,1,0,4,4,0,0,0,0,0,0,3,11,0,52,52,0.83,1,2,38.0,5,0,7.6,5,0.2,Store,Fish,Moderately Active
1139,1984,Phd,Married,73356.0,0,0,2014-02-06,56,1050,14,322,0.0,14,112.0,1,5,11,5,2,1,0,1,1,0,0,3,11,1,41,41,0.39,0,1,1512.0,21,3,72.0,7,0.047619047619047616,Catalog,Wine,Moderately Active
5138,1950,Graduation,Together,28320.0,0,1,2013-01-14,68,19,1,14,3.0,2,4.0,1,1,0,3,8,0,0,0,0,0,0,3,11,0,75,75,1.45,1,2,43.0,4,0,10.75,9,0.25,Store,Wine,Inactive
5393,1977,Graduation,Single,23763.0,1,0,2012-08-07,64,22,0,6,6.0,2,6.0,1,1,0,3,7,0,0,0,0,0,0,3,11,0,48,48,1.89,1,2,42.0,4,0,10.5,8,0.25,Store,Wine,Inactive
10413,1984,Graduation,Married,72570.0,0,0,2014-04-25,67,274,81,216,120.5,81,126.5,1,4,6,12,1,0,0,0,0,0,0,3,11,0,41,41,0.18,0,1,899.0,22,0,40.86363636363637,5,0.045454545454545456,Store,Wine,Inactive
5015,1976,Master,Married,34529.0,1,0,2012-09-14,94,68,6,38,3.0,6,41.0,2,2,2,3,7,0,0,0,0,0,0,3,11,0,49,49,1.79,1,2,162.0,7,0,23.142857142857142,9,0.2857142857142857,Store,Wine,Inactive
10868,1951,Graduation,Widow,70792.0,0,0,2013-02-06,82,344,45,556,104.0,11,114.0,2,3,4,10,3,0,0,0,0,0,0,3,11,0,74,74,1.39,0,1,1174.0,17,0,69.05882352941177,6,0.11764705882352941,Store,Meat,Inactive
10676,1982,Graduation,Married,63211.0,0,0,2012-11-02,3,145,81,459,120.5,26,126.5,2,3,8,7,2,0,0,0,0,0,0,3,11,1,43,43,1.65,0,1,958.0,18,0,53.22222222222222,5,0.1111111111111111,Catalog,Meat,Highly Active
2495,1974,Master,Married,83891.0,0,1,2014-06-20,24,217,38,350,111.0,81,15.0,1,4,7,10,1,0,0,0,0,0,0,3,11,0,51,51,0.02,1,2,812.0,21,0,38.666666666666664,5,0.047619047619047616,Store,Meat,Highly Active
7842,1968,Graduation,Single,36065.0,1,1,2013-03-31,54,18,7,34,10.0,2,3.0,3,3,0,3,8,0,0,0,0,0,0,3,11,0,57,57,1.25,2,3,74.0,6,0,12.333333333333334,11,0.5,Web,Meat,Moderately Active
9955,1954,Graduation,Together,39898.0,0,1,2013-02-12,20,69,8,26,12.0,7,12.0,2,3,0,4,7,0,0,0,0,0,0,3,11,0,71,71,1.37,1,2,134.0,7,0,19.142857142857142,10,0.2857142857142857,Store,Wine,Highly Active
6663,1940,Phd,Single,51141.0,0,0,2013-07-08,96,144,0,7,0.0,0,6.0,1,3,1,4,5,0,0,0,0,0,0,3,11,0,85,85,0.97,0,1,157.0,8,0,19.625,8,0.125,Store,Wine,Inactive
2162,1976,Graduation,Married,56939.0,0,1,2013-09-18,19,256,34,103,90.0,29,49.0,2,3,3,10,3,0,0,0,0,0,0,3,11,0,49,49,0.78,1,2,561.0,16,0,35.0625,6,0.125,Store,Wine,Highly Active
3434,1951,Graduation,Single,80872.0,0,0,2014-05-12,60,483,72,556,94.0,12,108.0,1,4,4,10,1,0,0,0,0,0,0,3,11,0,74,74,0.13,0,1,1325.0,18,0,73.61111111111111,5,0.05555555555555555,Store,Meat,Moderately Active
7919,1976,Phd,Together,72335.0,0,0,2012-08-13,2,1224,81,556,28.0,21,0.0,1,10,4,8,8,0,0,0,0,0,0,3,11,1,49,49,1.88,0,1,1910.0,22,0,86.81818181818181,18,0.045454545454545456,Web,Wine,Highly Active
5626,1964,Phd,Single,61798.0,0,0,2013-11-23,13,338,4,89,11.0,8,13.0,1,4,2,9,4,0,0,0,0,0,0,3,11,0,61,61,0.6,0,1,463.0,15,0,30.866666666666667,8,0.06666666666666667,Store,Wine,Highly Active
6428,1950,Phd,Widow,76842.0,0,0,2014-05-03,37,605,10,345,84.0,54,32.0,1,1,8,7,0,0,0,0,0,0,0,3,11,0,75,75,0.16,0,1,1130.0,16,0,70.625,1,0.0625,Catalog,Wine,Moderately Active
8514,1976,Graduation,Together,29478.0,1,0,2014-01-17,59,8,0,7,3.0,1,1.0,1,1,0,3,6,0,0,0,0,0,0,3,11,0,49,49,0.45,1,2,20.0,4,0,5.0,7,0.25,Store,Wine,Moderately Active
10448,1956,Graduation,Single,46998.0,0,1,2012-10-22,55,172,41,86,45.0,6,27.0,5,5,3,5,7,1,0,0,0,0,0,3,11,0,69,69,1.68,1,2,377.0,13,1,29.0,12,0.38461538461538464,Web,Wine,Moderately Active
2109,1990,Graduation,Single,96843.0,0,0,2013-04-23,60,448,71,556,40.0,17,17.0,1,6,11,10,2,0,0,1,0,0,0,3,11,1,35,35,1.18,0,1,1149.0,27,1,42.55555555555556,8,0.037037037037037035,Catalog,Meat,Moderately Active
7530,1950,Phd,Widow,56551.0,1,1,2014-05-07,48,67,4,32,17.0,2,16.0,3,2,1,4,4,0,0,0,0,0,0,3,11,0,75,75,0.15,2,3,138.0,7,0,19.714285714285715,6,0.42857142857142855,Store,Wine,Moderately Active
8925,1965,Master,Married,70053.0,0,1,2013-07-03,38,512,53,98,81.0,81,89.0,3,8,5,10,5,0,0,0,0,0,0,3,11,0,60,60,0.99,1,2,914.0,23,0,39.73913043478261,13,0.13043478260869565,Store,Wine,Moderately Active
3009,1962,Phd,Widow,71670.0,0,0,2013-07-09,8,1224,16,128,0.0,0,126.5,1,5,3,6,6,0,1,1,0,1,0,3,11,1,63,63,0.97,0,1,1494.5,14,3,106.75,11,0.07142857142857142,Store,Wine,Highly Active
6355,1978,Graduation,Married,44359.0,1,1,2014-06-17,19,20,0,14,7.0,3,1.0,3,2,0,4,3,0,0,0,0,0,0,3,11,0,47,47,0.03,2,3,45.0,6,0,7.5,5,0.5,Store,Wine,Highly Active
3517,1952,Graduation,Single,40887.0,1,1,2013-05-06,32,50,4,44,10.0,10,43.0,3,3,1,3,9,0,0,0,0,0,0,3,11,1,73,73,1.15,2,3,161.0,7,0,23.0,12,0.42857142857142855,Web,Wine,Moderately Active
1158,1966,Graduation,Divorced,48877.0,0,1,2014-01-05,27,102,1,15,2.0,0,24.0,1,3,0,4,7,0,0,0,0,0,0,3,11,0,59,59,0.48,1,2,144.0,7,0,20.571428571428573,10,0.14285714285714285,Store,Wine,Highly Active
6203,1947,Graduation,Together,74485.0,0,0,2013-08-24,58,499,81,556,120.5,49,49.0,1,6,7,12,3,0,0,0,0,0,0,3,11,0,78,78,0.85,0,1,1354.5,25,0,54.18,9,0.04,Store,Meat,Moderately Active
7165,1972,Graduation,Together,64474.0,0,1,2013-10-22,59,381,35,172,56.0,81,93.0,2,8,2,10,5,0,0,0,0,0,0,3,11,0,53,53,0.68,1,2,818.0,20,0,40.9,13,0.1,Store,Wine,Moderately Active
3595,1963,Graduation,Together,77226.0,0,1,2014-02-28,29,631,43,239,120.5,76,21.0,2,6,8,12,3,0,0,0,0,0,0,3,11,0,62,62,0.33,1,2,1130.5,26,0,43.48076923076923,9,0.07692307692307693,Store,Wine,Highly Active
8537,1949,Graduation,Widow,72643.0,0,0,2013-02-27,60,526,80,553,120.5,81,53.0,1,3,10,7,2,0,0,0,1,0,0,3,11,1,76,76,1.33,0,1,1413.5,20,1,70.675,5,0.05,Catalog,Meat,Moderately Active
4331,1978,Master,Together,85738.0,0,0,2014-01-23,41,913,26,376,17.0,26,13.0,1,3,6,11,1,0,1,1,0,0,0,3,11,0,47,47,0.43,0,1,1371.0,20,2,68.55,4,0.05,Store,Wine,Moderately Active
6281,1966,Graduation,Divorced,55686.0,0,1,2013-02-14,27,673,0,199,37.0,47,26.0,2,6,3,5,4,1,0,0,0,0,0,3,11,0,59,59,1.37,1,2,982.0,14,1,70.14285714285714,10,0.14285714285714285,Web,Wine,Highly Active
4338,1983,Graduation,Single,39062.0,1,0,2014-03-25,28,23,0,9,0.0,0,12.0,1,1,0,3,4,1,0,0,0,0,0,3,11,0,42,42,0.26,1,2,44.0,4,1,11.0,5,0.25,Store,Wine,Highly Active
2452,1971,Graduation,Together,34600.0,1,1,2013-01-01,8,199,33,60,8.0,3,15.0,5,5,2,5,8,0,0,0,0,0,0,3,11,1,54,54,1.49,2,3,318.0,12,0,26.5,13,0.4166666666666667,Web,Wine,Highly Active
9507,1975,Graduation,Married,40794.0,0,1,2013-04-07,18,261,23,73,4.0,23,50.0,2,6,3,5,7,0,0,0,0,0,0,3,11,0,50,50,1.23,1,2,434.0,14,0,31.0,13,0.14285714285714285,Web,Wine,Highly Active
8360,1971,2N Cycle,Married,54690.0,1,1,2013-11-07,76,111,16,37,7.0,9,18.0,3,3,1,5,3,0,0,0,0,0,0,3,11,0,54,54,0.64,2,3,198.0,9,0,22.0,6,0.3333333333333333,Store,Wine,Inactive
10311,1969,Graduation,Married,4428.0,0,1,2013-10-05,0,16,4,12,2.0,4,126.5,0,25,0,0,1,0,0,0,0,0,0,3,11,0,56,56,0.73,1,2,164.5,25,0,6.58,26,0.0,Web,Gold,Highly Active
5117,1963,2N Cycle,Married,32632.0,0,0,2012-08-02,32,63,81,137,120.5,19,53.0,2,4,4,8,5,0,0,0,0,0,0,3,11,0,62,62,1.91,0,1,473.5,16,0,29.59375,9,0.125,Store,Meat,Moderately Active
4867,1968,Phd,Single,38236.0,1,1,2013-09-20,2,58,0,18,2.0,0,10.0,4,3,0,4,7,0,0,0,0,0,0,3,11,0,57,57,0.77,2,3,88.0,7,0,12.571428571428571,10,0.5714285714285714,Store,Wine,Highly Active
9289,1979,Graduation,Married,36781.0,1,0,2014-04-10,16,29,1,17,0.0,3,13.0,1,2,1,2,8,0,0,0,0,0,0,3,11,1,46,46,0.22,1,2,63.0,5,0,12.6,10,0.2,Web,Wine,Highly Active
10913,1984,Master,Single,31385.0,1,0,2012-12-05,56,3,2,12,0.0,1,9.0,1,1,0,2,8,1,0,0,0,0,0,3,11,1,41,41,1.56,1,2,27.0,3,1,9.0,9,0.3333333333333333,Store,Meat,Moderately Active
3032,1984,Graduation,Married,24570.0,1,0,2013-02-27,97,28,34,62,11.0,14,44.0,3,4,0,4,9,0,0,0,0,0,0,3,11,0,41,41,1.33,1,2,193.0,8,0,24.125,13,0.375,Web,Meat,Inactive
8524,1974,Phd,Divorced,25509.0,1,0,2012-09-18,15,40,3,30,10.0,7,11.0,3,3,0,3,9,0,0,0,0,0,0,3,11,1,51,51,1.78,1,2,101.0,6,0,16.833333333333332,12,0.5,Web,Wine,Highly Active
3334,1951,Graduation,Married,94642.0,0,0,2014-02-12,35,879,81,556,106.0,81,126.5,0,5,7,9,1,0,0,1,1,0,0,3,11,0,74,74,0.38,0,1,1829.5,21,2,87.11904761904762,6,0.0,Store,Wine,Moderately Active
4470,1962,Master,Married,58646.0,0,1,2013-06-10,3,62,1,44,6.0,5,22.0,1,2,1,4,4,0,0,0,0,0,0,3,11,0,63,63,1.05,1,2,140.0,7,0,20.0,6,0.14285714285714285,Store,Wine,Highly Active
1406,1975,Graduation,Single,53201.0,1,1,2013-02-12,49,280,7,81,20.0,0,27.0,8,6,3,5,7,0,0,0,0,0,0,3,11,0,50,50,1.37,2,3,415.0,14,0,29.642857142857142,13,0.5714285714285714,Web,Wine,Moderately Active
8619,1957,Graduation,Together,21994.0,0,1,2012-12-24,4,9,0,6,3.0,1,3.0,1,0,0,3,5,0,0,0,0,0,0,3,11,0,68,68,1.51,1,2,22.0,3,0,7.333333333333333,5,0.3333333333333333,Store,Wine,Highly Active
10821,1978,Graduation,Married,57113.0,1,1,2013-02-06,45,182,4,33,0.0,2,42.0,6,4,1,5,7,0,0,0,0,0,0,3,11,0,47,47,1.39,2,3,263.0,10,0,26.3,11,0.6,Store,Wine,Moderately Active
4552,1991,Graduation,Married,51373.0,0,0,2013-06-22,37,83,2,101,64.0,26,117.0,1,3,5,3,4,0,0,0,0,0,0,3,11,0,34,34,1.02,0,1,393.0,11,0,35.72727272727273,7,0.09090909090909091,Catalog,Gold,Moderately Active
898,1986,Graduation,Married,23477.0,1,0,2013-10-21,39,38,15,54,3.0,8,29.0,3,3,0,4,8,0,0,0,0,0,0,3,11,0,39,39,0.69,1,2,147.0,7,0,21.0,11,0.42857142857142855,Store,Meat,Moderately Active
9797,1956,Graduation,Married,58116.0,0,1,2014-04-13,38,228,19,130,4.0,11,51.0,2,3,3,8,2,0,0,0,0,0,0,3,11,0,69,69,0.21,1,2,443.0,14,0,31.642857142857142,5,0.14285714285714285,Store,Wine,Moderately Active
10949,1963,Phd,Divorced,72968.0,0,0,2013-12-16,8,1092,37,556,120.5,37,55.0,1,5,5,8,3,0,0,0,1,0,0,3,11,1,62,62,0.53,0,1,1897.5,18,1,105.41666666666667,8,0.05555555555555555,Store,Wine,Highly Active
8212,1971,Master,Married,39791.0,0,1,2013-03-28,89,85,15,27,13.0,13,21.0,2,3,1,4,7,0,0,0,0,0,0,3,11,0,54,54,1.25,1,2,174.0,8,0,21.75,10,0.25,Store,Wine,Inactive
6248,1947,Master,Single,91712.0,0,0,2013-10-17,47,1224,24,556,94.0,29,48.0,0,9,7,11,3,0,0,1,0,0,0,3,11,1,78,78,0.7,0,1,1975.0,27,1,73.14814814814815,12,0.0,Store,Wine,Moderately Active
10164,1958,Graduation,Single,94472.0,0,1,2014-04-03,75,1017,33,417,108.0,81,16.0,1,5,5,5,5,0,1,1,0,0,0,3,11,0,67,67,0.24,1,2,1672.0,15,2,111.46666666666667,10,0.06666666666666667,Web,Wine,Inactive
4547,1960,Graduation,Together,13672.0,1,1,2013-04-17,86,6,2,9,2.0,1,5.0,2,1,0,3,8,0,0,0,0,0,0,3,11,0,65,65,1.2,2,3,25.0,4,0,6.25,9,0.5,Store,Meat,Inactive
6815,1980,2N Cycle,Married,96547.0,0,0,2014-05-23,4,448,21,125,52.0,81,62.0,0,7,6,8,2,1,0,1,1,0,0,3,11,1,45,45,0.1,0,1,789.0,21,3,37.57142857142857,9,0.0,Store,Wine,Highly Active
4122,1975,Graduation,Married,79205.0,0,0,2012-08-29,73,504,23,117,120.5,28,44.0,1,6,5,4,4,0,0,0,1,0,0,3,11,1,50,50,1.83,0,1,836.5,15,1,55.766666666666666,10,0.06666666666666667,Web,Wine,Inactive
10841,1975,Phd,Together,56559.0,0,1,2012-12-25,46,226,22,133,41.0,31,31.0,3,4,3,8,4,0,0,0,0,0,0,3,11,0,50,50,1.51,1,2,484.0,15,0,32.266666666666666,8,0.2,Store,Wine,Moderately Active
5370,1973,Phd,Married,32644.0,1,0,2013-01-16,38,239,3,141,0.0,7,23.0,4,7,1,6,8,1,0,0,0,0,0,3,11,0,52,52,1.45,1,2,413.0,14,1,29.5,15,0.2857142857142857,Web,Wine,Moderately Active
176,1980,2N Cycle,Single,67506.0,0,1,2014-01-02,73,90,38,67,33.0,36,67.0,1,4,1,6,3,0,0,0,0,0,0,3,11,0,45,45,0.49,1,2,331.0,11,0,30.09090909090909,7,0.09090909090909091,Store,Wine,Inactive
4860,1970,Graduation,Single,24206.0,1,0,2013-03-08,66,7,2,8,3.0,2,3.0,1,1,0,3,6,0,0,0,0,0,0,3,11,0,55,55,1.31,1,2,25.0,4,0,6.25,7,0.25,Store,Meat,Inactive
10757,1967,Phd,Divorced,28420.0,1,0,2013-12-24,36,4,2,5,2.0,0,0.0,1,1,0,2,6,0,0,0,0,0,0,3,11,0,58,58,0.51,1,2,13.0,3,0,4.333333333333333,7,0.3333333333333333,Store,Meat,Moderately Active
4023,1970,Graduation,Married,22979.0,1,0,2012-09-06,29,16,17,19,20.0,21,22.0,3,3,2,2,8,0,0,0,0,0,0,3,11,1,55,55,1.81,1,2,115.0,7,0,16.428571428571427,11,0.42857142857142855,Web,Gold,Highly Active
6679,1966,Graduation,Single,33279.0,0,0,2014-06-12,29,10,3,3,0.0,0,0.0,1,0,0,3,3,0,0,0,0,0,0,3,11,0,59,59,0.05,0,1,16.0,3,0,5.333333333333333,3,0.3333333333333333,Store,Wine,Highly Active
9923,1972,Master,Single,46423.0,1,1,2013-09-18,6,68,0,16,0.0,0,8.0,3,2,0,4,7,0,0,0,0,0,0,3,11,0,53,53,0.78,2,3,92.0,6,0,15.333333333333334,9,0.5,Store,Wine,Highly Active
7181,1977,Graduation,Married,30368.0,0,1,2013-11-07,97,35,0,13,2.0,0,2.0,2,2,0,3,8,0,0,0,0,0,0,3,11,0,48,48,0.64,1,2,52.0,5,0,10.4,10,0.4,Store,Wine,Inactive
3599,1970,Graduation,Married,63684.0,0,1,2012-11-26,61,575,80,428,120.5,81,80.0,3,8,4,8,5,0,0,0,0,0,0,3,11,0,55,55,1.59,1,2,1364.5,20,0,68.225,13,0.15,Web,Wine,Inactive
405,1964,Graduation,Divorced,41638.0,0,1,2013-02-13,68,315,0,31,4.0,0,91.0,4,5,5,3,8,1,0,0,0,0,0,3,11,0,61,61,1.37,1,2,441.0,13,1,33.92307692307692,13,0.3076923076923077,Web,Wine,Inactive
6870,1959,Phd,Divorced,68805.0,0,1,2013-09-17,73,182,2,49,17.0,13,20.0,1,3,1,7,2,0,0,0,0,0,0,3,11,0,66,66,0.78,1,2,283.0,11,0,25.727272727272727,5,0.09090909090909091,Store,Wine,Inactive
832,1966,Phd,Together,65814.0,0,1,2014-03-02,90,561,14,113,10.0,14,35.0,3,8,2,10,5,0,0,0,0,0,0,3,11,0,59,59,0.33,1,2,747.0,20,0,37.35,13,0.15,Store,Wine,Inactive
2002,1958,Graduation,Divorced,71964.0,0,0,2013-05-20,81,587,51,556,120.5,34,86.0,1,5,6,5,3,0,0,0,0,0,0,3,11,0,67,67,1.11,0,1,1434.5,16,0,89.65625,8,0.0625,Catalog,Wine,Inactive
3657,1986,Graduation,Single,39146.0,1,0,2013-02-14,1,94,1,33,13.0,12,12.0,3,4,0,4,8,0,0,0,0,0,0,3,11,0,39,39,1.37,1,2,165.0,8,0,20.625,12,0.375,Web,Wine,Highly Active
500,1977,Graduation,Together,96876.0,0,0,2013-08-06,79,908,43,556,40.0,81,21.0,1,7,7,9,2,0,1,1,1,0,0,3,11,1,48,48,0.9,0,1,1649.0,23,3,71.69565217391305,9,0.043478260869565216,Store,Wine,Inactive
1951,1981,Basic,Married,34445.0,0,0,2013-01-27,92,228,81,122,120.5,81,30.0,6,11,2,8,9,0,0,0,0,0,0,3,11,0,44,44,1.42,0,1,662.5,21,0,31.547619047619047,20,0.2857142857142857,Web,Wine,Inactive
3262,1958,Graduation,Single,68281.0,0,0,2012-08-07,31,995,81,417,42.0,48,41.0,1,2,9,13,5,0,0,0,0,0,0,3,11,1,67,67,1.89,0,1,1624.0,24,0,67.66666666666667,7,0.041666666666666664,Store,Wine,Moderately Active
4102,1975,2N Cycle,Married,37284.0,1,1,2013-03-29,46,11,1,2,2.0,1,6.0,1,0,0,3,6,0,0,0,0,0,0,3,11,0,50,50,1.25,2,3,23.0,3,0,7.666666666666667,6,0.3333333333333333,Store,Wine,Moderately Active
7042,1983,Graduation,Married,36790.0,0,0,2013-03-01,14,3,3,14,15.0,21,10.0,1,2,1,2,9,0,0,0,0,0,0,3,11,1,42,42,1.33,0,1,66.0,5,0,13.2,11,0.2,Web,Sweets,Highly Active
10598,1967,Graduation,Together,27943.0,1,1,2013-04-15,89,12,1,16,4.0,1,3.0,3,2,0,3,8,0,0,0,0,0,0,3,11,0,58,58,1.2,2,3,37.0,5,0,7.4,10,0.6,Store,Meat,Inactive
255,1951,Graduation,Divorced,22263.0,1,1,2014-03-30,31,17,0,2,0.0,0,2.0,2,1,0,3,6,0,0,0,0,0,1,3,11,0,74,74,0.25,2,3,21.0,4,0,5.25,7,0.5,Store,Wine,Moderately Active
2375,1972,Graduation,Together,30261.0,1,2,2012-09-25,75,8,0,5,0.0,3,6.0,1,0,0,3,8,0,0,0,0,0,0,3,11,0,53,53,1.76,3,4,22.0,3,0,7.333333333333333,8,0.3333333333333333,Store,Wine,Inactive
9829,1978,Graduation,Together,28587.0,1,0,2014-02-12,42,22,4,17,12.0,10,13.0,3,2,0,4,6,0,0,0,0,0,0,3,11,0,47,47,0.38,1,2,78.0,6,0,13.0,8,0.5,Store,Wine,Moderately Active
6214,1982,Master,Married,43815.0,1,0,2013-04-05,53,14,10,29,4.0,7,15.0,1,2,0,3,6,0,0,0,0,0,0,3,11,0,43,43,1.23,1,2,79.0,5,0,15.8,8,0.2,Store,Meat,Moderately Active
4954,1956,Graduation,Married,48195.0,1,1,2014-01-21,53,106,27,68,52.0,7,5.0,6,4,2,5,6,0,0,0,0,0,0,3,11,0,69,69,0.44,2,3,265.0,11,0,24.09090909090909,10,0.5454545454545454,Store,Wine,Moderately Active
7861,1952,Master,Married,77027.0,0,1,2014-02-05,23,820,57,242,45.0,0,11.0,2,8,3,6,4,0,0,0,0,0,0,3,11,0,73,73,0.39,1,2,1175.0,17,0,69.11764705882354,12,0.11764705882352941,Web,Wine,Highly Active
4837,1965,Phd,Married,71322.0,0,1,2013-02-16,57,753,43,226,69.0,10,126.5,2,8,5,13,4,0,0,0,0,0,0,3,11,0,60,60,1.36,1,2,1227.5,26,0,47.21153846153846,12,0.07692307692307693,Store,Wine,Moderately Active
9423,1979,Master,Married,32765.0,1,0,2014-02-23,49,13,3,17,7.0,3,3.0,2,2,0,4,5,0,0,0,0,0,0,3,11,0,46,46,0.34,1,2,46.0,6,0,7.666666666666667,7,0.3333333333333333,Store,Meat,Moderately Active
4198,1965,Graduation,Together,29672.0,1,1,2013-03-12,6,9,1,3,0.0,4,8.0,1,0,0,3,6,0,0,0,0,0,0,3,11,0,60,60,1.3,2,3,25.0,3,0,8.333333333333334,6,0.3333333333333333,Store,Wine,Highly Active
153,1953,Graduation,Divorced,23272.0,0,0,2013-10-17,29,19,3,6,4.0,2,12.0,1,1,0,3,4,0,0,0,0,0,0,3,11,0,72,72,0.7,0,1,46.0,4,0,11.5,5,0.25,Store,Wine,Highly Active
9323,1949,Master,Together,49912.0,0,1,2012-09-07,5,520,8,223,32.0,49,42.0,4,10,5,7,8,1,0,0,0,0,0,3,11,1,76,76,1.81,1,2,874.0,22,1,39.72727272727273,18,0.18181818181818182,Web,Wine,Highly Active
10001,1985,2N Cycle,Together,7500.0,1,0,2012-08-01,98,5,17,17,13.0,14,34.0,4,2,1,3,9,0,0,0,0,0,0,3,11,0,40,40,1.91,1,2,100.0,6,0,16.666666666666668,11,0.6666666666666666,Store,Gold,Inactive
3945,1947,Phd,Widow,68117.0,0,1,2013-03-10,80,618,44,215,0.0,17,36.0,2,11,8,4,6,1,0,0,0,0,0,3,11,1,78,78,1.3,1,2,930.0,23,1,40.43478260869565,17,0.08695652173913043,Web,Wine,Inactive
3799,1955,Graduation,Married,67225.0,0,1,2013-11-26,4,315,35,322,46.0,7,126.5,3,7,2,11,5,0,0,0,0,0,0,3,11,0,70,70,0.59,1,2,851.5,20,0,42.575,12,0.15,Store,Meat,Highly Active
8625,1976,Graduation,Married,17649.0,1,0,2013-11-12,70,15,1,23,0.0,5,1.0,3,3,0,3,8,0,0,0,0,0,0,3,11,0,49,49,0.63,1,2,45.0,6,0,7.5,11,0.5,Web,Meat,Inactive
3491,1975,Graduation,Together,55914.0,0,1,2013-04-29,32,384,60,364,119.0,81,126.5,4,11,6,8,7,0,0,0,0,0,0,3,11,0,50,50,1.17,1,2,1134.5,25,0,45.38,18,0.16,Web,Wine,Moderately Active
983,1984,Graduation,Married,40059.0,1,0,2013-09-28,82,110,29,92,28.0,10,126.5,1,6,2,3,8,1,0,0,0,0,0,3,11,0,41,41,0.75,1,2,395.5,11,1,35.95454545454545,14,0.09090909090909091,Web,Gold,Inactive
9119,1950,Graduation,Together,60905.0,0,1,2013-12-05,27,208,17,76,36.0,17,38.0,2,3,3,7,2,0,0,0,0,0,0,3,11,0,75,75,0.56,1,2,392.0,13,0,30.153846153846153,5,0.15384615384615385,Store,Wine,Highly Active
4786,1977,Graduation,Married,75330.0,1,1,2012-10-04,94,555,81,257,93.0,61,61.0,4,10,3,12,6,0,0,0,0,0,0,3,11,0,48,48,1.73,2,3,1108.0,25,0,44.32,16,0.16,Store,Wine,Inactive
5872,1951,Graduation,Single,60689.0,0,1,2013-06-01,23,240,81,216,63.0,6,24.0,4,4,4,10,3,0,0,0,0,0,0,3,11,0,74,74,1.08,1,2,630.0,18,0,35.0,7,0.2222222222222222,Store,Wine,Highly Active
6568,1984,Graduation,Married,38680.0,1,0,2013-03-28,97,11,0,36,15.0,5,12.0,1,2,0,3,7,0,0,0,0,0,0,3,11,0,41,41,1.25,1,2,79.0,5,0,15.8,9,0.2,Store,Meat,Inactive
5628,1982,Graduation,Together,61416.0,0,0,2013-02-08,25,848,81,323,120.5,61,78.0,1,10,3,10,6,1,0,0,0,0,0,3,11,0,43,43,1.39,0,1,1511.5,23,1,65.71739130434783,16,0.043478260869565216,Web,Wine,Highly Active
5631,1991,Graduation,Single,49767.0,0,0,2013-05-02,92,202,47,197,55.0,42,126.5,1,5,4,8,4,0,0,0,0,0,0,3,11,0,34,34,1.16,0,1,669.5,17,0,39.38235294117647,9,0.058823529411764705,Store,Wine,Inactive
4974,1970,Graduation,Single,83273.0,1,2,2012-09-25,98,433,81,556,16.0,81,102.0,10,4,6,9,7,0,0,0,0,0,0,3,11,0,55,55,1.76,3,4,1269.0,19,0,66.78947368421052,11,0.5263157894736842,Store,Meat,Inactive
8416,1981,Graduation,Married,29009.0,1,0,2013-11-29,19,6,6,15,10.0,5,2.0,2,2,0,3,6,0,0,0,0,0,0,3,11,0,44,44,0.58,1,2,44.0,5,0,8.8,8,0.4,Store,Meat,Highly Active
5454,1979,Master,Married,45057.0,1,0,2013-12-01,80,37,0,7,3.0,0,3.0,1,2,0,3,5,0,0,0,0,0,0,3,11,0,46,46,0.57,1,2,50.0,5,0,10.0,7,0.2,Store,Wine,Inactive
4095,1971,Graduation,Married,37150.0,1,0,2012-09-11,80,167,37,64,49.0,34,116.0,8,4,3,6,7,0,0,0,0,0,0,3,11,0,54,54,1.8,1,2,467.0,13,0,35.92307692307692,11,0.6153846153846154,Store,Wine,Inactive
5474,1970,Graduation,Single,43020.0,1,0,2013-11-30,79,45,7,99,4.0,25,43.0,3,4,1,4,6,0,0,0,0,0,0,3,11,0,55,55,0.58,1,2,223.0,9,0,24.77777777777778,10,0.3333333333333333,Web,Meat,Inactive
4268,1959,Graduation,Married,53154.0,0,1,2014-06-09,50,129,0,21,0.0,1,7.0,1,3,1,4,4,0,0,0,0,0,0,3,11,0,66,66,0.05,1,2,158.0,8,0,19.75,7,0.125,Store,Wine,Moderately Active
10701,1973,Graduation,Married,65308.0,0,0,2013-09-11,60,713,0,264,120.0,80,34.0,1,7,8,12,4,0,0,1,1,0,0,3,11,0,52,52,0.8,0,1,1211.0,27,2,44.851851851851855,11,0.037037037037037035,Store,Wine,Moderately Active
3507,1970,Graduation,Single,76467.0,1,0,2012-08-17,44,676,81,426,120.5,44,58.0,2,2,5,5,6,0,0,0,0,0,0,3,11,1,55,55,1.86,1,2,1405.5,12,0,117.125,8,0.16666666666666666,Catalog,Wine,Moderately Active
2079,1947,2N Cycle,Married,81044.0,0,0,2013-12-27,0,450,26,535,73.0,81,26.0,1,5,6,10,1,0,0,0,0,0,0,3,11,0,78,78,0.5,0,1,1191.0,21,0,56.714285714285715,6,0.047619047619047616,Store,Meat,Highly Active
626,1951,Graduation,Married,32871.0,1,1,2013-03-09,28,22,2,12,0.0,2,5.0,1,1,0,3,4,0,0,0,0,0,0,3,11,0,74,74,1.31,2,3,43.0,4,0,10.75,5,0.25,Store,Wine,Highly Active
4426,1975,Graduation,Single,55801.0,1,1,2013-09-22,35,367,4,51,6.0,4,95.0,6,7,2,6,7,0,0,0,1,0,0,3,11,0,50,50,0.77,2,3,527.0,15,1,35.13333333333333,14,0.4,Web,Wine,Moderately Active
2591,1959,Graduation,Widow,76320.0,0,1,2014-06-22,49,526,35,214,69.0,53,35.0,2,6,3,4,2,0,0,0,0,0,0,3,11,0,66,66,0.02,1,2,932.0,13,0,71.6923076923077,8,0.15384615384615385,Web,Wine,Moderately Active
10509,1955,Master,Single,36927.0,1,1,2014-06-02,46,51,0,16,0.0,0,4.0,2,3,0,3,8,0,0,0,0,0,0,3,11,0,70,70,0.07,2,3,71.0,6,0,11.833333333333334,11,0.3333333333333333,Web,Wine,Moderately Active
6382,1953,Graduation,Together,48794.0,1,1,2014-06-26,97,25,0,11,3.0,0,15.0,1,1,0,3,4,0,0,0,0,0,0,3,11,0,72,72,0.01,2,3,54.0,4,0,13.5,5,0.25,Store,Wine,Inactive
6673,1965,Graduation,Single,23478.0,0,0,2013-03-19,51,28,6,27,12.0,17,39.0,1,3,0,3,8,0,0,0,0,0,0,3,11,0,60,60,1.28,0,1,129.0,6,0,21.5,11,0.16666666666666666,Web,Gold,Moderately Active
7441,1973,Graduation,Divorced,71128.0,1,0,2012-10-06,80,958,81,447,20.0,0,31.0,3,2,10,12,7,0,0,0,0,0,0,3,11,0,52,52,1.73,1,2,1537.0,24,0,64.04166666666667,9,0.125,Store,Wine,Inactive
1071,1976,Phd,Divorced,70179.0,0,1,2013-07-21,10,532,81,168,69.0,44,126.5,3,7,3,13,5,0,0,0,0,0,0,3,11,0,49,49,0.94,1,2,1020.5,23,0,44.369565217391305,12,0.13043478260869565,Store,Wine,Highly Active
10061,1950,Graduation,Married,59462.0,0,1,2013-01-05,29,724,17,143,0.0,8,126.5,2,9,2,12,7,0,0,0,0,0,0,3,11,0,75,75,1.48,1,2,1018.5,23,0,44.28260869565217,16,0.08695652173913043,Store,Wine,Highly Active
7187,1969,Master,Together,51381.5,1,1,2013-05-18,52,375,42,48,94.0,66,96.0,7,4,10,4,3,0,0,0,0,0,0,3,11,0,56,56,1.11,2,3,721.0,18,0,40.05555555555556,7,0.3888888888888889,Catalog,Wine,Moderately Active
8775,1969,Graduation,Together,38361.0,1,0,2013-12-27,74,39,0,56,20.0,8,14.0,3,3,1,3,7,0,0,0,0,0,0,3,11,0,56,56,0.5,1,2,137.0,7,0,19.571428571428573,10,0.42857142857142855,Web,Meat,Inactive
1612,1981,Phd,Single,51381.5,1,0,2013-05-31,82,23,0,15,0.0,2,7.0,2,3,0,3,6,0,0,0,0,0,0,3,11,0,44,44,1.08,1,2,47.0,6,0,7.833333333333333,9,0.3333333333333333,Web,Wine,Inactive
2345,1982,Phd,Together,70038.0,0,0,2013-10-25,54,587,54,348,71.0,54,126.5,1,4,4,8,2,0,0,0,0,0,0,3,11,0,43,43,0.68,0,1,1240.5,16,0,77.53125,6,0.0625,Store,Wine,Moderately Active
322,1978,Graduation,Together,42554.0,1,1,2013-01-12,93,29,1,11,0.0,0,0.0,2,2,0,3,4,0,0,0,0,0,0,3,11,0,47,47,1.46,2,3,41.0,5,0,8.2,6,0.4,Store,Wine,Inactive
10897,1974,Graduation,Married,67445.0,0,1,2012-08-12,63,757,80,217,29.0,80,11.0,5,9,6,12,6,0,0,0,0,0,0,3,11,0,51,51,1.88,1,2,1174.0,27,0,43.48148148148148,15,0.18518518518518517,Store,Wine,Inactive
123,1951,Graduation,Widow,67046.0,0,1,2013-01-06,92,544,35,133,23.0,81,107.0,2,4,5,4,2,0,0,0,0,0,0,3,11,0,74,74,1.48,1,2,923.0,13,0,71.0,6,0.15384615384615385,Catalog,Wine,Inactive
6103,1948,Graduation,Married,42192.0,0,0,2013-09-06,40,40,15,15,17.0,6,7.0,1,2,1,3,4,0,0,0,0,0,0,3,11,0,77,77,0.81,0,1,100.0,6,0,16.666666666666668,6,0.16666666666666666,Store,Wine,Moderately Active
7899,1952,Phd,Married,77610.0,0,1,2012-10-29,70,1224,33,332,21.0,33,16.0,2,4,7,4,7,0,0,0,0,0,0,3,11,0,73,73,1.66,1,2,1659.0,15,0,110.6,11,0.13333333333333333,Catalog,Wine,Inactive
10500,1984,Graduation,Married,31761.0,1,0,2014-04-05,96,19,1,20,16.0,14,28.0,2,3,0,4,5,0,0,0,0,0,0,3,11,0,41,41,0.23,1,2,98.0,7,0,14.0,8,0.2857142857142857,Store,Gold,Inactive
1655,1979,Graduation,Together,34350.0,1,0,2013-10-19,81,16,3,15,2.0,1,11.0,1,1,0,3,7,0,0,0,0,0,0,3,11,0,46,46,0.69,1,2,48.0,4,0,12.0,8,0.25,Store,Wine,Inactive
2406,1949,Graduation,Together,54591.0,0,1,2013-08-05,63,376,4,94,12.0,9,24.0,3,6,2,8,5,0,0,0,0,0,0,3,11,0,76,76,0.9,1,2,519.0,16,0,32.4375,11,0.1875,Store,Wine,Inactive
2712,1956,Graduation,Married,71866.0,0,1,2013-12-25,85,184,81,178,103.0,39,33.0,1,6,3,10,3,0,0,0,0,0,0,3,11,0,69,69,0.51,1,2,618.0,19,0,32.526315789473685,9,0.05263157894736842,Store,Wine,Inactive
5517,1969,Graduation,Married,25293.0,1,0,2013-09-15,51,15,0,11,0.0,2,9.0,1,1,1,2,8,0,0,0,0,0,0,3,11,0,56,56,0.79,1,2,37.0,4,0,9.25,9,0.25,Store,Wine,Moderately Active
10643,1987,Phd,Single,42000.0,0,0,2013-01-10,23,124,81,267,85.0,59,35.0,2,5,2,11,5,0,0,0,0,0,0,3,11,1,38,38,1.46,0,1,651.0,18,0,36.166666666666664,10,0.1111111111111111,Store,Meat,Highly Active
2254,1983,Graduation,Married,69520.0,0,0,2013-07-07,95,627,81,414,120.5,80,93.0,1,9,6,5,5,0,0,0,0,0,0,3,11,0,42,42,0.98,0,1,1415.5,20,0,70.775,14,0.05,Web,Wine,Inactive
10281,1970,Graduation,Divorced,64713.0,1,0,2014-02-07,11,180,60,241,13.0,54,54.0,2,5,5,7,4,0,0,0,0,0,0,3,11,1,55,55,0.39,1,2,602.0,17,0,35.411764705882355,9,0.11764705882352941,Store,Meat,Highly Active
6958,1977,Master,Married,27889.0,1,0,2013-07-05,42,14,0,4,0.0,0,8.0,1,1,1,2,6,0,0,0,0,0,0,3,11,0,48,48,0.98,1,2,26.0,4,0,6.5,7,0.25,Store,Wine,Moderately Active
954,1960,Basic,Widow,22123.0,0,0,2014-03-27,77,3,3,24,34.0,7,31.0,1,2,1,3,5,0,0,0,0,0,0,3,11,0,65,65,0.26,0,1,102.0,6,0,17.0,7,0.16666666666666666,Store,Fish,Inactive
5079,1971,Graduation,Married,51381.5,1,1,2013-03-03,82,71,1,16,0.0,0,9.0,4,2,1,3,8,0,0,0,0,0,0,3,11,0,54,54,1.32,2,3,97.0,6,0,16.166666666666668,10,0.6666666666666666,Store,Wine,Inactive
10339,1954,Master,Together,51381.5,0,1,2013-06-23,83,161,0,22,0.0,0,24.0,2,4,1,4,6,0,0,0,0,0,0,3,11,0,71,71,1.02,1,2,207.0,9,0,23.0,10,0.2222222222222222,Web,Wine,Inactive
4643,1973,Graduation,Married,27803.0,1,0,2012-08-26,40,8,26,46,38.0,9,49.0,2,3,0,4,8,0,0,0,0,0,0,3,11,0,52,52,1.84,1,2,176.0,7,0,25.142857142857142,11,0.2857142857142857,Store,Gold,Moderately Active
3117,1955,Graduation,Single,51381.5,0,1,2013-10-18,95,264,0,21,12.0,6,126.5,3,6,1,5,7,0,0,0,0,0,0,3,11,0,70,70,0.7,1,2,429.5,12,0,35.791666666666664,13,0.25,Web,Wine,Inactive
6497,1960,Graduation,Married,51651.0,0,1,2012-11-07,32,293,6,23,13.0,6,92.0,4,6,2,5,8,0,0,0,0,0,0,3,11,0,65,65,1.64,1,2,433.0,13,0,33.30769230769231,14,0.3076923076923077,Web,Wine,Moderately Active
5396,1988,Graduation,Married,68487.0,0,0,2013-01-13,48,758,12,385,33.0,81,89.0,1,9,7,13,4,0,0,0,0,0,0,3,11,0,37,37,1.46,0,1,1358.0,29,0,46.827586206896555,13,0.034482758620689655,Store,Wine,Moderately Active
5250,1943,Master,Widow,51381.5,0,0,2013-10-30,75,532,81,490,120.5,81,126.0,1,5,5,11,1,0,0,1,0,0,0,3,11,1,82,82,0.66,0,1,1430.5,21,1,68.11904761904762,6,0.047619047619047616,Store,Wine,Inactive
1052,1969,Graduation,Married,56796.0,0,1,2013-02-16,24,656,38,161,62.0,47,37.0,3,8,9,7,7,0,0,0,0,0,0,3,11,0,56,56,1.36,1,2,1001.0,24,0,41.708333333333336,15,0.125,Catalog,Wine,Highly Active
2802,1992,2N Cycle,Married,87000.0,0,0,2012-12-15,61,196,25,556,67.0,17,49.0,1,4,6,7,2,0,0,0,0,0,0,3,11,0,33,33,1.54,0,1,910.0,17,0,53.529411764705884,6,0.058823529411764705,Store,Meat,Inactive
6343,1959,Graduation,Married,79823.0,0,1,2014-03-31,6,835,73,380,114.0,73,43.0,1,6,9,7,2,0,1,0,0,0,0,3,11,0,66,66,0.25,1,2,1518.0,22,1,69.0,8,0.045454545454545456,Catalog,Wine,Highly Active
6507,1980,Graduation,Single,30828.0,1,0,2013-10-04,16,16,11,15,2.0,0,12.0,2,1,1,4,3,0,0,0,0,0,0,3,11,0,45,45,0.73,1,2,56.0,6,0,9.333333333333334,4,0.3333333333333333,Store,Wine,Highly Active
7901,1971,Master,Married,34109.0,0,1,2013-11-06,39,9,1,5,2.0,1,4.0,1,0,0,3,4,0,0,0,0,0,0,3,11,0,54,54,0.64,1,2,22.0,3,0,7.333333333333333,4,0.3333333333333333,Store,Wine,Moderately Active
4865,1974,Master,Divorced,53367.0,1,1,2013-08-31,2,229,7,140,10.0,3,11.0,7,5,1,8,7,0,0,0,0,0,0,3,11,1,51,51,0.83,2,3,400.0,14,0,28.571428571428573,12,0.5,Store,Wine,Highly Active
2686,1969,Basic,Together,22390.0,0,0,2013-10-21,49,0,1,4,15.0,1,5.0,1,1,0,2,7,0,0,0,0,0,0,3,11,0,56,56,0.69,0,1,26.0,3,0,8.666666666666666,8,0.3333333333333333,Store,Fish,Moderately Active
3107,1976,Graduation,Together,71322.0,0,1,2014-05-02,31,121,24,124,24.0,15,42.0,1,4,1,7,2,0,0,0,0,0,0,3,11,0,49,49,0.16,1,2,350.0,12,0,29.166666666666668,6,0.08333333333333333,Store,Meat,Moderately Active
7734,1993,Graduation,Absurd,79244.0,0,0,2012-12-19,58,471,81,125,120.5,61,126.5,1,4,10,7,1,0,0,1,1,0,0,3,11,1,32,32,1.52,0,1,985.0,21,2,46.904761904761905,5,0.047619047619047616,Catalog,Wine,Moderately Active
1146,1949,Master,Together,49912.0,0,1,2012-09-07,5,520,8,223,32.0,49,42.0,4,10,5,7,8,1,0,0,0,0,0,3,11,1,76,76,1.81,1,2,874.0,22,1,39.72727272727273,18,0.18181818181818182,Web,Wine,Highly Active
11031,1950,Phd,Married,48699.0,1,1,2013-05-21,90,26,1,10,2.0,0,1.0,1,1,0,3,5,0,0,0,0,0,0,3,11,0,75,75,1.11,2,3,40.0,4,0,10.0,6,0.25,Store,Wine,Inactive
7428,1975,Graduation,Together,80144.0,0,0,2013-09-30,47,240,81,445,120.5,81,108.0,1,3,7,8,1,0,0,0,0,0,0,3,11,0,50,50,0.74,0,1,1075.5,18,0,59.75,4,0.05555555555555555,Store,Meat,Moderately Active
975,1956,Graduation,Single,54252.0,1,1,2013-05-28,25,178,4,26,8.0,4,44.0,5,4,1,5,6,0,0,0,0,0,0,3,11,0,69,69,1.09,2,3,264.0,10,0,26.4,10,0.5,Store,Wine,Highly Active
1103,1976,Master,Married,81929.0,1,0,2012-09-29,60,1224,55,278,49.0,0,126.5,2,4,4,10,6,1,0,1,0,0,0,3,11,1,49,49,1.75,1,2,1732.5,18,2,96.25,10,0.1111111111111111,Store,Wine,Moderately Active
3422,1975,Graduation,Married,76068.0,0,1,2012-11-29,67,1115,12,128,33.0,12,76.0,1,2,3,4,6,0,1,0,0,1,0,3,11,0,50,50,1.58,1,2,1376.0,9,2,152.88888888888889,8,0.1111111111111111,Store,Wine,Inactive
1055,1976,Master,Married,53204.0,1,1,2014-03-20,40,29,0,8,2.0,0,6.0,1,1,0,3,4,0,0,0,0,0,0,3,11,0,49,49,0.28,2,3,45.0,4,0,11.25,5,0.25,Store,Wine,Moderately Active
6544,1949,Phd,Together,67911.0,0,1,2014-05-22,63,529,0,356,63.0,28,0.0,3,6,7,11,3,0,0,0,0,0,0,3,11,0,76,76,0.1,1,2,976.0,24,0,40.666666666666664,9,0.125,Store,Wine,Inactive
1241,1984,2N Cycle,Married,14796.0,1,0,2012-09-17,1,13,3,8,7.0,4,16.0,2,1,0,3,9,0,0,0,0,0,0,3,11,1,41,41,1.78,1,2,51.0,4,0,12.75,10,0.5,Store,Gold,Highly Active
2909,1974,Phd,Married,78128.0,0,1,2014-02-19,89,934,24,230,16.0,24,36.0,2,8,4,6,3,0,1,1,0,0,0,3,11,0,51,51,0.36,1,2,1264.0,18,2,70.22222222222223,11,0.1111111111111111,Web,Wine,Inactive
5802,1972,Basic,Married,14188.0,0,0,2013-02-28,40,2,7,11,16.0,12,27.0,1,2,0,4,6,0,0,0,0,0,0,3,11,0,53,53,1.33,0,1,75.0,6,0,12.5,8,0.16666666666666666,Store,Gold,Moderately Active
1407,1986,Basic,Married,20425.0,1,0,2012-10-29,5,4,12,5,3.0,16,17.0,2,2,0,3,7,0,0,0,0,0,0,3,11,0,39,39,1.66,1,2,57.0,5,0,11.4,9,0.4,Store,Gold,Highly Active
6183,1962,Master,Married,58646.0,0,1,2013-06-10,3,62,1,44,6.0,5,22.0,1,2,1,4,4,0,0,0,0,0,0,3,11,0,63,63,1.05,1,2,140.0,7,0,20.0,6,0.14285714285714285,Store,Wine,Highly Active
340,1970,Graduation,Divorced,72967.0,0,1,2012-12-15,1,158,35,179,0.0,0,125.0,2,7,2,8,5,1,0,0,0,0,0,3,11,1,55,55,1.54,1,2,497.0,17,1,29.235294117647058,12,0.11764705882352941,Store,Meat,Highly Active
5991,1949,Master,Married,48150.0,0,1,2013-06-08,24,173,2,39,3.0,2,47.0,3,5,1,4,7,0,0,0,0,0,0,3,11,0,76,76,1.06,1,2,266.0,10,0,26.6,12,0.3,Web,Wine,Highly Active
3104,1961,Graduation,Single,82332.0,0,0,2012-09-17,89,830,59,556,51.0,79,19.0,1,5,3,12,2,0,0,1,0,0,0,3,11,1,64,64,1.78,0,1,1594.0,20,1,79.7,7,0.05,Store,Wine,Inactive
9729,1955,Graduation,Widow,58275.0,1,1,2013-06-02,48,189,10,253,56.0,43,64.0,6,8,2,7,7,0,0,0,0,0,0,3,11,0,70,70,1.07,2,3,615.0,17,0,36.1764705882353,15,0.35294117647058826,Web,Meat,Moderately Active
1008,1981,Phd,Together,44953.0,0,0,2012-12-21,31,728,17,133,11.0,8,124.0,1,7,3,13,6,1,0,0,0,0,0,3,11,0,44,44,1.52,0,1,1021.0,23,1,44.391304347826086,13,0.043478260869565216,Store,Wine,Moderately Active
11091,1953,Graduation,Together,34587.0,1,1,2014-05-16,68,7,2,9,2.0,0,2.0,2,1,0,3,4,0,0,0,0,0,0,3,11,0,72,72,0.12,2,3,22.0,4,0,5.5,5,0.5,Store,Meat,Inactive
3969,1974,Master,Together,43018.0,0,1,2013-11-01,46,35,4,17,7.0,6,64.0,1,2,2,2,5,0,0,0,0,0,0,3,11,0,51,51,0.66,1,2,133.0,6,0,22.166666666666668,7,0.16666666666666666,Web,Gold,Moderately Active
1916,1954,Master,Married,45736.0,0,1,2013-07-24,92,188,3,180,20.0,3,43.0,5,7,1,6,7,0,0,0,0,0,0,3,11,0,71,71,0.93,1,2,437.0,14,0,31.214285714285715,14,0.35714285714285715,Web,Wine,Inactive
9907,1969,Master,Together,66476.0,0,1,2013-12-04,80,742,28,152,25.0,9,57.0,2,6,8,10,4,0,0,0,0,0,0,3,11,0,56,56,0.57,1,2,1013.0,24,0,42.208333333333336,10,0.08333333333333333,Store,Wine,Inactive
87,1981,2N Cycle,Married,27733.0,1,0,2013-08-26,16,0,7,5,26.0,2,17.0,2,2,0,3,7,0,0,0,0,0,0,3,11,0,44,44,0.84,1,2,57.0,5,0,11.4,9,0.4,Store,Fish,Highly Active
8659,1952,Phd,Together,69805.0,0,1,2014-01-21,50,750,71,174,13.0,10,20.0,2,6,8,11,2,0,0,0,0,0,0,3,11,0,73,73,0.44,1,2,1038.0,25,0,41.52,8,0.08,Store,Wine,Moderately Active
6262,1962,Master,Single,72217.0,0,0,2013-04-10,93,816,42,450,55.0,56,126.5,1,3,10,8,2,0,0,0,0,0,0,3,11,0,63,63,1.22,0,1,1545.5,21,0,73.5952380952381,5,0.047619047619047616,Catalog,Wine,Inactive
6147,1971,Graduation,Divorced,25818.0,1,0,2012-10-18,51,5,2,8,2.0,2,9.0,1,0,1,2,7,0,0,0,0,0,0,3,11,0,54,54,1.69,1,2,28.0,3,0,9.333333333333334,7,0.3333333333333333,Store,Gold,Moderately Active
8832,1976,Master,Together,37509.0,1,0,2012-09-12,24,37,5,56,12.0,8,5.0,2,3,0,4,7,0,0,0,0,0,0,3,11,0,49,49,1.79,1,2,123.0,7,0,17.571428571428573,10,0.2857142857142857,Store,Meat,Highly Active
10067,1976,2N Cycle,Together,25176.0,1,1,2013-08-10,79,4,0,4,0.0,0,5.0,1,1,0,2,7,0,0,0,0,0,0,3,11,0,49,49,0.88,2,3,13.0,3,0,4.333333333333333,8,0.3333333333333333,Store,Gold,Inactive
7532,1980,Graduation,Married,43586.0,0,1,2012-08-30,26,99,2,11,4.0,0,16.0,3,3,0,4,8,0,0,0,0,0,0,3,11,0,45,45,1.83,1,2,132.0,7,0,18.857142857142858,11,0.42857142857142855,Store,Wine,Highly Active
4915,1956,2N Cycle,Married,53230.0,0,1,2012-08-03,86,176,72,98,120.5,21,126.5,4,5,2,12,5,0,0,0,0,0,0,3,11,0,69,69,1.9,1,2,614.0,19,0,32.31578947368421,10,0.21052631578947367,Store,Wine,Inactive
2115,1957,Graduation,Together,50116.0,1,1,2014-06-20,68,54,0,10,0.0,0,2.0,2,1,0,4,5,0,1,0,0,0,0,3,11,0,68,68,0.02,2,3,66.0,5,1,13.2,6,0.4,Store,Wine,Inactive
2088,1972,Graduation,Together,84906.0,0,0,2013-10-04,98,997,15,414,99.0,30,76.0,1,5,6,12,2,0,1,1,0,1,0,3,11,0,53,53,0.73,0,1,1631.0,23,3,70.91304347826087,7,0.043478260869565216,Store,Wine,Inactive
2493,1966,Graduation,Married,61286.0,0,1,2013-08-02,34,356,0,107,19.0,9,117.0,2,7,1,8,5,0,0,0,0,0,0,3,11,0,59,59,0.91,1,2,608.0,16,0,38.0,12,0.125,Store,Wine,Moderately Active
6292,1986,Phd,Married,82333.0,0,0,2013-03-30,60,1224,0,359,46.0,81,17.0,1,4,3,10,2,0,0,1,0,0,0,3,11,1,39,39,1.25,0,1,1727.0,17,1,101.58823529411765,6,0.058823529411764705,Store,Wine,Moderately Active
1631,1965,Phd,Together,65220.0,0,0,2012-09-03,3,890,63,292,0.0,25,12.0,4,8,4,7,6,0,0,0,0,0,0,3,11,1,60,60,1.82,0,1,1282.0,19,0,67.47368421052632,14,0.21052631578947367,Web,Wine,Highly Active
10104,1974,Graduation,Together,33590.0,2,1,2013-11-03,65,4,0,2,0.0,0,2.0,1,1,0,2,7,0,0,0,0,0,0,3,11,0,51,51,0.65,3,4,8.0,3,0,2.6666666666666665,8,0.3333333333333333,Store,Wine,Inactive
3006,1976,Graduation,Divorced,30992.0,1,0,2013-04-22,83,17,0,14,7.0,3,2.0,1,1,0,3,7,0,0,0,0,0,0,3,11,0,49,49,1.19,1,2,43.0,4,0,10.75,8,0.25,Store,Wine,Inactive
3919,1976,Master,Single,72309.0,0,0,2013-03-11,64,960,0,556,50.0,38,0.0,1,5,6,8,3,0,0,0,1,0,0,3,11,1,49,49,1.3,0,1,1604.0,19,1,84.42105263157895,8,0.05263157894736842,Store,Wine,Inactive
11181,1949,Phd,Married,117418.0,0,0,2013-08-29,85,2,1,2,1.0,1,1.0,0,0,0,0,0,0,0,0,0,0,0,3,11,0,76,76,0.83,0,1,8.0,0,0,0.0,0,0.0,Web,Wine,Inactive
642,1980,Basic,Married,16005.0,1,0,2012-08-14,69,1,3,2,20.0,30,47.0,3,2,1,2,8,0,0,0,0,0,0,3,11,0,45,45,1.87,1,2,103.0,5,0,20.6,10,0.6,Web,Gold,Inactive
4369,1957,Master,Absurd,65487.0,0,0,2014-01-10,48,240,67,500,120.5,0,126.5,3,3,5,6,2,0,0,0,0,0,0,3,11,0,68,68,0.47,0,1,1054.0,14,0,75.28571428571429,5,0.21428571428571427,Store,Meat,Moderately Active
10127,1965,Graduation,Married,58692.0,0,1,2014-04-06,21,301,11,61,4.0,7,11.0,1,8,2,4,7,0,0,0,0,0,0,3,11,0,60,60,0.23,1,2,395.0,14,0,28.214285714285715,15,0.07142857142857142,Web,Wine,Highly Active
271,1969,Graduation,Widow,40590.0,1,1,2013-10-02,30,154,0,50,6.0,11,37.0,5,3,4,3,6,1,0,0,0,0,0,3,11,0,56,56,0.74,2,3,258.0,10,1,25.8,9,0.5,Catalog,Wine,Highly Active
4973,1970,Graduation,Single,20587.0,1,0,2014-05-11,39,2,3,6,4.0,1,9.0,1,1,1,2,7,0,0,0,0,0,0,3,11,0,55,55,0.13,1,2,25.0,4,0,6.25,8,0.25,Store,Gold,Moderately Active
2948,1954,Master,Divorced,62637.0,0,1,2014-03-01,76,104,12,48,4.0,12,5.0,1,2,2,5,2,0,0,0,0,0,0,3,11,0,71,71,0.33,1,2,185.0,9,0,20.555555555555557,4,0.1111111111111111,Store,Wine,Inactive
2715,1966,Master,Divorced,29435.0,1,1,2012-08-06,11,70,3,37,4.0,2,64.0,4,3,2,2,9,0,0,0,0,0,0,3,11,1,59,59,1.89,2,3,180.0,7,0,25.714285714285715,12,0.5714285714285714,Web,Wine,Highly Active
10432,1974,Graduation,Divorced,19346.0,1,0,2014-01-30,26,2,0,9,3.0,6,2.0,1,1,0,3,8,0,0,0,0,0,0,3,11,0,51,51,0.41,1,2,22.0,4,0,5.5,9,0.25,Store,Meat,Highly Active
9216,1971,Graduation,Married,35788.0,1,1,2014-01-23,34,23,2,11,3.0,1,4.0,2,2,0,3,6,0,0,0,0,0,0,3,11,0,54,54,0.43,2,3,44.0,5,0,8.8,8,0.4,Store,Wine,Moderately Active
7124,1968,Graduation,Divorced,36997.0,1,1,2013-02-01,72,43,4,12,8.0,0,27.0,5,2,1,4,5,0,0,0,0,0,0,3,11,0,57,57,1.4,2,3,94.0,7,0,13.428571428571429,7,0.7142857142857143,Store,Wine,Inactive
9727,1957,Graduation,Married,23539.0,0,0,2014-02-28,13,4,24,11,16.0,1,25.0,1,2,0,4,6,0,0,0,0,0,0,3,11,0,68,68,0.33,0,1,81.0,6,0,13.5,8,0.16666666666666666,Store,Gold,Highly Active
5136,1973,Graduation,Single,65333.0,0,1,2014-01-17,58,654,7,92,0.0,15,30.0,7,9,4,8,6,0,1,1,0,0,0,3,11,0,52,52,0.45,1,2,798.0,21,2,38.0,15,0.3333333333333333,Web,Wine,Moderately Active
9790,1957,Graduation,Single,78499.0,0,0,2013-11-23,12,912,72,170,47.0,36,97.0,1,11,3,4,4,0,0,1,0,0,0,3,11,1,68,68,0.6,0,1,1334.0,18,1,74.11111111111111,15,0.05555555555555555,Web,Wine,Highly Active
1818,1971,Phd,Together,29732.0,1,0,2014-03-25,23,25,0,8,0.0,1,4.0,1,2,0,2,9,0,0,0,0,0,0,3,11,0,54,54,0.26,1,2,38.0,4,0,9.5,11,0.25,Web,Wine,Highly Active
1100,1960,Master,Together,41275.0,1,2,2014-03-24,33,24,4,22,0.0,2,9.0,4,3,1,3,5,0,0,0,0,0,0,3,11,0,65,65,0.27,3,4,61.0,7,0,8.714285714285714,8,0.5714285714285714,Web,Wine,Moderately Active
7873,1973,Phd,Together,63516.0,1,1,2013-07-06,30,141,11,114,15.0,14,5.0,4,4,1,7,5,0,0,0,0,0,0,3,11,0,52,52,0.98,2,3,300.0,12,0,25.0,9,0.3333333333333333,Store,Wine,Highly Active
10609,1962,Phd,Married,42769.0,0,1,2013-10-12,15,71,0,13,3.0,1,0.0,2,1,1,4,4,0,0,0,0,0,0,3,11,0,63,63,0.71,1,2,88.0,6,0,14.666666666666666,5,0.3333333333333333,Store,Wine,Highly Active
6950,1958,Master,Married,49572.0,1,1,2013-12-15,25,35,1,16,0.0,1,1.0,2,2,0,3,7,0,0,0,0,0,0,3,11,0,67,67,0.54,2,3,54.0,5,0,10.8,9,0.4,Store,Wine,Highly Active
7233,1972,Graduation,Married,69209.0,0,0,2012-09-17,4,496,32,556,120.5,48,126.5,2,5,3,6,4,0,0,0,1,0,0,3,11,0,53,53,1.78,0,1,1379.0,14,1,98.5,9,0.14285714285714285,Store,Meat,Highly Active
9481,1976,Graduation,Married,17148.0,1,0,2014-01-28,80,9,9,11,13.0,10,16.0,4,3,1,3,8,0,0,0,0,0,0,3,11,0,49,49,0.42,1,2,68.0,7,0,9.714285714285714,11,0.5714285714285714,Web,Gold,Inactive
7699,1969,Graduation,Widow,40590.0,1,1,2013-10-02,30,154,0,50,6.0,11,37.0,5,3,4,3,6,1,0,0,0,0,0,3,11,0,56,56,0.74,2,3,258.0,10,1,25.8,9,0.5,Catalog,Wine,Highly Active
2711,1976,Master,Together,30560.0,1,0,2013-06-27,6,9,1,5,4.0,5,7.0,1,1,0,3,7,0,0,0,0,0,0,3,11,0,49,49,1.0,1,2,31.0,4,0,7.75,8,0.25,Store,Wine,Highly Active
8933,1983,2N Cycle,Married,32146.0,1,0,2014-05-12,16,26,3,23,4.0,7,3.0,2,2,0,4,6,0,0,0,0,0,0,3,11,0,42,42,0.13,1,2,66.0,6,0,11.0,8,0.3333333333333333,Store,Wine,Highly Active
8726,1964,2N Cycle,Divorced,41713.0,1,1,2014-04-29,57,77,8,44,10.0,10,25.0,5,3,1,4,6,0,0,0,0,0,0,3,11,0,61,61,0.17,2,3,174.0,8,0,21.75,9,0.625,Store,Wine,Moderately Active
1515,1975,Master,Together,34176.0,0,1,2014-01-22,9,11,2,7,4.0,2,2.0,1,1,0,3,3,0,0,0,0,0,0,3,11,0,50,50,0.43,1,2,28.0,4,0,7.0,4,0.25,Store,Wine,Highly Active
5186,1955,Phd,Married,58482.0,0,1,2014-03-12,59,576,7,115,19.0,7,7.0,2,7,4,9,6,0,1,0,0,0,0,3,11,0,70,70,0.3,1,2,731.0,20,1,36.55,13,0.1,Store,Wine,Moderately Active
10157,1965,Graduation,Single,59686.0,0,1,2014-01-25,78,89,15,89,34.0,42,5.0,1,4,1,6,4,0,0,0,0,0,0,3,11,0,60,60,0.42,1,2,274.0,11,0,24.90909090909091,8,0.09090909090909091,Store,Wine,Inactive
5667,1964,Phd,Married,60896.0,0,1,2012-10-11,90,1013,30,399,60.0,46,126.5,3,9,10,4,6,0,0,0,0,0,0,3,11,1,61,61,1.71,1,2,1674.5,23,0,72.80434782608695,15,0.13043478260869565,Catalog,Wine,Inactive
902,1980,Graduation,Together,62994.0,1,0,2014-03-04,74,224,12,48,4.0,12,12.0,1,6,2,4,6,0,0,0,0,0,0,3,11,0,45,45,0.32,1,2,312.0,12,0,26.0,12,0.08333333333333333,Web,Wine,Inactive
977,1957,Graduation,Together,47320.0,0,1,2013-08-01,10,200,19,111,50.0,15,19.0,6,5,1,8,6,0,0,0,0,0,0,3,11,0,68,68,0.91,1,2,414.0,14,0,29.571428571428573,11,0.42857142857142855,Store,Wine,Highly Active
7313,1949,2N Cycle,Widow,74859.0,0,0,2013-06-03,63,570,73,556,120.5,81,73.0,1,6,5,11,3,0,0,0,1,0,0,3,11,0,76,76,1.07,0,1,1473.5,22,1,66.97727272727273,9,0.045454545454545456,Store,Wine,Inactive
7600,1992,Basic,Single,15253.0,1,0,2013-10-28,13,1,3,3,8.0,1,13.0,2,1,0,3,7,0,0,0,0,0,0,3,11,0,33,33,0.67,1,2,29.0,4,0,7.25,8,0.5,Store,Gold,Highly Active
9706,1974,Phd,Single,31560.0,1,0,2013-06-24,98,62,1,20,4.0,0,7.0,2,2,1,3,8,0,0,0,0,0,0,3,11,0,51,51,1.01,1,2,94.0,6,0,15.666666666666666,10,0.3333333333333333,Store,Wine,Inactive
2429,1954,Graduation,Divorced,72071.0,0,1,2013-02-14,4,531,69,300,120.5,81,126.5,3,5,4,8,2,0,0,0,0,0,0,3,11,0,71,71,1.37,1,2,1228.0,17,0,72.23529411764706,7,0.17647058823529413,Store,Wine,Highly Active
3520,1990,Master,Single,91172.0,0,0,2013-03-27,94,162,28,556,0.0,28,56.0,0,4,3,7,3,1,0,1,1,1,0,3,11,1,35,35,1.26,0,1,830.0,14,4,59.285714285714285,7,0.0,Store,Meat,Inactive
10394,1984,Graduation,Married,90000.0,0,0,2013-12-23,91,675,81,133,94.0,81,126.5,1,4,8,5,1,1,0,1,1,0,0,3,11,0,41,41,0.51,0,1,1190.5,17,3,70.02941176470588,5,0.058823529411764705,Catalog,Wine,Inactive
4548,1981,Graduation,Single,41967.0,1,1,2013-11-23,66,23,4,10,0.0,2,15.0,1,1,0,3,4,0,0,0,0,0,0,3,11,0,44,44,0.6,2,3,54.0,4,0,13.5,5,0.25,Store,Wine,Inactive
9362,1965,Graduation,Single,69263.0,0,1,2014-03-05,14,492,5,32,13.0,5,21.0,1,9,1,7,6,0,1,0,0,0,0,3,11,0,60,60,0.32,1,2,568.0,17,1,33.411764705882355,15,0.058823529411764705,Web,Wine,Highly Active
3968,1970,2N Cycle,Divorced,65706.0,0,0,2013-06-28,77,918,10,129,13.0,0,126.5,1,11,3,12,7,0,1,1,0,1,0,3,11,1,55,55,1.0,0,1,1196.5,26,3,46.01923076923077,18,0.038461538461538464,Store,Wine,Inactive
4084,1975,Graduation,Together,60934.0,0,1,2014-01-17,41,224,81,155,120.5,81,54.0,2,6,4,11,4,0,0,0,0,0,0,3,11,0,50,50,0.45,1,2,715.5,21,0,34.07142857142857,10,0.09523809523809523,Store,Wine,Moderately Active
6721,1951,Graduation,Married,71965.0,0,1,2013-07-29,21,572,19,286,50.0,38,126.5,3,6,3,5,3,0,0,0,0,0,0,3,11,0,74,74,0.92,1,2,1091.5,14,0,77.96428571428571,9,0.21428571428571427,Web,Wine,Highly Active
2829,1955,Graduation,Married,65210.0,0,1,2014-03-10,25,626,0,70,0.0,7,28.0,2,9,3,8,6,0,1,0,1,0,0,3,11,0,70,70,0.3,1,2,731.0,20,2,36.55,15,0.1,Web,Wine,Highly Active
1772,1975,Phd,Married,79174.0,0,0,2013-01-11,2,1074,37,518,120.5,81,126.5,1,5,6,7,2,0,0,1,1,0,0,3,11,1,50,50,1.46,0,1,1957.0,18,2,108.72222222222223,7,0.05555555555555555,Store,Wine,Highly Active
1544,1967,Master,Divorced,81380.0,0,0,2012-12-22,51,741,68,556,120.5,68,103.0,1,4,2,10,2,0,0,0,0,0,0,3,11,0,58,58,1.52,0,1,1656.5,16,0,103.53125,6,0.0625,Store,Wine,Moderately Active
492,1973,Phd,Yolo,48432.0,0,1,2012-10-18,3,322,3,50,4.0,3,42.0,5,7,1,6,8,0,0,0,0,0,0,3,11,0,52,52,1.69,1,2,424.0,14,0,30.285714285714285,15,0.35714285714285715,Web,Wine,Highly Active
4377,1971,Graduation,Married,52914.0,0,1,2013-01-07,32,254,10,44,30.0,10,126.5,2,7,3,3,7,1,0,0,0,0,0,3,11,0,54,54,1.47,1,2,474.5,13,1,36.5,14,0.15384615384615385,Web,Wine,Moderately Active
4541,1955,Graduation,Together,38946.0,0,1,2013-10-24,84,116,6,82,6.0,6,41.0,2,3,1,6,5,0,0,0,0,0,0,3,11,0,70,70,0.68,1,2,257.0,10,0,25.7,8,0.2,Store,Wine,Inactive
1321,1974,Graduation,Married,26067.0,1,0,2013-11-04,49,22,2,18,0.0,2,12.0,3,3,0,3,8,0,0,0,0,0,0,3,11,0,51,51,0.65,1,2,56.0,6,0,9.333333333333334,11,0.5,Web,Wine,Moderately Active
8858,1972,Phd,Married,44325.0,0,1,2013-03-07,69,516,0,21,0.0,0,5.0,4,8,2,7,8,0,1,0,0,0,0,3,11,0,53,53,1.31,1,2,542.0,17,1,31.88235294117647,16,0.23529411764705882,Web,Wine,Inactive
3266,1964,Graduation,Married,42523.0,0,0,2014-04-23,96,14,36,11,3.0,26,35.0,1,1,1,4,2,0,0,0,0,0,0,3,11,0,61,61,0.18,0,1,125.0,6,0,20.833333333333332,3,0.16666666666666666,Store,Fruits,Inactive
11187,1978,Basic,Single,26487.0,1,0,2013-05-20,23,2,8,10,12.0,14,23.0,3,2,1,3,5,0,0,0,0,0,0,3,11,0,47,47,1.11,1,2,69.0,6,0,11.5,7,0.5,Store,Gold,Highly Active
8207,1957,2N Cycle,Married,53233.0,0,1,2014-03-18,18,28,0,9,3.0,0,0.0,1,1,0,3,4,0,0,0,0,0,0,3,11,0,68,68,0.28,1,2,40.0,4,0,10.0,5,0.25,Store,Wine,Highly Active
9723,1960,Graduation,Married,67716.0,0,1,2013-01-10,8,530,81,217,62.0,9,56.0,4,7,4,13,5,0,1,0,0,0,0,3,11,0,65,65,1.46,1,2,955.0,24,1,39.791666666666664,12,0.16666666666666666,Store,Wine,Highly Active
2666,1972,Master,Married,76234.0,0,1,2014-02-06,21,519,50,167,120.5,0,41.0,1,8,3,11,3,0,1,0,0,0,0,3,11,0,53,53,0.39,1,2,897.5,22,1,40.79545454545455,11,0.045454545454545456,Store,Wine,Highly Active
5721,1956,Phd,Married,84117.0,0,0,2014-05-11,60,611,76,556,59.0,45,26.0,1,7,10,6,2,0,0,1,0,0,0,3,11,0,69,69,0.13,0,1,1373.0,23,1,59.69565217391305,9,0.043478260869565216,Catalog,Wine,Moderately Active
10652,1957,Master,Together,65487.0,0,0,2014-01-10,48,240,67,500,120.5,0,126.5,3,3,5,6,2,0,0,0,0,0,0,3,11,0,68,68,0.47,0,1,1054.0,14,0,75.28571428571429,5,0.21428571428571427,Store,Meat,Moderately Active
1646,1972,Basic,Married,25224.0,1,0,2014-03-16,36,4,9,12,11.0,2,8.0,2,1,1,3,3,0,0,0,0,0,0,3,11,0,53,53,0.29,1,2,46.0,5,0,9.2,4,0.4,Store,Meat,Moderately Active
4418,1983,Master,Single,89616.0,0,0,2013-02-25,36,671,47,556,120.5,81,15.0,1,7,5,12,2,0,0,0,0,0,0,3,11,1,42,42,1.34,0,1,1490.5,24,0,62.104166666666664,9,0.041666666666666664,Store,Wine,Moderately Active
2656,1971,Graduation,Divorced,40851.0,1,1,2013-02-21,63,23,1,7,0.0,4,24.0,1,1,1,2,7,0,0,0,0,0,0,3,11,0,54,54,1.35,2,3,59.0,4,0,14.75,8,0.25,Store,Gold,Inactive
7990,1947,Graduation,Married,27469.0,0,0,2012-08-02,2,9,1,2,3.0,2,0.0,1,0,0,3,6,0,0,0,0,0,0,3,11,0,78,78,1.91,0,1,17.0,3,0,5.666666666666667,6,0.3333333333333333,Store,Wine,Highly Active
8722,1957,2N Cycle,Married,82347.0,0,0,2012-11-06,38,556,54,556,120.5,81,63.0,1,7,7,10,3,1,0,0,1,0,0,3,11,1,68,68,1.64,0,1,1430.5,24,2,59.604166666666664,10,0.041666666666666664,Store,Wine,Moderately Active
7118,1957,Graduation,Married,73803.0,0,1,2012-08-01,61,833,80,363,52.0,26,126.5,2,9,5,6,6,1,0,0,0,0,0,3,11,1,68,68,1.91,1,2,1480.5,20,1,74.025,15,0.1,Web,Wine,Inactive
2980,1952,Master,Single,8820.0,1,1,2013-03-22,52,12,0,13,4.0,2,4.0,4,3,0,3,8,0,0,0,0,0,0,3,11,0,73,73,1.27,2,3,35.0,6,0,5.833333333333333,11,0.6666666666666666,Web,Meat,Moderately Active
1839,1974,Graduation,Single,43322.0,0,0,2014-04-21,25,56,7,48,10.0,2,18.0,1,3,0,4,7,0,0,0,0,0,0,3,11,0,51,51,0.19,0,1,141.0,7,0,20.142857142857142,10,0.14285714285714285,Store,Wine,Highly Active
10722,1973,Graduation,Together,55593.0,0,1,2013-08-21,63,293,8,124,11.0,4,106.0,2,6,6,3,6,1,0,0,0,0,0,3,11,0,52,52,0.85,1,2,546.0,15,1,36.4,12,0.13333333333333333,Web,Wine,Inactive
2632,1954,Graduation,Married,50501.0,1,1,2013-06-18,10,297,0,38,13.0,0,126.5,7,5,4,4,6,1,0,0,0,0,0,3,11,1,71,71,1.03,2,3,474.5,13,1,36.5,11,0.5384615384615384,Web,Wine,Highly Active
9014,1975,Graduation,Married,37085.0,1,1,2014-06-26,65,39,1,16,2.0,0,3.0,4,3,0,3,8,0,0,0,0,0,0,3,11,0,50,50,0.01,2,3,61.0,6,0,10.166666666666666,11,0.6666666666666666,Web,Wine,Inactive
7620,1990,Basic,Single,16185.0,1,0,2013-08-05,71,5,11,16,21.0,8,45.0,2,2,2,2,8,0,0,0,0,0,0,3,11,0,35,35,0.9,1,2,106.0,6,0,17.666666666666668,10,0.3333333333333333,Web,Gold,Inactive
10968,1969,Graduation,Single,57731.0,0,1,2012-11-23,0,266,21,300,65.0,8,44.0,4,8,8,6,6,0,0,0,0,0,0,3,11,0,56,56,1.6,1,2,704.0,22,0,32.0,14,0.18181818181818182,Web,Meat,Highly Active
11133,1973,Phd,Yolo,48432.0,0,1,2012-10-18,3,322,3,50,4.0,3,42.0,5,7,1,6,8,0,0,0,0,0,0,3,11,1,52,52,1.69,1,2,424.0,14,0,30.285714285714285,15,0.35714285714285715,Web,Wine,Highly Active
2736,1978,Graduation,Married,73807.0,0,1,2013-01-02,88,366,81,156,71.0,78,54.0,2,5,5,11,2,0,0,0,0,0,0,3,11,0,47,47,1.49,1,2,806.0,21,0,38.38095238095238,7,0.09523809523809523,Store,Wine,Inactive
1876,1990,Graduation,Married,18929.0,0,0,2013-02-16,15,32,0,8,23.0,4,18.0,1,1,0,4,6,0,0,0,0,0,0,3,11,0,35,35,1.36,0,1,85.0,5,0,17.0,7,0.2,Store,Wine,Highly Active
5959,1968,Graduation,Single,35893.0,1,1,2012-10-15,80,158,0,23,0.0,0,18.0,6,3,1,5,8,0,0,0,0,0,0,3,11,0,57,57,1.7,2,3,199.0,9,0,22.11111111111111,11,0.6666666666666666,Store,Wine,Inactive
1092,1980,Graduation,Married,61014.0,0,1,2012-08-11,17,269,81,495,120.5,43,29.0,4,9,3,4,7,0,0,0,0,0,0,3,11,0,45,45,1.88,1,2,1037.5,16,0,64.84375,16,0.25,Web,Meat,Highly Active
4333,1954,Graduation,Together,32144.0,1,1,2014-03-23,76,41,0,10,0.0,0,3.0,4,2,1,3,7,0,1,0,0,0,0,3,11,0,71,71,0.27,2,3,54.0,6,1,9.0,9,0.6666666666666666,Store,Wine,Inactive
3850,1963,Basic,Together,14918.0,0,1,2012-12-07,52,3,3,3,15.0,4,15.0,1,1,0,3,6,0,0,0,0,0,0,3,11,0,62,62,1.56,1,2,43.0,4,0,10.75,7,0.25,Store,Fish,Moderately Active
6168,1963,Graduation,Divorced,45146.0,1,1,2013-07-15,28,33,0,5,0.0,0,15.0,2,1,1,2,4,0,0,0,0,0,0,3,11,0,62,62,0.96,2,3,53.0,4,0,13.25,5,0.5,Store,Wine,Highly Active
607,1955,2N Cycle,Divorced,41769.0,0,1,2013-02-13,31,302,29,131,32.0,0,27.0,6,8,1,7,8,0,0,0,0,0,0,3,11,0,70,70,1.37,1,2,521.0,16,0,32.5625,16,0.375,Web,Wine,Moderately Active
10469,1981,Graduation,Together,88325.0,0,0,2014-02-05,42,519,71,556,93.0,27,53.0,1,6,2,9,2,0,0,0,0,0,0,3,11,0,44,44,0.39,0,1,1319.0,17,0,77.58823529411765,8,0.058823529411764705,Store,Meat,Moderately Active
6983,1950,Master,Divorced,38054.0,1,1,2014-05-01,24,23,2,17,2.0,1,0.0,2,2,0,3,7,0,0,0,0,0,0,3,11,0,75,75,0.16,2,3,45.0,5,0,9.0,9,0.4,Store,Wine,Highly Active
3661,1995,2N Cycle,Single,80617.0,0,0,2012-10-12,42,594,51,556,72.0,55,32.0,1,4,6,8,2,0,0,0,0,0,0,3,11,0,30,30,1.71,0,1,1360.0,18,0,75.55555555555556,6,0.05555555555555555,Store,Wine,Moderately Active
9303,1976,Graduation,Married,5305.0,0,1,2013-07-30,12,12,4,7,1.0,3,5.0,0,1,0,0,13,0,0,0,0,0,0,3,11,0,49,49,0.91,1,2,32.0,1,0,32.0,14,0.0,Web,Wine,Highly Active
692,1954,Graduation,Together,36807.0,1,1,2012-12-20,88,4,2,5,0.0,0,5.0,1,1,0,2,6,0,0,0,0,0,0,3,11,0,71,71,1.52,2,3,16.0,3,0,5.333333333333333,7,0.3333333333333333,Store,Meat,Inactive
736,1983,Graduation,Together,28427.0,1,0,2013-03-21,67,18,3,19,3.0,3,6.0,2,2,0,3,8,0,0,0,0,0,0,3,11,0,42,42,1.27,1,2,52.0,5,0,10.4,10,0.4,Store,Meat,Inactive
9589,1948,Phd,Widow,82032.0,0,0,2014-04-05,54,332,81,377,120.5,81,57.0,0,4,6,7,1,0,0,0,0,0,0,3,11,0,77,77,0.23,0,1,1048.5,17,0,61.6764705882353,5,0.0,Store,Meat,Moderately Active
4838,1978,Graduation,Together,22775.0,1,0,2013-06-19,40,5,1,8,0.0,0,1.0,1,1,0,2,8,0,0,0,0,0,0,3,11,0,47,47,1.03,1,2,15.0,3,0,5.0,9,0.3333333333333333,Store,Meat,Moderately Active
9246,1985,Master,Together,40101.0,1,0,2012-10-14,73,171,3,129,26.0,24,62.0,4,6,1,6,7,0,0,0,0,0,0,3,11,0,40,40,1.71,1,2,415.0,13,0,31.923076923076923,13,0.3076923076923077,Web,Wine,Inactive
6261,1979,Graduation,Married,58025.0,0,1,2013-11-26,81,270,31,88,11.0,48,22.0,3,3,2,10,4,0,0,0,0,0,0,3,11,0,46,46,0.59,1,2,470.0,15,0,31.333333333333332,7,0.2,Store,Wine,Inactive
7366,1982,Master,Single,75777.0,0,0,2013-07-04,12,712,26,538,69.0,13,80.0,1,3,6,11,1,0,1,1,0,0,0,3,11,1,43,43,0.99,0,1,1438.0,20,2,71.9,4,0.05,Store,Wine,Highly Active
10659,1979,2N Cycle,Together,7500.0,1,0,2013-05-07,7,2,8,11,3.0,8,21.0,4,3,2,2,7,0,0,0,0,0,0,3,11,0,46,46,1.14,1,2,53.0,7,0,7.571428571428571,10,0.5714285714285714,Web,Gold,Highly Active
1448,1963,Master,Married,33562.0,1,2,2014-06-25,33,21,12,12,0.0,3,3.0,3,2,0,4,4,0,0,0,0,0,0,3,11,0,62,62,0.01,3,4,51.0,6,0,8.5,6,0.5,Store,Wine,Moderately Active
4286,1970,Phd,Single,57642.0,0,1,2014-01-09,24,580,6,58,8.0,0,27.0,3,7,6,6,4,1,0,0,0,0,0,3,11,0,55,55,0.47,1,2,679.0,19,1,35.73684210526316,11,0.15789473684210525,Web,Wine,Highly Active
4749,1968,Graduation,Together,58554.0,1,1,2012-09-26,55,368,24,68,38.0,0,88.0,6,8,2,6,7,0,0,0,0,0,0,3,11,0,57,57,1.75,2,3,586.0,16,0,36.625,15,0.375,Web,Wine,Moderately Active
4478,1979,Graduation,Married,63777.0,1,1,2013-03-24,87,457,5,106,15.0,17,53.0,8,11,1,6,8,0,0,0,0,0,0,3,11,0,46,46,1.26,2,3,653.0,18,0,36.27777777777778,19,0.4444444444444444,Web,Wine,Inactive
4201,1962,Graduation,Single,57967.0,0,1,2013-03-03,39,229,7,137,4.0,0,91.0,5,4,2,8,5,0,0,0,0,0,0,3,11,0,63,63,1.32,1,2,468.0,14,0,33.42857142857143,9,0.35714285714285715,Store,Wine,Moderately Active
8720,1978,2N Cycle,Together,51381.5,0,0,2012-08-12,53,32,2,556,12.0,4,22.0,0,0,0,1,0,0,1,0,0,0,0,3,11,0,47,47,1.88,0,1,628.0,1,1,628.0,0,0.0,Store,Meat,Moderately Active
10084,1972,Graduation,Married,24434.0,2,0,2014-05-18,9,3,2,8,20.0,0,17.0,2,2,1,2,7,0,0,0,0,0,0,3,11,0,53,53,0.11,2,3,50.0,5,0,10.0,9,0.4,Web,Fish,Highly Active
7004,1984,Graduation,Single,11012.0,1,0,2013-03-16,82,24,3,26,7.0,1,23.0,3,3,1,2,9,1,0,0,0,0,0,3,11,0,41,41,1.29,1,2,84.0,6,1,14.0,12,0.5,Web,Meat,Inactive
9817,1970,Master,Single,44802.0,0,0,2012-08-21,71,853,10,143,13.0,10,20.0,2,9,4,12,8,0,0,0,0,0,0,3,11,0,55,55,1.85,0,1,1049.0,25,0,41.96,17,0.08,Store,Wine,Inactive
8080,1986,Graduation,Single,26816.0,0,0,2012-08-17,50,5,1,6,3.0,4,3.0,1,0,0,3,4,0,0,0,0,0,0,3,11,0,39,39,1.86,0,1,22.0,3,0,7.333333333333333,4,0.3333333333333333,Store,Meat,Moderately Active
9432,1977,Graduation,Together,117418.0,1,0,2013-06-02,23,9,14,18,8.0,1,12.0,4,3,1,3,6,0,0,0,0,0,0,3,11,0,48,48,1.07,1,2,62.0,7,0,8.857142857142858,9,0.5714285714285714,Web,Meat,Highly Active
8372,1974,Graduation,Married,34421.0,1,0,2013-07-01,81,3,3,7,6.0,2,9.0,1,1,0,2,7,0,0,0,0,0,0,3,11,0,51,51,0.99,1,2,30.0,3,0,10.0,8,0.3333333333333333,Store,Gold,Inactive
10870,1967,Graduation,Married,61223.0,0,1,2013-06-13,46,709,43,182,42.0,81,126.5,2,9,3,4,5,0,0,0,0,0,0,3,11,0,58,58,1.04,1,2,1183.5,16,0,73.96875,14,0.125,Web,Wine,Moderately Active
4001,1946,Phd,Together,64014.0,2,1,2014-06-10,56,406,0,30,0.0,0,8.0,7,8,2,5,7,0,0,0,1,0,0,3,11,0,79,79,0.05,3,4,444.0,15,1,29.6,15,0.4666666666666667,Web,Wine,Moderately Active
7270,1981,Graduation,Divorced,56981.0,0,0,2014-01-25,91,908,48,217,32.0,12,24.0,1,2,3,13,6,0,1,0,0,0,0,3,11,0,44,44,0.42,0,1,1241.0,18,1,68.94444444444444,8,0.05555555555555555,Store,Wine,Inactive
8235,1956,Master,Together,69245.0,0,1,2014-01-24,8,428,30,214,80.0,30,61.0,2,6,5,10,3,0,0,0,0,0,0,3,11,0,69,69,0.43,1,2,843.0,21,0,40.142857142857146,9,0.09523809523809523,Store,Wine,Highly Active
9405,1954,Phd,Married,52869.0,1,1,2012-10-15,40,84,3,61,2.0,1,21.0,3,3,1,4,7,0,0,0,0,0,0,3,11,1,71,71,1.7,2,3,172.0,8,0,21.5,10,0.375,Store,Wine,Moderately Active
