Customer_Age,Income,Total_Children,Family_Size,Total_Spending,Average_Spending_per_Purchase,MntWines,MntFruits,MntMeatProducts,MntFishProducts,MntSweetProducts,MntGoldProds,Total_Purchases,NumWebPurchases,NumCatalogPurchases,NumStorePurchases,Total_Campaign_Acceptance,Response,Digital_Engagement,NumWebVisitsMonth,Recency,Customer_Tenure_Years,Deal_Dependency,NumDealsPurchases
68,58138.0,0,1,1551.5,4.270015263146146,6.455198563340122,4.406719247264253,6.304448802421981,4.799914262780603,4.406719247264253,4.48863636973214,22,2.1972245773362196,2.3978952727983707,4,0.0,0.6931471805599453,15,7,58,1.82,0.1278333715098849,1.3862943611198906
71,46344.0,2,3,27.0,2.0476928433652555,2.4849066497880004,0.6931471805599453,1.9459101490553132,1.0986122886681098,0.6931471805599453,1.9459101490553132,4,0.6931471805599453,0.6931471805599453,2,0.0,0.0,6,5,38,0.31,0.4054651081081644,1.0986122886681098
60,71613.0,0,1,776.0,3.6838669122903918,6.056784013228625,3.912023005428146,4.852030263919617,4.718498871295094,3.091042453358316,3.7612001156935624,20,2.1972245773362196,1.0986122886681098,10,0.0,0.0,12,4,26,0.85,0.048790164169432,0.6931471805599453
41,26646.0,1,2,53.0,2.2857779746776643,2.4849066497880004,1.6094379124341003,3.044522437723423,2.3978952727983707,1.3862943611198906,1.791759469228055,6,1.0986122886681098,0.0,4,0.0,0.0,8,6,26,0.38,0.2876820724517809,1.0986122886681098
44,58293.0,1,2,422.0,3.438584913733776,5.159055299214529,3.784189633918261,4.77912349311153,3.8501476017100584,3.332204510175204,2.772588722239781,14,1.791759469228055,1.3862943611198906,6,0.0,0.0,10,5,94,0.44,0.30538164955118186,1.791759469228055
58,62513.0,1,2,716.0,3.6054978451748854,6.255750041753367,3.7612001156935624,4.59511985013459,0.0,3.7612001156935624,2.70805020110221,20,1.9459101490553132,1.6094379124341003,10,0.0,0.0,12,6,16,0.8,0.09531017980432487,1.0986122886681098
54,55635.0,1,2,590.0,3.575315447003282,5.4638318050256105,4.189654742026425,5.10594547390058,3.9318256327243257,3.912023005428146,3.332204510175204,17,2.0794415416798357,1.3862943611198906,7,0.0,0.0,13,6,34,1.62,0.2113090936672069,1.6094379124341003
40,33454.0,1,2,169.0,3.096708190893993,4.343805421853684,2.3978952727983707,4.04305126783455,1.3862943611198906,0.6931471805599453,3.1780538303479458,8,1.6094379124341003,0.0,4,0.0,0.0,12,8,32,1.14,0.22314355131420976,1.0986122886681098
51,30351.0,1,2,46.0,2.322387720290225,2.70805020110221,0.0,3.2188758248682006,1.3862943611198906,1.3862943611198906,1.0986122886681098,5,1.3862943611198906,0.0,2,0.0,0.6931471805599453,12,9,19,1.06,0.18232155679395465,0.6931471805599453
75,5648.0,2,3,49.0,3.912023005428146,3.367295829986474,0.0,1.9459101490553132,0.6931471805599453,0.6931471805599453,2.6390573296152584,1,0.6931471805599453,0.0,0,0.6931471805599453,0.0,21,20,68,0.3,0.6931471805599453,0.6931471805599453
42,51381.5,1,2,19.0,1.992430164690206,1.791759469228055,1.791759469228055,1.9459101490553132,0.0,1.0986122886681098,0.6931471805599453,3,0.6931471805599453,0.0,2,0.0,0.0,8,7,11,0.62,0.2876820724517809,0.6931471805599453
49,7500.0,0,1,61.0,2.580216829592325,1.9459101490553132,2.833213344056216,2.4849066497880004,2.4849066497880004,0.6931471805599453,2.833213344056216,5,1.0986122886681098,0.0,3,0.0,0.0,10,8,59,1.62,0.18232155679395465,0.6931471805599453
66,63033.0,0,1,966.5,4.181031812614306,5.272999558563747,4.127134385045092,6.175867270105761,4.799914262780603,4.406719247264253,3.4339872044851463,15,1.3862943611198906,1.6094379124341003,8,0.0,0.0,5,2,82,0.62,0.06453852113757118,0.6931471805599453
73,59354.0,2,3,310.0,3.289644895756408,5.455321115357702,1.0986122886681098,3.9889840465642745,1.3862943611198906,1.791759469228055,2.70805020110221,12,1.9459101490553132,0.6931471805599453,5,0.0,0.0,12,6,53,0.62,0.22314355131420976,1.3862943611198906
38,17323.0,0,1,46.0,2.5257286443082556,1.3862943611198906,2.70805020110221,2.8903717578961645,1.9459101490553132,0.6931471805599453,1.791759469228055,4,0.6931471805599453,0.0,3,0.0,0.0,9,8,38,1.72,0.22314355131420976,0.6931471805599453
79,82800.0,0,1,1315.0,3.9815490680767565,6.914730892718563,3.1354942159291497,4.7535901911063645,4.0943445622221,4.23410650459726,3.828641396489095,25,2.0794415416798357,1.9459101490553132,12,1.0986122886681098,0.6931471805599453,10,3,23,1.59,0.039220713153281295,0.6931471805599453
45,41850.0,2,3,96.0,2.833213344056216,3.9889840465642745,1.791759469228055,2.995732273553991,1.0986122886681098,2.6390573296152584,1.6094379124341003,6,1.3862943611198906,0.0,3,0.0,0.0,11,8,51,1.51,0.4054651081081644,1.3862943611198906
79,37760.0,0,1,287.5,3.300874660034286,4.442651256490317,1.791759469228055,3.6635616461296463,4.799914262780603,2.5649493574615367,3.367295829986474,11,1.6094379124341003,0.6931471805599453,6,0.0,0.0,11,7,20,1.83,0.16705408466316618,1.0986122886681098
76,76995.0,1,2,1732.5,4.2930246413579365,6.920671504248683,4.394449154672439,6.212606095751519,0.0,2.833213344056216,4.848116364598481,24,2.4849066497880004,1.6094379124341003,9,0.6931471805599453,0.0,16,5,91,1.25,0.08004270767353643,1.0986122886681098
40,33812.0,1,2,133.0,3.142714463902637,1.6094379124341003,2.8903717578961645,2.995732273553991,3.4339872044851463,3.2188758248682006,3.6888794541139363,6,1.0986122886681098,0.6931471805599453,3,0.0,0.0,8,6,86,1.65,0.2876820724517809,1.0986122886681098
43,37040.0,0,1,316.0,3.392064898098883,4.465908118654584,1.0986122886681098,4.30406509320417,4.248495242049359,3.6635616461296463,3.8918202981106265,11,1.6094379124341003,1.0986122886681098,5,0.0,0.0,12,8,41,1.89,0.08701137698962977,0.6931471805599453
46,2447.0,1,2,561.0,3.0462216734763827,0.6931471805599453,0.6931471805599453,6.322565239927284,0.6931471805599453,0.6931471805599453,0.6931471805599453,28,0.0,3.367295829986474,0,0.0,0.0,1,1,42,1.48,0.42899560551835847,2.772588722239781
76,58607.0,1,2,972.0,4.254599024987376,6.7661917146603505,0.0,4.465908118654584,0.0,0.0,2.995732273553991,14,1.0986122886681098,1.3862943611198906,9,0.6931471805599453,0.0,10,8,63,1.51,0.19415601444095745,1.3862943611198906
71,65324.0,1,2,544.0,3.4965075614664802,5.953243334287785,0.0,4.634728988229636,3.091042453358316,3.4965075614664802,1.791759469228055,17,1.9459101490553132,1.0986122886681098,9,0.0,0.0,10,4,0,0.46,0.1625189294977749,1.3862943611198906
74,40689.0,1,2,444.0,3.559734033432668,5.602118820879701,1.3862943611198906,3.332204510175204,3.6888794541139363,1.9459101490553132,4.605170185988092,13,2.0794415416798357,0.6931471805599453,5,0.0,0.0,15,8,69,1.28,0.4307829160924542,2.0794415416798357
56,18589.0,0,1,75.0,2.6026896854443837,1.9459101490553132,1.6094379124341003,3.258096538021482,2.772588722239781,2.5649493574615367,2.6390573296152584,6,1.0986122886681098,0.6931471805599453,3,0.0,0.0,9,7,89,1.49,0.2876820724517809,1.0986122886681098
49,53359.0,2,3,257.0,3.2846635654062037,5.159055299214529,1.6094379124341003,3.4339872044851463,1.3862943611198906,1.9459101490553132,3.7376696182833684,10,1.791759469228055,0.6931471805599453,4,0.0,0.0,12,7,4,1.09,0.33647223662121295,1.6094379124341003
39,51381.5,1,2,219.5,2.211525127478416,1.791759469228055,0.6931471805599453,1.3862943611198906,1.3862943611198906,4.406719247264253,4.848116364598481,27,3.332204510175204,0.0,0,0.0,0.0,28,1,19,1.35,0.0,0.0
36,38360.0,1,2,131.0,2.9813435361018916,3.6109179126442243,1.0986122886681098,3.7612001156935624,3.044522437723423,3.091042453358316,2.3978952727983707,7,1.0986122886681098,0.6931471805599453,4,0.0,0.0,5,3,26,1.08,0.2513144282809061,1.0986122886681098
60,84618.0,0,1,1408.0,4.048649602959971,6.529418838262226,4.406719247264253,6.322565239927284,3.091042453358316,4.204692619390966,0.0,25,1.9459101490553132,2.302585092994046,10,0.6931471805599453,0.0,8,2,96,0.6,0.039220713153281295,0.6931471805599453
36,10979.0,0,1,30.0,1.791759469228055,2.1972245773362196,1.6094379124341003,2.3978952727983707,1.0986122886681098,1.0986122886681098,1.6094379124341003,6,1.3862943611198906,0.0,3,0.0,0.0,8,5,34,0.1,0.2876820724517809,1.0986122886681098
62,38620.0,0,1,318.0,3.490428515390098,4.727387818712341,2.8903717578961645,3.8066624897703196,3.5553480614894135,3.1354942159291497,4.499809670330265,10,1.0986122886681098,1.791759469228055,3,0.0,0.0,5,3,56,1.13,0.09531017980432487,0.6931471805599453
55,40548.0,1,2,120.0,2.8982769374032777,4.709530201312334,0.0,1.791759469228055,1.0986122886681098,0.0,1.3862943611198906,7,1.0986122886681098,0.6931471805599453,4,0.6931471805599453,0.0,7,5,31,1.72,0.2513144282809061,1.0986122886681098
73,46610.0,2,3,302.0,3.3483079177417827,4.574710978503383,2.5649493574615367,4.574710978503383,3.5263605246161616,3.1354942159291497,3.784189633918261,11,1.6094379124341003,0.6931471805599453,6,0.0,0.6931471805599453,10,6,8,1.66,0.4353180712578455,1.9459101490553132
79,68657.0,0,1,1196.0,4.267638564887834,6.180016653652572,3.5553480614894135,6.156978985585555,4.787491742782046,4.23410650459726,3.1354942159291497,17,1.3862943611198906,1.791759469228055,9,0.0,0.0,10,7,4,1.35,0.05715841383994861,0.6931471805599453
74,49389.0,2,3,65.0,2.6390573296152584,3.713572066704308,0.0,2.995732273553991,1.0986122886681098,0.6931471805599453,1.3862943611198906,5,1.0986122886681098,0.0,3,0.0,0.0,9,7,55,0.83,0.18232155679395465,0.6931471805599453
55,67353.0,1,2,913.0,3.7061212605484424,6.555356891810665,2.8903717578961645,5.0238805208462765,0.0,2.1972245773362196,3.58351893845611,23,1.791759469228055,1.9459101490553132,12,0.0,0.0,7,2,37,0.49,0.19671029424605424,1.791759469228055
49,23718.0,1,2,81.0,2.6741486494265287,1.9459101490553132,1.3862943611198906,2.70805020110221,2.772588722239781,2.0794415416798357,3.6109179126442243,6,1.3862943611198906,0.6931471805599453,2,0.0,0.0,10,7,76,0.82,0.4054651081081644,1.3862943611198906
52,42429.0,1,2,67.0,2.667228206581955,4.02535169073515,0.0,1.9459101490553132,1.0986122886681098,0.0,1.6094379124341003,5,0.6931471805599453,0.6931471805599453,3,0.0,0.0,6,5,99,0.38,0.33647223662121295,1.0986122886681098
82,48948.0,0,1,862.5,3.693980060241524,6.082218910376446,2.1972245773362196,5.332718793265369,4.799914262780603,3.912023005428146,3.7612001156935624,22,2.0794415416798357,2.3978952727983707,5,0.6931471805599453,0.6931471805599453,13,6,53,1.4,0.08701137698962977,1.0986122886681098
45,80011.0,1,2,1298.0,4.23867272257684,6.045005314036012,4.343805421853684,6.285998094508865,4.418840607796598,4.406719247264253,4.634728988229636,19,2.1972245773362196,1.9459101490553132,5,0.0,0.0,12,4,3,1.17,0.10008345855698253,1.0986122886681098
40,20559.0,1,2,53.0,2.451005098112319,2.6390573296152584,0.6931471805599453,3.4011973816621555,1.3862943611198906,0.0,2.0794415416798357,5,1.0986122886681098,0.0,3,0.0,0.0,10,8,88,1.3,0.33647223662121295,1.0986122886681098
68,21994.0,1,2,22.0,2.120263536200091,2.302585092994046,0.0,1.9459101490553132,1.3862943611198906,0.6931471805599453,1.3862943611198906,3,0.0,0.0,3,0.0,0.0,5,5,4,1.51,0.2876820724517809,0.6931471805599453
66,51381.5,0,1,186.0,3.188416617383492,4.406719247264253,2.4849066497880004,3.9318256327243257,1.3862943611198906,1.0986122886681098,3.6888794541139363,8,0.6931471805599453,1.3862943611198906,4,0.0,0.0,3,2,80,0.65,0.11778303565638346,0.6931471805599453
50,7500.0,1,2,31.0,1.9740810260220096,1.3862943611198906,0.6931471805599453,2.3978952727983707,1.3862943611198906,1.0986122886681098,2.5649493574615367,5,1.0986122886681098,0.0,3,0.0,0.0,7,5,19,0.74,0.4700036292457356,1.3862943611198906
49,79941.0,0,1,747.0,3.927896354584436,4.820281565605037,4.406719247264253,5.58724865840025,4.799914262780603,3.4339872044851463,4.848116364598481,15,1.0986122886681098,1.6094379124341003,9,0.0,0.0,3,1,72,0.0,0.06453852113757118,0.6931471805599453
29,7500.0,0,1,122.0,2.913902255306359,1.3862943611198906,2.9444389791664403,2.70805020110221,2.772588722239781,3.1354942159291497,3.9318256327243257,7,1.3862943611198906,0.6931471805599453,3,0.0,0.6931471805599453,12,9,24,1.63,0.35667494393873234,1.3862943611198906
57,41728.0,1,2,55.0,2.691243082785829,2.6390573296152584,1.9459101490553132,2.772588722239781,1.3862943611198906,1.791759469228055,2.6390573296152584,4,1.0986122886681098,0.0,2,0.0,0.0,12,10,92,1.1,0.22314355131420976,0.6931471805599453
74,51381.5,3,4,124.0,2.929287174145838,3.8918202981106265,1.791759469228055,3.8918202981106265,1.9459101490553132,2.3978952727983707,2.0794415416798357,7,1.0986122886681098,0.6931471805599453,4,0.0,0.0,8,6,96,0.49,0.35667494393873234,1.3862943611198906
71,72550.0,2,3,1319.0,4.254492261521733,6.717804695023691,3.9318256327243257,5.762051382780177,3.9318256327243257,3.6635616461296463,3.6635616461296463,19,1.791759469228055,1.0986122886681098,12,0.0,0.0,13,8,39,1.64,0.3877655310087635,2.302585092994046
68,65486.0,1,2,507.0,3.4869927418251416,5.5053315359323625,2.995732273553991,4.836281906951478,3.6375861597263857,4.219507705176107,2.70805020110221,16,1.6094379124341003,1.0986122886681098,10,0.0,0.0,6,2,29,0.13,0.06062462181643484,0.6931471805599453
61,79143.0,0,1,1383.0,3.91984944167761,6.478509642208569,3.6375861597263857,6.322565239927284,3.332204510175204,4.406719247264253,3.4965075614664802,28,1.9459101490553132,2.302585092994046,13,0.0,0.0,9,3,2,1.88,0.035091319811270096,0.6931471805599453
48,35790.0,1,2,72.0,2.7343675094195836,2.5649493574615367,1.9459101490553132,3.044522437723423,3.4339872044851463,0.6931471805599453,1.3862943611198906,5,1.0986122886681098,0.0,3,0.0,0.0,9,7,54,1.49,0.33647223662121295,1.0986122886681098
48,82582.0,0,1,1428.0,4.282206299391671,6.236369590203704,4.406719247264253,6.311734809152915,4.799914262780603,3.713572066704308,4.848116364598481,20,1.6094379124341003,2.302585092994046,7,1.0986122886681098,0.6931471805599453,5,1,54,0.06,0.048790164169432,0.6931471805599453
47,66373.0,2,3,606.0,3.660351370499398,5.796057750765372,2.302585092994046,4.8283137373023015,2.5649493574615367,3.2188758248682006,4.700480365792417,16,1.6094379124341003,1.0986122886681098,10,0.0,0.0,7,3,57,1.05,0.3629054936893685,2.0794415416798357
70,82384.0,0,1,1795.0,4.249044541706126,6.892641641172089,3.9512437185814275,6.07073772800249,4.799914262780603,4.406719247264253,4.848116364598481,26,1.3862943611198906,2.3978952727983707,13,0.6931471805599453,0.6931471805599453,4,1,55,1.61,0.03774032798284703,0.6931471805599453
59,70287.0,0,1,1053.5,3.982947343764845,5.69035945432406,3.58351893845611,6.180016653652572,4.799914262780603,4.406719247264253,3.713572066704308,20,1.791759469228055,1.791759469228055,10,0.0,0.6931471805599453,8,3,30,1.24,0.048790164169432,0.6931471805599453
37,27938.0,1,2,29.0,1.916922612182061,2.6390573296152584,0.0,2.1972245773362196,1.0986122886681098,0.6931471805599453,1.791759469228055,5,0.6931471805599453,0.0,4,0.0,0.0,4,3,31,0.17,0.18232155679395465,0.6931471805599453
43,51381.5,1,2,46.0,2.322387720290225,2.4849066497880004,1.3862943611198906,3.1354942159291497,1.0986122886681098,1.0986122886681098,1.9459101490553132,5,1.0986122886681098,0.0,3,0.0,0.0,8,6,57,1.03,0.33647223662121295,1.0986122886681098
57,55954.0,1,2,518.0,3.5078071167204135,6.104793232414985,0.0,3.367295829986474,0.0,0.0,3.784189633918261,16,2.1972245773362196,1.0986122886681098,6,0.0,0.0,15,7,63,0.32,0.17185025692665923,1.3862943611198906
43,75777.0,0,1,1438.0,4.289088639014612,6.569481420414296,3.295836866004329,6.289715570908998,4.248495242049359,2.6390573296152584,4.394449154672439,20,1.3862943611198906,1.9459101490553132,11,1.0986122886681098,0.6931471805599453,4,1,12,0.99,0.048790164169432,0.6931471805599453
50,66653.0,2,3,612.0,3.5553480614894135,6.115892125483034,2.9444389791664403,4.634728988229636,2.833213344056216,2.9444389791664403,1.9459101490553132,18,1.6094379124341003,1.0986122886681098,12,0.0,0.0,7,3,18,1.81,0.20067069546215116,1.6094379124341003
73,61823.0,1,2,841.5,3.7629427824139934,6.261491684321042,2.0794415416798357,4.90527477843843,3.6375861597263857,2.70805020110221,4.848116364598481,20,2.1972245773362196,1.0986122886681098,10,0.0,0.0,15,7,26,1.36,0.18232155679395465,1.6094379124341003
74,67680.0,1,2,606.0,3.545778610473263,6.304448802421981,0.0,3.8918202981106265,0.0,1.9459101490553132,1.9459101490553132,18,2.0794415416798357,1.3862943611198906,8,0.0,0.0,12,5,8,1.05,0.054067221270275766,0.6931471805599453
77,70666.0,0,1,1035.0,4.248495242049359,5.988961416889864,3.713572066704308,5.908082938168931,4.787491742782046,4.406719247264253,3.4339872044851463,15,2.0794415416798357,1.6094379124341003,4,0.0,0.0,11,4,29,0.56,0.06453852113757118,0.6931471805599453
54,25721.0,1,2,34.0,2.2512917986064953,0.6931471805599453,1.3862943611198906,1.9459101490553132,1.3862943611198906,1.9459101490553132,2.772588722239781,4,0.6931471805599453,0.6931471805599453,2,0.0,0.6931471805599453,8,7,75,1.11,0.22314355131420976,0.6931471805599453
58,32474.0,2,3,11.0,1.5404450409471488,2.3978952727983707,0.0,0.6931471805599453,0.0,0.0,0.0,3,0.6931471805599453,0.0,2,0.0,0.0,8,7,0,0.13,0.2876820724517809,0.6931471805599453
46,88194.0,1,2,1193.5,3.676300671907076,6.535241271013659,2.70805020110221,5.736572297479192,4.799914262780603,3.2188758248682006,3.6635616461296463,31,2.4849066497880004,2.3978952727983707,10,1.0986122886681098,0.6931471805599453,16,5,19,0.28,0.0317486983145803,0.6931471805599453
67,69096.0,1,2,652.0,3.6725707160720122,5.5134287461649825,3.912023005428146,5.075173815233827,2.0794415416798357,4.406719247264253,4.700480365792417,17,1.791759469228055,1.0986122886681098,10,0.0,0.0,9,4,4,0.75,0.05715841383994861,0.6931471805599453
55,74854.0,3,4,1562.0,4.876468779189348,6.75343791859778,4.0943445622221,6.1903154058531475,4.07753744390572,3.4011973816621555,4.30406509320417,12,1.0986122886681098,1.791759469228055,5,0.0,0.0,7,5,90,1.22,0.4595323293784402,2.0794415416798357
71,66991.0,0,1,1184.5,4.201786244083752,6.208590026096629,3.6109179126442243,6.133398042996649,4.799914262780603,4.110873864173311,2.5649493574615367,18,1.6094379124341003,2.1972245773362196,6,0.0,0.0,7,3,1,1.8,0.15415067982725827,1.3862943611198906
52,51381.5,1,2,109.0,2.953172659135195,3.258096538021482,1.3862943611198906,3.784189633918261,2.8903717578961645,1.6094379124341003,2.8903717578961645,6,1.3862943611198906,0.0,3,0.0,0.0,11,8,25,1.79,0.4054651081081644,1.3862943611198906
66,65031.0,1,2,837.0,3.502318153061946,5.556828061699537,4.406719247264253,5.676753802268282,4.442651256490317,3.6375861597263857,4.465908118654584,26,2.3978952727983707,1.3862943611198906,13,0.0,0.0,17,7,29,1.28,0.14310084364067333,1.6094379124341003
50,60631.0,2,3,661.0,3.577653819003712,6.338594078203183,1.9459101490553132,4.189654742026425,0.0,1.9459101490553132,2.995732273553991,19,2.302585092994046,1.0986122886681098,8,0.6931471805599453,0.0,16,7,88,1.23,0.23361485118150516,1.791759469228055
73,28332.0,0,1,65.0,2.330755969960742,2.70805020110221,2.3978952727983707,2.6390573296152584,1.6094379124341003,2.772588722239781,2.302585092994046,7,1.0986122886681098,0.6931471805599453,4,0.0,0.0,4,2,58,0.16,0.13353139262452263,0.6931471805599453
48,40246.0,1,2,13.0,1.6739764335716716,1.0986122886681098,0.6931471805599453,1.9459101490553132,1.0986122886681098,0.6931471805599453,0.6931471805599453,3,0.6931471805599453,0.0,2,0.0,0.0,7,6,68,1.52,0.2876820724517809,0.6931471805599453
53,75251.0,0,1,1491.0,4.428830700871684,6.582025138892826,4.406719247264253,6.322565239927284,4.584967478670572,2.9444389791664403,2.9444389791664403,18,2.0794415416798357,1.9459101490553132,5,0.0,0.6931471805599453,12,5,34,1.84,0.054067221270275766,0.6931471805599453
49,75825.0,0,1,1921.5,4.481203296933962,6.940222469119639,4.406719247264253,6.322565239927284,4.799914262780603,4.406719247264253,3.9512437185814275,22,1.791759469228055,2.1972245773362196,9,0.6931471805599453,0.6931471805599453,9,4,40,1.71,0.0,0.0
49,26326.0,0,1,18.0,1.9459101490553132,0.6931471805599453,0.0,1.791759469228055,0.0,1.3862943611198906,2.302585092994046,3,0.0,0.0,3,0.0,0.0,3,3,12,0.82,0.2876820724517809,0.6931471805599453
60,56046.0,0,1,692.0,3.6222334506368004,6.359573868672378,0.0,4.174387269895637,0.0,0.0,3.9512437185814275,19,2.3978952727983707,0.6931471805599453,8,0.6931471805599453,0.6931471805599453,18,8,9,1.49,0.10008345855698253,1.0986122886681098
40,29760.0,1,2,165.0,3.073850052817943,4.174387269895637,1.6094379124341003,4.23410650459726,2.0794415416798357,1.791759469228055,2.8903717578961645,8,1.3862943611198906,0.6931471805599453,4,0.0,0.0,11,8,87,1.83,0.4054651081081644,1.6094379124341003
56,26304.0,1,2,16.0,1.8458266904983307,1.6094379124341003,0.6931471805599453,1.791759469228055,1.0986122886681098,0.0,1.6094379124341003,3,0.6931471805599453,0.0,2,0.0,0.0,8,7,5,1.02,0.2876820724517809,0.6931471805599453
52,23559.0,1,2,79.0,2.6508917872622613,3.258096538021482,1.791759469228055,2.995732273553991,2.0794415416798357,0.0,3.1780538303479458,6,1.3862943611198906,0.0,3,0.0,0.0,10,7,87,0.99,0.4054651081081644,1.3862943611198906
62,38620.0,0,1,318.0,3.490428515390098,4.727387818712341,2.8903717578961645,3.8066624897703196,3.5553480614894135,3.1354942159291497,4.499809670330265,10,1.0986122886681098,1.791759469228055,3,0.0,0.0,5,3,56,1.13,0.09531017980432487,0.6931471805599453
38,81361.0,0,1,778.0,3.4315027311574844,5.099866427824199,3.1780538303479458,6.052089168924417,3.332204510175204,4.189654742026425,4.343805421853684,26,1.3862943611198906,2.3978952727983707,13,0.0,0.0,4,1,18,0.34,0.03774032798284703,0.6931471805599453
65,29440.0,2,3,56.0,2.501435951739211,2.8903717578961645,2.1972245773362196,2.70805020110221,2.3978952727983707,1.6094379124341003,1.3862943611198906,5,0.6931471805599453,0.0,4,0.0,0.0,8,7,95,0.88,0.33647223662121295,1.0986122886681098
55,36138.0,2,3,151.0,2.9894626605403958,4.875197323201151,0.0,2.833213344056216,0.0,0.0,1.791759469228055,8,1.3862943611198906,0.6931471805599453,4,0.6931471805599453,0.0,10,7,48,0.95,0.4855078157817008,1.791759469228055
68,50388.0,1,2,372.0,3.3882939768262474,5.680172609017068,1.9459101490553132,3.6375861597263857,0.0,1.3862943611198906,3.5553480614894135,13,1.9459101490553132,0.6931471805599453,6,1.0986122886681098,0.6931471805599453,13,7,3,0.09,0.26826398659467937,1.6094379124341003
52,79593.0,0,1,1283.5,4.280900966538455,5.860786223465865,4.110873864173311,6.322565239927284,4.709530201312334,4.406719247264253,4.848116364598481,18,1.791759469228055,1.9459101490553132,7,0.6931471805599453,0.0,7,2,70,0.13,0.054067221270275766,0.6931471805599453
58,54178.0,1,2,194.0,3.115981401705568,4.912654885736052,2.302585092994046,3.6888794541139363,1.6094379124341003,0.0,2.0794415416798357,9,1.0986122886681098,1.0986122886681098,5,0.0,0.0,4,2,79,0.44,0.1053605156578263,0.6931471805599453
68,51381.5,3,4,603.0,3.596506133982921,5.442417710521793,3.7612001156935624,5.262690188904886,3.912023005428146,3.6375861597263857,3.9889840465642745,17,2.0794415416798357,1.0986122886681098,8,0.0,0.0,16,9,4,1.61,0.534082485930258,2.5649493574615367
68,51381.5,2,3,18.0,1.9459101490553132,2.0794415416798357,0.0,2.1972245773362196,1.0986122886681098,0.0,0.6931471805599453,3,0.6931471805599453,0.0,2,0.0,0.0,8,7,45,0.09,0.2876820724517809,0.6931471805599453
52,51381.5,0,1,985.0,4.267697449033295,6.100318952020064,3.6375861597263857,5.886104031450156,4.59511985013459,3.367295829986474,2.9444389791664403,14,1.0986122886681098,1.6094379124341003,8,0.0,0.0,3,1,87,0.6,0.06899287148695145,0.6931471805599453
53,42394.0,1,2,32.0,2.1972245773362196,2.772588722239781,1.0986122886681098,2.3978952727983707,0.0,0.6931471805599453,1.6094379124341003,4,0.6931471805599453,0.0,3,0.0,0.0,8,7,69,0.27,0.22314355131420976,0.6931471805599453
55,23626.0,1,2,43.0,1.9661128563728327,3.332204510175204,1.0986122886681098,2.70805020110221,0.0,0.0,0.0,7,1.3862943611198906,0.6931471805599453,3,0.0,0.0,8,5,84,0.1,0.35667494393873234,1.3862943611198906
42,30096.0,1,2,45.0,2.302585092994046,1.791759469228055,1.3862943611198906,2.4849066497880004,2.5649493574615367,1.791759469228055,2.302585092994046,5,1.0986122886681098,0.0,3,0.0,0.0,8,6,30,0.1,0.18232155679395465,0.6931471805599453
65,47916.0,1,2,606.0,3.601333174731237,6.226536669287466,0.0,3.295836866004329,0.0,0.0,4.330733340286331,17,2.0794415416798357,1.6094379124341003,6,0.6931471805599453,0.0,13,6,72,1.6,0.2578291093020998,1.791759469228055
53,51813.0,2,3,63.0,2.6100697927420065,3.9512437185814275,1.0986122886681098,2.0794415416798357,0.0,0.6931471805599453,1.0986122886681098,5,1.0986122886681098,0.0,3,0.0,0.0,9,7,37,1.22,0.33647223662121295,1.0986122886681098
74,78497.0,0,1,881.5,3.6304334469755224,5.337538079701318,3.295836866004329,6.104793232414985,4.330733340286331,0.0,4.848116364598481,24,1.791759469228055,2.0794415416798357,12,0.6931471805599453,0.0,7,2,44,0.57,0.040821994520255124,0.6931471805599453
42,50150.0,0,1,410.0,3.4106761256166993,4.912654885736052,3.8501476017100584,4.532599493153256,4.189654742026425,4.127134385045092,2.4849066497880004,14,1.791759469228055,1.0986122886681098,7,0.0,0.0,10,5,32,1.02,0.13353139262452263,1.0986122886681098
65,47823.0,1,2,72.0,2.7343675094195836,3.9889840465642745,0.6931471805599453,1.791759469228055,1.0986122886681098,0.6931471805599453,2.3978952727983707,5,1.0986122886681098,0.0,3,0.0,0.0,10,8,0,0.93,0.33647223662121295,1.0986122886681098
66,34554.0,1,2,55.0,2.4849066497880004,3.7376696182833684,0.6931471805599453,1.9459101490553132,1.0986122886681098,0.0,1.791759469228055,5,1.0986122886681098,0.0,3,0.0,0.0,8,6,43,0.25,0.33647223662121295,1.0986122886681098
46,85693.0,1,2,962.5,3.676300671907076,5.958424693029782,4.406719247264253,5.214935757608986,4.799914262780603,4.406719247264253,4.718498871295094,25,2.302585092994046,1.791759469228055,11,0.0,0.0,14,5,59,1.19,0.07696104113612832,1.0986122886681098
80,65846.0,0,1,1120.0,4.326337728813293,6.333279628139691,4.406719247264253,5.6240175061873385,4.394449154672439,3.713572066704308,4.406719247264253,15,1.9459101490553132,1.3862943611198906,6,0.0,0.0,10,4,68,1.12,0.06453852113757118,0.6931471805599453
66,87195.0,0,1,963.0,3.9451523291880255,5.384495062789089,4.343805421853684,6.322565239927284,3.9318256327243257,3.295836866004329,3.6635616461296463,19,1.3862943611198906,2.4849066497880004,5,0.0,0.6931471805599453,4,1,35,0.14,0.051293294387550536,0.6931471805599453
46,24594.0,1,2,29.0,2.1102132003465894,0.6931471805599453,1.3862943611198906,1.9459101490553132,2.3978952727983707,0.0,2.302585092994046,4,0.6931471805599453,0.0,3,0.0,0.0,6,5,94,0.55,0.22314355131420976,0.6931471805599453
61,49096.0,2,3,187.0,3.0808900818942977,4.976733742420574,0.6931471805599453,3.4965075614664802,1.0986122886681098,0.6931471805599453,2.0794415416798357,9,1.6094379124341003,0.6931471805599453,4,0.0,0.0,11,7,15,0.76,0.36772478012531734,1.6094379124341003
56,52413.0,2,3,868.0,3.7001790093678695,5.69035945432406,4.406719247264253,5.605802066295998,4.330733340286331,4.406719247264253,4.189654742026425,22,1.9459101490553132,1.6094379124341003,12,0.0,0.0,12,6,56,1.4,0.16705408466316618,1.6094379124341003
47,38557.0,1,2,145.0,3.077970371790963,4.343805421853684,1.3862943611198906,3.4657359027997265,1.6094379124341003,1.6094379124341003,3.332204510175204,7,1.3862943611198906,0.6931471805599453,3,0.0,0.0,10,7,17,1.52,0.2513144282809061,1.0986122886681098
65,89058.0,0,1,737.0,4.05512384906882,6.12029741895095,4.406719247264253,4.672828834461906,3.4657359027997265,3.1354942159291497,3.784189633918261,13,1.791759469228055,1.6094379124341003,4,0.0,0.0,7,2,18,1.56,0.07410797215372189,0.6931471805599453
46,77298.0,1,2,935.0,3.7293535620417106,6.054439346269371,4.406719247264253,5.680172609017068,3.1780538303479458,3.58351893845611,4.382026634673881,23,1.9459101490553132,1.9459101490553132,11,0.0,0.0,9,3,46,0.65,0.04255961441879593,0.6931471805599453
34,68126.0,0,1,1712.0,4.68213122712422,7.110696122978827,2.8903717578961645,5.7430031878094825,3.1780538303479458,3.9512437185814275,4.465908118654584,16,2.0794415416798357,1.6094379124341003,5,0.6931471805599453,0.6931471805599453,16,9,40,1.63,0.06062462181643484,0.6931471805599453
62,57288.0,1,2,608.0,3.6045383056801854,6.269096283706261,0.0,3.091042453358316,0.0,0.0,4.110873864173311,17,2.1972245773362196,0.6931471805599453,8,0.6931471805599453,0.0,14,6,27,0.01,0.1625189294977749,1.3862943611198906
34,86037.0,0,1,730.0,3.4473385376600105,6.19644412779452,3.8066624897703196,4.836281906951478,3.4011973816621555,3.044522437723423,3.1354942159291497,24,1.9459101490553132,2.0794415416798357,11,1.0986122886681098,0.6931471805599453,9,3,95,1.49,0.040821994520255124,0.6931471805599453
45,43974.0,1,2,551.0,3.567770581487971,5.937536205082426,0.0,4.624972813284271,0.0,0.0,4.290459441148391,16,1.9459101490553132,1.6094379124341003,6,0.0,0.0,13,7,19,1.54,0.27193371548364176,1.791759469228055
63,50785.0,2,3,114.0,2.995732273553991,4.174387269895637,0.6931471805599453,3.091042453358316,0.0,0.6931471805599453,3.332204510175204,6,1.0986122886681098,0.6931471805599453,3,0.0,0.0,8,6,27,0.8,0.2876820724517809,1.0986122886681098
55,90765.0,0,1,1418.5,4.559824084221215,6.306275286948016,4.406719247264253,6.322565239927284,4.799914262780603,4.406719247264253,3.5263605246161616,15,1.6094379124341003,1.9459101490553132,5,1.0986122886681098,0.0,5,1,25,0.43,0.0,0.0
47,36550.0,1,2,543.5,3.6172044174070455,3.871201010907891,4.406719247264253,4.553876891600541,4.799914262780603,4.406719247264253,4.795790545596741,15,2.302585092994046,0.6931471805599453,5,0.0,0.0,18,9,74,1.36,0.2876820724517809,1.791759469228055
58,30753.0,2,3,81.0,2.8449093838194073,2.5649493574615367,1.791759469228055,3.258096538021482,0.0,2.302585092994046,3.4339872044851463,5,0.6931471805599453,0.6931471805599453,3,0.0,0.0,6,5,85,0.97,0.33647223662121295,1.0986122886681098
56,21918.0,1,2,33.0,2.028148247292285,0.6931471805599453,1.9459101490553132,2.0794415416798357,2.4849066497880004,1.791759469228055,1.3862943611198906,5,1.0986122886681098,0.0,3,0.0,0.0,8,6,37,0.62,0.33647223662121295,1.0986122886681098
72,56129.0,1,2,660.0,3.628775530044231,5.771441123130016,3.8918202981106265,4.897839799950911,3.6888794541139363,4.290459441148391,3.8918202981106265,18,1.9459101490553132,1.0986122886681098,10,0.0,0.0,10,4,65,1.02,0.20067069546215116,1.6094379124341003
58,32557.0,1,2,80.0,2.662587827025453,3.5553480614894135,1.3862943611198906,3.4011973816621555,0.0,1.6094379124341003,2.3978952727983707,6,1.0986122886681098,0.6931471805599453,3,0.0,0.6931471805599453,7,5,13,0.34,0.4054651081081644,1.3862943611198906
40,19510.0,2,3,30.0,2.1400661634962708,2.302585092994046,0.0,2.0794415416798357,1.3862943611198906,1.6094379124341003,2.0794415416798357,4,0.6931471805599453,0.0,3,0.0,0.0,8,7,63,0.82,0.4054651081081644,1.0986122886681098
49,30992.0,1,2,43.0,2.463853240590168,2.8903717578961645,0.0,2.70805020110221,2.0794415416798357,1.3862943611198906,1.0986122886681098,4,0.6931471805599453,0.0,3,0.0,0.0,8,7,83,1.19,0.22314355131420976,0.6931471805599453
42,101970.0,0,1,1093.5,3.7256934272366524,6.583409222158765,3.332204510175204,4.634728988229636,3.8066624897703196,4.290459441148391,4.848116364598481,27,1.9459101490553132,2.1972245773362196,13,1.3862943611198906,0.6931471805599453,8,2,69,1.3,0.0,0.0
60,71488.0,0,1,513.5,3.629091535734963,5.093750200806762,3.5263605246161616,4.8283137373023015,3.713572066704308,3.367295829986474,4.848116364598481,14,1.3862943611198906,1.6094379124341003,7,0.0,0.0,4,1,87,1.36,0.13353139262452263,1.0986122886681098
41,79607.0,0,1,1334.0,4.499068655105546,6.111467339502679,4.406719247264253,6.322565239927284,4.799914262780603,0.0,4.848116364598481,15,1.3862943611198906,1.9459101490553132,6,0.0,0.6931471805599453,4,1,37,1.19,0.06453852113757118,0.6931471805599453
72,54348.0,2,3,90.0,2.772588722239781,4.2626798770413155,0.0,2.833213344056216,0.0,0.0,1.6094379124341003,6,1.0986122886681098,0.0,4,0.0,0.0,8,6,51,0.06,0.2876820724517809,1.0986122886681098
64,51381.5,1,2,404.0,3.396424102909498,5.8664680569332965,0.0,3.332204510175204,2.3978952727983707,0.0,2.772588722239781,14,1.9459101490553132,0.6931471805599453,7,0.0,0.0,12,6,23,0.97,0.19415601444095745,1.3862943611198906
69,77376.0,2,3,661.0,3.577653819003712,6.20050917404269,2.995732273553991,4.709530201312334,2.833213344056216,2.5649493574615367,2.5649493574615367,19,1.9459101490553132,1.3862943611198906,10,0.0,0.0,10,4,72,0.14,0.19105523676270922,1.6094379124341003
73,62998.0,1,2,455.0,3.5115454388310208,4.795790545596741,4.07753744390572,4.30406509320417,4.189654742026425,4.406719247264253,4.07753744390572,14,1.791759469228055,1.6094379124341003,5,0.0,0.0,10,5,10,0.74,0.30538164955118186,1.791759469228055
67,61331.0,2,3,632.0,3.586600604993518,6.282266746896006,1.791759469228055,3.871201010907891,0.0,1.791759469228055,3.7376696182833684,18,2.4849066497880004,0.6931471805599453,6,0.0,0.0,19,8,42,1.3,0.245122458032985,1.791759469228055
56,73448.0,0,1,696.5,3.6812112394737575,5.4680601411351315,4.406719247264253,5.247024072160486,3.1780538303479458,3.7376696182833684,4.848116364598481,18,2.0794415416798357,1.0986122886681098,9,0.0,0.0,11,4,10,0.38,0.054067221270275766,0.6931471805599453
62,51381.5,1,2,725.0,3.7203242868215947,5.44673737166631,4.189654742026425,5.2832037287379885,3.6635616461296463,4.276666119016055,4.8283137373023015,18,1.9459101490553132,1.791759469228055,7,0.0,0.0,10,4,96,0.88,0.054067221270275766,0.6931471805599453
61,41551.0,2,3,279.0,3.2719856501821494,5.3981627015177525,0.0,3.5263605246161616,1.3862943611198906,0.0,3.1780538303479458,11,1.791759469228055,0.6931471805599453,5,0.0,0.0,13,8,51,0.87,0.37469344944141064,1.791759469228055
58,62981.0,0,1,1448.0,4.201975226414466,6.680854678790215,2.70805020110221,6.322565239927284,3.6635616461296463,3.8066624897703196,0.0,22,1.6094379124341003,1.791759469228055,13,0.6931471805599453,0.0,7,3,21,1.28,0.04445176257083384,0.6931471805599453
49,9548.0,1,2,29.0,2.1102132003465894,0.0,0.6931471805599453,1.3862943611198906,2.3978952727983707,1.9459101490553132,2.302585092994046,4,0.6931471805599453,0.0,3,0.0,0.0,9,8,31,1.89,0.4054651081081644,1.0986122886681098
66,33762.0,3,4,106.0,2.9267394020670396,3.9889840465642745,0.6931471805599453,3.5553480614894135,1.0986122886681098,0.0,2.833213344056216,6,1.0986122886681098,1.0986122886681098,2,0.0,0.0,10,8,61,0.98,0.4054651081081644,1.3862943611198906
52,35860.0,2,3,49.0,2.583997552432231,2.772588722239781,0.0,2.1972245773362196,1.6094379124341003,1.0986122886681098,3.044522437723423,4,0.6931471805599453,0.6931471805599453,2,0.6931471805599453,0.6931471805599453,6,5,37,0.11,0.4054651081081644,1.0986122886681098
60,36921.0,2,3,38.0,2.151762203259462,2.8903717578961645,0.6931471805599453,2.5649493574615367,1.3862943611198906,0.6931471805599453,1.6094379124341003,5,1.0986122886681098,0.0,3,0.0,0.0,9,7,74,0.92,0.33647223662121295,1.0986122886681098
33,92859.0,0,1,1712.0,4.413086851992183,6.870053411798126,4.127134385045092,6.322565239927284,3.970291913552122,4.127134385045092,3.044522437723423,21,1.791759469228055,1.6094379124341003,12,0.0,0.0,7,2,46,1.69,0.04652001563489285,0.6931471805599453
49,65104.0,1,2,1053.0,4.26549281841793,6.6052979209482015,0.0,5.4510384535657,2.6390573296152584,3.044522437723423,3.9318256327243257,15,1.3862943611198906,1.791759469228055,7,0.0,0.6931471805599453,10,7,4,0.62,0.12516314295400602,1.0986122886681098
63,86111.0,0,1,1185.0,4.0048507677392156,5.991464547107982,3.367295829986474,6.322565239927284,3.6109179126442243,3.713572066704308,4.844187086458591,22,1.791759469228055,2.0794415416798357,10,0.0,0.0,7,2,73,1.19,0.04445176257083384,0.6931471805599453
51,68352.0,1,2,871.0,3.703544127518183,6.421622267806518,2.833213344056216,4.890349128221754,3.784189633918261,3.5263605246161616,3.5263605246161616,22,2.1972245773362196,1.791759469228055,9,0.0,0.0,14,6,47,0.84,0.1278333715098849,1.3862943611198906
37,41883.0,1,2,312.0,3.574216545793796,3.4965075614664802,3.5553480614894135,3.7376696182833684,4.30406509320417,2.833213344056216,4.762173934797756,9,1.6094379124341003,1.0986122886681098,3,0.0,0.0,11,7,13,1.28,0.2876820724517809,1.3862943611198906
49,59809.0,2,3,877.0,4.305190585725904,6.395261598115449,2.833213344056216,4.955827057601261,3.4965075614664802,3.7376696182833684,3.912023005428146,12,1.3862943611198906,1.3862943611198906,6,0.0,0.0,11,8,36,1.69,0.22314355131420976,1.3862943611198906
50,23957.0,1,2,68.0,2.681021528714291,1.0986122886681098,0.6931471805599453,2.9444389791664403,3.044522437723423,2.4849066497880004,2.833213344056216,5,1.0986122886681098,0.0,3,0.0,0.6931471805599453,8,6,47,1.67,0.18232155679395465,0.6931471805599453
44,38547.0,1,2,22.0,2.120263536200091,1.9459101490553132,0.6931471805599453,2.3978952727983707,0.0,0.6931471805599453,1.6094379124341003,3,0.6931471805599453,0.0,2,0.0,0.0,9,8,49,0.84,0.2876820724517809,0.6931471805599453
52,35688.0,3,4,211.0,3.196402969016142,4.30406509320417,1.3862943611198906,4.51085950651685,2.5649493574615367,0.6931471805599453,3.4965075614664802,9,1.6094379124341003,0.6931471805599453,4,0.0,0.0,12,8,94,1.85,0.5753641449035619,2.0794415416798357
59,49605.0,0,1,127.0,2.951929650895598,3.7612001156935624,2.833213344056216,3.4011973816621555,2.5649493574615367,3.044522437723423,2.1972245773362196,7,1.0986122886681098,0.6931471805599453,4,0.0,0.0,5,3,65,0.02,0.13353139262452263,0.6931471805599453
72,59354.0,2,3,459.0,3.4531571205928664,5.69035945432406,3.091042453358316,4.3694478524670215,3.6888794541139363,2.6390573296152584,2.6390573296152584,15,1.6094379124341003,1.6094379124341003,7,0.0,0.0,7,3,59,0.18,0.06453852113757118,0.6931471805599453
56,65747.0,1,2,460.0,3.455264602932431,5.849324779946859,2.8903717578961645,3.8918202981106265,3.1780538303479458,2.6390573296152584,2.6390573296152584,15,2.1972245773362196,0.6931471805599453,6,0.6931471805599453,0.0,14,6,96,0.31,0.2363887780642304,1.6094379124341003
53,46344.0,1,2,429.0,3.5263605246161616,5.455321115357702,3.044522437723423,4.060443010546419,2.1972245773362196,3.044522437723423,4.5217885770490405,13,2.0794415416798357,0.6931471805599453,5,0.0,0.0,14,7,28,1.54,0.26826398659467937,1.6094379124341003
37,34176.0,1,2,89.0,2.618438042412523,1.791759469228055,2.0794415416798357,3.2188758248682006,2.995732273553991,2.70805020110221,3.044522437723423,7,1.3862943611198906,0.0,4,0.0,0.0,9,6,12,0.13,0.4519851237430572,1.6094379124341003
73,61010.0,1,2,1021.0,3.7737183340509657,6.790097235513905,0.0,4.060443010546419,0.0,0.0,4.343805421853684,24,2.1972245773362196,1.791759469228055,11,0.0,0.0,13,5,57,1.72,0.08004270767353643,1.0986122886681098
76,69372.0,0,1,1381.0,4.249209272783016,6.905753276311464,3.295836866004329,5.598421958998375,3.5553480614894135,2.6390573296152584,3.7612001156935624,20,2.3978952727983707,1.6094379124341003,6,1.0986122886681098,0.6931471805599453,14,4,10,1.36,0.048790164169432,0.6931471805599453
67,49967.0,1,2,306.0,3.2771447329921766,5.3612921657094255,1.9459101490553132,4.248495242049359,1.6094379124341003,2.5649493574615367,1.3862943611198906,12,1.9459101490553132,0.6931471805599453,5,0.0,0.0,13,7,4,0.97,0.22314355131420976,1.3862943611198906
47,60199.0,3,4,18.0,1.9459101490553132,2.1972245773362196,0.6931471805599453,2.0794415416798357,1.0986122886681098,0.0,0.0,3,0.0,0.0,3,0.0,0.0,4,4,49,0.79,0.2876820724517809,0.6931471805599453
48,55375.0,1,2,162.0,3.056356895370426,3.7612001156935624,2.4849066497880004,4.060443010546419,2.3978952727983707,3.367295829986474,2.70805020110221,8,0.6931471805599453,0.6931471805599453,6,0.0,0.0,3,2,3,0.7,0.11778303565638346,0.6931471805599453
70,80317.0,0,1,1192.5,4.264748985993866,6.285998094508865,2.4849066497880004,5.961005339623274,4.799914262780603,4.406719247264253,4.060443010546419,17,1.3862943611198906,1.6094379124341003,10,0.0,0.0,4,1,64,0.86,0.05715841383994861,0.6931471805599453
67,30523.0,3,4,13.0,1.6739764335716716,1.791759469228055,0.0,1.3862943611198906,0.0,0.0,1.791759469228055,3,0.6931471805599453,0.0,2,0.0,0.0,8,7,0,0.99,0.2876820724517809,0.6931471805599453
80,70356.0,0,1,1581.0,4.162626069638506,7.110696122978827,2.833213344056216,5.521460917862246,3.784189633918261,2.833213344056216,3.5263605246161616,25,2.3978952727983707,1.9459101490553132,9,0.0,0.0,16,6,20,1.65,0.07696104113612832,1.0986122886681098
41,23228.0,1,2,121.0,2.906120114864304,3.9889840465642745,1.3862943611198906,3.912023005428146,2.0794415416798357,1.6094379124341003,1.791759469228055,7,1.3862943611198906,0.0,4,0.0,0.0,11,8,91,0.48,0.4519851237430572,1.6094379124341003
50,74165.0,0,1,1293.0,4.234868990337594,6.90975328164481,2.5649493574615367,5.484796933490655,2.833213344056216,2.5649493574615367,2.5649493574615367,19,1.791759469228055,1.6094379124341003,10,0.0,0.0,7,2,9,1.16,0.051293294387550536,0.6931471805599453
52,117418.0,1,2,582.0,3.312531744576499,3.044522437723423,1.0986122886681098,6.322565239927284,0.6931471805599453,1.0986122886681098,0.6931471805599453,22,0.0,3.1354942159291497,0,0.0,0.0,0,0,98,0.33,0.5198754592859086,2.772588722239781
59,43482.0,3,4,88.0,2.751535313041949,2.9444389791664403,0.6931471805599453,3.4965075614664802,1.9459101490553132,1.3862943611198906,3.367295829986474,6,1.0986122886681098,0.0,4,0.0,0.0,8,6,83,0.62,0.4054651081081644,1.3862943611198906
72,62551.0,0,1,407.5,3.2176986616951857,4.836281906951478,2.833213344056216,4.59511985013459,4.799914262780603,3.091042453358316,3.332204510175204,17,1.9459101490553132,2.0794415416798357,4,0.6931471805599453,0.0,9,3,27,0.61,0.05715841383994861,0.6931471805599453
66,52332.0,0,1,259.0,3.2005266862000044,5.3612921657094255,1.791759469228055,3.5263605246161616,2.0794415416798357,0.0,1.0986122886681098,11,1.3862943611198906,1.0986122886681098,6,0.6931471805599453,0.0,7,4,63,0.84,0.08701137698962977,0.6931471805599453
37,66951.0,0,1,983.5,4.26619481914876,5.627621113690637,4.406719247264253,5.723585101952381,4.799914262780603,4.343805421853684,4.8283137373023015,14,1.3862943611198906,1.6094379124341003,7,0.0,0.0,4,1,46,0.65,0.06899287148695145,0.6931471805599453
68,26091.0,2,3,89.0,2.762117422372486,2.772588722239781,2.3978952727983707,2.995732273553991,2.1972245773362196,2.8903717578961645,3.044522437723423,6,1.0986122886681098,0.6931471805599453,3,0.0,0.0,7,5,84,0.34,0.4054651081081644,1.3862943611198906
60,33456.0,2,3,36.0,2.302585092994046,2.0794415416798357,1.3862943611198906,2.3978952727983707,2.1972245773362196,0.6931471805599453,2.0794415416798357,4,0.6931471805599453,0.0,3,0.0,0.0,8,7,58,0.19,0.4054651081081644,1.0986122886681098
43,28718.0,1,2,57.0,2.517696472610991,2.5649493574615367,1.6094379124341003,1.9459101490553132,2.4849066497880004,2.1972245773362196,2.833213344056216,5,1.0986122886681098,0.0,3,0.0,0.0,10,8,78,0.96,0.33647223662121295,1.0986122886681098
55,50447.0,2,3,148.0,3.0975149678639333,4.454347296253507,2.0794415416798357,3.2188758248682006,1.0986122886681098,1.3862943611198906,3.332204510175204,7,1.3862943611198906,0.6931471805599453,3,0.0,0.0,9,6,4,0.19,0.13353139262452263,0.6931471805599453
66,53537.0,2,3,93.0,2.803360380906535,4.406719247264253,0.0,1.9459101490553132,0.0,0.0,1.9459101490553132,6,1.0986122886681098,0.6931471805599453,3,0.0,0.0,7,5,17,0.41,0.2876820724517809,1.0986122886681098
58,52074.0,1,2,119.0,3.036554268074246,4.0943445622221,0.0,2.5649493574615367,0.0,0.0,3.8918202981106265,6,1.0986122886681098,1.0986122886681098,2,0.6931471805599453,0.0,6,4,77,0.24,0.15415067982725827,0.6931471805599453
50,80427.0,1,2,1835.0,4.233569591832683,7.047517221357296,4.276666119016055,6.1092475827643655,4.248495242049359,4.276666119016055,3.295836866004329,27,2.4849066497880004,2.1972245773362196,8,0.0,0.0,16,5,56,1.79,0.03636764417087485,0.6931471805599453
77,83837.0,0,1,1310.0,4.0178833961276235,6.742880635791903,4.204692619390966,4.787491742782046,4.465908118654584,4.406719247264253,4.718498871295094,24,2.302585092994046,2.3978952727983707,5,1.0986122886681098,0.6931471805599453,13,4,79,1.53,0.040821994520255124,0.6931471805599453
55,38853.0,2,3,45.0,2.302585092994046,3.4011973816621555,0.0,2.70805020110221,0.0,0.0,1.0986122886681098,5,1.0986122886681098,0.0,3,0.0,0.0,9,7,90,0.1,0.33647223662121295,1.0986122886681098
66,38285.0,3,4,10.0,1.4663370687934272,1.0986122886681098,0.0,1.791759469228055,1.0986122886681098,0.0,0.6931471805599453,3,0.0,0.0,3,0.0,0.0,2,2,96,0.01,0.2876820724517809,0.6931471805599453
74,78497.0,0,1,881.5,3.6304334469755224,5.337538079701318,3.295836866004329,6.104793232414985,4.330733340286331,0.0,4.848116364598481,24,1.791759469228055,2.0794415416798357,12,0.6931471805599453,0.0,7,2,44,0.57,0.040821994520255124,0.6931471805599453
49,51650.0,1,2,191.0,3.101092789211817,5.030437921392435,1.3862943611198906,3.1354942159291497,1.0986122886681098,1.791759469228055,2.0794415416798357,9,1.6094379124341003,0.6931471805599453,4,0.0,0.0,9,5,81,0.13,0.1053605156578263,0.6931471805599453
37,16248.0,1,2,57.0,2.3513752571634776,2.5649493574615367,2.4849066497880004,2.3978952727983707,1.3862943611198906,2.5649493574615367,2.302585092994046,6,1.0986122886681098,0.6931471805599453,3,0.0,0.0,8,6,77,0.14,0.4054651081081644,1.3862943611198906
79,66835.0,0,1,1018.5,3.812923044771877,6.431331081933479,3.295836866004329,5.278114659230517,3.5553480614894135,2.8903717578961645,4.848116364598481,23,1.9459101490553132,1.6094379124341003,13,0.0,0.0,8,2,21,0.75,0.04255961441879593,0.6931471805599453
41,30477.0,1,2,66.0,2.653241964607215,3.871201010907891,0.6931471805599453,1.9459101490553132,0.0,0.0,2.5649493574615367,5,0.6931471805599453,0.6931471805599453,3,0.0,0.0,7,6,16,0.43,0.18232155679395465,0.6931471805599453
64,28249.0,0,1,43.0,2.2617630984737906,0.6931471805599453,2.302585092994046,2.0794415416798357,1.0986122886681098,2.70805020110221,2.3978952727983707,5,1.0986122886681098,0.0,3,0.0,0.0,8,6,80,0.04,0.18232155679395465,0.6931471805599453
42,25271.0,1,2,50.0,2.6026896854443837,2.3978952727983707,0.6931471805599453,2.9444389791664403,2.3978952727983707,1.6094379124341003,2.0794415416798357,4,0.6931471805599453,0.6931471805599453,2,0.0,0.0,10,9,45,1.56,0.22314355131420976,0.6931471805599453
55,32303.0,1,2,39.0,2.174751721484161,3.58351893845611,0.0,1.0986122886681098,0.0,0.0,1.0986122886681098,5,0.6931471805599453,0.0,4,0.0,0.0,6,5,63,0.31,0.33647223662121295,1.0986122886681098
59,61286.0,1,2,608.0,3.6635616461296463,5.877735781779639,0.0,4.68213122712422,2.995732273553991,2.302585092994046,4.770684624465665,16,2.0794415416798357,0.6931471805599453,8,0.0,0.0,12,5,34,0.91,0.11778303565638346,1.0986122886681098
49,74068.0,0,1,1561.5,4.232529963201825,6.664409020350408,3.4339872044851463,6.2878585601617845,4.799914262780603,4.343805421853684,2.772588722239781,23,1.6094379124341003,2.3978952727983707,9,0.0,0.0,6,2,14,1.28,0.04255961441879593,0.6931471805599453
61,45759.0,2,3,68.0,2.681021528714291,3.7612001156935624,0.6931471805599453,2.9444389791664403,1.3862943611198906,0.0,1.6094379124341003,5,1.0986122886681098,0.0,3,0.0,0.0,9,7,13,1.34,0.33647223662121295,1.0986122886681098
47,24882.0,1,2,80.0,3.044522437723423,0.6931471805599453,1.6094379124341003,2.3978952727983707,3.4011973816621555,0.0,3.6109179126442243,4,0.6931471805599453,0.6931471805599453,2,0.6931471805599453,0.0,7,6,52,1.8,0.22314355131420976,0.6931471805599453
36,66973.0,0,1,1223.5,3.835461884313345,6.1463292576688975,3.1354942159291497,6.07073772800249,4.799914262780603,4.406719247264253,4.634728988229636,27,2.1972245773362196,2.0794415416798357,12,0.0,0.0,11,3,98,1.12,0.03636764417087485,0.6931471805599453
37,38872.0,1,2,91.0,2.782951509275328,3.1780538303479458,1.3862943611198906,3.091042453358316,1.3862943611198906,2.995732273553991,3.1354942159291497,6,1.3862943611198906,0.0,3,0.0,0.0,11,8,93,1.08,0.2876820724517809,1.0986122886681098
52,51148.0,2,3,315.0,3.305053521109253,5.4638318050256105,1.9459101490553132,3.828641396489095,2.1972245773362196,2.302585092994046,2.5649493574615367,12,1.791759469228055,0.6931471805599453,6,0.0,0.0,11,6,38,1.36,0.2876820724517809,1.6094379124341003
48,31353.0,2,3,31.0,2.169053700369523,2.3978952727983707,0.0,2.3978952727983707,1.3862943611198906,0.6931471805599453,2.0794415416798357,4,0.6931471805599453,0.6931471805599453,2,0.0,0.0,9,8,24,0.5,0.4054651081081644,1.0986122886681098
45,69661.0,0,1,834.0,3.6612279227834263,6.48768401848461,2.833213344056216,4.672828834461906,3.4965075614664802,2.833213344056216,2.1972245773362196,22,2.0794415416798357,1.3862943611198906,12,0.0,0.0,10,3,80,0.13,0.04445176257083384,0.6931471805599453
71,80067.0,0,1,1251.0,4.371818458081358,6.253828811575473,2.8903717578961645,6.322565239927284,3.332204510175204,4.406719247264253,3.9512437185814275,16,1.6094379124341003,1.9459101490553132,6,0.6931471805599453,0.0,6,2,82,0.77,0.06062462181643484,0.6931471805599453
71,86718.0,0,1,1116.5,4.259594135117408,5.84354441703136,4.406719247264253,6.180016653652572,3.9318256327243257,3.5263605246161616,4.848116364598481,16,1.791759469228055,1.9459101490553132,5,0.0,0.0,7,2,20,1.45,0.06062462181643484,0.6931471805599453
52,46854.0,2,3,263.0,3.4085774889597777,4.574710978503383,0.6931471805599453,4.382026634673881,2.0794415416798357,0.6931471805599453,4.382026634673881,9,1.791759469228055,0.6931471805599453,3,0.6931471805599453,0.6931471805599453,13,8,81,0.25,0.5108256237659907,1.9459101490553132
73,69142.0,1,2,535.0,3.5391460869131333,6.1070228877422545,1.6094379124341003,3.5553480614894135,1.9459101490553132,1.6094379124341003,3.6888794541139363,16,2.1972245773362196,0.6931471805599453,7,0.6931471805599453,0.0,13,5,50,0.0,0.17185025692665923,1.3862943611198906
57,75922.0,0,1,1134.5,4.215607375204524,5.583496308781699,4.406719247264253,6.317164686747284,4.799914262780603,3.1780538303479458,4.532599493153256,17,1.6094379124341003,1.6094379124341003,9,0.0,0.0,5,1,60,0.55,0.05715841383994861,0.6931471805599453
47,63693.0,1,2,1144.0,3.8066624897703196,6.376726947898627,3.784189633918261,5.823045895483019,3.7612001156935624,4.406719247264253,4.007333185232471,26,2.4849066497880004,1.9459101490553132,9,0.0,0.0,17,6,63,0.71,0.10919929196499198,1.3862943611198906
48,102160.0,0,1,1145.0,3.8075168255762355,6.638567789166521,3.4011973816621555,4.9344739331306915,4.343805421853684,4.406719247264253,4.07753744390572,26,2.0794415416798357,2.302585092994046,10,1.3862943611198906,0.6931471805599453,11,4,54,1.65,0.0,0.0
60,40637.0,2,3,38.0,2.3513752571634776,3.1354942159291497,0.0,2.6390573296152584,0.0,0.0,1.3862943611198906,4,0.6931471805599453,0.0,3,0.0,0.0,8,7,72,0.95,0.4054651081081644,1.0986122886681098
41,18890.0,0,1,35.0,2.538973871058276,1.9459101490553132,1.6094379124341003,0.6931471805599453,2.0794415416798357,1.0986122886681098,2.772588722239781,3,0.0,0.6931471805599453,2,0.6931471805599453,0.6931471805599453,6,6,5,1.63,0.2876820724517809,0.6931471805599453
37,29604.0,1,2,53.0,2.6567569067146595,2.0794415416798357,1.9459101490553132,2.6390573296152584,2.0794415416798357,1.9459101490553132,2.70805020110221,4,0.6931471805599453,0.0,3,0.6931471805599453,0.0,10,9,88,0.56,0.22314355131420976,0.6931471805599453
62,48721.0,2,3,293.0,3.319132428607851,4.406719247264253,2.9444389791664403,4.736198448394496,3.871201010907891,2.6390573296152584,3.091042453358316,11,1.6094379124341003,1.0986122886681098,5,0.0,0.0,10,6,50,1.13,0.4353180712578455,1.9459101490553132
59,44794.0,1,2,65.0,2.6390573296152584,4.007333185232471,0.0,2.0794415416798357,0.0,0.0,1.6094379124341003,5,1.0986122886681098,0.0,3,0.0,0.0,8,6,99,0.06,0.18232155679395465,0.6931471805599453
71,64497.0,1,2,1738.5,4.296434704338478,7.065613363597717,3.8918202981106265,5.771441123130016,3.7612001156935624,3.4965075614664802,4.848116364598481,24,2.4849066497880004,1.6094379124341003,9,0.6931471805599453,0.6931471805599453,19,8,17,1.8,0.1892419996385284,1.791759469228055
69,46097.0,1,2,241.0,3.2228678461377385,4.290459441148391,3.2188758248682006,4.23410650459726,4.189654742026425,1.6094379124341003,2.1972245773362196,10,1.3862943611198906,0.6931471805599453,6,0.0,0.0,7,4,11,1.25,0.4054651081081644,1.791759469228055
71,77972.0,0,1,1080.0,4.057716975237181,6.419994928147142,3.1354942159291497,5.768320995793772,3.5263605246161616,4.406719247264253,2.5649493574615367,19,1.6094379124341003,1.9459101490553132,9,0.0,0.0,5,1,18,0.28,0.051293294387550536,0.6931471805599453
57,44377.0,2,3,264.0,3.2188758248682006,5.41610040220442,0.0,3.4339872044851463,0.0,0.0,2.3978952727983707,11,1.791759469228055,0.6931471805599453,5,0.0,0.0,13,8,70,1.73,0.5465437063680699,2.1972245773362196
51,46014.0,2,3,541.0,3.5499765176875027,6.018593214496234,0.0,4.0943445622221,2.995732273553991,2.302585092994046,3.8066624897703196,16,2.0794415416798357,0.6931471805599453,8,0.0,0.0,14,7,21,1.43,0.4855078157817008,2.3978952727983707
40,70951.0,0,1,1058.5,4.207021993842784,5.480638923341991,2.3978952727983707,6.318968113746434,4.799914262780603,4.406719247264253,4.007333185232471,16,1.3862943611198906,1.6094379124341003,9,0.0,0.0,4,1,66,1.15,0.06062462181643484,0.6931471805599453
48,41443.0,1,2,482.0,3.567518597109669,5.147494476813453,2.0794415416798357,5.147494476813453,3.258096538021482,2.995732273553991,4.499809670330265,14,2.1972245773362196,0.6931471805599453,5,0.0,0.0,16,8,79,0.24,0.35667494393873234,1.9459101490553132
47,52195.0,3,4,17.0,1.8971199848858813,2.5649493574615367,0.0,1.6094379124341003,0.0,0.0,0.6931471805599453,3,0.6931471805599453,0.0,2,0.0,0.0,9,8,2,0.13,0.2876820724517809,0.6931471805599453
77,83790.0,0,1,1615.0,4.223787748395885,6.981934677156389,2.833213344056216,6.035481432524756,3.7612001156935624,3.8918202981106265,2.833213344056216,24,2.1972245773362196,2.3978952727983707,6,1.0986122886681098,0.0,11,3,81,0.62,0.040821994520255124,0.6931471805599453
71,44551.0,1,2,285.0,3.3843902633457743,5.209486152841421,1.6094379124341003,3.5263605246161616,0.0,0.0,4.204692619390966,10,1.6094379124341003,0.6931471805599453,5,0.0,0.0,11,7,24,0.83,0.18232155679395465,1.0986122886681098
45,69508.0,1,2,1135.0,3.7989404436764094,6.715383386334681,3.4965075614664802,5.093750200806762,3.7612001156935624,3.4965075614664802,3.784189633918261,26,2.4849066497880004,1.6094379124341003,11,0.0,0.0,17,6,48,1.62,0.07410797215372189,1.0986122886681098
37,45204.0,1,2,114.0,2.995732273553991,3.4339872044851463,2.4849066497880004,3.258096538021482,3.4011973816621555,0.6931471805599453,2.9444389791664403,6,0.6931471805599453,0.6931471805599453,4,0.0,0.0,4,3,93,0.22,0.15415067982725827,0.6931471805599453
56,72460.0,0,1,1047.0,4.259859000699674,5.934894195619588,2.3978952727983707,6.293419278846481,4.394449154672439,3.4339872044851463,2.3978952727983707,15,1.3862943611198906,1.791759469228055,7,0.0,0.0,4,1,56,0.62,0.06453852113757118,0.6931471805599453
55,77622.0,2,3,714.0,3.6027767550605247,6.255750041753367,2.0794415416798357,5.043425116919247,2.995732273553991,0.0,2.70805020110221,20,1.9459101490553132,1.3862943611198906,11,0.0,0.0,9,3,3,0.21,0.09531017980432487,1.0986122886681098
45,30732.0,1,2,185.0,3.0706335817271087,5.049856007249537,0.6931471805599453,3.258096538021482,0.0,0.6931471805599453,1.3862943611198906,9,1.6094379124341003,0.6931471805599453,4,0.0,0.0,12,8,44,1.48,0.36772478012531734,1.6094379124341003
63,63887.0,1,2,1245.0,3.8525088778957386,6.8001700683022,3.1780538303479458,5.337538079701318,2.772588722239781,2.4849066497880004,4.532599493153256,27,2.302585092994046,1.9459101490553132,12,0.0,0.0,15,6,38,1.8,0.16989903679539747,1.791759469228055
47,42011.0,1,2,189.0,3.2037621870581527,4.882801922586371,0.0,2.833213344056216,1.0986122886681098,0.6931471805599453,3.6888794541139363,8,1.3862943611198906,0.6931471805599453,4,0.0,0.0,11,8,46,1.26,0.4054651081081644,1.6094379124341003
49,51369.0,1,2,520.5,3.6422744008498413,5.697093486505405,2.0794415416798357,4.382026634673881,0.0,2.4849066497880004,4.848116364598481,14,2.1972245773362196,1.0986122886681098,4,0.0,0.0,16,8,84,1.68,0.13353139262452263,1.0986122886681098
73,51537.0,1,2,1103.0,4.311246452612834,6.669498089857879,3.044522437723423,5.3230099791384085,0.0,0.0,4.532599493153256,15,1.0986122886681098,1.0986122886681098,11,0.0,0.0,10,8,27,1.55,0.18232155679395465,1.3862943611198906
53,79930.0,0,1,1564.0,4.592591403781231,6.675823221634848,4.406719247264253,6.322565239927284,4.219507705176107,3.9512437185814275,2.8903717578961645,16,1.3862943611198906,1.791759469228055,8,0.0,0.0,5,2,72,1.89,0.06062462181643484,0.6931471805599453
39,34320.0,1,2,17.0,1.8971199848858813,1.6094379124341003,0.6931471805599453,2.302585092994046,1.3862943611198906,0.0,0.0,3,0.6931471805599453,0.0,2,0.0,0.0,9,8,66,0.36,0.2876820724517809,0.6931471805599453
59,37070.0,2,3,433.0,3.4635012649983103,5.44673737166631,2.0794415416798357,4.927253685157205,1.6094379124341003,2.772588722239781,3.6888794541139363,14,1.791759469228055,0.6931471805599453,8,0.0,0.6931471805599453,12,7,30,1.28,0.4964368863138911,2.302585092994046
63,81975.0,1,2,1471.5,4.737883936742278,6.891625897052253,4.343805421853684,5.220355825078324,4.799914262780603,4.406719247264253,3.332204510175204,13,1.9459101490553132,1.3862943611198906,4,0.6931471805599453,0.0,13,7,2,1.48,0.07410797215372189,0.6931471805599453
54,38590.0,1,2,22.0,2.120263536200091,1.3862943611198906,0.6931471805599453,2.1972245773362196,1.6094379124341003,1.3862943611198906,1.3862943611198906,3,0.6931471805599453,0.0,2,0.0,0.0,9,8,65,1.12,0.2876820724517809,0.6931471805599453
74,15033.0,0,1,19.0,1.749199854809259,0.0,1.6094379124341003,1.791759469228055,1.9459101490553132,0.0,1.6094379124341003,4,0.6931471805599453,0.0,3,0.0,0.0,4,3,37,0.2,0.22314355131420976,0.6931471805599453
60,62745.0,1,2,1117.0,3.7833151257733286,6.333279628139691,3.091042453358316,6.142037405587356,3.367295829986474,2.3978952727983707,3.4965075614664802,26,2.0794415416798357,2.1972245773362196,11,0.0,0.0,12,5,89,1.27,0.10919929196499198,1.3862943611198906
50,22212.0,1,2,69.0,2.5257286443082556,1.791759469228055,2.302585092994046,3.044522437723423,1.9459101490553132,2.1972245773362196,3.091042453358316,6,1.0986122886681098,0.0,4,0.0,0.0,8,6,49,0.55,0.2876820724517809,1.0986122886681098
43,23661.0,1,2,23.0,1.9095425048844386,2.9444389791664403,0.0,1.6094379124341003,0.0,0.0,0.6931471805599453,4,0.6931471805599453,0.0,3,0.0,0.0,8,7,46,0.57,0.22314355131420976,0.6931471805599453
67,79761.0,1,2,605.0,3.5441747608912886,6.030685260261263,1.791759469228055,4.8283137373023015,2.772588722239781,3.58351893845611,2.4849066497880004,18,1.791759469228055,1.0986122886681098,11,0.0,0.0,8,3,32,0.73,0.054067221270275766,0.6931471805599453
52,7500.0,1,2,57.0,2.2129729343043585,1.791759469228055,1.3862943611198906,2.3978952727983707,2.5649493574615367,2.0794415416798357,3.044522437723423,7,1.3862943611198906,0.6931471805599453,3,0.0,0.0,10,7,54,0.51,0.4519851237430572,1.6094379124341003
57,73455.0,0,1,1739.5,4.428830700871684,6.804614520062624,4.127134385045092,6.322565239927284,4.799914262780603,4.406719247264253,3.044522437723423,21,1.9459101490553132,1.791759469228055,10,0.6931471805599453,0.0,9,3,98,0.67,0.04652001563489285,0.6931471805599453
67,64961.0,1,2,933.0,4.214241763570819,5.948034989180646,4.406719247264253,5.6240175061873385,4.330733340286331,4.406719247264253,3.6635616461296463,14,1.9459101490553132,1.6094379124341003,4,0.0,0.0,9,3,97,1.51,0.13353139262452263,1.0986122886681098
54,22804.0,1,2,26.0,2.0149030205422647,2.70805020110221,0.6931471805599453,2.0794415416798357,1.0986122886681098,0.6931471805599453,0.6931471805599453,4,1.0986122886681098,0.0,2,0.0,0.0,11,9,75,0.91,0.22314355131420976,0.6931471805599453
35,73687.0,0,1,1403.0,4.216702654248498,6.327936783729195,4.406719247264253,6.222576268071369,4.799914262780603,2.6390573296152584,4.848116364598481,21,1.3862943611198906,2.302585092994046,9,0.6931471805599453,0.6931471805599453,5,2,8,0.58,0.04652001563489285,0.6931471805599453
67,61074.0,1,2,1076.5,3.8254660706185706,6.672032945461067,0.0,4.897839799950911,0.0,3.367295829986474,4.848116364598481,24,2.4849066497880004,1.791759469228055,8,0.0,0.0,18,7,37,1.86,0.25593337413720063,2.0794415416798357
61,31686.0,2,3,17.0,1.6582280766035324,2.4849066497880004,0.0,1.791759469228055,0.0,0.0,0.6931471805599453,4,0.6931471805599453,0.0,3,0.0,0.0,7,6,31,0.07,0.4054651081081644,1.0986122886681098
53,80134.0,1,2,1690.0,4.801676377774003,7.105786129481271,2.833213344056216,5.60947179518496,4.653960350157523,0.0,4.394449154672439,14,1.791759469228055,1.3862943611198906,6,1.3862943611198906,0.6931471805599453,11,6,40,1.11,0.13353139262452263,1.0986122886681098
72,75027.0,1,2,1377.5,4.297285406218791,6.8308742346461795,4.174387269895637,5.19295685089021,4.799914262780603,2.5649493574615367,4.356708826689592,19,2.302585092994046,1.6094379124341003,6,0.0,0.0,14,5,74,1.47,0.10008345855698253,1.0986122886681098
37,67546.0,0,1,1786.0,4.553876891600541,6.762729506931879,4.406719247264253,6.322565239927284,4.799914262780603,3.6635616461296463,4.848116364598481,19,1.6094379124341003,2.3978952727983707,5,0.0,0.0,7,3,90,1.83,0.051293294387550536,0.6931471805599453
56,65176.0,1,2,1431.5,4.236519051002643,6.8679744089702925,3.367295829986474,5.214935757608986,4.799914262780603,4.2626798770413155,4.2626798770413155,21,2.302585092994046,1.9459101490553132,6,0.0,0.0,15,6,57,1.66,0.17435338714477774,1.6094379124341003
50,31160.0,1,2,64.0,2.624668592163159,2.833213344056216,1.3862943611198906,3.258096538021482,1.9459101490553132,0.6931471805599453,2.6390573296152584,5,1.0986122886681098,0.0,3,0.0,0.0,10,8,59,0.78,0.33647223662121295,1.0986122886681098
40,29938.0,1,2,26.0,2.0149030205422647,1.3862943611198906,1.3862943611198906,2.0794415416798357,0.0,1.0986122886681098,2.4849066497880004,4,0.6931471805599453,0.0,3,0.0,0.0,7,6,52,0.67,0.4054651081081644,1.0986122886681098
51,102692.0,0,1,932.5,3.5352494720334073,5.1298987149230735,4.406719247264253,6.09807428216624,3.4965075614664802,4.406719247264253,4.848116364598481,28,1.9459101490553132,2.302585092994046,13,1.6094379124341003,0.6931471805599453,8,2,5,1.23,0.035091319811270096,0.6931471805599453
67,26490.0,0,1,210.0,3.1918471524802814,3.828641396489095,3.871201010907891,3.970291913552122,3.091042453358316,3.044522437723423,3.258096538021482,9,1.3862943611198906,0.6931471805599453,5,0.0,0.0,9,6,92,1.77,0.20067069546215116,1.0986122886681098
58,75702.0,2,3,1148.0,4.019381523748645,6.478509642208569,3.367295829986474,5.869296913133774,3.828641396489095,3.7612001156935624,3.4339872044851463,21,1.6094379124341003,1.9459101490553132,11,0.0,0.0,12,8,77,1.83,0.21357410029805904,1.791759469228055
51,30899.0,1,2,33.0,2.224623551524334,3.2188758248682006,0.0,2.1972245773362196,0.0,0.0,0.6931471805599453,4,0.6931471805599453,0.0,3,0.0,0.0,7,6,35,1.71,0.4054651081081644,1.0986122886681098
64,63342.0,1,2,1101.0,4.245813076829419,6.823286122355687,3.091042453358316,4.77912349311153,2.6390573296152584,2.3978952727983707,3.091042453358316,16,2.1972245773362196,1.3862943611198906,5,0.6931471805599453,0.0,14,6,48,1.7,0.17185025692665923,1.3862943611198906
61,45989.0,1,2,322.0,3.3262343431887,4.9344739331306915,3.5263605246161616,4.477336814478207,3.367295829986474,3.2188758248682006,2.5649493574615367,12,1.3862943611198906,1.0986122886681098,7,0.0,0.0,6,3,97,1.68,0.2876820724517809,1.6094379124341003
61,18701.0,2,3,44.0,2.120263536200091,2.5649493574615367,1.6094379124341003,1.0986122886681098,2.3978952727983707,1.9459101490553132,2.3978952727983707,6,1.0986122886681098,0.0,4,0.0,0.0,7,5,95,1.07,0.5108256237659907,1.6094379124341003
68,40737.0,3,4,17.0,1.8971199848858813,2.4849066497880004,0.0,1.6094379124341003,0.0,0.0,1.0986122886681098,3,0.6931471805599453,0.0,2,0.0,0.0,9,8,24,0.56,0.2876820724517809,0.6931471805599453
46,15287.0,1,2,31.0,2.169053700369523,0.6931471805599453,1.0986122886681098,2.1972245773362196,1.6094379124341003,1.3862943611198906,2.6390573296152584,4,0.6931471805599453,0.6931471805599453,2,0.6931471805599453,0.6931471805599453,8,7,60,1.72,0.4054651081081644,1.0986122886681098
57,69674.0,2,3,845.0,3.673996523422226,6.318968113746434,3.7376696182833684,5.375278407684165,2.4849066497880004,0.0,3.2188758248682006,22,2.3978952727983707,1.0986122886681098,10,0.0,0.0,15,5,46,1.1,0.1278333715098849,1.3862943611198906
55,44159.0,1,2,275.0,3.258096538021482,5.123963979403259,1.0986122886681098,4.143134726391533,3.2188758248682006,2.6390573296152584,2.0794415416798357,11,1.6094379124341003,0.6931471805599453,6,0.0,0.0,9,5,85,0.03,0.31015492830383956,1.6094379124341003
47,37717.0,1,2,25.0,2.2335922215070942,2.302585092994046,0.0,1.9459101490553132,1.6094379124341003,0.6931471805599453,1.791759469228055,3,0.6931471805599453,0.0,2,0.0,0.0,10,9,31,1.6,0.2876820724517809,0.6931471805599453
73,43776.0,2,3,275.0,3.258096538021482,5.181783550292085,1.0986122886681098,4.276666119016055,1.3862943611198906,1.0986122886681098,3.044522437723423,11,1.791759469228055,1.0986122886681098,4,0.0,0.6931471805599453,13,8,9,1.4,0.4353180712578455,1.9459101490553132
59,38179.0,2,3,90.0,2.6288008294480694,3.6635616461296463,1.6094379124341003,3.1354942159291497,1.6094379124341003,1.0986122886681098,3.044522437723423,7,1.3862943611198906,0.6931471805599453,3,0.0,0.0,10,7,30,1.29,0.4519851237430572,1.6094379124341003
62,80124.0,0,1,1290.0,4.28588277412098,6.182084906716632,4.406719247264253,5.988961416889864,4.799914262780603,4.406719247264253,4.848116364598481,18,1.3862943611198906,2.0794415416798357,8,0.6931471805599453,0.0,4,1,47,0.01,0.054067221270275766,0.6931471805599453
55,38097.0,2,3,184.0,3.3063632789913164,4.356708826689592,1.0986122886681098,3.58351893845611,0.0,0.6931471805599453,4.248495242049359,7,1.3862943611198906,1.0986122886681098,2,0.6931471805599453,0.6931471805599453,10,7,70,1.7,0.4519851237430572,1.6094379124341003
55,72940.0,0,1,871.5,4.29898464197175,5.209486152841421,4.31748811353631,5.700443573390687,4.799914262780603,4.406719247264253,4.762173934797756,12,1.3862943611198906,1.3862943611198906,6,0.0,0.0,4,1,13,1.03,0.08004270767353643,0.6931471805599453
55,22070.0,1,2,67.0,2.498699971920336,2.3978952727983707,2.0794415416798357,2.995732273553991,2.1972245773362196,1.0986122886681098,3.091042453358316,6,1.0986122886681098,1.0986122886681098,2,0.0,0.0,8,6,11,0.73,0.2876820724517809,1.0986122886681098
72,69267.0,0,1,1615.5,4.909893724294724,6.658011045870748,3.8066624897703196,6.214608098422191,4.564348191467836,4.30406509320417,4.848116364598481,12,1.3862943611198906,1.6094379124341003,5,0.0,0.6931471805599453,10,7,31,1.77,0.15415067982725827,1.0986122886681098
42,31788.0,1,2,60.0,2.2587824703356527,2.833213344056216,2.0794415416798357,3.1780538303479458,0.0,2.1972245773362196,1.9459101490553132,7,1.3862943611198906,0.0,4,0.0,0.0,8,5,15,0.28,0.35667494393873234,1.3862943611198906
50,61905.0,1,2,231.0,3.1822118404966093,5.123963979403259,0.0,3.784189633918261,1.9459101490553132,1.0986122886681098,2.6390573296152584,10,1.6094379124341003,1.0986122886681098,4,0.0,0.0,9,5,2,0.4,0.18232155679395465,1.0986122886681098
65,29315.0,2,3,48.0,2.1972245773362196,2.6390573296152584,1.0986122886681098,2.70805020110221,2.1972245773362196,2.0794415416798357,1.6094379124341003,6,1.0986122886681098,0.0,4,0.0,0.0,8,6,55,0.23,0.5108256237659907,1.6094379124341003
62,33378.0,2,3,99.0,2.8622008809294686,3.5263605246161616,1.9459101490553132,3.713572066704308,1.3862943611198906,2.0794415416798357,2.3978952727983707,6,1.0986122886681098,0.0,4,0.0,0.0,9,7,38,1.39,0.4054651081081644,1.3862943611198906
62,66313.0,1,2,770.0,3.628775530044231,6.439350371100098,2.0794415416798357,4.605170185988092,2.3978952727983707,3.1354942159291497,2.0794415416798357,21,1.9459101490553132,1.3862943611198906,12,0.0,0.0,10,4,86,0.78,0.09097177820572669,1.0986122886681098
69,60714.0,0,1,829.5,3.7013019741124933,5.37989735354046,4.406719247264253,5.41610040220442,4.624972813284271,4.406719247264253,4.848116364598481,21,2.0794415416798357,1.6094379124341003,10,0.0,0.6931471805599453,12,5,56,1.45,0.09097177820572669,1.0986122886681098
44,77882.0,0,1,702.5,4.17228716411852,4.23410650459726,4.406719247264253,5.983936280687191,4.799914262780603,3.1354942159291497,2.772588722239781,11,1.3862943611198906,1.3862943611198906,5,0.0,0.0,4,1,29,0.16,0.08701137698962977,0.6931471805599453
39,69867.0,0,1,876.0,4.020877410340228,5.2832037287379885,0.0,6.240275845170769,3.5263605246161616,4.406719247264253,4.007333185232471,16,1.3862943611198906,1.791759469228055,8,0.6931471805599453,0.6931471805599453,4,1,30,1.24,0.06062462181643484,0.6931471805599453
57,63841.0,1,2,903.5,3.7847306131037564,6.455198563340122,2.772588722239781,4.61512051684126,3.044522437723423,2.0794415416798357,4.848116364598481,21,2.302585092994046,1.3862943611198906,9,0.0,0.0,15,6,64,1.19,0.04652001563489285,0.6931471805599453
44,24480.0,1,2,102.0,2.7454377331738304,1.6094379124341003,2.995732273553991,2.302585092994046,3.367295829986474,3.258096538021482,2.8903717578961645,7,1.3862943611198906,0.0,4,0.0,0.0,10,7,46,1.38,0.35667494393873234,1.3862943611198906
49,51369.0,1,2,520.5,3.6422744008498413,5.697093486505405,2.0794415416798357,4.382026634673881,0.0,2.4849066497880004,4.848116364598481,14,2.1972245773362196,1.0986122886681098,4,0.0,0.0,16,8,84,1.68,0.13353139262452263,1.0986122886681098
79,37760.0,0,1,287.5,3.300874660034286,4.442651256490317,1.791759469228055,3.6635616461296463,4.799914262780603,2.5649493574615367,3.367295829986474,11,1.6094379124341003,0.6931471805599453,6,0.0,0.0,11,7,20,1.83,0.16705408466316618,1.0986122886681098
51,65640.0,1,2,461.0,3.524257474419383,5.3230099791384085,2.0794415416798357,5.0106352940962555,3.044522437723423,2.772588722239781,4.204692619390966,14,1.791759469228055,0.6931471805599453,8,0.0,0.0,7,2,74,0.33,0.06899287148695145,0.6931471805599453
50,44319.0,2,3,37.0,2.128231705849268,3.295836866004329,0.0,2.1972245773362196,0.0,0.0,1.3862943611198906,5,1.0986122886681098,0.0,3,0.0,0.0,7,5,18,0.2,0.33647223662121295,1.0986122886681098
51,30631.0,1,2,70.0,2.538973871058276,2.772588722239781,1.9459101490553132,3.044522437723423,1.6094379124341003,1.791759469228055,3.044522437723423,6,1.3862943611198906,0.6931471805599453,2,0.0,0.0,10,7,75,0.96,0.15415067982725827,0.6931471805599453
73,75278.0,0,1,883.5,3.717444823965152,5.720311776607412,4.406719247264253,5.442417710521793,4.799914262780603,4.31748811353631,4.31748811353631,22,1.9459101490553132,1.3862943611198906,13,0.0,0.0,9,3,17,1.41,0.04445176257083384,0.6931471805599453
69,50898.0,2,3,817.5,3.7346889901452305,5.655991810819852,3.367295829986474,5.493061443340548,4.02535169073515,4.406719247264253,4.848116364598481,20,1.9459101490553132,1.0986122886681098,12,0.0,0.0,11,5,88,1.47,0.5007752879124893,2.6390573296152584
59,79946.0,0,1,1261.5,4.112044139321502,5.981414211254481,4.406719247264253,6.322565239927284,4.799914262780603,4.406719247264253,3.367295829986474,21,1.791759469228055,2.4849066497880004,5,0.0,0.0,8,3,19,0.13,0.04652001563489285,0.6931471805599453
76,35416.0,0,1,390.0,3.4339872044851463,5.517452896464707,1.3862943611198906,4.406719247264253,1.6094379124341003,1.3862943611198906,3.9512437185814275,13,2.0794415416798357,0.6931471805599453,5,0.0,0.0,15,8,62,1.04,0.2076393647782445,1.3862943611198906
41,32414.0,0,1,52.0,2.6390573296152584,3.044522437723423,1.9459101490553132,1.791759469228055,0.0,2.302585092994046,2.5649493574615367,4,0.6931471805599453,0.0,3,0.6931471805599453,0.0,8,7,11,0.99,0.22314355131420976,0.6931471805599453
56,38361.0,1,2,137.0,3.0239031505206873,3.6888794541139363,0.0,4.04305126783455,3.044522437723423,2.1972245773362196,2.70805020110221,7,1.3862943611198906,0.6931471805599453,3,0.0,0.0,10,7,74,0.5,0.35667494393873234,1.3862943611198906
45,82497.0,0,1,1682.0,4.548011772148143,6.656726524178391,4.406719247264253,6.322565239927284,4.799914262780603,3.091042453358316,4.848116364598481,18,1.0986122886681098,2.0794415416798357,9,0.6931471805599453,0.0,6,4,32,1.66,0.054067221270275766,0.6931471805599453
54,16626.0,2,3,68.0,2.512305623976115,2.1972245773362196,1.3862943611198906,3.1354942159291497,3.091042453358316,0.6931471805599453,2.6390573296152584,6,1.3862943611198906,0.0,3,0.0,0.0,12,9,76,0.45,0.4054651081081644,1.3862943611198906
60,29672.0,2,3,25.0,2.2335922215070942,2.302585092994046,0.6931471805599453,1.3862943611198906,0.0,1.6094379124341003,2.1972245773362196,3,0.0,0.0,3,0.0,0.0,6,6,6,1.3,0.2876820724517809,0.6931471805599453
73,55951.0,1,2,1357.0,4.231930225174664,7.110696122978827,0.0,4.394449154672439,0.0,2.6390573296152584,3.713572066704308,20,1.3862943611198906,1.9459101490553132,11,1.0986122886681098,0.0,11,8,62,1.85,0.1397619423751587,1.3862943611198906
37,35388.0,1,2,32.0,2.1972245773362196,1.9459101490553132,1.6094379124341003,2.0794415416798357,1.6094379124341003,1.3862943611198906,2.1972245773362196,4,0.6931471805599453,0.0,3,0.0,0.0,8,7,20,1.31,0.22314355131420976,0.6931471805599453
39,42386.0,1,2,100.0,2.8716796248840124,4.189654742026425,1.6094379124341003,2.833213344056216,0.0,1.6094379124341003,2.4849066497880004,6,1.3862943611198906,0.0,3,0.0,0.0,11,8,43,1.46,0.15415067982725827,0.6931471805599453
43,68627.0,0,1,825.0,4.330733340286331,5.981414211254481,2.772588722239781,5.575949103146316,4.110873864173311,4.007333185232471,3.6635616461296463,11,1.0986122886681098,1.3862943611198906,6,0.0,0.0,3,1,45,1.46,0.08701137698962977,0.6931471805599453
60,57912.0,1,2,916.0,3.7093212632791133,6.687108607866515,0.0,4.394449154672439,0.0,0.0,3.58351893845611,23,2.1972245773362196,1.3862943611198906,12,0.6931471805599453,0.0,13,5,34,0.28,0.19671029424605424,1.791759469228055
67,35246.0,2,3,62.0,2.2881963555419462,3.6109179126442243,0.0,2.5649493574615367,1.0986122886681098,1.0986122886681098,2.3978952727983707,7,1.3862943611198906,0.6931471805599453,3,0.0,0.0,8,5,53,0.2,0.4519851237430572,1.6094379124341003
69,58821.0,1,2,728.0,3.6216707044204863,6.2422232654551655,2.70805020110221,5.043425116919247,2.995732273553991,0.0,3.367295829986474,20,2.302585092994046,1.0986122886681098,9,0.0,0.0,15,6,44,0.71,0.048790164169432,0.6931471805599453
47,46377.0,1,2,90.0,2.772588722239781,3.6375861597263857,0.0,3.8501476017100584,1.6094379124341003,1.3862943611198906,0.0,6,1.0986122886681098,0.6931471805599453,3,0.0,0.0,6,4,89,0.33,0.15415067982725827,0.6931471805599453
37,39747.0,1,2,273.0,3.342861804649192,4.394449154672439,2.772588722239781,4.543294782270004,3.044522437723423,2.6390573296152584,3.970291913552122,10,1.791759469228055,0.6931471805599453,4,0.0,0.0,13,8,43,0.21,0.262364264467491,1.3862943611198906
41,23976.0,1,2,66.0,2.344549292093078,2.70805020110221,0.6931471805599453,3.091042453358316,1.0986122886681098,1.3862943611198906,3.258096538021482,7,1.3862943611198906,0.6931471805599453,3,0.0,0.0,10,7,68,0.5,0.35667494393873234,1.3862943611198906
64,80950.0,0,1,982.5,3.8212027308966734,6.26530121273771,4.406719247264253,4.727387818712341,4.799914262780603,4.406719247264253,4.1588830833596715,22,1.9459101490553132,2.0794415416798357,9,0.6931471805599453,0.0,8,2,44,1.25,0.04445176257083384,0.6931471805599453
59,27038.0,0,1,107.0,2.9356283494842854,0.6931471805599453,3.295836866004329,3.258096538021482,2.8903717578961645,3.1780538303479458,2.772588722239781,6,1.3862943611198906,0.0,3,0.0,0.6931471805599453,12,9,64,1.78,0.15415067982725827,0.6931471805599453
78,77457.0,0,1,1157.0,4.234958656331826,6.516193076042964,2.4849066497880004,5.993961427306569,2.772588722239781,3.828641396489095,2.4849066497880004,17,1.0986122886681098,1.791759469228055,10,0.6931471805599453,0.0,3,1,85,0.32,0.05715841383994861,0.6931471805599453
61,64100.0,1,2,546.0,3.5000662840834744,6.234410725718371,0.0,3.332204510175204,0.0,0.0,2.3978952727983707,17,2.1972245773362196,1.3862943611198906,6,0.6931471805599453,0.0,15,7,93,0.8,0.05715841383994861,0.6931471805599453
33,42670.0,0,1,241.0,3.2228678461377385,5.043425116919247,1.0986122886681098,3.8501476017100584,3.044522437723423,1.6094379124341003,2.772588722239781,10,1.6094379124341003,1.0986122886681098,4,0.0,0.0,8,4,12,1.17,0.09531017980432487,0.6931471805599453
49,12571.0,1,2,53.0,2.1484344131667874,1.3862943611198906,1.791759469228055,2.70805020110221,1.0986122886681098,2.5649493574615367,2.8903717578961645,7,1.3862943611198906,0.6931471805599453,3,0.0,0.0,9,6,86,0.44,0.4519851237430572,1.6094379124341003
58,22574.0,3,4,37.0,2.128231705849268,3.258096538021482,0.0,2.1972245773362196,1.0986122886681098,0.0,1.0986122886681098,5,1.0986122886681098,0.0,3,0.0,0.0,9,7,28,0.67,0.33647223662121295,1.0986122886681098
36,51381.5,0,1,1554.0,4.227785371033889,6.759255270663693,4.406719247264253,6.135564891081739,4.110873864173311,3.4339872044851463,4.127134385045092,23,1.9459101490553132,1.791759469228055,12,1.0986122886681098,0.0,9,3,69,1.07,0.04255961441879593,0.6931471805599453
49,70893.0,0,1,1503.0,4.238707235683196,6.645090969505644,3.8066624897703196,6.322565239927284,4.356708826689592,3.8066624897703196,2.70805020110221,22,1.9459101490553132,1.9459101490553132,10,0.0,0.0,9,3,42,1.39,0.04445176257083384,0.6931471805599453
59,54198.0,2,3,235.0,3.1986731175506815,5.225746673713202,0.0,3.367295829986474,1.3862943611198906,1.0986122886681098,2.8903717578961645,10,1.3862943611198906,0.6931471805599453,6,0.0,0.0,7,4,13,0.53,0.4700036292457356,1.9459101490553132
69,28839.0,2,3,32.0,2.0014800002101243,3.2188758248682006,0.0,2.0794415416798357,0.0,0.0,0.6931471805599453,5,1.0986122886681098,0.0,3,0.0,0.0,7,5,86,0.3,0.33647223662121295,1.0986122886681098
53,40321.0,2,3,102.0,2.8903717578961645,3.8066624897703196,1.6094379124341003,3.091042453358316,1.9459101490553132,0.0,3.332204510175204,6,1.3862943611198906,0.0,3,0.0,0.0,10,7,59,0.92,0.2876820724517809,1.0986122886681098
40,66503.0,1,2,401.0,3.4609166163637775,4.5217885770490405,4.174387269895637,4.859812404361672,4.189654742026425,1.3862943611198906,3.9318256327243257,13,1.6094379124341003,1.3862943611198906,6,0.0,0.0,7,3,30,1.87,0.14310084364067333,1.0986122886681098
74,30833.0,2,3,28.0,2.0794415416798357,2.4849066497880004,0.0,2.0794415416798357,1.3862943611198906,0.6931471805599453,1.9459101490553132,4,0.6931471805599453,0.0,3,0.0,0.0,6,5,33,0.95,0.4054651081081644,1.0986122886681098
55,51381.5,3,4,1052.0,4.264556050199543,6.6052979209482015,3.044522437723423,5.153291594497779,3.970291913552122,3.9318256327243257,3.044522437723423,15,1.0986122886681098,1.3862943611198906,10,1.0986122886681098,0.0,9,7,67,0.85,0.33647223662121295,1.9459101490553132
54,64795.0,1,2,680.0,3.657847344866208,6.023447592961033,1.791759469228055,4.787491742782046,3.6635616461296463,3.4011973816621555,4.356708826689592,18,1.3862943611198906,1.3862943611198906,12,0.0,0.0,5,2,23,1.45,0.15415067982725827,1.3862943611198906
51,34421.0,1,2,30.0,2.3978952727983707,1.3862943611198906,1.3862943611198906,2.0794415416798357,1.9459101490553132,1.0986122886681098,2.302585092994046,3,0.6931471805599453,0.0,2,0.0,0.0,8,7,81,0.99,0.2876820724517809,0.6931471805599453
60,47025.0,2,3,20.0,2.03688192726104,2.833213344056216,0.0,1.3862943611198906,0.0,0.0,0.6931471805599453,3,0.6931471805599453,0.0,2,0.0,0.0,8,7,6,0.38,0.2876820724517809,0.6931471805599453
64,64325.0,1,2,1307.0,4.298795980524158,6.595780513961311,4.110873864173311,5.869296913133774,4.3694478524670215,2.5649493574615367,4.30406509320417,18,2.3978952727983707,1.3862943611198906,5,0.0,0.0,17,7,41,1.39,0.245122458032985,1.791759469228055
72,40464.0,1,2,630.0,3.58351893845611,6.052089168924417,2.8903717578961645,4.77912349311153,2.0794415416798357,3.1780538303479458,3.7376696182833684,18,2.1972245773362196,1.0986122886681098,8,0.0,0.0,16,8,78,1.46,0.2876820724517809,1.9459101490553132
68,62187.0,0,1,1283.0,4.336906199393412,6.675823221634848,0.0,5.62040086571715,3.828641396489095,3.828641396489095,4.844187086458591,17,1.6094379124341003,2.1972245773362196,5,0.0,0.0,7,3,49,0.98,0.05715841383994861,0.6931471805599453
49,14849.0,1,2,65.0,2.4709204078132605,3.091042453358316,1.0986122886681098,3.367295829986474,1.3862943611198906,1.0986122886681098,2.302585092994046,6,1.0986122886681098,0.0,4,0.0,0.0,10,8,39,0.99,0.4054651081081644,1.3862943611198906
41,27255.0,1,2,37.0,2.327277705584417,3.1354942159291497,0.6931471805599453,2.4849066497880004,0.0,0.6931471805599453,1.0986122886681098,4,0.6931471805599453,0.0,3,0.0,0.0,8,7,3,0.64,0.22314355131420976,0.6931471805599453
75,54432.0,3,4,38.0,2.3513752571634776,3.5263605246161616,0.0,1.791759469228055,0.0,0.0,0.0,4,0.6931471805599453,0.0,3,0.0,0.0,5,4,37,1.14,0.22314355131420976,0.6931471805599453
39,29999.0,1,2,160.0,3.044522437723423,4.23410650459726,2.0794415416798357,4.0943445622221,2.3978952727983707,1.791759469228055,2.4849066497880004,8,1.3862943611198906,0.6931471805599453,4,0.0,0.0,11,8,22,1.37,0.4054651081081644,1.6094379124341003
42,24072.0,1,2,23.0,2.1594842493533726,2.302585092994046,0.6931471805599453,1.9459101490553132,1.3862943611198906,0.0,1.6094379124341003,3,0.6931471805599453,0.0,2,0.0,0.0,9,8,79,1.2,0.2876820724517809,0.6931471805599453
36,33996.0,0,1,71.0,2.7212954278522306,3.713572066704308,1.0986122886681098,2.772588722239781,2.1972245773362196,0.0,1.9459101490553132,5,0.6931471805599453,0.6931471805599453,3,0.0,0.0,5,4,46,0.8,0.18232155679395465,0.6931471805599453
69,66334.0,1,2,1161.0,4.238360020155316,6.813444599510896,2.4849066497880004,5.389071729816501,0.0,0.0,3.1780538303479458,17,2.302585092994046,1.3862943611198906,5,0.0,0.6931471805599453,14,5,82,1.24,0.11122563511022437,1.0986122886681098
54,35178.0,1,2,59.0,2.7568403652716422,3.1780538303479458,0.6931471805599453,2.6390573296152584,1.0986122886681098,1.0986122886681098,2.9444389791664403,4,0.6931471805599453,0.6931471805599453,2,0.6931471805599453,0.6931471805599453,8,7,10,1.46,0.22314355131420976,0.6931471805599453
42,22010.0,1,2,33.0,2.028148247292285,2.4849066497880004,1.0986122886681098,2.302585092994046,1.3862943611198906,0.0,2.1972245773362196,5,1.0986122886681098,0.0,3,0.0,0.0,10,8,51,1.0,0.33647223662121295,1.0986122886681098
65,62204.0,2,3,903.0,3.784189633918261,5.762051382780177,3.8501476017100584,5.5134287461649825,4.799914262780603,3.8501476017100584,4.848116364598481,21,1.6094379124341003,1.791759469228055,12,0.0,0.0,7,3,38,1.79,0.04652001563489285,0.6931471805599453
57,75693.0,0,1,1354.0,4.181686572377249,6.682108597449809,4.406719247264253,5.683579767338681,4.290459441148391,4.406719247264253,3.4339872044851463,21,2.4849066497880004,1.6094379124341003,6,1.3862943611198906,0.6931471805599453,15,4,10,1.56,0.04652001563489285,0.6931471805599453
53,30675.0,1,2,62.0,2.803360380906535,2.3978952727983707,1.0986122886681098,2.833213344056216,2.4849066497880004,1.0986122886681098,3.091042453358316,4,0.6931471805599453,0.0,3,0.0,0.0,9,8,14,1.63,0.22314355131420976,0.6931471805599453
60,83003.0,0,1,1660.0,4.382621695685192,6.75343791859778,4.127134385045092,6.322565239927284,3.713572066704308,3.258096538021482,4.812184355372417,21,2.0794415416798357,1.9459101490553132,8,0.6931471805599453,0.6931471805599453,10,3,18,1.32,0.04652001563489285,0.6931471805599453
37,68655.0,0,1,1225.0,4.131158535344817,6.124683390894205,2.995732273553991,6.322565239927284,4.330733340286331,4.406719247264253,3.6635616461296463,20,1.6094379124341003,1.791759469228055,11,0.0,0.0,7,3,95,1.88,0.048790164169432,0.6931471805599453
39,41411.0,0,1,139.0,3.0376964726530233,3.6375861597263857,3.4965075614664802,3.6635616461296463,2.4849066497880004,1.3862943611198906,2.9444389791664403,7,1.0986122886681098,0.6931471805599453,4,0.0,0.0,8,6,11,0.56,0.13353139262452263,0.6931471805599453
56,55212.0,1,2,1182.0,4.256029810971298,7.00669522683704,0.0,3.828641396489095,0.0,0.0,3.5553480614894135,17,1.6094379124341003,1.0986122886681098,11,1.0986122886681098,0.0,12,8,65,1.6,0.1625189294977749,1.3862943611198906
75,59292.0,1,2,507.0,3.4869927418251416,5.937536205082426,2.70805020110221,4.23410650459726,2.995732273553991,2.70805020110221,2.70805020110221,16,1.3862943611198906,1.791759469228055,8,0.0,0.0,6,3,71,1.04,0.11778303565638346,1.0986122886681098
52,27190.0,1,2,18.0,1.9459101490553132,0.6931471805599453,1.9459101490553132,2.0794415416798357,0.0,0.6931471805599453,1.3862943611198906,3,0.6931471805599453,0.0,2,0.6931471805599453,0.6931471805599453,9,8,13,0.87,0.2876820724517809,0.6931471805599453
73,82623.0,0,1,770.0,3.9576335166801986,5.3230099791384085,3.5553480614894135,5.3230099791384085,4.799914262780603,4.406719247264253,4.848116364598481,15,1.0986122886681098,2.302585092994046,4,0.0,0.0,3,1,58,0.63,0.06453852113757118,0.6931471805599453
60,44300.0,2,3,42.0,2.4423470353692043,3.4339872044851463,0.0,2.302585092994046,0.0,0.0,1.3862943611198906,4,0.6931471805599453,0.0,3,0.0,0.0,7,6,65,1.02,0.4054651081081644,1.0986122886681098
55,84835.0,0,1,967.5,4.250024684101257,5.247024072160486,4.406719247264253,5.940171252720432,4.718498871295094,4.406719247264253,4.848116364598481,14,1.6094379124341003,1.6094379124341003,6,0.0,0.6931471805599453,5,1,0,0.04,0.06899287148695145,0.6931471805599453
54,30372.0,2,3,44.0,2.2823823856765264,2.772588722239781,0.0,2.5649493574615367,2.0794415416798357,1.3862943611198906,2.0794415416798357,5,1.0986122886681098,0.0,3,0.0,0.0,9,7,33,1.51,0.4700036292457356,1.3862943611198906
49,33181.0,1,2,16.0,1.8458266904983307,2.302585092994046,0.0,1.3862943611198906,0.0,0.0,1.6094379124341003,3,0.6931471805599453,0.0,2,0.6931471805599453,0.0,7,6,90,0.48,0.2876820724517809,0.6931471805599453
68,71113.0,1,2,835.0,3.662395465239464,6.206575926724928,3.5263605246161616,5.545177444479562,2.4849066497880004,3.5263605246161616,2.1972245773362196,22,1.9459101490553132,2.0794415416798357,9,0.0,0.0,10,4,95,0.53,0.16705408466316618,1.6094379124341003
39,71952.0,1,2,1417.0,4.274580612525034,6.48768401848461,4.394449154672439,6.1224928095143865,3.970291913552122,4.406719247264253,4.543294782270004,20,2.1972245773362196,1.6094379124341003,8,1.0986122886681098,0.0,12,4,93,1.46,0.09531017980432487,1.0986122886681098
59,69759.0,0,1,1029.0,4.242764567340374,6.115892125483034,3.044522437723423,6.244166900663736,2.6390573296152584,3.4339872044851463,0.0,15,1.6094379124341003,1.9459101490553132,5,0.0,0.6931471805599453,7,3,38,0.67,0.18232155679395465,1.3862943611198906
51,72099.0,0,1,1178.0,4.252688120309395,6.304448802421981,4.406719247264253,6.018593214496234,4.787491742782046,0.0,3.1354942159291497,17,1.3862943611198906,1.6094379124341003,10,0.0,0.0,4,1,18,1.67,0.05715841383994861,0.6931471805599453
49,60000.0,1,2,1277.0,4.22259889774578,6.955592608396297,0.0,5.384495062789089,0.0,0.0,2.5649493574615367,19,2.4849066497880004,1.3862943611198906,5,0.0,0.0,17,6,57,1.52,0.23361485118150516,1.791759469228055
47,38643.0,2,3,49.0,2.379546134130174,3.1354942159291497,1.0986122886681098,2.70805020110221,0.0,0.6931471805599453,2.3978952727983707,5,1.0986122886681098,0.0,3,0.0,0.0,9,7,45,0.58,0.33647223662121295,1.0986122886681098
70,50737.0,1,2,99.0,2.8622008809294686,4.3694478524670215,0.0,2.4849066497880004,0.0,0.0,2.3978952727983707,6,1.0986122886681098,0.0,4,0.6931471805599453,0.0,8,6,61,1.13,0.15415067982725827,0.6931471805599453
56,68462.0,0,1,1394.0,4.610868207102729,6.331501849893691,4.174387269895637,6.322565239927284,4.442651256490317,4.406719247264253,3.8918202981106265,14,1.3862943611198906,1.3862943611198906,8,0.0,0.0,4,1,6,1.54,0.06899287148695145,0.6931471805599453
82,65073.0,0,1,900.0,4.251786523133432,6.4457198193855785,2.8903717578961645,5.181783550292085,4.248495242049359,0.0,2.1972245773362196,13,1.791759469228055,1.3862943611198906,5,0.0,0.0,7,2,65,0.86,0.07410797215372189,0.6931471805599453
77,46681.0,2,3,425.0,3.4454420834599127,5.598421958998375,2.772588722239781,4.248495242049359,2.772588722239781,2.995732273553991,3.6635616461296463,14,1.6094379124341003,1.9459101490553132,4,0.0,0.0,9,5,52,0.72,0.13353139262452263,1.0986122886681098
68,78618.0,0,1,1635.5,4.367939784016528,6.602587892189336,4.406719247264253,6.322565239927284,4.799914262780603,4.406719247264253,4.127134385045092,21,1.6094379124341003,2.0794415416798357,10,0.6931471805599453,0.0,6,2,87,1.75,0.04652001563489285,0.6931471805599453
56,62187.0,1,2,636.0,3.592735593561034,6.240275845170769,0.0,4.430816798843313,0.0,0.0,3.7376696182833684,18,1.9459101490553132,1.0986122886681098,10,0.0,0.0,10,4,38,0.27,0.15415067982725827,1.3862943611198906
47,28442.0,2,3,57.0,2.2129729343043585,2.995732273553991,1.3862943611198906,2.3978952727983707,2.4849066497880004,2.1972245773362196,1.9459101490553132,7,1.0986122886681098,0.6931471805599453,4,0.0,0.0,6,4,53,0.34,0.35667494393873234,1.3862943611198906
47,37717.0,1,2,25.0,2.2335922215070942,2.302585092994046,0.0,1.9459101490553132,1.6094379124341003,0.6931471805599453,1.791759469228055,3,0.6931471805599453,0.0,2,0.0,0.0,10,9,31,1.6,0.2876820724517809,0.6931471805599453
58,51479.0,2,3,494.0,3.5243978154483124,5.5134287461649825,2.1972245773362196,5.081404364984463,1.9459101490553132,2.1972245773362196,4.189654742026425,15,1.9459101490553132,1.3862943611198906,6,0.0,0.0,13,7,67,1.5,0.38299225225610584,2.0794415416798357
56,54803.0,1,2,677.5,3.7099788181381825,6.003887067106539,0.0,4.532599493153256,3.367295829986474,3.332204510175204,4.848116364598481,17,1.9459101490553132,1.0986122886681098,9,0.0,0.0,10,4,65,1.85,0.11122563511022437,1.0986122886681098
65,79530.0,0,1,1080.5,3.7891771754293,5.811140992976701,0.0,6.322565239927284,4.799914262780603,3.7612001156935624,3.4011973816621555,25,1.6094379124341003,2.3978952727983707,11,0.0,0.0,6,2,64,1.12,0.039220713153281295,0.6931471805599453
49,31615.0,1,2,51.0,2.4159137783010487,1.0986122886681098,1.3862943611198906,3.044522437723423,1.9459101490553132,2.4849066497880004,2.302585092994046,5,1.0986122886681098,0.0,3,0.0,0.0,9,7,82,1.29,0.33647223662121295,1.0986122886681098
63,72025.0,0,1,1743.0,4.763881877142913,6.726233402358747,3.5263605246161616,6.309918278226516,4.799914262780603,4.406719247264253,4.848116364598481,15,1.6094379124341003,1.3862943611198906,8,0.0,0.0,7,3,27,1.61,0.06453852113757118,0.6931471805599453
50,52614.0,1,2,990.0,4.272689970636415,6.672032945461067,0.0,4.962844630259907,2.5649493574615367,2.302585092994046,3.6635616461296463,14,1.0986122886681098,1.6094379124341003,8,0.0,0.0,10,8,63,1.57,0.13353139262452263,1.0986122886681098
41,35684.0,1,2,30.0,2.1400661634962708,2.3978952727983707,1.6094379124341003,2.0794415416798357,0.0,1.9459101490553132,1.3862943611198906,4,0.6931471805599453,0.0,3,0.0,0.0,7,6,66,0.19,0.22314355131420976,0.6931471805599453
50,48178.0,2,3,254.0,3.2733640101522705,5.075173815233827,1.6094379124341003,3.828641396489095,1.9459101490553132,1.0986122886681098,3.6635616461296463,10,1.791759469228055,0.6931471805599453,4,0.0,0.0,13,8,69,1.67,0.4700036292457356,1.9459101490553132
55,29548.0,1,2,29.0,2.1102132003465894,2.0794415416798357,0.6931471805599453,1.9459101490553132,1.3862943611198906,0.6931471805599453,2.4849066497880004,4,0.6931471805599453,0.6931471805599453,2,0.6931471805599453,0.0,5,4,52,0.83,0.22314355131420976,0.6931471805599453
59,63810.0,1,2,1371.0,4.292620046958297,6.885509670034818,2.5649493574615367,5.537334267018537,2.833213344056216,2.5649493574615367,4.624972813284271,19,1.6094379124341003,1.3862943611198906,12,0.6931471805599453,0.0,12,8,45,1.63,0.19105523676270922,1.6094379124341003
53,38578.0,2,3,73.0,2.5776883832389665,3.6635616461296463,1.6094379124341003,3.1354942159291497,1.3862943611198906,1.3862943611198906,1.3862943611198906,6,1.3862943611198906,0.0,3,0.0,0.6931471805599453,11,8,2,1.02,0.4054651081081644,1.3862943611198906
50,46098.0,2,3,120.0,2.8982769374032777,4.060443010546419,0.0,3.332204510175204,0.0,0.0,3.6109179126442243,7,1.3862943611198906,1.0986122886681098,2,0.0,0.0,11,8,86,1.86,0.4519851237430572,1.6094379124341003
55,22585.0,0,1,81.0,3.056356895370426,1.3862943611198906,2.302585092994046,2.772588722239781,2.6390573296152584,1.0986122886681098,3.6888794541139363,4,0.6931471805599453,0.6931471805599453,2,0.6931471805599453,0.6931471805599453,10,9,23,1.28,0.22314355131420976,0.6931471805599453
36,30279.0,1,2,37.0,2.327277705584417,2.3978952727983707,1.6094379124341003,2.70805020110221,1.6094379124341003,1.6094379124341003,0.6931471805599453,4,0.6931471805599453,0.0,3,0.0,0.0,9,8,13,1.49,0.22314355131420976,0.6931471805599453
64,66426.0,1,2,1346.5,4.328171582252229,6.950814768442584,3.2188758248682006,4.584967478670572,3.4965075614664802,3.2188758248682006,4.848116364598481,18,1.3862943611198906,1.791759469228055,10,0.0,0.0,9,6,14,0.74,0.1053605156578263,1.0986122886681098
56,30822.0,1,2,51.0,2.6210388241125804,1.3862943611198906,2.302585092994046,2.6390573296152584,1.0986122886681098,2.5649493574615367,2.5649493574615367,4,0.6931471805599453,0.0,3,0.0,0.0,8,7,92,1.04,0.22314355131420976,0.6931471805599453
56,33581.0,2,3,17.0,1.8971199848858813,2.4849066497880004,0.0,1.791759469228055,0.0,0.0,0.6931471805599453,3,0.6931471805599453,0.0,2,0.0,0.0,9,8,38,1.47,0.2876820724517809,0.6931471805599453
40,19986.0,1,2,22.0,2.120263536200091,1.3862943611198906,1.9459101490553132,1.791759469228055,0.0,1.0986122886681098,1.9459101490553132,3,0.0,0.0,3,0.0,0.0,7,7,74,0.62,0.2876820724517809,0.6931471805599453
71,27421.0,0,1,324.0,3.416235259026696,3.784189633918261,2.5649493574615367,4.574710978503383,4.3694478524670215,3.713572066704308,4.02535169073515,11,1.6094379124341003,0.6931471805599453,6,0.0,0.0,11,7,14,1.54,0.24116205681688804,1.3862943611198906
52,35688.0,3,4,211.0,3.196402969016142,4.30406509320417,1.3862943611198906,4.51085950651685,2.5649493574615367,0.6931471805599453,3.4965075614664802,9,1.6094379124341003,0.6931471805599453,4,0.0,0.0,12,8,94,1.85,0.5753641449035619,2.0794415416798357
44,36143.0,1,2,19.0,1.992430164690206,2.5649493574615367,0.0,0.6931471805599453,0.0,0.0,1.9459101490553132,3,0.0,0.6931471805599453,2,0.0,0.0,3,3,33,0.25,0.2876820724517809,0.6931471805599453
54,10245.0,1,2,41.0,2.2192034840549946,1.6094379124341003,2.0794415416798357,2.0794415416798357,1.9459101490553132,1.6094379124341003,2.6390573296152584,5,0.6931471805599453,1.0986122886681098,2,0.0,0.0,6,5,32,1.12,0.4700036292457356,1.3862943611198906
57,43795.0,1,2,492.0,3.587479339672207,5.752572638825633,2.4849066497880004,3.9889840465642745,1.6094379124341003,1.3862943611198906,4.68213122712422,14,2.0794415416798357,1.3862943611198906,4,0.6931471805599453,0.6931471805599453,14,7,11,0.7,0.19415601444095745,1.3862943611198906
65,63381.0,1,2,972.5,3.811197644935711,6.349138991379798,3.9318256327243257,4.962844630259907,3.5263605246161616,3.9318256327243257,4.848116364598481,22,1.6094379124341003,1.791759469228055,13,0.0,0.0,6,2,78,1.73,0.16705408466316618,1.6094379124341003
76,38823.0,1,2,114.0,2.995732273553991,4.2626798770413155,0.0,2.4849066497880004,1.0986122886681098,2.1972245773362196,3.1780538303479458,6,1.0986122886681098,0.6931471805599453,3,0.0,0.0,8,6,56,1.83,0.15415067982725827,0.6931471805599453
57,83664.0,2,3,1173.0,4.308279174451001,6.7650389767805414,3.091042453358316,5.0238805208462765,3.367295829986474,3.091042453358316,4.465908118654584,16,1.0986122886681098,1.0986122886681098,12,0.0,0.0,7,5,57,1.14,0.17185025692665923,1.3862943611198906
46,90300.0,0,1,1402.0,4.31467714893066,6.38856140554563,4.406719247264253,6.322565239927284,3.5263605246161616,4.406719247264253,4.060443010546419,19,1.791759469228055,1.9459101490553132,8,0.6931471805599453,0.0,6,1,7,0.48,0.0,0.0
46,62499.0,1,2,222.0,3.1441522786722644,4.948759890378168,1.6094379124341003,4.127134385045092,0.0,2.6390573296152584,1.6094379124341003,10,1.3862943611198906,0.6931471805599453,6,0.0,0.0,7,4,0,0.55,0.18232155679395465,1.0986122886681098
32,74293.0,0,1,1046.0,4.258916937511773,5.929589143389895,4.406719247264253,5.817111159963204,4.543294782270004,4.406719247264253,4.406719247264253,15,1.791759469228055,1.6094379124341003,6,0.0,0.0,7,2,66,0.15,0.06453852113757118,0.6931471805599453
79,51012.0,0,1,209.0,3.1872704854528697,4.634728988229636,2.302585092994046,4.1588830833596715,1.0986122886681098,2.302585092994046,3.2188758248682006,9,1.6094379124341003,0.6931471805599453,4,0.0,0.0,10,6,86,1.2,0.1053605156578263,0.6931471805599453
57,70777.0,1,2,787.0,3.6975913947159578,6.318968113746434,3.58351893845611,4.736198448394496,0.0,2.0794415416798357,4.3694478524670215,20,1.791759469228055,1.3862943611198906,12,0.0,0.0,8,3,80,0.34,0.1397619423751587,1.3862943611198906
34,68682.0,0,1,1598.0,4.2553043058065265,6.824373670043086,0.0,6.226536669287466,4.605170185988092,3.4339872044851463,3.828641396489095,23,1.6094379124341003,2.302585092994046,10,0.0,0.0,6,2,56,0.73,0.04255961441879593,0.6931471805599453
54,43824.0,2,3,186.0,3.188416617383492,4.574710978503383,0.6931471805599453,3.7612001156935624,2.5649493574615367,1.3862943611198906,3.4965075614664802,8,1.3862943611198906,0.6931471805599453,4,0.0,0.0,11,8,18,1.79,0.4054651081081644,1.6094379124341003
41,15345.0,1,2,47.0,2.545531271604435,1.791759469228055,1.0986122886681098,2.833213344056216,1.3862943611198906,1.0986122886681098,2.995732273553991,4,0.6931471805599453,0.6931471805599453,2,0.0,0.6931471805599453,9,8,51,1.83,0.4054651081081644,1.0986122886681098
38,23442.0,1,2,27.0,2.0476928433652555,1.0986122886681098,0.0,1.9459101490553132,2.1972245773362196,1.9459101490553132,1.791759469228055,4,0.6931471805599453,0.0,3,0.0,0.0,8,7,71,1.51,0.22314355131420976,0.6931471805599453
45,14515.0,1,2,96.0,2.6888188391743224,1.9459101490553132,1.6094379124341003,2.302585092994046,1.9459101490553132,3.6109179126442243,3.58351893845611,7,1.0986122886681098,1.0986122886681098,3,0.0,0.6931471805599453,9,7,71,1.63,0.4519851237430572,1.6094379124341003
69,31395.0,2,3,64.0,2.456735772821304,3.1780538303479458,0.6931471805599453,3.258096538021482,0.0,2.1972245773362196,2.0794415416798357,6,1.0986122886681098,0.6931471805599453,3,0.0,0.0,8,6,80,1.27,0.5108256237659907,1.6094379124341003
60,75276.0,0,1,999.5,3.837984960899361,6.415096959171596,4.406719247264253,4.836281906951478,4.799914262780603,3.7612001156935624,3.091042453358316,22,2.302585092994046,1.6094379124341003,9,0.0,0.0,14,5,2,1.75,0.04445176257083384,0.6931471805599453
51,42373.0,2,3,163.0,3.062222014822824,4.219507705176107,1.791759469228055,4.127134385045092,1.3862943611198906,2.1972245773362196,2.995732273553991,8,1.0986122886681098,0.6931471805599453,5,0.0,0.0,7,5,83,0.87,0.4855078157817008,1.791759469228055
65,30507.0,0,1,343.0,3.563882963939251,4.189654742026425,3.6109179126442243,4.31748811353631,3.6635616461296463,3.044522437723423,4.709530201312334,10,1.791759469228055,0.6931471805599453,4,0.0,0.0,12,7,29,1.3,0.09531017980432487,0.6931471805599453
70,55521.0,3,4,446.0,3.4253478418944385,6.0330862217988015,0.0,3.295836866004329,0.0,0.0,1.6094379124341003,15,1.9459101490553132,1.3862943611198906,6,0.6931471805599453,0.6931471805599453,13,7,11,0.68,0.4700036292457356,2.302585092994046
60,48006.0,2,3,41.0,2.4203681286504293,3.1780538303479458,0.0,2.4849066497880004,1.3862943611198906,1.0986122886681098,1.0986122886681098,4,0.6931471805599453,0.0,3,0.0,0.0,7,6,55,0.05,0.22314355131420976,0.6931471805599453
53,27213.0,1,2,70.0,2.538973871058276,2.995732273553991,1.3862943611198906,3.295836866004329,2.3978952727983707,2.302585092994046,1.3862943611198906,6,1.0986122886681098,0.0,4,0.0,0.6931471805599453,10,8,19,1.83,0.4054651081081644,1.3862943611198906
54,65808.0,2,3,272.0,3.247551624844867,5.049856007249537,2.0794415416798357,4.394449154672439,2.6390573296152584,2.0794415416798357,2.3978952727983707,11,1.791759469228055,0.6931471805599453,5,0.0,0.0,11,6,1,0.08,0.24116205681688804,1.3862943611198906
51,30351.0,1,2,46.0,2.322387720290225,2.70805020110221,0.0,3.2188758248682006,1.3862943611198906,1.3862943611198906,1.0986122886681098,5,1.3862943611198906,0.0,2,0.0,0.0,12,9,19,1.06,0.18232155679395465,0.6931471805599453
62,50437.0,2,3,490.0,3.453947947047684,5.916202062607435,2.302585092994046,4.532599493153256,1.9459101490553132,2.302585092994046,1.6094379124341003,16,2.0794415416798357,0.6931471805599453,8,0.0,0.0,14,7,28,1.7,0.17185025692665923,1.3862943611198906
43,23616.0,1,2,79.0,2.6508917872622613,1.6094379124341003,3.1354942159291497,2.4849066497880004,1.3862943611198906,2.0794415416798357,3.4965075614664802,6,1.3862943611198906,0.0,3,0.0,0.6931471805599453,11,8,76,1.61,0.2876820724517809,1.0986122886681098
49,53858.0,1,2,846.0,4.190819564522719,6.0112671744041615,3.9889840465642745,5.402677381872279,4.07753744390572,4.406719247264253,3.295836866004329,13,1.6094379124341003,1.3862943611198906,6,0.0,0.0,8,4,50,1.63,0.26826398659467937,1.6094379124341003
70,66465.0,1,2,1485.0,3.8587540765488058,7.0909098220799835,0.0,5.3230099791384085,3.6635616461296463,3.4011973816621555,2.70805020110221,32,2.4849066497880004,2.302585092994046,12,0.6931471805599453,0.0,17,6,1,1.25,0.08961215868968714,1.3862943611198906
38,46923.0,1,2,369.0,3.3804712511450385,4.454347296253507,3.8066624897703196,4.007333185232471,4.634728988229636,4.3694478524670215,1.9459101490553132,13,1.791759469228055,0.6931471805599453,7,0.0,0.0,12,7,90,1.85,0.2076393647782445,1.3862943611198906
63,75072.0,1,2,1073.0,4.160719631166973,6.369900982828227,3.5553480614894135,5.736572297479192,0.0,3.1354942159291497,4.836281906951478,17,1.791759469228055,1.6094379124341003,8,0.0,0.0,8,3,83,1.43,0.11122563511022437,1.0986122886681098
82,75865.0,0,1,1171.5,4.190916571846848,6.182084906716632,0.0,6.322565239927284,4.799914262780603,0.0,2.5649493574615367,18,1.3862943611198906,1.791759469228055,10,0.0,0.0,4,1,73,0.25,0.054067221270275766,0.6931471805599453
50,19789.0,1,2,78.0,2.6390573296152584,1.0986122886681098,1.791759469228055,2.302585092994046,3.367295829986474,1.9459101490553132,3.367295829986474,6,1.0986122886681098,0.6931471805599453,3,0.6931471805599453,0.0,7,5,24,0.61,0.4054651081081644,1.3862943611198906
31,80134.0,0,1,1378.0,4.247065649239764,6.874198495453294,3.295836866004329,5.645446897643238,3.970291913552122,3.295836866004329,3.295836866004329,20,1.0986122886681098,2.0794415416798357,11,1.6094379124341003,0.0,7,5,11,0.37,0.048790164169432,0.6931471805599453
44,91065.0,0,1,1326.5,3.9900945408483017,6.71295620067707,4.406719247264253,4.6913478822291435,4.799914262780603,4.406719247264253,4.74493212836325,25,2.0794415416798357,2.302585092994046,9,1.0986122886681098,0.6931471805599453,10,3,33,1.35,0.039220713153281295,0.6931471805599453
54,49505.0,2,3,751.0,3.6519561000093383,6.405228458030842,0.0,4.61512051684126,2.995732273553991,0.0,3.367295829986474,20,2.3978952727983707,1.0986122886681098,8,0.0,0.0,18,8,4,1.32,0.37156355643248307,2.302585092994046
52,37401.0,1,2,48.0,2.3608540011180215,2.995732273553991,1.3862943611198906,2.995732273553991,1.3862943611198906,0.6931471805599453,1.3862943611198906,5,1.0986122886681098,0.0,3,0.0,0.0,9,7,14,0.15,0.33647223662121295,1.0986122886681098
42,30096.0,1,2,45.0,2.302585092994046,1.791759469228055,1.3862943611198906,2.4849066497880004,2.5649493574615367,1.791759469228055,2.302585092994046,5,1.0986122886681098,0.0,3,0.0,0.0,8,6,30,0.1,0.18232155679395465,0.6931471805599453
43,18492.0,1,2,10.0,1.4663370687934272,1.0986122886681098,1.0986122886681098,1.0986122886681098,1.0986122886681098,0.6931471805599453,0.6931471805599453,3,0.6931471805599453,0.0,2,0.0,0.0,9,8,75,0.07,0.2876820724517809,0.6931471805599453
51,82584.0,0,1,1425.0,4.564348191467836,6.981934677156389,4.23410650459726,4.6443908991413725,3.4011973816621555,4.406719247264253,4.23410650459726,15,1.3862943611198906,1.6094379124341003,8,1.0986122886681098,0.6931471805599453,4,1,26,1.07,0.06453852113757118,0.6931471805599453
84,93027.0,0,1,1898.0,4.469038011663511,7.110696122978827,3.7612001156935624,6.322565239927284,4.02535169073515,0.0,3.091042453358316,22,2.0794415416798357,2.3978952727983707,5,0.6931471805599453,0.0,9,2,77,1.21,0.0,0.0
72,48686.0,3,4,20.0,2.03688192726104,2.3978952727983707,0.0,2.0794415416798357,1.0986122886681098,0.0,0.6931471805599453,3,0.6931471805599453,0.0,2,0.0,0.0,9,8,8,0.57,0.2876820724517809,0.6931471805599453
39,92910.0,0,1,1422.5,4.020187279187923,6.313548046277095,4.406719247264253,6.322565239927284,4.799914262780603,4.406719247264253,3.5263605246161616,26,1.9459101490553132,2.0794415416798357,13,1.3862943611198906,0.0,7,1,42,0.18,0.03774032798284703,0.6931471805599453
36,75433.0,1,2,1188.0,4.261021501868539,6.68586094706836,0.0,5.697093486505405,0.0,3.5553480614894135,4.060443010546419,17,1.0986122886681098,1.791759469228055,10,1.0986122886681098,0.0,8,6,28,0.23,0.11122563511022437,1.0986122886681098
36,10404.0,1,2,43.0,2.2617630984737906,1.0986122886681098,1.0986122886681098,2.4849066497880004,2.3978952727983707,1.9459101490553132,2.5649493574615367,5,0.6931471805599453,0.0,4,0.0,0.0,6,5,52,0.15,0.33647223662121295,1.0986122886681098
57,61314.0,1,2,871.5,3.704103881241167,5.937536205082426,0.0,5.247024072160486,4.584967478670572,4.406719247264253,4.848116364598481,22,1.791759469228055,1.791759469228055,12,0.0,0.0,8,3,1,1.18,0.08701137698962977,1.0986122886681098
64,84865.0,0,1,1664.0,4.717903455975331,7.110696122978827,2.833213344056216,5.857933154483459,3.784189633918261,2.833213344056216,2.833213344056216,15,1.0986122886681098,1.6094379124341003,9,1.6094379124341003,0.6931471805599453,6,4,1,1.14,0.06453852113757118,0.6931471805599453
36,42387.0,1,2,619.5,3.6818233683897277,5.4638318050256105,0.0,5.4638318050256105,2.995732273553991,1.6094379124341003,4.848116364598481,16,2.1972245773362196,0.6931471805599453,7,0.0,0.0,16,8,42,1.66,0.27193371548364176,1.791759469228055
58,67309.0,2,3,1039.5,3.7912668042923463,6.246106765481563,3.871201010907891,5.204006687076795,4.799914262780603,4.406719247264253,4.564348191467836,24,2.302585092994046,1.9459101490553132,9,0.0,0.0,16,7,76,1.43,0.4855078157817008,2.772588722239781
61,75236.0,1,2,1068.0,3.817712325956905,6.0844994130751715,4.204692619390966,5.993961427306569,2.5649493574615367,3.6635616461296463,4.74493212836325,24,2.1972245773362196,1.3862943611198906,13,0.0,0.0,12,4,27,0.59,0.040821994520255124,0.6931471805599453
55,30015.0,1,2,57.0,2.517696472610991,3.258096538021482,0.0,3.1354942159291497,1.0986122886681098,1.3862943611198906,1.791759469228055,5,0.6931471805599453,0.0,4,0.0,0.0,6,5,28,0.4,0.33647223662121295,1.0986122886681098
69,50943.0,1,2,46.0,2.5257286443082556,3.4657359027997265,0.0,2.0794415416798357,1.0986122886681098,0.0,1.9459101490553132,4,0.6931471805599453,0.0,3,0.0,0.0,6,5,49,1.02,0.22314355131420976,0.6931471805599453
59,67272.0,1,2,733.0,3.6283329542459026,5.8805329864007,3.58351893845611,5.605802066295998,3.367295829986474,3.367295829986474,2.70805020110221,20,1.9459101490553132,1.0986122886681098,12,0.0,0.0,11,5,12,0.52,0.1397619423751587,1.3862943611198906
76,51529.0,1,2,467.0,3.46989391294839,5.993961427306569,1.6094379124341003,3.58351893845611,1.9459101490553132,0.0,3.1354942159291497,15,2.302585092994046,0.6931471805599453,5,0.0,0.0,17,8,14,0.81,0.12516314295400602,1.0986122886681098
54,32011.0,1,2,122.0,2.913902255306359,4.605170185988092,0.0,2.772588722239781,1.0986122886681098,0.6931471805599453,1.791759469228055,7,1.0986122886681098,0.6931471805599453,4,0.0,0.0,9,7,89,0.85,0.35667494393873234,1.3862943611198906
39,7500.0,1,2,36.0,2.1041341542702074,0.6931471805599453,2.4849066497880004,1.791759469228055,1.6094379124341003,1.9459101490553132,2.302585092994046,5,1.0986122886681098,0.0,3,0.0,0.0,10,8,96,1.39,0.33647223662121295,1.0986122886681098
36,28691.0,1,2,34.0,2.2512917986064953,1.791759469228055,1.6094379124341003,2.6390573296152584,2.1972245773362196,0.0,1.6094379124341003,4,0.6931471805599453,0.0,3,0.0,0.0,9,8,56,0.99,0.22314355131420976,0.6931471805599453
77,56223.0,1,2,156.0,3.0204248861443626,4.356708826689592,3.367295829986474,3.4657359027997265,2.833213344056216,0.0,1.6094379124341003,8,1.0986122886681098,0.6931471805599453,5,0.0,0.0,6,4,72,0.52,0.22314355131420976,1.0986122886681098
79,18100.0,0,1,14.0,1.7346010553881064,1.3862943611198906,0.6931471805599453,1.0986122886681098,1.6094379124341003,1.3862943611198906,0.6931471805599453,3,0.0,0.0,3,0.0,0.0,5,5,14,0.9,0.2876820724517809,0.6931471805599453
36,30279.0,1,2,37.0,2.327277705584417,2.3978952727983707,1.6094379124341003,2.70805020110221,1.6094379124341003,1.6094379124341003,0.6931471805599453,4,0.6931471805599453,0.0,3,0.0,0.0,9,8,13,1.49,0.22314355131420976,0.6931471805599453
51,20130.0,0,1,34.0,2.2512917986064953,0.0,1.9459101490553132,1.3862943611198906,2.0794415416798357,1.9459101490553132,2.5649493574615367,4,0.6931471805599453,0.0,3,0.0,0.0,9,8,99,0.28,0.22314355131420976,0.6931471805599453
66,23295.0,0,1,20.0,2.03688192726104,0.0,0.0,0.6931471805599453,1.0986122886681098,2.5649493574615367,1.791759469228055,3,0.6931471805599453,0.0,2,0.0,0.0,9,8,72,0.96,0.2876820724517809,0.6931471805599453
53,42618.0,1,2,192.0,3.106080330722856,4.343805421853684,2.70805020110221,4.31748811353631,2.6390573296152584,1.791759469228055,2.3978952727983707,9,1.791759469228055,0.0,4,0.0,0.0,13,8,92,0.72,0.20067069546215116,1.0986122886681098
61,81246.0,0,1,1195.0,4.326613021313311,5.988961416889864,4.406719247264253,6.2878585601617845,4.127134385045092,4.406719247264253,3.6375861597263857,16,1.6094379124341003,1.791759469228055,7,1.0986122886681098,0.0,5,1,87,0.5,0.06062462181643484,0.6931471805599453
49,24027.0,1,2,48.0,2.3608540011180215,2.70805020110221,2.0794415416798357,2.4849066497880004,2.4849066497880004,0.0,1.791759469228055,5,1.0986122886681098,0.0,3,0.0,0.0,10,8,7,1.05,0.33647223662121295,1.0986122886681098
72,55707.0,1,2,428.0,3.4522525524624394,5.342334251964811,2.0794415416798357,4.418840607796598,3.4339872044851463,4.204692619390966,3.58351893845611,14,1.3862943611198906,1.0986122886681098,9,0.0,0.0,6,3,91,0.52,0.13353139262452263,1.0986122886681098
70,57959.0,1,2,868.0,3.7001790093678695,6.066108090103747,2.833213344056216,5.777652323222656,3.784189633918261,3.2188758248682006,3.5263605246161616,22,1.6094379124341003,2.0794415416798357,11,0.0,0.0,7,3,71,1.16,0.2047944126460132,1.791759469228055
56,56796.0,1,2,1001.0,3.754394061224563,6.48768401848461,3.6635616461296463,5.087596335232384,4.143134726391533,3.871201010907891,3.6375861597263857,24,2.1972245773362196,2.302585092994046,7,0.0,0.0,15,7,24,1.36,0.11778303565638346,1.3862943611198906
54,36230.0,1,2,59.0,2.3826278006675823,2.70805020110221,1.0986122886681098,3.4339872044851463,2.1972245773362196,1.0986122886681098,1.3862943611198906,6,1.0986122886681098,0.0,4,0.0,0.0,7,5,17,0.7,0.15415067982725827,0.6931471805599453
45,70829.0,2,3,431.0,3.4590169525509817,4.955827057601261,4.2626798770413155,4.672828834461906,4.290459441148391,2.995732273553991,3.1780538303479458,14,1.6094379124341003,1.0986122886681098,8,0.0,0.0,7,3,87,0.57,0.13353139262452263,1.0986122886681098
49,65991.0,1,2,971.0,3.724688906810647,6.230481447578482,2.995732273553991,5.8998973535824915,3.258096538021482,3.871201010907891,2.302585092994046,24,2.302585092994046,1.791759469228055,10,0.0,0.0,16,7,21,1.81,0.11778303565638346,1.3862943611198906
53,38988.0,3,4,348.0,3.4011973816621555,5.10594547390058,3.2188758248682006,4.6443908991413725,2.5649493574615367,1.3862943611198906,3.7612001156935624,12,1.791759469228055,0.6931471805599453,6,0.0,0.0,13,8,90,1.86,0.4595323293784402,2.0794415416798357
59,89572.0,0,1,1451.5,4.160580012326181,6.408528791059498,3.2188758248682006,6.322565239927284,4.799914262780603,4.406719247264253,4.174387269895637,23,2.0794415416798357,2.0794415416798357,9,1.0986122886681098,0.6931471805599453,11,4,44,1.79,0.04255961441879593,0.6931471805599453
41,42207.0,1,2,265.0,3.3141860046725258,4.762173934797756,2.4849066497880004,4.290459441148391,1.3862943611198906,2.8903717578961645,3.8501476017100584,10,1.6094379124341003,0.6931471805599453,5,0.6931471805599453,0.6931471805599453,10,6,71,1.24,0.33647223662121295,1.6094379124341003
73,50300.0,1,2,270.0,3.240459396535375,4.969813299576001,2.772588722239781,4.110873864173311,3.2188758248682006,3.1780538303479458,1.791759469228055,11,1.0986122886681098,0.6931471805599453,8,0.0,0.0,4,2,52,0.1,0.16705408466316618,1.0986122886681098
43,66664.0,0,1,1159.5,4.180777067994408,5.988961416889864,4.406719247264253,6.104793232414985,4.799914262780603,4.406719247264253,3.4965075614664802,18,1.791759469228055,2.0794415416798357,6,0.0,0.0,8,3,78,1.76,0.054067221270275766,0.6931471805599453
61,60597.0,1,2,893.0,4.323028293911926,6.259581464064923,0.0,5.552959584921617,3.4965075614664802,2.833213344056216,4.204692619390966,12,1.0986122886681098,1.0986122886681098,8,0.6931471805599453,0.6931471805599453,9,7,2,0.49,0.2876820724517809,1.6094379124341003
76,70165.0,0,1,737.5,3.586820361065164,5.087596335232384,0.0,5.537334267018537,4.799914262780603,4.406719247264253,4.812184355372417,21,1.3862943611198906,2.0794415416798357,11,0.0,0.0,4,1,60,0.77,0.04652001563489285,0.6931471805599453
67,50520.0,1,2,135.0,3.0099169085459474,4.727387818712341,0.0,1.9459101490553132,1.0986122886681098,0.6931471805599453,2.70805020110221,7,1.3862943611198906,0.6931471805599453,3,0.0,0.0,9,6,25,0.42,0.2513144282809061,1.0986122886681098
62,80124.0,0,1,1290.0,4.28588277412098,6.182084906716632,4.406719247264253,5.988961416889864,4.799914262780603,4.406719247264253,4.848116364598481,18,1.3862943611198906,2.0794415416798357,8,0.6931471805599453,0.0,4,1,47,0.01,0.054067221270275766,0.6931471805599453
50,33183.0,1,2,120.0,2.8982769374032777,2.0794415416798357,1.791759469228055,3.6888794541139363,2.8903717578961645,2.772588722239781,3.6375861597263857,7,1.6094379124341003,0.0,3,0.0,0.0,11,7,46,0.34,0.2513144282809061,1.0986122886681098
56,66582.0,0,1,1288.0,4.2310507344577815,6.672032945461067,3.258096538021482,6.042632833682381,2.833213344056216,3.6635616461296463,0.0,19,1.0986122886681098,2.1972245773362196,9,0.0,0.0,3,1,83,0.32,0.051293294387550536,0.6931471805599453
70,75261.0,0,1,1728.0,4.6913478822291435,7.110696122978827,2.8903717578961645,6.025865973825314,3.1780538303479458,3.5553480614894135,2.8903717578961645,16,1.791759469228055,1.9459101490553132,5,1.0986122886681098,0.6931471805599453,7,2,17,1.18,0.06062462181643484,0.6931471805599453
55,31880.0,1,2,15.0,1.791759469228055,1.6094379124341003,0.6931471805599453,1.791759469228055,1.0986122886681098,0.0,1.3862943611198906,3,0.6931471805599453,0.0,2,0.0,0.0,9,8,13,1.66,0.2876820724517809,0.6931471805599453
74,53790.0,2,3,542.0,3.492936129098883,5.817111159963204,3.7612001156935624,4.852030263919617,3.367295829986474,1.791759469228055,1.791759469228055,17,2.0794415416798357,1.0986122886681098,8,0.0,0.0,13,6,86,0.31,0.1625189294977749,1.3862943611198906
54,49269.0,1,2,890.0,3.7245975367160153,6.461468176353717,2.1972245773362196,5.117993812416755,2.4849066497880004,2.1972245773362196,4.07753744390572,22,2.0794415416798357,1.3862943611198906,12,0.0,0.0,14,7,92,1.87,0.1278333715098849,1.3862943611198906
50,61456.0,1,2,1277.0,3.8074284798499023,6.335054251498059,4.343805421853684,5.953243334287785,4.442651256490317,4.406719247264253,4.499809670330265,29,1.9459101490553132,2.3978952727983707,13,0.0,0.0,10,4,47,1.26,0.1292117314800062,1.6094379124341003
45,37406.0,1,2,17.0,1.8971199848858813,1.0986122886681098,0.0,2.1972245773362196,1.0986122886681098,1.0986122886681098,1.3862943611198906,3,0.6931471805599453,0.0,2,0.0,0.6931471805599453,9,8,18,0.72,0.2876820724517809,0.6931471805599453
44,56937.0,1,2,906.0,3.698614522884689,6.616065185132817,2.1972245773362196,4.836281906951478,2.4849066497880004,2.1972245773362196,2.1972245773362196,23,2.1972245773362196,1.9459101490553132,9,0.6931471805599453,0.6931471805599453,14,6,81,1.9,0.2657031657330057,2.0794415416798357
47,38415.0,2,3,44.0,2.4849066497880004,3.1354942159291497,0.6931471805599453,2.6390573296152584,1.6094379124341003,0.0,1.6094379124341003,4,0.6931471805599453,0.0,3,0.0,0.0,8,7,91,1.49,0.4054651081081644,1.0986122886681098
37,20518.0,1,2,25.0,1.9810014688665833,1.6094379124341003,0.6931471805599453,1.9459101490553132,1.6094379124341003,0.6931471805599453,2.302585092994046,4,0.6931471805599453,0.6931471805599453,2,0.0,0.0,6,5,58,0.11,0.22314355131420976,0.6931471805599453
69,62503.0,1,2,973.0,3.8117002838002767,6.171700597410915,0.0,5.267858159063328,4.709530201312334,4.330733340286331,4.770684624465665,22,2.1972245773362196,1.3862943611198906,11,0.0,0.0,13,5,40,1.36,0.16705408466316618,1.6094379124341003
53,41644.0,2,3,31.0,2.169053700369523,3.044522437723423,1.3862943611198906,1.6094379124341003,1.0986122886681098,0.0,1.0986122886681098,4,0.6931471805599453,0.0,3,0.0,0.0,4,3,67,0.14,0.4054651081081644,1.0986122886681098
48,55842.0,1,2,518.0,3.5078071167204135,6.113682179832232,0.0,3.6888794541139363,0.0,1.6094379124341003,3.2188758248682006,16,2.0794415416798357,0.6931471805599453,8,0.0,0.0,12,5,19,0.1,0.06062462181643484,0.6931471805599453
53,62010.0,1,2,530.0,3.592735593561034,5.918893854273146,3.1354942159291497,3.6888794541139363,1.9459101490553132,0.0,4.532599493153256,15,1.9459101490553132,1.0986122886681098,7,0.0,0.0,11,5,93,1.68,0.2363887780642304,1.6094379124341003
48,41124.0,1,2,506.0,3.6147714819602146,5.641907070938114,2.0794415416798357,4.442651256490317,2.772588722239781,0.0,4.787491742782046,14,2.0794415416798357,1.3862943611198906,4,0.0,0.0,15,8,41,1.66,0.4054651081081644,2.0794415416798357
52,38961.0,1,2,70.0,2.70805020110221,2.995732273553991,2.0794415416798357,2.995732273553991,0.0,0.6931471805599453,3.2188758248682006,5,1.0986122886681098,0.6931471805599453,2,0.0,0.0,9,7,60,0.5,0.18232155679395465,0.6931471805599453
53,37760.0,1,2,54.0,2.468099531471619,3.295836866004329,1.3862943611198906,2.6390573296152584,1.0986122886681098,2.3978952727983707,0.0,5,1.0986122886681098,0.0,3,0.0,0.0,8,6,54,0.88,0.18232155679395465,0.6931471805599453
51,32233.0,1,2,296.0,3.4210000089583352,4.9344739331306915,2.772588722239781,3.58351893845611,3.258096538021482,2.4849066497880004,4.290459441148391,10,1.9459101490553132,1.0986122886681098,2,0.6931471805599453,0.6931471805599453,15,9,26,1.86,0.18232155679395465,1.0986122886681098
50,43057.0,1,2,266.0,3.226122233388968,5.365976015021851,1.0986122886681098,3.8066624897703196,0.0,1.0986122886681098,1.791759469228055,11,1.6094379124341003,1.0986122886681098,5,0.0,0.0,9,5,30,0.66,0.31015492830383956,1.6094379124341003
65,83151.0,0,1,747.0,3.7495040759303713,6.0112671744041615,3.367295829986474,4.61512051684126,4.795790545596741,4.31748811353631,2.9444389791664403,18,1.791759469228055,2.302585092994046,4,0.0,0.0,8,3,93,1.72,0.054067221270275766,0.6931471805599453
61,78825.0,0,1,846.5,3.441447784283453,6.182084906716632,4.31748811353631,4.74493212836325,4.799914262780603,3.6375861597263857,2.9444389791664403,28,1.791759469228055,2.3978952727983707,13,0.0,0.6931471805599453,8,3,35,1.79,0.035091319811270096,0.6931471805599453
49,65104.0,1,2,1053.0,4.26549281841793,6.6052979209482015,0.0,5.4510384535657,2.6390573296152584,3.044522437723423,3.9318256327243257,15,1.3862943611198906,1.791759469228055,7,0.0,0.0,10,7,4,0.62,0.12516314295400602,1.0986122886681098
51,60093.0,1,2,735.0,3.6809533888415156,6.220590170099739,2.5649493574615367,4.700480365792417,2.833213344056216,1.9459101490553132,4.51085950651685,19,2.0794415416798357,1.0986122886681098,10,0.0,0.0,13,6,92,1.01,0.10008345855698253,1.0986122886681098
56,14045.0,1,2,20.0,1.791759469228055,2.4849066497880004,0.0,1.791759469228055,1.0986122886681098,0.6931471805599453,0.6931471805599453,4,0.6931471805599453,0.0,3,0.0,0.0,8,7,24,0.42,0.22314355131420976,0.6931471805599453
73,28457.0,0,1,205.0,3.168751437685632,3.2188758248682006,0.6931471805599453,4.6913478822291435,3.4011973816621555,3.4011973816621555,2.70805020110221,9,1.6094379124341003,0.6931471805599453,4,0.0,0.0,12,8,96,1.67,0.1053605156578263,0.6931471805599453
67,78952.0,1,2,2046.5,4.688688627670379,7.065613363597717,2.995732273553991,6.322565239927284,4.605170185988092,4.343805421853684,4.848116364598481,19,1.0986122886681098,1.791759469228055,12,0.0,0.0,8,6,11,1.76,0.10008345855698253,1.0986122886681098
49,46310.0,1,2,309.0,3.2865344733420154,5.225746673713202,1.0986122886681098,4.48863636973214,2.772588722239781,1.791759469228055,2.70805020110221,12,1.9459101490553132,0.6931471805599453,5,0.0,0.0,14,8,99,1.57,0.15415067982725827,1.0986122886681098
70,76005.0,0,1,1602.5,4.347817153819478,6.891625897052253,3.044522437723423,5.966146739123692,4.799914262780603,3.9318256327243257,3.713572066704308,21,1.3862943611198906,1.791759469228055,13,0.6931471805599453,0.0,9,6,72,1.35,0.04652001563489285,0.6931471805599453
61,58308.0,1,2,896.5,4.412798293340635,6.539585955617669,0.0,4.248495242049359,2.3978952727983707,0.0,4.848116364598481,11,1.0986122886681098,1.9459101490553132,3,0.0,0.0,10,8,77,1.46,0.31015492830383956,1.6094379124341003
81,55614.0,0,1,682.0,3.6080689078681494,6.22455842927536,2.6390573296152584,4.882801922586371,2.1972245773362196,0.0,3.295836866004329,19,2.302585092994046,1.6094379124341003,6,0.6931471805599453,0.0,16,7,85,0.59,0.051293294387550536,0.6931471805599453
63,59432.0,1,2,663.0,3.5805906786770216,5.762051382780177,3.258096538021482,5.583496308781699,3.258096538021482,2.995732273553991,2.5649493574615367,19,1.791759469228055,1.3862943611198906,11,0.0,0.0,10,5,88,1.21,0.1466034741918754,1.3862943611198906
47,55563.0,1,2,43.0,2.2617630984737906,3.4011973816621555,0.6931471805599453,2.302585092994046,1.0986122886681098,0.0,1.0986122886681098,5,1.0986122886681098,0.0,3,0.0,0.0,5,3,22,0.23,0.18232155679395465,0.6931471805599453
54,78642.0,1,2,1644.0,4.581961765557079,7.110696122978827,0.0,5.777652323222656,3.8501476017100584,3.58351893845611,2.8903717578961645,17,1.6094379124341003,2.302585092994046,4,0.0,0.0,10,6,83,1.19,0.05715841383994861,0.6931471805599453
76,67911.0,1,2,976.0,3.7297014486341915,6.272877006546167,0.0,5.877735781779639,4.1588830833596715,3.367295829986474,0.0,24,1.9459101490553132,2.0794415416798357,11,0.0,0.0,9,3,63,0.1,0.11778303565638346,1.3862943611198906
81,65275.0,0,1,746.0,3.6454498961866,5.963579343618446,2.70805020110221,5.389071729816501,4.5217885770490405,2.70805020110221,3.091042453358316,20,1.6094379124341003,1.3862943611198906,13,0.0,0.0,6,2,9,1.24,0.048790164169432,0.6931471805599453
75,27203.0,2,3,64.0,2.833213344056216,2.6390573296152584,1.0986122886681098,3.091042453358316,1.6094379124341003,0.0,3.2188758248682006,4,0.6931471805599453,0.6931471805599453,2,0.0,0.0,9,8,92,1.89,0.4054651081081644,1.0986122886681098
64,48330.0,1,2,32.0,2.1972245773362196,3.367295829986474,0.0,1.6094379124341003,0.0,0.0,0.0,4,0.6931471805599453,0.0,3,0.0,0.0,6,5,2,0.62,0.22314355131420976,0.6931471805599453
35,24279.0,0,1,263.0,3.522677279199865,2.833213344056216,3.6109179126442243,3.091042453358316,3.044522437723423,4.143134726391533,4.6913478822291435,8,1.6094379124341003,0.6931471805599453,3,0.0,0.0,12,8,6,1.5,0.11778303565638346,0.6931471805599453
40,64355.0,1,2,1418.5,4.3262217935050655,6.954638864880987,0.0,4.948759890378168,4.219507705176107,3.6635616461296463,4.848116364598481,19,1.6094379124341003,1.3862943611198906,12,0.0,0.0,12,8,66,1.85,0.10008345855698253,1.0986122886681098
69,50943.0,1,2,46.0,2.5257286443082556,3.4657359027997265,0.0,2.0794415416798357,1.0986122886681098,0.0,1.9459101490553132,4,0.6931471805599453,0.0,3,0.0,0.0,6,5,49,1.02,0.22314355131420976,0.6931471805599453
72,53653.0,0,1,1210.0,3.861539099996154,6.704414354964107,2.3978952727983707,5.480638923341991,3.367295829986474,2.3978952727983707,4.6913478822291435,26,2.3978952727983707,1.6094379124341003,12,0.0,0.0,16,6,29,1.64,0.07410797215372189,1.0986122886681098
49,65665.0,1,2,864.0,3.65235076638043,5.420534999272286,4.406719247264253,5.961005339623274,4.672828834461906,3.6109179126442243,3.4011973816621555,23,1.791759469228055,2.3978952727983707,8,0.0,0.0,8,3,77,0.57,0.04255961441879593,0.6931471805599453
36,81217.0,0,1,1131.5,4.00516633714738,6.202535517187923,4.2626798770413155,5.783825182329737,4.799914262780603,3.713572066704308,4.442651256490317,21,1.3862943611198906,2.0794415416798357,11,0.0,0.0,4,1,77,0.94,0.04652001563489285,0.6931471805599453
33,34935.0,0,1,137.0,3.0239031505206873,3.5553480614894135,1.6094379124341003,4.204692619390966,1.3862943611198906,2.3978952727983707,3.044522437723423,7,1.0986122886681098,0.6931471805599453,4,0.0,0.0,9,7,71,1.02,0.13353139262452263,0.6931471805599453
66,61250.0,1,2,673.0,3.595146976451229,5.948034989180646,4.406719247264253,4.189654742026425,4.110873864173311,3.295836866004329,4.0943445622221,19,1.791759469228055,1.0986122886681098,12,0.0,0.0,10,5,49,1.53,0.27443684570176025,1.9459101490553132
44,39665.0,1,2,216.0,3.2188758248682006,4.852030263919617,0.6931471805599453,4.04305126783455,0.0,0.6931471805599453,3.4657359027997265,9,1.6094379124341003,1.0986122886681098,3,0.6931471805599453,0.0,11,7,97,1.1,0.2876820724517809,1.3862943611198906
46,60152.0,1,2,941.0,3.7790109584398097,5.786897381366708,4.406719247264253,5.707110264748875,4.465908118654584,4.07753744390572,4.5217885770490405,22,1.9459101490553132,1.6094379124341003,12,0.0,0.0,9,3,6,1.25,0.04445176257083384,0.6931471805599453
61,48920.0,2,3,347.0,3.321154673988619,5.476463551931511,2.8903717578961645,4.23410650459726,2.1972245773362196,2.3978952727983707,1.9459101490553132,13,1.9459101490553132,1.0986122886681098,5,0.6931471805599453,0.0,13,7,93,0.69,0.2076393647782445,1.3862943611198906
66,89120.0,0,1,1865.0,4.650249770760988,7.063903961472068,4.406719247264253,6.013715156042802,4.290459441148391,4.406719247264253,4.02535169073515,18,1.791759469228055,1.9459101490553132,7,0.6931471805599453,0.0,6,1,78,0.28,0.054067221270275766,0.6931471805599453
79,44124.0,1,2,397.0,3.4512078022368167,5.652489180268651,0.0,4.02535169073515,0.0,1.9459101490553132,3.970291913552122,13,1.9459101490553132,1.0986122886681098,5,0.0,0.0,14,8,62,1.13,0.26826398659467937,1.6094379124341003
50,81169.0,0,1,1968.0,4.550864841130549,7.110696122978827,3.044522437723423,6.322565239927284,4.394449154672439,4.127134385045092,3.332204510175204,21,1.791759469228055,2.0794415416798357,9,0.0,0.0,7,2,47,1.21,0.04652001563489285,0.6931471805599453
64,36443.0,2,3,138.0,3.030823593365261,4.189654742026425,0.0,3.8501476017100584,1.6094379124341003,1.3862943611198906,3.044522437723423,7,1.3862943611198906,0.6931471805599453,3,0.0,0.0,11,8,9,1.4,0.4519851237430572,1.6094379124341003
35,26095.0,1,2,42.0,2.4423470353692043,2.4849066497880004,2.0794415416798357,2.302585092994046,1.3862943611198906,0.6931471805599453,2.4849066497880004,4,0.6931471805599453,0.0,3,0.0,0.0,8,7,77,1.0,0.22314355131420976,0.6931471805599453
66,71367.0,0,1,777.0,3.903234499395067,5.429345628954441,3.1780538303479458,5.966146739123692,3.7612001156935624,3.091042453358316,4.330733340286331,16,1.6094379124341003,1.791759469228055,7,0.0,0.0,6,2,24,0.85,0.06062462181643484,0.6931471805599453
81,80184.0,0,1,1735.0,4.525215193765688,6.943122422819428,4.406719247264253,6.322565239927284,3.258096538021482,3.6635616461296463,0.0,19,1.9459101490553132,1.3862943611198906,10,1.0986122886681098,0.0,9,3,19,0.33,0.051293294387550536,0.6931471805599453
60,30630.0,2,3,52.0,2.4336133554004498,3.332204510175204,0.6931471805599453,2.5649493574615367,1.0986122886681098,0.0,2.3978952727983707,5,1.0986122886681098,0.0,3,0.0,0.0,9,7,67,0.42,0.33647223662121295,1.0986122886681098
38,73454.0,0,1,1602.5,4.901873940410329,6.890609120147166,4.30406509320417,5.863631175598097,4.04305126783455,2.70805020110221,4.848116364598481,12,1.0986122886681098,1.6094379124341003,6,0.6931471805599453,0.0,7,5,95,0.33,0.08004270767353643,0.6931471805599453
34,42691.0,0,1,358.0,3.42859635585027,5.19295685089021,1.0986122886681098,4.174387269895637,3.6635616461296463,2.8903717578961645,4.07753744390572,12,1.791759469228055,0.6931471805599453,6,0.0,0.0,10,5,48,0.87,0.08004270767353643,0.6931471805599453
72,70503.0,0,1,1572.0,4.661550519424199,7.110696122978827,3.5263605246161616,5.37989735354046,0.0,3.5263605246161616,4.204692619390966,15,1.0986122886681098,1.6094379124341003,9,1.0986122886681098,0.0,8,6,73,1.74,0.06453852113757118,0.6931471805599453
38,25545.0,1,2,210.0,3.4339872044851463,3.4965075614664802,0.6931471805599453,4.174387269895637,2.833213344056216,2.5649493574615367,4.454347296253507,7,1.0986122886681098,1.0986122886681098,3,0.0,0.6931471805599453,8,6,35,1.8,0.35667494393873234,1.3862943611198906
39,32880.0,1,2,42.0,2.4423470353692043,2.1972245773362196,1.6094379124341003,2.772588722239781,2.0794415416798357,1.9459101490553132,1.0986122886681098,4,0.6931471805599453,0.0,3,0.0,0.0,9,8,76,1.57,0.22314355131420976,0.6931471805599453
67,77863.0,0,1,1291.0,4.233343437028757,6.782192056006791,3.6635616461296463,5.768320995793772,2.833213344056216,3.258096538021482,2.5649493574615367,19,1.6094379124341003,1.791759469228055,10,0.0,0.0,6,2,20,0.59,0.051293294387550536,0.6931471805599453
48,50353.0,0,1,442.0,3.4834354798991276,4.955827057601261,2.772588722239781,5.0369526024136295,4.219507705176107,3.4657359027997265,3.58351893845611,14,1.6094379124341003,1.6094379124341003,6,0.0,0.0,7,3,72,0.06,0.06899287148695145,0.6931471805599453
61,61839.0,0,1,1717.5,4.685309042885297,6.90875477931522,4.406719247264253,5.940171252720432,4.799914262780603,2.8903717578961645,4.795790545596741,16,1.6094379124341003,2.1972245773362196,4,0.0,0.0,12,8,20,1.88,0.06062462181643484,0.6931471805599453
65,49154.0,2,3,411.0,3.484784097770421,5.332718793265369,2.3978952727983707,4.219507705176107,3.4339872044851463,3.332204510175204,4.276666119016055,13,1.6094379124341003,0.6931471805599453,8,0.0,0.0,10,6,69,0.65,0.37948962170490375,1.9459101490553132
50,47682.0,1,2,521.0,3.576083959968592,5.093750200806762,4.127134385045092,4.430816798843313,4.584967478670572,4.060443010546419,4.127134385045092,15,1.6094379124341003,1.3862943611198906,8,0.0,0.0,9,5,80,1.37,0.2363887780642304,1.6094379124341003
56,72679.0,1,2,1161.5,4.298560103650791,6.429719478039138,4.007333185232471,5.564520407322694,4.799914262780603,4.007333185232471,4.007333185232471,16,1.6094379124341003,2.0794415416798357,5,0.0,0.0,5,1,65,0.78,0.06062462181643484,0.6931471805599453
48,57954.0,2,3,493.0,3.4598592943107414,6.124683390894205,1.6094379124341003,3.2188758248682006,0.0,0.0,2.302585092994046,16,2.1972245773362196,1.0986122886681098,6,0.6931471805599453,0.0,15,7,52,0.03,0.3629054936893685,2.0794415416798357
63,65316.0,2,3,260.0,3.295836866004329,4.727387818712341,1.9459101490553132,4.532599493153256,1.3862943611198906,2.302585092994046,3.6635616461296463,10,1.3862943611198906,1.0986122886681098,5,0.0,0.0,7,4,65,1.18,0.18232155679395465,1.0986122886681098
43,28567.0,1,2,46.0,2.322387720290225,2.4849066497880004,1.3862943611198906,3.1354942159291497,1.0986122886681098,1.0986122886681098,1.9459101490553132,5,1.0986122886681098,0.0,3,0.0,0.0,8,6,57,1.03,0.33647223662121295,1.0986122886681098
74,47352.0,1,2,319.0,3.3172117255890625,5.153291594497779,2.5649493574615367,4.727387818712341,2.1972245773362196,0.0,2.772588722239781,12,1.9459101490553132,0.6931471805599453,5,0.0,0.0,13,7,70,1.22,0.2876820724517809,1.6094379124341003
58,44931.0,1,2,96.0,2.833213344056216,4.3694478524670215,0.0,2.4849066497880004,0.0,0.0,2.0794415416798357,6,1.0986122886681098,0.6931471805599453,3,0.0,0.0,7,5,0,0.44,0.15415067982725827,0.6931471805599453
58,76982.0,0,1,992.0,4.206680691616352,6.142037405587356,4.406719247264253,5.680172609017068,4.189654742026425,4.110873864173311,3.4339872044851463,15,2.1972245773362196,1.3862943611198906,4,0.6931471805599453,0.6931471805599453,12,4,19,0.37,0.06453852113757118,0.6931471805599453
73,57247.0,1,2,232.0,3.186352633162641,4.605170185988092,1.6094379124341003,3.4965075614664802,3.6375861597263857,4.007333185232471,1.9459101490553132,10,1.0986122886681098,0.6931471805599453,7,0.0,0.0,4,2,50,0.89,0.18232155679395465,1.0986122886681098
44,22944.0,1,2,76.0,2.614959778036198,2.995732273553991,1.3862943611198906,2.995732273553991,1.6094379124341003,1.791759469228055,3.295836866004329,6,1.3862943611198906,0.0,3,0.0,0.0,10,7,67,0.51,0.4054651081081644,1.3862943611198906
48,25315.0,1,2,54.0,2.302585092994046,0.6931471805599453,2.302585092994046,2.1972245773362196,2.4849066497880004,1.3862943611198906,3.1354942159291497,6,1.3862943611198906,0.0,3,0.0,0.0,11,8,46,0.64,0.4054651081081644,1.3862943611198906
56,43638.0,1,2,201.0,3.1498829533812494,4.1588830833596715,2.3978952727983707,4.430816798843313,2.0794415416798357,2.995732273553991,2.995732273553991,9,1.6094379124341003,0.6931471805599453,4,0.0,0.0,11,7,37,1.89,0.20067069546215116,1.0986122886681098
41,42710.0,1,2,406.0,3.550574782736756,5.53338948872752,1.3862943611198906,3.7612001156935624,1.6094379124341003,1.3862943611198906,4.634728988229636,12,1.6094379124341003,1.791759469228055,3,0.0,0.0,10,6,38,1.58,0.15415067982725827,1.0986122886681098
43,84169.0,0,1,1665.0,4.484488215635832,7.110696122978827,2.995732273553991,6.0014148779611505,0.0,2.995732273553991,0.0,19,2.0794415416798357,1.9459101490553132,6,1.0986122886681098,0.6931471805599453,10,3,9,0.89,0.051293294387550536,0.6931471805599453
49,54058.0,1,2,635.0,3.5912053713802665,5.293304824724492,2.9444389791664403,5.53338948872752,3.4965075614664802,4.406719247264253,4.007333185232471,18,1.6094379124341003,1.9459101490553132,8,0.0,0.0,7,3,56,1.07,0.1053605156578263,1.0986122886681098
35,24683.0,1,2,41.0,2.0583881324820035,2.1972245773362196,1.6094379124341003,2.3978952727983707,1.9459101490553132,2.0794415416798357,1.9459101490553132,6,1.0986122886681098,0.0,4,0.0,0.0,7,5,98,0.31,0.2876820724517809,1.0986122886681098
61,85620.0,0,1,1205.0,4.540016090808305,6.0330862217988015,3.8501476017100584,6.322565239927284,4.110873864173311,4.406719247264253,3.8501476017100584,13,1.3862943611198906,1.9459101490553132,4,0.0,0.6931471805599453,4,1,68,0.47,0.07410797215372189,0.6931471805599453
45,47850.0,1,2,134.0,3.002849741322855,3.7612001156935624,2.0794415416798357,3.784189633918261,3.044522437723423,2.5649493574615367,2.3978952727983707,7,1.3862943611198906,0.0,4,0.0,0.0,9,6,72,0.57,0.13353139262452263,0.6931471805599453
57,19514.0,2,3,69.0,2.5257286443082556,2.70805020110221,1.3862943611198906,3.091042453358316,1.0986122886681098,0.6931471805599453,3.367295829986474,6,1.3862943611198906,0.6931471805599453,2,0.6931471805599453,0.6931471805599453,11,8,47,0.42,0.5108256237659907,1.6094379124341003
52,27159.0,2,3,21.0,1.8325814637483102,2.8903717578961645,0.0,1.3862943611198906,0.0,0.0,0.6931471805599453,4,0.6931471805599453,0.0,3,0.0,0.0,7,6,33,0.25,0.4054651081081644,1.0986122886681098
62,39548.0,2,3,54.0,2.468099531471619,2.772588722239781,1.6094379124341003,2.3978952727983707,1.3862943611198906,1.6094379124341003,2.9444389791664403,5,0.6931471805599453,0.6931471805599453,3,0.0,0.0,4,3,87,0.25,0.33647223662121295,1.0986122886681098
36,21474.0,1,2,91.0,2.782951509275328,1.9459101490553132,2.833213344056216,3.2188758248682006,2.4849066497880004,0.0,3.5553480614894135,6,1.3862943611198906,0.6931471805599453,2,0.6931471805599453,0.6931471805599453,10,7,0,0.22,0.2876820724517809,1.0986122886681098
54,60504.0,1,2,526.0,3.522677279199865,6.129050210060545,0.0,3.2188758248682006,1.9459101490553132,1.6094379124341003,3.5553480614894135,16,1.9459101490553132,1.0986122886681098,8,0.0,0.0,12,6,73,0.39,0.11778303565638346,1.0986122886681098
62,22419.0,0,1,162.0,3.18398856586776,3.4339872044851463,1.3862943611198906,3.871201010907891,2.995732273553991,3.091042453358316,3.7612001156935624,7,1.3862943611198906,1.0986122886681098,2,0.0,0.0,11,8,74,1.2,0.13353139262452263,0.6931471805599453
76,81698.0,0,1,966.0,3.71965111278069,5.19295685089021,3.367295829986474,6.255750041753367,4.718498871295094,4.406719247264253,3.871201010907891,24,1.3862943611198906,2.1972245773362196,13,0.0,0.6931471805599453,4,1,4,0.64,0.040821994520255124,0.6931471805599453
73,43462.0,2,3,240.0,3.2188758248682006,4.51085950651685,2.8903717578961645,4.584967478670572,2.772588722239781,1.9459101490553132,2.772588722239781,10,1.6094379124341003,0.6931471805599453,5,0.0,0.0,12,8,50,1.79,0.4700036292457356,1.9459101490553132
47,54880.0,1,2,791.0,3.752595268500044,5.733341276897746,4.406719247264253,4.927253685157205,4.634728988229636,3.828641396489095,4.77912349311153,19,1.9459101490553132,1.0986122886681098,11,0.0,0.0,11,5,57,1.33,0.10008345855698253,1.0986122886681098
43,79908.0,0,1,1415.0,4.3771536699320075,6.324358962381311,4.406719247264253,6.322565239927284,3.4011973816621555,4.406719247264253,4.718498871295094,18,1.791759469228055,1.9459101490553132,7,0.6931471805599453,0.0,7,2,30,1.23,0.054067221270275766,0.6931471805599453
55,15315.0,0,1,64.0,2.456735772821304,2.0794415416798357,1.6094379124341003,2.6390573296152584,2.772588722239781,2.1972245773362196,2.8903717578961645,6,1.0986122886681098,0.0,4,0.0,0.0,7,5,27,0.9,0.2876820724517809,1.0986122886681098
66,87771.0,1,2,1689.0,4.4986393951820745,7.110696122978827,3.6635616461296463,5.662960480135946,3.9318256327243257,4.060443010546419,3.5263605246161616,19,1.791759469228055,2.3978952727983707,4,1.6094379124341003,0.6931471805599453,11,6,61,1.1,0.051293294387550536,0.6931471805599453
47,33039.0,1,2,78.0,2.6390573296152584,3.4339872044851463,2.1972245773362196,2.5649493574615367,2.1972245773362196,2.1972245773362196,2.5649493574615367,6,1.0986122886681098,0.0,4,0.0,0.0,7,5,4,0.8,0.15415067982725827,0.6931471805599453
45,81741.0,0,1,1063.0,4.042127480239986,5.521460917862246,4.406719247264253,6.322565239927284,4.07753744390572,4.406719247264253,3.6635616461296463,19,1.9459101490553132,1.9459101490553132,7,0.0,0.0,8,2,75,1.03,0.0,0.0
54,71499.0,1,2,779.5,3.5109233548296217,6.144185634125646,3.258096538021482,4.890349128221754,4.799914262780603,0.0,3.6375861597263857,24,2.1972245773362196,1.3862943611198906,13,0.0,0.0,12,4,12,1.01,0.08004270767353643,1.0986122886681098
55,62466.0,1,2,753.5,3.6076952221335,4.867534450455582,4.406719247264253,5.560681631015528,4.799914262780603,4.406719247264253,4.430816798843313,21,1.9459101490553132,1.3862943611198906,12,0.0,0.0,10,4,13,0.45,0.21357410029805904,1.791759469228055
62,48799.0,1,2,331.0,3.3528237973779396,5.1647859739235145,2.9444389791664403,4.406719247264253,3.367295829986474,1.9459101490553132,3.2188758248682006,12,1.3862943611198906,1.0986122886681098,7,0.0,0.0,6,3,9,0.65,0.22314355131420976,1.3862943611198906
75,52157.0,1,2,265.0,3.3141860046725258,5.247024072160486,1.0986122886681098,3.4011973816621555,1.3862943611198906,1.0986122886681098,3.713572066704308,10,1.3862943611198906,1.0986122886681098,5,0.0,0.0,7,4,48,0.06,0.18232155679395465,1.0986122886681098
63,66565.0,1,2,1065.0,4.276666119016055,6.617402977974478,2.3978952727983707,5.087596335232384,4.189654742026425,3.713572066704308,3.7612001156935624,15,1.6094379124341003,1.0986122886681098,9,0.0,0.0,12,8,80,1.56,0.2363887780642304,1.6094379124341003
74,29298.0,2,3,11.0,1.5404450409471488,1.9459101490553132,0.0,1.0986122886681098,1.0986122886681098,0.0,0.6931471805599453,3,0.6931471805599453,0.0,2,0.0,0.0,6,5,60,0.81,0.2876820724517809,0.6931471805599453
46,47691.0,1,2,21.0,2.0794415416798357,2.70805020110221,0.0,1.3862943611198906,0.0,0.0,1.6094379124341003,3,0.6931471805599453,0.0,2,0.0,0.0,7,6,43,0.98,0.2876820724517809,0.6931471805599453
55,38200.0,2,3,17.0,1.8971199848858813,2.5649493574615367,0.0,1.6094379124341003,0.0,0.0,0.6931471805599453,3,0.6931471805599453,0.0,2,0.0,0.0,8,7,19,1.56,0.2876820724517809,0.6931471805599453
51,44989.0,1,2,369.0,3.542275979922061,4.59511985013459,0.0,4.672828834461906,3.912023005428146,2.3978952727983707,4.672828834461906,11,1.791759469228055,0.6931471805599453,5,0.0,0.0,11,6,26,1.79,0.37469344944141064,1.791759469228055
57,38443.0,2,3,38.0,2.3513752571634776,3.4965075614664802,0.0,1.791759469228055,0.0,0.0,0.6931471805599453,4,0.6931471805599453,0.0,3,0.0,0.0,8,7,58,0.42,0.4054651081081644,1.0986122886681098
47,38593.0,1,2,177.0,3.140914283398489,3.9512437185814275,2.5649493574615367,3.912023005428146,2.8903717578961645,3.2188758248682006,3.2188758248682006,8,1.6094379124341003,0.6931471805599453,3,0.0,0.0,12,8,42,0.79,0.3184537311185346,1.3862943611198906
55,64413.0,1,2,279.0,3.2719856501821494,5.303304908059076,1.791759469228055,3.8066624897703196,0.0,2.3978952727983707,3.044522437723423,11,1.791759469228055,0.6931471805599453,5,0.0,0.0,10,5,27,0.91,0.08701137698962977,0.6931471805599453
44,36959.0,1,2,62.0,2.5952547069568657,3.258096538021482,1.9459101490553132,3.258096538021482,1.9459101490553132,0.0,0.0,5,1.0986122886681098,0.0,3,0.0,0.0,10,8,56,0.74,0.33647223662121295,1.0986122886681098
48,61996.0,1,2,1230.0,4.238925791033208,6.957497370876951,2.5649493574615367,4.976733742420574,0.0,0.0,3.2188758248682006,18,1.9459101490553132,1.6094379124341003,8,1.3862943611198906,0.6931471805599453,11,5,27,1.41,0.15415067982725827,1.3862943611198906
57,51287.0,2,3,182.0,3.1675825304806504,4.770684624465665,0.0,3.1354942159291497,2.6390573296152584,0.0,3.4339872044851463,8,1.6094379124341003,0.6931471805599453,3,0.0,0.0,11,7,10,0.24,0.3184537311185346,1.3862943611198906
55,13260.0,2,3,49.0,2.2155737160044158,2.302585092994046,1.6094379124341003,2.8903717578961645,2.3978952727983707,1.0986122886681098,2.0794415416798357,6,1.3862943611198906,0.0,3,0.0,0.0,11,8,48,0.85,0.5108256237659907,1.6094379124341003
59,47472.0,2,3,75.0,2.6026896854443837,4.04305126783455,0.0,2.4849066497880004,0.0,0.0,2.1972245773362196,6,1.0986122886681098,0.0,4,0.0,0.0,7,5,39,0.78,0.2876820724517809,1.0986122886681098
69,54603.0,2,3,227.0,3.1654750481410856,4.983606621708336,2.6390573296152584,3.8501476017100584,2.8903717578961645,1.0986122886681098,1.6094379124341003,10,1.6094379124341003,1.0986122886681098,4,0.0,0.0,11,7,85,0.97,0.4700036292457356,1.9459101490553132
51,45207.0,2,3,215.0,3.1135153092103742,5.318119993844216,0.0,2.3978952727983707,0.0,0.0,1.0986122886681098,10,1.3862943611198906,0.6931471805599453,6,0.6931471805599453,0.0,9,6,64,1.63,0.4054651081081644,1.791759469228055
74,40689.0,1,2,444.0,3.559734033432668,5.602118820879701,1.3862943611198906,3.332204510175204,3.6888794541139363,1.9459101490553132,4.605170185988092,13,2.0794415416798357,0.6931471805599453,5,0.0,0.0,15,8,69,1.28,0.4307829160924542,2.0794415416798357
58,47821.0,2,3,47.0,2.545531271604435,2.302585092994046,0.0,2.833213344056216,1.9459101490553132,1.9459101490553132,2.3978952727983707,4,0.6931471805599453,0.0,3,0.0,0.0,9,8,54,0.69,0.22314355131420976,0.6931471805599453
74,27450.0,0,1,143.0,3.2121868367174042,3.6375861597263857,2.5649493574615367,3.1780538303479458,2.1972245773362196,2.4849066497880004,3.970291913552122,6,1.0986122886681098,0.6931471805599453,3,0.0,0.0,9,7,57,1.2,0.15415067982725827,0.6931471805599453
42,39453.0,1,2,55.0,2.4849066497880004,3.8501476017100584,0.0,2.0794415416798357,0.0,0.0,1.0986122886681098,5,1.0986122886681098,0.0,3,0.0,0.0,8,6,64,0.24,0.33647223662121295,1.0986122886681098
54,26850.0,2,3,63.0,2.302585092994046,3.4657359027997265,0.6931471805599453,2.6390573296152584,2.0794415416798357,1.0986122886681098,2.302585092994046,7,1.0986122886681098,0.6931471805599453,4,0.0,0.0,6,4,10,0.2,0.4519851237430572,1.6094379124341003
70,79800.0,0,1,1769.5,4.445727751715064,6.966967138613983,3.091042453358316,6.274762021241939,3.4965075614664802,0.0,4.848116364598481,21,1.791759469228055,2.4849066497880004,5,1.3862943611198906,0.6931471805599453,8,3,65,1.76,0.04652001563489285,0.6931471805599453
64,61794.0,1,2,611.0,3.553759498804276,5.579729825986222,3.871201010907891,5.241747015059643,4.007333185232471,3.871201010907891,2.4849066497880004,18,1.6094379124341003,1.6094379124341003,10,0.0,0.0,6,2,74,0.79,0.1053605156578263,1.0986122886681098
70,53863.0,1,2,473.0,3.482265204750937,5.991464547107982,1.6094379124341003,3.4339872044851463,1.9459101490553132,1.6094379124341003,3.4339872044851463,15,2.0794415416798357,0.6931471805599453,7,0.6931471805599453,0.0,14,7,4,0.12,0.18232155679395465,1.3862943611198906
66,24221.0,0,1,55.0,2.4849066497880004,2.1972245773362196,2.302585092994046,2.302585092994046,1.0986122886681098,1.791759469228055,3.1354942159291497,5,0.6931471805599453,0.6931471805599453,3,0.0,0.0,5,4,94,0.86,0.18232155679395465,0.6931471805599453
41,39684.0,1,2,81.0,2.8449093838194073,2.995732273553991,0.0,3.58351893845611,1.9459101490553132,1.6094379124341003,2.8903717578961645,5,1.0986122886681098,0.6931471805599453,2,0.0,0.6931471805599453,9,7,41,1.71,0.33647223662121295,1.0986122886681098
50,92163.0,0,1,1661.0,4.38321640280947,6.706862336602747,4.406719247264253,6.322565239927284,4.672828834461906,4.406719247264253,3.044522437723423,21,1.791759469228055,2.4849066497880004,5,1.0986122886681098,0.6931471805599453,7,2,25,1.54,0.0,0.0
60,69882.0,0,1,1257.0,4.207046484738295,5.680172609017068,4.406719247264253,6.322565239927284,4.799914262780603,4.406719247264253,4.848116364598481,19,1.3862943611198906,2.0794415416798357,9,0.0,0.0,4,1,94,0.63,0.051293294387550536,0.6931471805599453
48,33178.0,1,2,49.0,2.583997552432231,2.5649493574615367,1.9459101490553132,1.0986122886681098,2.4849066497880004,1.0986122886681098,2.833213344056216,4,0.6931471805599453,0.0,3,0.0,0.0,5,4,9,0.41,0.22314355131420976,0.6931471805599453
53,59973.0,0,1,382.0,3.3423568816392217,4.875197323201151,3.4339872044851463,5.1298987149230735,3.044522437723423,3.5553480614894135,0.0,14,1.3862943611198906,1.6094379124341003,7,0.0,0.0,4,1,47,0.8,0.06899287148695145,0.6931471805599453
50,17459.0,1,2,69.0,2.5257286443082556,1.9459101490553132,1.6094379124341003,2.833213344056216,1.3862943611198906,2.3978952727983707,3.4339872044851463,6,1.3862943611198906,0.6931471805599453,2,0.0,0.6931471805599453,10,7,12,0.77,0.4054651081081644,1.3862943611198906
56,23910.0,1,2,67.0,2.667228206581955,2.833213344056216,2.5649493574615367,2.9444389791664403,2.0794415416798357,0.6931471805599453,2.6390573296152584,5,1.0986122886681098,0.0,3,0.0,0.0,9,7,80,1.67,0.18232155679395465,0.6931471805599453
56,42169.0,2,3,30.0,2.1400661634962708,2.995732273553991,0.0,2.302585092994046,0.0,0.0,1.0986122886681098,4,0.6931471805599453,0.0,3,0.0,0.0,9,8,20,0.69,0.4054651081081644,1.0986122886681098
47,26224.0,1,2,63.0,2.4423470353692043,1.6094379124341003,2.0794415416798357,2.772588722239781,2.6390573296152584,2.302585092994046,2.772588722239781,6,1.0986122886681098,0.6931471805599453,3,0.0,0.0,8,6,39,1.07,0.4054651081081644,1.3862943611198906
44,31089.0,1,2,79.0,2.5084371471981943,3.4657359027997265,1.3862943611198906,3.4657359027997265,1.0986122886681098,2.1972245773362196,1.6094379124341003,7,1.3862943611198906,0.0,4,0.0,0.0,11,8,57,1.86,0.35667494393873234,1.3862943611198906
64,30081.0,1,2,42.0,2.4423470353692043,3.6109179126442243,0.0,1.0986122886681098,0.0,0.0,1.6094379124341003,4,0.6931471805599453,0.0,3,0.0,0.0,8,7,27,1.35,0.22314355131420976,0.6931471805599453
65,62807.0,1,2,819.0,3.7364784329132155,6.267200548541362,3.367295829986474,4.912654885736052,2.3978952727983707,3.091042453358316,4.605170185988092,20,1.791759469228055,1.3862943611198906,12,0.0,0.0,10,5,83,1.83,0.1397619423751587,1.3862943611198906
70,72906.0,0,1,1151.0,4.289602910046775,5.993961427306569,3.4965075614664802,6.253828811575473,4.276666119016055,4.330733340286331,4.007333185232471,16,1.3862943611198906,1.6094379124341003,9,0.0,0.0,4,1,79,0.78,0.06062462181643484,0.6931471805599453
77,61467.0,2,3,594.0,3.581883615115379,6.018593214496234,2.833213344056216,4.74493212836325,0.0,1.791759469228055,3.912023005428146,17,1.791759469228055,1.0986122886681098,10,0.0,0.0,10,5,69,1.55,0.1625189294977749,1.3862943611198906
59,49618.0,2,3,129.0,2.9667447366807385,4.394449154672439,1.3862943611198906,3.295836866004329,1.6094379124341003,1.0986122886681098,2.70805020110221,7,1.3862943611198906,0.6931471805599453,3,0.0,0.0,10,7,77,1.42,0.4519851237430572,1.6094379124341003
39,21888.0,1,2,213.0,3.3187211598379167,4.48863636973214,2.3978952727983707,3.8501476017100584,1.0986122886681098,1.3862943611198906,4.174387269895637,8,1.791759469228055,0.6931471805599453,2,0.0,0.6931471805599453,15,10,15,1.5,0.4054651081081644,1.6094379124341003
52,42429.0,1,2,67.0,2.667228206581955,4.02535169073515,0.0,1.9459101490553132,1.0986122886681098,0.0,1.6094379124341003,5,0.6931471805599453,0.6931471805599453,3,0.0,0.0,6,5,99,0.38,0.33647223662121295,1.0986122886681098
69,26150.0,3,4,28.0,2.0794415416798357,1.791759469228055,0.6931471805599453,2.6390573296152584,1.3862943611198906,1.791759469228055,0.6931471805599453,4,0.6931471805599453,0.0,3,0.0,0.0,8,7,61,1.3,0.22314355131420976,0.6931471805599453
50,30801.0,1,2,45.0,2.505525936990736,2.1972245773362196,1.6094379124341003,1.791759469228055,2.772588722239781,1.0986122886681098,2.4849066497880004,4,0.6931471805599453,0.0,3,0.0,0.0,8,7,23,1.67,0.4054651081081644,1.0986122886681098
60,81168.0,0,1,1130.5,4.212127597878484,6.018593214496234,0.0,6.322565239927284,4.799914262780603,3.1354942159291497,3.1354942159291497,17,1.9459101490553132,1.6094379124341003,7,0.6931471805599453,0.0,9,3,84,0.15,0.05715841383994861,0.6931471805599453
56,26877.0,0,1,268.0,3.3250360206965914,4.624972813284271,2.6390573296152584,4.343805421853684,3.044522437723423,2.9444389791664403,3.713572066704308,10,1.3862943611198906,0.6931471805599453,6,0.0,0.0,9,6,74,0.86,0.18232155679395465,1.0986122886681098
81,45006.0,0,1,266.0,3.226122233388968,5.093750200806762,3.258096538021482,3.9889840465642745,2.833213344056216,0.0,2.3978952727983707,11,1.3862943611198906,0.6931471805599453,7,0.0,0.0,6,3,90,0.95,0.08701137698962977,0.6931471805599453
52,18978.0,1,2,37.0,2.327277705584417,1.0986122886681098,2.1972245773362196,0.6931471805599453,1.6094379124341003,2.0794415416798357,2.772588722239781,4,0.6931471805599453,0.0,3,0.0,0.0,9,8,41,1.55,0.22314355131420976,0.6931471805599453
58,22574.0,3,4,37.0,2.128231705849268,3.258096538021482,0.0,2.1972245773362196,1.0986122886681098,0.0,1.0986122886681098,5,1.0986122886681098,0.0,3,0.0,0.0,9,7,28,0.67,0.33647223662121295,1.0986122886681098
56,48240.0,0,1,872.0,3.704663321815198,5.966146739123692,4.406719247264253,5.517452896464707,4.174387269895637,3.912023005428146,3.7376696182833684,22,1.9459101490553132,1.3862943611198906,13,0.0,0.6931471805599453,11,5,73,1.63,0.1278333715098849,1.3862943611198906
51,45837.0,2,3,373.0,3.3908880120032943,5.375278407684165,2.6390573296152584,4.477336814478207,2.8903717578961645,2.8903717578961645,3.2188758248682006,13,1.9459101490553132,1.0986122886681098,5,0.0,0.0,13,7,88,0.93,0.325422400434628,1.791759469228055
60,35791.0,3,4,35.0,2.277267285009756,3.332204510175204,0.0,1.791759469228055,0.0,0.0,1.3862943611198906,4,0.6931471805599453,0.0,3,0.0,0.0,9,8,94,1.15,0.4054651081081644,1.0986122886681098
49,117418.0,2,3,107.0,4.68213122712422,4.454347296253507,0.6931471805599453,2.833213344056216,1.0986122886681098,0.6931471805599453,1.0986122886681098,1,0.0,0.0,1,0.0,0.0,1,1,31,1.07,0.0,0.0
47,54162.0,2,3,42.0,2.4423470353692043,1.791759469228055,1.9459101490553132,2.3978952727983707,1.9459101490553132,1.791759469228055,2.3978952727983707,4,0.6931471805599453,0.0,3,0.0,0.0,5,4,31,1.28,0.22314355131420976,0.6931471805599453
65,30522.0,1,2,326.0,3.3381392456950185,5.19295685089021,2.1972245773362196,4.430816798843313,2.995732273553991,2.4849066497880004,3.295836866004329,12,0.6931471805599453,1.0986122886681098,9,0.0,0.0,3,2,6,1.86,0.34830669426821576,1.791759469228055
64,54456.0,1,2,404.0,3.396424102909498,5.8664680569332965,0.0,3.332204510175204,2.3978952727983707,0.0,2.772588722239781,14,1.9459101490553132,0.6931471805599453,7,0.0,0.0,12,6,23,0.97,0.19415601444095745,1.3862943611198906
54,31632.0,0,1,95.0,2.995732273553991,2.8903717578961645,2.1972245773362196,2.5649493574615367,2.4849066497880004,2.772588722239781,3.4965075614664802,5,1.0986122886681098,0.6931471805599453,2,0.0,0.0,9,7,92,0.96,0.18232155679395465,0.6931471805599453
76,72298.0,0,1,939.0,4.293615677329829,6.439350371100098,3.58351893845611,5.135798437050262,4.07753744390572,2.8903717578961645,3.58351893845611,13,1.6094379124341003,1.3862943611198906,6,1.0986122886681098,0.0,5,1,52,0.3,0.07410797215372189,0.6931471805599453
47,36975.0,1,2,33.0,2.224623551524334,2.3978952727983707,1.9459101490553132,2.4849066497880004,0.0,1.6094379124341003,1.0986122886681098,4,0.6931471805599453,0.0,3,0.0,0.0,8,7,50,0.5,0.22314355131420976,0.6931471805599453
70,72635.0,0,1,981.0,3.9130225057612296,5.968707559985366,3.1354942159291497,5.780743515792329,4.653960350157523,3.58351893845611,4.68213122712422,20,1.9459101490553132,2.1972245773362196,6,0.6931471805599453,0.0,9,3,54,1.07,0.048790164169432,0.6931471805599453
49,13624.0,1,2,36.0,2.1041341542702074,2.3978952727983707,1.0986122886681098,2.772588722239781,1.0986122886681098,0.6931471805599453,1.9459101490553132,5,1.0986122886681098,0.0,3,0.0,0.0,8,6,93,1.44,0.33647223662121295,1.0986122886681098
50,84196.0,1,2,1063.0,4.042127480239986,5.375278407684165,4.1588830833596715,6.230481447578482,4.799914262780603,3.4657359027997265,4.848116364598481,19,2.1972245773362196,1.6094379124341003,7,0.0,0.0,11,3,56,1.07,0.051293294387550536,0.6931471805599453
65,70971.0,1,2,1765.0,4.195250727530547,6.90975328164481,2.8903717578961645,6.322565239927284,4.543294782270004,4.406719247264253,2.8903717578961645,27,2.4849066497880004,2.4849066497880004,5,0.0,0.6931471805599453,18,7,28,1.77,0.2305236586118323,2.0794415416798357
48,34487.0,2,3,103.0,2.899588413001089,2.995732273553991,2.9444389791664403,3.5263605246161616,3.2188758248682006,0.6931471805599453,2.1972245773362196,6,1.3862943611198906,0.0,3,0.0,0.0,12,9,94,1.81,0.4054651081081644,1.3862943611198906
48,28769.0,1,2,191.0,3.101092789211817,3.7376696182833684,1.791759469228055,4.867534450455582,2.3978952727983707,1.3862943611198906,1.3862943611198906,9,1.6094379124341003,0.6931471805599453,4,0.0,0.0,13,9,76,1.53,0.2876820724517809,1.3862943611198906
55,69084.0,1,2,1560.0,4.231582843951863,7.074963197966044,4.406719247264253,5.298317366548036,3.6888794541139363,3.4339872044851463,3.4339872044851463,23,2.0794415416798357,1.3862943611198906,13,0.0,0.0,15,8,43,0.61,0.08338160893905106,1.0986122886681098
67,65488.0,0,1,963.0,4.318513228951556,6.403574197934815,3.828641396489095,5.337538079701318,3.6109179126442243,2.9444389791664403,4.007333185232471,13,1.3862943611198906,1.6094379124341003,6,0.0,0.0,4,1,46,0.04,0.07410797215372189,0.6931471805599453
55,62466.0,1,2,753.5,3.6076952221335,4.867534450455582,4.406719247264253,5.560681631015528,4.799914262780603,4.406719247264253,4.430816798843313,21,1.9459101490553132,1.3862943611198906,12,0.0,0.0,10,4,13,0.45,0.21357410029805904,1.791759469228055
65,32218.0,0,1,93.0,2.803360380906535,2.3978952727983707,3.2188758248682006,2.772588722239781,2.6390573296152584,0.6931471805599453,3.4339872044851463,6,1.0986122886681098,0.6931471805599453,3,0.6931471805599453,0.6931471805599453,9,7,27,0.37,0.15415067982725827,0.6931471805599453
52,83917.0,0,1,1294.0,4.185098925490565,6.244166900663736,3.1354942159291497,6.322565239927284,3.7612001156935624,4.406719247264253,4.382026634673881,20,1.9459101490553132,2.0794415416798357,7,0.0,0.6931471805599453,9,3,12,1.2,0.048790164169432,0.6931471805599453
63,46102.0,3,4,16.0,1.8458266904983307,2.70805020110221,0.0,0.6931471805599453,0.0,0.0,0.6931471805599453,3,0.6931471805599453,0.0,2,0.0,0.0,8,7,3,0.3,0.2876820724517809,0.6931471805599453
73,84574.0,0,1,1181.5,3.6664524183264917,5.961005339623274,3.044522437723423,6.322565239927284,3.6635616461296463,4.007333185232471,4.848116364598481,31,2.302585092994046,2.4849066497880004,11,0.0,0.0,14,5,72,1.07,0.0317486983145803,0.6931471805599453
63,56181.0,1,2,371.0,3.38569319512619,4.804021044733257,4.406719247264253,4.248495242049359,2.1972245773362196,3.8066624897703196,3.8918202981106265,13,1.6094379124341003,1.0986122886681098,7,0.0,0.0,8,4,6,1.47,0.07410797215372189,0.6931471805599453
75,63120.0,1,2,1477.0,4.267363726353742,6.873163834212518,4.248495242049359,5.634789603169249,4.007333185232471,3.7376696182833684,4.248495242049359,21,2.1972245773362196,1.6094379124341003,9,0.0,0.6931471805599453,15,7,53,1.75,0.21357410029805904,1.791759469228055
54,73691.0,1,2,1179.0,4.31331274212583,6.56244409369372,3.091042453358316,5.5254529391317835,4.454347296253507,3.784189633918261,4.30406509320417,16,1.9459101490553132,1.0986122886681098,8,0.6931471805599453,0.0,8,2,58,0.64,0.11778303565638346,1.0986122886681098
65,63381.0,1,2,972.5,3.811197644935711,6.349138991379798,3.9318256327243257,4.962844630259907,3.5263605246161616,3.9318256327243257,4.848116364598481,22,1.6094379124341003,1.791759469228055,13,0.0,0.0,6,2,78,1.73,0.16705408466316618,1.6094379124341003
77,76140.0,0,1,1251.0,4.151826997635463,6.375024819828097,4.204692619390966,6.322565239927284,2.8903717578961645,0.0,3.295836866004329,20,1.791759469228055,2.302585092994046,6,0.0,0.0,7,2,57,0.13,0.048790164169432,0.6931471805599453
66,62859.0,1,2,1299.0,4.239431735896012,6.96979066990159,4.406719247264253,4.634728988229636,2.833213344056216,2.5649493574615367,3.258096538021482,19,2.302585092994046,1.6094379124341003,6,0.0,0.0,15,6,37,1.49,0.19105523676270922,1.6094379124341003
61,45906.0,1,2,468.5,3.6119568737766437,5.723585101952381,1.3862943611198906,3.332204510175204,1.6094379124341003,1.3862943611198906,4.848116364598481,13,1.791759469228055,1.6094379124341003,4,0.6931471805599453,0.0,10,5,20,1.14,0.14310084364067333,1.0986122886681098
78,77632.0,0,1,2005.5,5.124707750356103,7.0909098220799835,4.406719247264253,6.322565239927284,0.0,3.7612001156935624,4.848116364598481,12,1.6094379124341003,1.0986122886681098,6,1.0986122886681098,0.6931471805599453,6,2,73,1.3,0.08004270767353643,0.6931471805599453
54,46463.0,2,3,235.0,3.1986731175506815,5.099866427824199,1.0986122886681098,3.713572066704308,2.1972245773362196,2.4849066497880004,2.4849066497880004,10,1.3862943611198906,0.6931471805599453,6,0.0,0.0,9,6,56,0.86,0.5306282510621704,2.0794415416798357
55,105471.0,0,1,1462.0,3.906675399101551,6.917705609835305,4.406719247264253,4.653960350157523,4.799914262780603,3.091042453358316,4.848116364598481,30,2.302585092994046,2.1972245773362196,13,1.0986122886681098,0.6931471805599453,12,3,36,1.43,0.0,0.0
55,55282.0,1,2,235.0,3.1986731175506815,4.836281906951478,1.9459101490553132,4.30406509320417,2.1972245773362196,1.6094379124341003,2.995732273553991,10,1.3862943611198906,0.6931471805599453,6,0.0,0.0,7,4,9,0.54,0.09531017980432487,0.6931471805599453
48,78710.0,1,2,1092.0,3.799525974201,6.582025138892826,0.0,5.030437921392435,4.787491742782046,3.9318256327243257,3.9318256327243257,25,2.0794415416798357,1.9459101490553132,12,0.0,0.0,11,4,42,0.1,0.11332868530700317,1.3862943611198906
67,66886.0,1,2,579.5,3.6796705150286266,5.755742213586912,1.6094379124341003,4.143134726391533,3.7376696182833684,3.4657359027997265,4.848116364598481,15,2.0794415416798357,0.6931471805599453,7,0.0,0.0,12,5,28,0.78,0.12516314295400602,1.0986122886681098
65,98777.0,0,1,1814.5,4.56954300834494,6.90875477931522,2.995732273553991,6.322565239927284,4.799914262780603,4.406719247264253,3.6635616461296463,19,1.6094379124341003,1.9459101490553132,9,0.6931471805599453,0.0,5,1,23,0.36,0.0,0.0
40,29103.0,1,2,48.0,2.5649493574615367,2.833213344056216,0.0,2.8903717578961645,1.9459101490553132,1.3862943611198906,1.9459101490553132,4,0.6931471805599453,0.0,3,0.0,0.0,10,9,38,1.84,0.4054651081081644,1.0986122886681098
51,67445.0,1,2,1174.0,3.7950729560756544,6.630683385642372,4.394449154672439,5.384495062789089,3.4011973816621555,4.394449154672439,2.4849066497880004,27,2.302585092994046,1.9459101490553132,12,0.0,0.0,15,6,63,1.88,0.16989903679539747,1.791759469228055
75,50616.0,1,2,67.0,2.498699971920336,3.4339872044851463,1.0986122886681098,3.258096538021482,0.0,0.6931471805599453,2.302585092994046,6,0.6931471805599453,0.6931471805599453,4,0.0,0.0,3,2,71,0.21,0.15415067982725827,0.6931471805599453
70,49431.0,1,2,365.0,3.369944838158051,5.393627546352362,1.3862943611198906,4.61512051684126,3.295836866004329,0.0,2.8903717578961645,13,2.0794415416798357,0.6931471805599453,5,0.0,0.0,15,8,9,1.9,0.14310084364067333,1.0986122886681098
50,117418.0,0,1,6.0,0.0,0.6931471805599453,0.6931471805599453,0.6931471805599453,0.6931471805599453,0.6931471805599453,0.6931471805599453,0,0.0,0.0,0,0.0,0.0,0,0,81,0.39,0.0,0.0
72,61278.0,1,2,165.0,3.073850052817943,4.718498871295094,1.3862943611198906,3.367295829986474,1.0986122886681098,1.9459101490553132,2.772588722239781,8,1.3862943611198906,0.6931471805599453,4,0.0,0.0,9,6,87,0.48,0.22314355131420976,1.0986122886681098
67,26490.0,0,1,210.0,3.1918471524802814,3.828641396489095,3.871201010907891,3.970291913552122,3.091042453358316,3.044522437723423,3.258096538021482,9,1.3862943611198906,0.6931471805599453,5,0.0,0.0,9,6,92,1.77,0.20067069546215116,1.0986122886681098
78,73059.0,1,2,1063.0,3.773220602547687,6.018593214496234,4.406719247264253,6.042632833682381,0.0,4.406719247264253,4.276666119016055,25,2.302585092994046,1.3862943611198906,13,0.0,0.0,13,4,36,0.83,0.039220713153281295,0.6931471805599453
59,46734.0,3,4,223.0,3.3629761688419575,4.61512051684126,0.6931471805599453,3.6888794541139363,1.9459101490553132,0.6931471805599453,4.343805421853684,8,1.3862943611198906,1.0986122886681098,3,0.6931471805599453,0.0,9,6,86,0.69,0.4054651081081644,1.6094379124341003
62,56253.0,1,2,597.0,3.531250509910353,6.234410725718371,0.0,4.189654742026425,2.0794415416798357,2.4849066497880004,1.791759469228055,18,2.0794415416798357,1.0986122886681098,9,0.0,0.0,13,6,83,1.56,0.20067069546215116,1.6094379124341003
40,19986.0,1,2,22.0,2.120263536200091,1.3862943611198906,1.9459101490553132,1.791759469228055,0.0,1.0986122886681098,1.9459101490553132,3,0.0,0.0,3,0.0,0.0,7,7,74,0.62,0.2876820724517809,0.6931471805599453
50,58330.0,1,2,1022.5,3.8167563029395386,6.100318952020064,3.9889840465642745,5.365976015021851,4.653960350157523,4.406719247264253,4.848116364598481,23,1.9459101490553132,1.6094379124341003,13,0.0,0.0,10,4,87,0.51,0.04255961441879593,0.6931471805599453
45,25965.0,0,1,74.0,2.760009940032921,1.0986122886681098,1.0986122886681098,2.4849066497880004,3.7376696182833684,2.0794415416798357,2.4849066497880004,5,1.0986122886681098,0.0,3,0.0,0.0,10,8,29,1.81,0.18232155679395465,0.6931471805599453
69,14661.0,0,1,26.0,2.0149030205422647,1.6094379124341003,0.6931471805599453,2.4849066497880004,1.9459101490553132,1.0986122886681098,1.0986122886681098,4,0.6931471805599453,0.0,3,0.0,0.0,7,6,88,1.49,0.22314355131420976,0.6931471805599453
66,18690.0,0,1,60.0,2.772588722239781,1.9459101490553132,0.6931471805599453,2.0794415416798357,3.1780538303479458,1.6094379124341003,2.995732273553991,4,0.6931471805599453,0.6931471805599453,2,0.0,0.0,9,8,77,1.5,0.22314355131420976,0.6931471805599453
51,45068.0,1,2,20.0,2.03688192726104,2.70805020110221,0.0,1.3862943611198906,0.0,0.0,1.3862943611198906,3,0.6931471805599453,0.0,2,0.0,0.0,8,7,25,1.12,0.2876820724517809,0.6931471805599453
38,21063.0,1,2,59.0,2.5494451709255714,0.6931471805599453,2.3978952727983707,2.4849066497880004,2.995732273553991,1.3862943611198906,2.772588722239781,5,1.0986122886681098,0.0,3,0.0,0.0,8,6,34,0.76,0.33647223662121295,1.0986122886681098
57,29187.0,1,2,34.0,2.2512917986064953,3.295836866004329,0.0,1.9459101490553132,0.0,0.0,1.0986122886681098,4,0.6931471805599453,0.0,3,0.0,0.0,9,8,43,1.14,0.22314355131420976,0.6931471805599453
54,54690.0,2,3,198.0,3.1354942159291497,4.718498871295094,2.833213344056216,3.6375861597263857,2.0794415416798357,2.302585092994046,2.9444389791664403,9,1.3862943611198906,0.6931471805599453,5,0.0,0.0,6,3,76,0.64,0.2876820724517809,1.3862943611198906
61,59304.0,1,2,1048.0,3.759337917762498,6.037870919922137,4.127134385045092,6.061456918928017,4.394449154672439,3.9512437185814275,2.3978952727983707,25,2.0794415416798357,2.1972245773362196,10,0.0,0.0,12,5,81,0.92,0.11332868530700317,1.3862943611198906
63,59247.0,2,3,574.0,3.607533814659984,5.793013608384144,2.302585092994046,4.812184355372417,2.995732273553991,2.70805020110221,4.430816798843313,16,1.791759469228055,1.0986122886681098,9,0.0,0.0,11,6,87,0.64,0.27193371548364176,1.791759469228055
55,66731.0,1,2,911.5,4.264303693365643,5.918893854273146,4.406719247264253,5.272999558563747,4.07753744390572,4.406719247264253,4.848116364598481,13,1.6094379124341003,1.3862943611198906,6,0.0,0.0,7,3,33,1.79,0.26826398659467937,1.6094379124341003
45,77353.0,1,2,650.0,3.6139164156404813,5.62040086571715,4.0943445622221,4.68213122712422,4.248495242049359,4.406719247264253,4.0943445622221,18,1.9459101490553132,1.6094379124341003,8,0.0,0.0,10,4,38,0.53,0.1053605156578263,1.0986122886681098
50,52614.0,1,2,990.0,4.272689970636415,6.672032945461067,0.0,4.962844630259907,2.5649493574615367,2.302585092994046,3.6635616461296463,14,1.0986122886681098,1.6094379124341003,8,0.0,0.0,10,8,63,1.57,0.13353139262452263,1.0986122886681098
51,26751.0,2,3,11.0,1.5404450409471488,0.6931471805599453,0.6931471805599453,1.791759469228055,0.0,1.3862943611198906,0.6931471805599453,3,0.6931471805599453,0.0,2,0.0,0.0,9,8,26,0.1,0.2876820724517809,0.6931471805599453
62,81300.0,1,2,1241.0,4.247701276148183,6.912742820493176,2.5649493574615367,4.983606621708336,3.4965075614664802,2.5649493574615367,3.6109179126442243,18,2.3978952727983707,1.3862943611198906,5,0.6931471805599453,0.6931471805599453,15,5,17,1.66,0.15415067982725827,1.3862943611198906
46,70337.0,0,1,576.0,3.6109179126442243,5.236441962829949,4.406719247264253,5.0106352940962555,3.258096538021482,3.784189633918261,4.5217885770490405,16,1.0986122886681098,1.0986122886681098,12,0.0,0.0,3,1,75,0.49,0.06062462181643484,0.6931471805599453
40,36145.0,1,2,172.0,3.1135153092103742,4.04305126783455,1.6094379124341003,4.343805421853684,2.8903717578961645,0.6931471805599453,2.9444389791664403,8,1.6094379124341003,0.6931471805599453,3,0.6931471805599453,0.6931471805599453,13,9,13,1.03,0.4054651081081644,1.6094379124341003
45,65295.0,0,1,635.0,3.538668372290758,5.902633333401366,3.4965075614664802,4.770684624465665,3.5553480614894135,4.406719247264253,1.9459101490553132,19,1.3862943611198906,1.3862943611198906,13,0.0,0.0,5,2,19,0.51,0.051293294387550536,0.6931471805599453
62,68118.0,1,2,900.5,3.781480339386455,6.39024066706535,3.1780538303479458,4.820281565605037,2.3978952727983707,3.1780538303479458,4.848116364598481,21,2.1972245773362196,2.302585092994046,4,0.0,0.0,14,6,51,0.7,0.09097177820572669,1.0986122886681098
58,68743.0,0,1,1913.5,4.204435252255329,7.0326242610280065,4.406719247264253,5.953243334287785,4.799914262780603,4.406719247264253,4.7535901911063645,29,2.4849066497880004,1.791759469228055,13,0.0,0.0,18,7,81,1.83,0.033901551675681346,0.6931471805599453
43,41039.0,0,1,408.5,3.4071321171819697,3.5553480614894135,2.4849066497880004,4.927253685157205,4.799914262780603,4.127134385045092,3.828641396489095,14,2.1972245773362196,0.6931471805599453,5,0.0,0.0,16,8,32,0.93,0.06899287148695145,0.6931471805599453
70,38946.0,1,2,257.0,3.2846635654062037,4.762173934797756,1.9459101490553132,4.418840607796598,1.9459101490553132,1.9459101490553132,3.7376696182833684,10,1.3862943611198906,0.6931471805599453,6,0.0,0.0,8,5,84,0.68,0.18232155679395465,1.0986122886681098
58,65777.0,0,1,1146.0,4.2853092151720755,6.338594078203183,3.4965075614664802,6.077642243349034,3.367295829986474,3.4965075614664802,4.007333185232471,16,1.0986122886681098,2.1972245773362196,6,0.0,0.0,3,1,87,0.53,0.06062462181643484,0.6931471805599453
49,66476.0,1,2,689.0,3.670658908000408,5.921578419643816,2.9444389791664403,4.844187086458591,3.871201010907891,3.8918202981106265,4.3694478524670215,18,1.791759469228055,1.0986122886681098,11,0.0,0.0,9,4,99,1.31,0.1053605156578263,1.0986122886681098
53,86857.0,0,1,1777.5,4.450185825412255,6.802394763324311,4.406719247264253,6.322565239927284,4.799914262780603,4.406719247264253,3.713572066704308,21,1.791759469228055,1.9459101490553132,10,0.0,0.6931471805599453,7,2,96,1.79,0.04652001563489285,0.6931471805599453
43,117418.0,0,1,651.0,3.1547969681836783,4.02535169073515,2.833213344056216,6.322565239927284,2.8903717578961645,1.3862943611198906,1.6094379124341003,29,0.0,3.367295829986474,1,0.0,0.0,0,0,21,1.9,0.41689380393178715,2.772588722239781
36,77845.0,0,1,1346.0,4.223909766576744,6.634633357861686,3.713572066704308,6.175867270105761,0.0,3.713572066704308,3.295836866004329,20,1.3862943611198906,1.791759469228055,12,1.0986122886681098,0.0,4,1,40,0.12,0.048790164169432,0.6931471805599453
56,69476.0,0,1,1036.0,4.31748811353631,5.564520407322694,4.406719247264253,6.322565239927284,4.1588830833596715,2.302585092994046,4.219507705176107,14,1.6094379124341003,1.9459101490553132,4,0.0,0.0,6,2,3,0.74,0.06899287148695145,0.6931471805599453
65,50611.0,1,2,493.0,3.4598592943107414,6.131226489483141,0.0,3.2188758248682006,1.9459101490553132,0.0,1.6094379124341003,16,1.6094379124341003,1.791759469228055,7,0.6931471805599453,0.6931471805599453,10,6,98,1.73,0.3184537311185346,1.9459101490553132
55,61209.0,0,1,957.0,4.391357962102766,6.1463292576688975,0.0,5.41610040220442,4.787491742782046,3.912023005428146,4.605170185988092,12,1.791759469228055,1.3862943611198906,4,0.0,0.0,7,2,73,0.84,0.08004270767353643,0.6931471805599453
67,42315.0,1,2,270.0,3.4339872044851463,4.219507705176107,2.772588722239781,4.394449154672439,2.8903717578961645,2.4849066497880004,4.394449154672439,9,0.6931471805599453,1.6094379124341003,4,0.0,0.0,4,3,90,0.96,0.2876820724517809,1.3862943611198906
73,13084.0,0,1,29.0,2.1102132003465894,1.0986122886681098,0.0,2.0794415416798357,1.3862943611198906,2.0794415416798357,2.3978952727983707,4,0.6931471805599453,0.0,3,0.0,0.0,7,6,29,0.65,0.22314355131420976,0.6931471805599453
76,47570.0,2,3,121.0,3.0524276172305362,4.219507705176107,0.6931471805599453,3.044522437723423,0.0,1.0986122886681098,3.4657359027997265,6,1.0986122886681098,1.0986122886681098,2,0.0,0.6931471805599453,9,7,3,1.08,0.4054651081081644,1.3862943611198906
64,61923.0,2,3,126.0,2.9444389791664403,4.532599493153256,1.6094379124341003,2.9444389791664403,1.3862943611198906,1.3862943611198906,1.9459101490553132,7,1.0986122886681098,0.6931471805599453,4,0.0,0.0,5,3,94,0.93,0.13353139262452263,0.6931471805599453
30,34824.0,0,1,23.0,2.1594842493533726,1.6094379124341003,1.0986122886681098,2.4849066497880004,1.0986122886681098,0.0,1.6094379124341003,3,0.6931471805599453,0.0,2,0.0,0.0,7,6,65,0.26,0.2876820724517809,0.6931471805599453
76,26518.0,2,3,57.0,2.517696472610991,3.044522437723423,0.6931471805599453,3.367295829986474,1.3862943611198906,1.3862943611198906,1.0986122886681098,5,1.0986122886681098,0.0,3,0.0,0.6931471805599453,10,8,33,1.22,0.4700036292457356,1.3862943611198906
64,45938.0,0,1,634.0,3.589672804030488,5.6131281063880705,2.4849066497880004,5.187385805840755,4.143134726391533,4.406719247264253,3.4011973816621555,18,2.1972245773362196,1.6094379124341003,6,0.0,0.0,14,6,46,0.65,0.1053605156578263,1.0986122886681098
65,78468.0,0,1,1004.0,3.6424476180126306,6.075346031088684,3.1354942159291497,5.963579343618446,4.653960350157523,3.1354942159291497,3.5553480614894135,27,2.3978952727983707,2.0794415416798357,10,0.6931471805599453,0.0,14,4,29,0.22,0.03636764417087485,0.6931471805599453
52,78901.0,1,2,734.0,3.7881923077079187,5.7745515455444085,2.4849066497880004,5.736572297479192,3.5263605246161616,3.295836866004329,3.5553480614894135,17,2.302585092994046,1.3862943611198906,5,0.0,0.0,13,4,99,0.78,0.1625189294977749,1.3862943611198906
47,71427.0,2,3,572.0,3.4897507790036006,5.3612921657094255,4.406719247264253,5.181783550292085,2.772588722239781,4.174387269895637,3.1780538303479458,18,2.1972245773362196,1.0986122886681098,8,0.0,0.0,12,4,26,0.3,0.1053605156578263,1.0986122886681098
47,71022.0,1,2,1337.5,4.321553911042556,6.813444599510896,2.5649493574615367,5.631211781821365,0.0,2.5649493574615367,4.848116364598481,18,1.791759469228055,1.0986122886681098,11,0.6931471805599453,0.0,13,8,30,0.38,0.15415067982725827,1.3862943611198906
37,90247.0,0,1,1621.0,4.760340753716095,7.077498053569231,3.4965075614664802,5.8664680569332965,3.091042453358316,2.833213344056216,2.833213344056216,14,1.3862943611198906,1.6094379124341003,7,1.3862943611198906,0.6931471805599453,4,1,27,0.17,0.06899287148695145,0.6931471805599453
57,41335.0,1,2,187.0,3.0808900818942977,4.727387818712341,2.995732273553991,3.091042453358316,2.833213344056216,2.70805020110221,1.791759469228055,9,1.6094379124341003,0.6931471805599453,4,0.0,0.0,11,7,24,0.51,0.2876820724517809,1.3862943611198906
39,71952.0,1,2,1417.0,4.274580612525034,6.48768401848461,4.394449154672439,6.1224928095143865,3.970291913552122,4.406719247264253,4.543294782270004,20,2.1972245773362196,1.6094379124341003,8,1.0986122886681098,0.0,12,4,93,1.46,0.09531017980432487,1.0986122886681098
55,35682.0,1,2,57.0,2.517696472610991,3.1780538303479458,0.0,2.1972245773362196,1.9459101490553132,1.0986122886681098,2.9444389791664403,5,0.6931471805599453,0.6931471805599453,3,0.0,0.0,3,2,34,0.01,0.18232155679395465,0.6931471805599453
74,43185.0,1,2,637.0,3.594263477739087,6.2878585601617845,1.9459101490553132,3.7612001156935624,2.833213344056216,1.9459101490553132,3.4339872044851463,18,2.302585092994046,1.3862943611198906,6,0.0,0.0,17,8,88,1.22,0.1053605156578263,1.0986122886681098
77,66375.0,1,2,883.5,4.398369630150404,6.569481420414296,0.0,3.828641396489095,0.0,0.0,4.848116364598481,11,1.0986122886681098,1.6094379124341003,5,0.6931471805599453,0.0,9,7,96,0.6,0.24116205681688804,1.3862943611198906
54,35178.0,1,2,59.0,2.7568403652716422,3.1780538303479458,0.6931471805599453,2.6390573296152584,1.0986122886681098,1.0986122886681098,2.9444389791664403,4,0.6931471805599453,0.6931471805599453,2,0.6931471805599453,0.6931471805599453,8,7,10,1.46,0.22314355131420976,0.6931471805599453
39,25252.0,1,2,18.0,1.9459101490553132,0.6931471805599453,1.3862943611198906,1.6094379124341003,1.0986122886681098,1.0986122886681098,1.9459101490553132,3,0.6931471805599453,0.0,2,0.0,0.0,9,8,26,0.96,0.2876820724517809,0.6931471805599453
60,55250.0,1,2,903.0,3.7387512841541093,6.499787040655854,4.07753744390572,4.430816798843313,3.4965075614664802,0.0,4.204692619390966,22,2.0794415416798357,1.791759469228055,10,0.0,0.0,12,5,49,1.69,0.16705408466316618,1.6094379124341003
50,33249.0,1,2,112.0,2.9789251552376097,1.9459101490553132,2.3978952727983707,3.091042453358316,2.995732273553991,2.70805020110221,3.7612001156935624,6,1.0986122886681098,0.6931471805599453,3,0.0,0.0,8,6,11,1.35,0.2876820724517809,1.0986122886681098
72,58398.0,0,1,596.0,3.5851515918799954,5.703782474656201,1.791759469228055,5.308267697401205,3.091042453358316,3.091042453358316,3.912023005428146,17,1.791759469228055,1.6094379124341003,8,0.0,0.0,9,4,44,1.13,0.1625189294977749,1.3862943611198906
43,50272.0,1,2,233.0,3.190476350346503,4.605170185988092,2.6390573296152584,4.204692619390966,3.784189633918261,2.1972245773362196,1.6094379124341003,10,1.6094379124341003,0.6931471805599453,5,0.0,0.0,11,7,75,0.89,0.262364264467491,1.3862943611198906
50,76618.0,0,1,1411.0,4.956531035103055,6.620073206530356,3.713572066704308,5.68697535633982,4.799914262780603,4.406719247264253,4.848116364598481,10,1.3862943611198906,1.0986122886681098,5,0.0,0.0,4,1,64,1.56,0.09531017980432487,0.6931471805599453
65,87305.0,0,1,1095.0,4.240427067399849,5.846438775057725,3.258096538021482,6.218600119691729,4.1588830833596715,4.406719247264253,4.394449154672439,16,1.791759469228055,1.3862943611198906,8,0.6931471805599453,0.6931471805599453,7,2,19,1.76,0.06062462181643484,0.6931471805599453
47,25851.0,1,2,48.0,2.3608540011180215,2.302585092994046,1.6094379124341003,2.9444389791664403,2.0794415416798357,1.791759469228055,1.791759469228055,5,1.0986122886681098,0.0,3,0.0,0.0,9,7,45,1.38,0.33647223662121295,1.0986122886681098
55,58710.0,1,2,1096.5,3.803546529092062,6.089044875446846,4.406719247264253,5.910796644040527,0.0,4.406719247264253,4.848116364598481,25,2.4849066497880004,1.791759469228055,9,0.0,0.0,17,6,77,1.25,0.2151113796169455,1.9459101490553132
67,45160.0,2,3,21.0,2.0794415416798357,2.1972245773362196,1.0986122886681098,1.791759469228055,1.3862943611198906,0.0,1.3862943611198906,3,0.6931471805599453,0.0,2,0.0,0.0,8,7,9,0.25,0.2876820724517809,0.6931471805599453
60,74806.0,1,2,965.0,4.2474743129152515,6.508769136971682,2.302585092994046,5.521460917862246,0.0,3.367295829986474,2.302585092994046,14,1.791759469228055,1.6094379124341003,5,0.0,0.0,9,4,1,1.52,0.13353139262452263,1.0986122886681098
71,59111.0,0,1,840.5,3.761781342097603,6.263398262591624,0.0,4.90527477843843,3.367295829986474,3.367295829986474,4.848116364598481,20,2.4849066497880004,0.6931471805599453,8,0.0,0.0,18,7,90,1.16,0.048790164169432,0.6931471805599453
41,18988.0,1,2,16.0,1.6094379124341003,1.9459101490553132,0.0,1.9459101490553132,1.0986122886681098,0.6931471805599453,0.6931471805599453,4,0.6931471805599453,0.0,3,0.0,0.0,8,7,43,0.1,0.4054651081081644,1.0986122886681098
60,72190.0,0,1,1562.0,4.655229385860828,6.393590753950631,4.406719247264253,6.322565239927284,4.799914262780603,4.406719247264253,4.848116364598481,15,1.791759469228055,1.9459101490553132,4,0.0,0.0,8,3,79,1.37,0.06453852113757118,0.6931471805599453
49,7500.0,1,2,71.0,2.4107986776342782,2.0794415416798357,0.0,2.5649493574615367,2.6390573296152584,2.0794415416798357,3.4965075614664802,7,1.6094379124341003,0.6931471805599453,2,0.6931471805599453,0.6931471805599453,13,9,19,1.91,0.538996500732687,1.791759469228055
59,44794.0,1,2,65.0,2.6390573296152584,4.007333185232471,0.0,2.0794415416798357,0.0,0.0,1.6094379124341003,5,1.0986122886681098,0.0,3,0.0,0.0,8,6,99,0.06,0.18232155679395465,0.6931471805599453
70,80395.0,0,1,1230.0,3.9978017389669187,6.100318952020064,3.258096538021482,6.322565239927284,4.394449154672439,4.343805421853684,3.8918202981106265,23,1.9459101490553132,1.791759469228055,12,0.6931471805599453,0.0,8,2,62,0.6,0.04255961441879593,0.6931471805599453
49,75012.0,0,1,898.0,3.7333312166847703,5.68697535633982,4.406719247264253,5.389071729816501,4.799914262780603,4.07753744390572,4.848116364598481,22,1.3862943611198906,2.1972245773362196,11,0.0,0.0,4,1,41,0.42,0.04445176257083384,0.6931471805599453
60,56962.0,3,4,411.0,3.4130318393091583,5.680172609017068,1.3862943611198906,4.356708826689592,2.3978952727983707,1.3862943611198906,3.295836866004329,14,1.9459101490553132,1.3862943611198906,5,0.0,0.0,13,7,60,0.71,0.4054651081081644,2.0794415416798357
34,89891.0,0,1,779.5,3.471345141564237,6.023447592961033,3.1354942159291497,4.890349128221754,4.0943445622221,3.367295829986474,4.848116364598481,25,2.4849066497880004,1.9459101490553132,8,0.6931471805599453,0.0,15,4,17,1.2,0.039220713153281295,0.6931471805599453
76,35946.0,2,3,11.0,1.5404450409471488,2.1972245773362196,0.0,1.3862943611198906,0.0,0.0,0.0,3,0.0,0.0,3,0.0,0.0,5,5,24,0.75,0.2876820724517809,0.6931471805599453
72,53593.0,2,3,480.0,3.4965075614664802,5.857933154483459,1.6094379124341003,4.3694478524670215,1.9459101490553132,0.0,3.784189633918261,15,2.0794415416798357,1.0986122886681098,6,0.0,0.0,15,8,60,1.89,0.4274440148269396,2.1972245773362196
47,66373.0,2,3,606.0,3.660351370499398,5.796057750765372,2.302585092994046,4.8283137373023015,2.5649493574615367,3.2188758248682006,4.700480365792417,16,1.6094379124341003,1.0986122886681098,10,0.0,0.0,7,3,57,1.05,0.3629054936893685,2.0794415416798357
77,45072.0,3,4,284.0,3.289080083541449,4.976733742420574,1.0986122886681098,4.605170185988092,2.0794415416798357,1.0986122886681098,3.4339872044851463,11,1.9459101490553132,0.6931471805599453,4,0.0,0.0,14,8,74,0.7,0.37469344944141064,1.791759469228055
52,89694.0,2,3,1472.0,4.903927069339561,7.027314514039777,3.367295829986474,5.356586274672012,3.6375861597263857,3.367295829986474,3.7612001156935624,11,1.6094379124341003,1.3862943611198906,4,1.3862943611198906,0.0,9,5,22,0.72,0.24116205681688804,1.3862943611198906
76,72025.0,0,1,1616.0,4.18418526622189,6.875232087276577,0.0,6.322565239927284,3.784189633918261,3.9318256327243257,0.0,25,1.6094379124341003,2.1972245773362196,13,1.3862943611198906,0.6931471805599453,6,2,46,0.17,0.039220713153281295,0.6931471805599453
52,67432.0,1,2,1180.0,4.254360361501757,6.07073772800249,4.382026634673881,5.834810737062605,4.799914262780603,4.406719247264253,4.848116364598481,17,2.1972245773362196,1.791759469228055,4,0.0,0.0,12,4,69,1.25,0.11122563511022437,1.0986122886681098
73,70545.0,1,2,334.0,3.361532125269724,4.9344739331306915,3.6888794541139363,4.1588830833596715,4.02535169073515,2.9444389791664403,3.091042453358316,12,1.6094379124341003,0.6931471805599453,7,0.0,0.0,6,2,29,0.07,0.08004270767353643,0.6931471805599453
36,17487.0,1,2,18.0,1.9459101490553132,0.0,0.0,0.6931471805599453,2.0794415416798357,1.6094379124341003,1.9459101490553132,3,0.6931471805599453,0.0,2,0.0,0.0,8,7,37,1.28,0.2876820724517809,0.6931471805599453
56,62882.0,1,2,1286.0,4.282819984590433,6.234410725718371,4.406719247264253,6.210600077024653,4.3694478524670215,3.2188758248682006,4.584967478670572,18,2.0794415416798357,1.791759469228055,6,0.0,0.0,11,4,26,1.89,0.1053605156578263,1.0986122886681098
72,64108.0,1,2,1099.0,3.7674417766170385,6.855408798609928,2.3978952727983707,4.465908118654584,2.6390573296152584,3.091042453358316,3.091042453358316,26,1.9459101490553132,2.302585092994046,11,0.0,0.0,11,5,8,1.27,0.14310084364067333,1.6094379124341003
69,34941.0,2,3,97.0,2.842969519001581,3.6888794541139363,1.0986122886681098,3.258096538021482,1.6094379124341003,1.3862943611198906,3.2188758248682006,6,1.3862943611198906,0.0,3,0.0,0.0,11,8,26,1.31,0.2876820724517809,1.0986122886681098
75,48767.0,3,4,63.0,2.4423470353692043,3.367295829986474,0.6931471805599453,3.091042453358316,1.3862943611198906,0.0,2.3978952727983707,6,1.0986122886681098,0.6931471805599453,3,0.0,0.0,7,5,79,0.49,0.4054651081081644,1.3862943611198906
47,38702.0,1,2,109.0,2.807680042051051,2.6390573296152584,2.4849066497880004,3.2188758248682006,2.6390573296152584,2.1972245773362196,3.713572066704308,7,1.3862943611198906,0.0,4,0.0,0.0,9,6,71,0.91,0.2513144282809061,1.0986122886681098
61,82224.0,0,1,884.5,3.811650031281359,5.730099782973574,3.295836866004329,5.8888779583328805,4.799914262780603,3.4657359027997265,3.713572066704308,20,1.9459101490553132,2.302585092994046,5,0.6931471805599453,0.0,9,3,83,0.42,0.048790164169432,0.6931471805599453
73,83844.0,0,1,1509.5,4.3876031621644485,6.804614520062624,3.4657359027997265,5.846438775057725,4.330733340286331,3.4657359027997265,4.848116364598481,19,1.6094379124341003,1.6094379124341003,11,0.6931471805599453,0.0,5,1,57,1.13,0.051293294387550536,0.6931471805599453
50,17003.0,1,2,38.0,1.992430164690206,1.0986122886681098,1.791759469228055,2.5649493574615367,1.6094379124341003,2.1972245773362196,2.0794415416798357,6,1.0986122886681098,0.0,4,0.0,0.0,7,5,37,0.55,0.4054651081081644,1.3862943611198906
30,71163.0,0,1,917.5,3.7109174328119354,5.648974238161206,2.8903717578961645,5.921578419643816,4.799914262780603,4.406719247264253,3.8066624897703196,23,1.3862943611198906,2.1972245773362196,12,0.0,0.0,4,1,30,0.31,0.04255961441879593,0.6931471805599453
55,33697.0,1,2,28.0,2.3353749158170367,1.6094379124341003,1.3862943611198906,2.0794415416798357,0.0,1.3862943611198906,2.4849066497880004,3,0.6931471805599453,0.0,2,0.6931471805599453,0.0,8,7,34,0.79,0.2876820724517809,0.6931471805599453
71,63564.0,0,1,1215.0,3.828641396489095,6.646390514847729,4.394449154672439,5.53338948872752,2.772588722239781,3.5553480614894135,4.189654742026425,27,2.3978952727983707,2.3978952727983707,7,0.6931471805599453,0.6931471805599453,16,6,0,0.41,0.03636764417087485,0.6931471805599453
53,83443.0,0,1,1311.0,4.149914413376911,6.251903883165888,3.7612001156935624,6.322565239927284,4.02535169073515,4.04305126783455,4.442651256490317,21,1.9459101490553132,2.3978952727983707,5,0.0,0.0,8,2,89,0.49,0.04652001563489285,0.6931471805599453
67,51518.0,1,2,449.0,3.4318343511240452,5.860786223465865,2.1972245773362196,4.204692619390966,2.8903717578961645,1.6094379124341003,1.6094379124341003,15,1.3862943611198906,1.0986122886681098,10,0.0,0.0,6,3,92,0.74,0.12516314295400602,1.0986122886681098
50,58330.0,1,2,1022.5,3.8167563029395386,6.100318952020064,3.9889840465642745,5.365976015021851,4.653960350157523,4.406719247264253,4.848116364598481,23,1.9459101490553132,1.6094379124341003,13,0.0,0.0,10,4,87,0.51,0.04255961441879593,0.6931471805599453
56,80952.0,0,1,1527.0,4.168601332828593,6.658011045870748,4.406719247264253,6.322565239927284,3.7376696182833684,3.332204510175204,3.8066624897703196,24,2.1972245773362196,1.791759469228055,11,1.3862943611198906,0.6931471805599453,16,8,20,1.33,0.040821994520255124,0.6931471805599453
46,75507.0,0,1,1428.0,4.282206299391671,6.565264970035361,4.406719247264253,5.926926025970411,4.653960350157523,4.394449154672439,4.394449154672439,20,2.1972245773362196,1.9459101490553132,6,0.0,0.0,11,3,56,0.16,0.048790164169432,0.6931471805599453
47,63855.0,0,1,971.0,3.766242990727424,5.886104031450156,3.58351893845611,5.752572638825633,4.543294782270004,4.406719247264253,4.499809670330265,23,2.0794415416798357,1.3862943611198906,13,0.0,0.0,11,4,28,1.38,0.04255961441879593,0.6931471805599453
53,62220.0,1,2,1226.0,4.23571551540296,6.684611727667927,2.5649493574615367,5.929589143389895,2.833213344056216,2.5649493574615367,2.5649493574615367,18,2.0794415416798357,1.9459101490553132,5,0.0,0.6931471805599453,13,6,55,1.88,0.245122458032985,1.791759469228055
61,58512.0,1,2,1145.5,4.348556024612281,6.79794041297493,2.3978952727983707,4.624972813284271,2.6390573296152584,0.0,4.848116364598481,15,1.3862943611198906,1.6094379124341003,8,0.0,0.0,11,8,25,0.77,0.2876820724517809,1.791759469228055
46,40662.0,1,2,92.0,2.793208009442517,3.713572066704308,1.0986122886681098,3.1780538303479458,0.0,1.6094379124341003,3.1780538303479458,6,1.0986122886681098,0.6931471805599453,3,0.0,0.0,6,4,0,1.29,0.2876820724517809,1.0986122886681098
66,38829.0,1,2,99.0,2.717528945056754,4.343805421853684,0.0,2.0794415416798357,0.0,0.0,2.833213344056216,7,1.3862943611198906,1.0986122886681098,2,0.0,0.0,8,5,86,0.23,0.13353139262452263,0.6931471805599453
44,35523.0,1,2,66.0,2.4849066497880004,2.4849066497880004,1.791759469228055,3.1354942159291497,2.5649493574615367,1.791759469228055,2.4849066497880004,6,1.3862943611198906,0.0,3,0.0,0.0,10,7,8,0.74,0.2876820724517809,1.0986122886681098
58,79146.0,2,3,564.0,3.531537412795695,5.5053315359323625,2.833213344056216,5.4116460518550396,3.091042453358316,3.784189633918261,2.833213344056216,17,2.1972245773362196,0.6931471805599453,8,0.0,0.0,14,6,33,0.18,0.11122563511022437,1.0986122886681098
37,78285.0,0,1,1346.5,4.2242757318141315,6.473890696352274,4.406719247264253,5.971261839790462,4.799914262780603,4.219507705176107,3.713572066704308,20,1.9459101490553132,1.6094379124341003,10,0.0,0.0,9,3,13,0.67,0.048790164169432,0.6931471805599453
47,31626.0,1,2,86.0,2.9014215940827497,3.6888794541139363,0.6931471805599453,2.302585092994046,1.0986122886681098,0.6931471805599453,3.5553480614894135,5,1.0986122886681098,0.6931471805599453,2,0.6931471805599453,0.6931471805599453,9,7,12,1.14,0.18232155679395465,0.6931471805599453
73,75127.0,0,1,732.5,3.730367893177352,5.318119993844216,3.58351893845611,5.723585101952381,3.8501476017100584,2.8903717578961645,4.848116364598481,18,1.0986122886681098,2.4849066497880004,5,0.0,0.0,3,1,92,0.1,0.054067221270275766,0.6931471805599453
70,48726.0,1,2,242.0,3.3282283617955644,4.9344739331306915,1.3862943611198906,3.6635616461296463,1.6094379124341003,0.0,4.0943445622221,9,1.3862943611198906,1.0986122886681098,4,0.0,0.0,9,6,90,1.17,0.2876820724517809,1.3862943611198906
48,74985.0,0,1,1400.5,4.48335559703079,6.376726947898627,3.9512437185814275,6.322565239927284,4.799914262780603,0.0,4.465908118654584,16,1.3862943611198906,1.9459101490553132,7,0.0,0.0,5,2,8,1.8,0.06062462181643484,0.6931471805599453
38,67430.0,0,1,1289.5,3.8512867702403133,6.39024066706535,4.406719247264253,5.676753802268282,4.799914262780603,4.406719247264253,4.804021044733257,28,2.4849066497880004,1.791759469228055,12,0.0,0.0,17,6,6,1.81,0.035091319811270096,0.6931471805599453
60,46891.0,1,2,183.0,3.3011139231051727,3.784189633918261,2.5649493574615367,3.1780538303479458,3.4011973816621555,2.772588722239781,4.127134385045092,7,1.0986122886681098,0.6931471805599453,4,0.0,0.0,6,4,91,0.82,0.13353139262452263,0.6931471805599453
69,62058.0,1,2,450.0,3.500827222610997,5.71042701737487,2.0794415416798357,4.31748811353631,2.3978952727983707,0.0,4.07753744390572,14,1.9459101490553132,0.6931471805599453,7,0.0,0.0,12,6,52,1.09,0.2513144282809061,1.6094379124341003
46,72063.0,1,2,758.0,3.711001371201207,5.198497031265826,3.4965075614664802,5.855071922202427,4.343805421853684,3.4965075614664802,4.51085950651685,19,1.791759469228055,1.0986122886681098,12,0.0,0.0,7,2,3,0.99,0.10008345855698253,1.0986122886681098
74,78939.0,0,1,1365.0,4.288294157011174,6.678342114654332,4.406719247264253,5.497168225293202,4.799914262780603,0.0,4.848116364598481,19,2.1972245773362196,1.791759469228055,6,0.0,0.0,11,3,57,0.54,0.051293294387550536,0.6931471805599453
60,42720.0,2,3,654.0,3.675555792915466,5.973809611869261,1.791759469228055,4.5217885770490405,3.367295829986474,3.295836866004329,4.727387818712341,17,2.0794415416798357,1.3862943611198906,7,0.0,0.6931471805599453,15,8,9,1.18,0.3856624808119847,2.1972245773362196
53,33622.0,2,3,81.0,2.6741486494265287,3.6888794541139363,0.6931471805599453,3.1354942159291497,1.3862943611198906,1.6094379124341003,2.5649493574615367,6,1.0986122886681098,0.0,4,0.0,0.0,9,7,22,1.21,0.4054651081081644,1.3862943611198906
68,6835.0,1,2,137.0,4.927253685157205,4.68213122712422,1.0986122886681098,2.5649493574615367,1.0986122886681098,1.0986122886681098,2.5649493574615367,1,0.0,0.0,1,0.0,0.0,20,20,76,1.56,0.0,0.0
72,41452.0,2,3,16.0,1.8458266904983307,2.6390573296152584,0.0,1.3862943611198906,0.0,0.0,0.0,3,0.6931471805599453,0.0,2,0.0,0.0,8,7,86,1.31,0.2876820724517809,0.6931471805599453
60,40760.0,1,2,93.0,2.803360380906535,4.2626798770413155,0.0,2.8903717578961645,0.0,0.0,1.9459101490553132,6,1.0986122886681098,0.6931471805599453,3,0.0,0.0,8,6,64,0.83,0.2876820724517809,1.0986122886681098
67,74250.0,0,1,1158.0,4.235810082522043,6.523562306149512,2.4849066497880004,5.973809611869261,4.330733340286331,0.0,0.0,17,1.0986122886681098,2.4849066497880004,4,0.0,0.0,3,1,90,0.42,0.05715841383994861,0.6931471805599453
70,51124.0,2,3,43.0,2.463853240590168,3.295836866004329,0.6931471805599453,2.4849066497880004,0.0,0.6931471805599453,1.6094379124341003,4,0.6931471805599453,0.0,3,0.0,0.0,4,3,79,0.53,0.4054651081081644,1.0986122886681098
54,72258.0,1,2,1372.0,4.242764567340374,6.259581464064923,0.0,6.259581464064923,4.799914262780603,4.406719247264253,4.848116364598481,20,1.9459101490553132,2.302585092994046,5,0.0,0.0,8,2,28,0.79,0.09531017980432487,1.0986122886681098
51,71466.0,0,1,1129.0,4.154533359233206,6.023447592961033,2.5649493574615367,6.304448802421981,4.3694478524670215,4.406719247264253,0.0,18,1.6094379124341003,1.6094379124341003,10,0.0,0.0,5,1,86,0.23,0.054067221270275766,0.6931471805599453
49,36283.0,2,3,29.0,2.1102132003465894,1.9459101490553132,1.791759469228055,1.791759469228055,2.1972245773362196,0.0,1.791759469228055,4,0.6931471805599453,0.0,3,0.0,0.0,5,4,42,0.21,0.4054651081081644,1.0986122886681098
55,20587.0,1,2,25.0,1.9810014688665833,1.0986122886681098,1.3862943611198906,1.9459101490553132,1.6094379124341003,0.6931471805599453,2.302585092994046,4,0.6931471805599453,0.6931471805599453,2,0.0,0.0,8,7,39,0.13,0.22314355131420976,0.6931471805599453
53,30467.0,1,2,24.0,2.1972245773362196,0.6931471805599453,1.3862943611198906,2.1972245773362196,1.0986122886681098,1.791759469228055,1.791759469228055,3,0.6931471805599453,0.0,2,0.0,0.0,8,7,8,0.28,0.2876820724517809,0.6931471805599453
53,31590.0,1,2,38.0,2.3513752571634776,1.9459101490553132,1.0986122886681098,2.772588722239781,1.9459101490553132,1.9459101490553132,1.3862943611198906,4,0.6931471805599453,0.0,3,0.0,0.0,9,8,40,1.03,0.22314355131420976,0.6931471805599453
39,20425.0,1,2,57.0,2.517696472610991,1.6094379124341003,2.5649493574615367,1.791759469228055,1.3862943611198906,2.833213344056216,2.8903717578961645,5,1.0986122886681098,0.0,3,0.0,0.0,9,7,5,1.66,0.33647223662121295,1.0986122886681098
65,17144.0,2,3,47.0,2.043073897508961,2.9444389791664403,1.0986122886681098,2.995732273553991,0.0,1.0986122886681098,1.9459101490553132,7,1.3862943611198906,0.0,4,0.0,0.0,10,7,96,0.37,0.538996500732687,1.791759469228055
57,42564.0,1,2,741.5,3.742288564139663,5.783825182329737,3.8918202981106265,5.231108616854587,3.6888794541139363,2.9444389791664403,4.848116364598481,18,1.9459101490553132,2.1972245773362196,4,0.6931471805599453,0.6931471805599453,13,7,28,1.49,0.2876820724517809,1.9459101490553132
47,43783.0,1,2,616.5,3.677091498361894,5.793013608384144,2.302585092994046,4.836281906951478,3.258096538021482,1.6094379124341003,4.848116364598481,16,2.0794415416798357,0.6931471805599453,8,0.6931471805599453,0.0,14,7,22,0.08,0.3184537311185346,1.9459101490553132
49,40780.0,1,2,377.0,3.4011973816621555,5.438079308923196,3.332204510175204,4.276666119016055,2.6390573296152584,1.3862943611198906,3.5553480614894135,13,2.0794415416798357,0.6931471805599453,5,0.0,0.0,16,9,30,1.8,0.26826398659467937,1.6094379124341003
80,62847.0,0,1,1375.0,4.670669783605213,6.257667587882639,4.406719247264253,6.322565239927284,4.394449154672439,4.343805421853684,4.127134385045092,13,1.3862943611198906,1.9459101490553132,4,0.0,0.0,5,2,45,1.45,0.07410797215372189,0.6931471805599453
68,82017.0,0,1,729.0,3.840795496139778,5.220355825078324,3.1780538303479458,6.102558594613569,3.4339872044851463,3.1780538303479458,3.1780538303479458,16,1.791759469228055,1.6094379124341003,7,1.3862943611198906,0.6931471805599453,7,2,58,1.64,0.06062462181643484,0.6931471805599453
75,16813.0,0,1,50.0,2.3978952727983707,1.6094379124341003,2.1972245773362196,2.4849066497880004,2.5649493574615367,1.0986122886681098,2.6390573296152584,5,1.0986122886681098,0.0,3,0.6931471805599453,0.0,9,7,49,0.94,0.18232155679395465,0.6931471805599453
47,51267.0,2,3,270.0,3.240459396535375,5.214935757608986,1.0986122886681098,4.174387269895637,2.0794415416798357,1.0986122886681098,2.5649493574615367,11,1.3862943611198906,1.3862943611198906,5,0.0,0.0,7,4,37,0.67,0.31015492830383956,1.6094379124341003
64,46524.0,1,2,177.0,3.2690256085536724,3.4657359027997265,2.995732273553991,3.58351893845611,3.295836866004329,2.70805020110221,3.970291913552122,7,0.6931471805599453,0.6931471805599453,5,0.0,0.0,4,3,70,1.23,0.2513144282809061,1.0986122886681098
63,45183.0,0,1,315.0,3.305053521109253,5.393627546352362,1.3862943611198906,4.110873864173311,2.5649493574615367,2.302585092994046,2.5649493574615367,12,1.6094379124341003,0.6931471805599453,7,0.6931471805599453,0.0,11,7,33,1.44,0.08004270767353643,0.6931471805599453
71,70421.0,1,2,767.0,3.6724959748634123,6.173786103901937,3.367295829986474,4.919980925828125,4.330733340286331,2.70805020110221,3.58351893845611,20,2.3978952727983707,1.3862943611198906,7,0.0,0.0,16,6,98,0.0,0.1397619423751587,1.3862943611198906
60,60161.0,1,2,1020.5,3.814841510588106,6.371611847231857,3.8066624897703196,5.3612921657094255,3.8501476017100584,2.1972245773362196,4.848116364598481,23,2.4849066497880004,1.6094379124341003,8,0.0,0.0,19,8,17,1.68,0.12260232209233235,1.3862943611198906
52,73926.0,0,1,1480.5,4.180056786499434,6.4425401664681985,4.406719247264253,6.322565239927284,4.799914262780603,4.406719247264253,2.772588722239781,23,1.9459101490553132,1.791759469228055,12,0.0,0.0,9,3,54,1.33,0.04255961441879593,0.6931471805599453
57,19329.0,1,2,60.0,2.2587824703356527,3.2188758248682006,0.6931471805599453,2.833213344056216,2.5649493574615367,1.0986122886681098,1.791759469228055,7,1.6094379124341003,0.0,3,0.0,0.0,12,8,39,0.54,0.35667494393873234,1.3862943611198906
55,61872.0,1,2,573.0,3.546909192843549,5.802118375377063,1.791759469228055,5.075173815233827,3.6109179126442243,3.332204510175204,2.833213344056216,17,1.6094379124341003,1.6094379124341003,9,0.0,0.0,8,4,81,0.54,0.2113090936672069,1.6094379124341003
69,46984.0,2,3,41.0,2.4203681286504293,2.995732273553991,0.6931471805599453,2.3978952727983707,1.0986122886681098,0.6931471805599453,2.1972245773362196,4,0.6931471805599453,0.0,3,0.0,0.0,6,5,71,1.26,0.22314355131420976,0.6931471805599453
74,34838.0,2,3,170.0,3.230239583518516,3.367295829986474,3.1780538303479458,3.4011973816621555,3.4011973816621555,2.70805020110221,3.871201010907891,7,1.0986122886681098,0.6931471805599453,4,0.0,0.0,8,6,62,1.44,0.35667494393873234,1.3862943611198906
81,82716.0,0,1,1033.0,3.6701873211017837,6.408528791059498,4.406719247264253,5.43372200355424,2.772588722239781,4.406719247264253,3.1354942159291497,27,1.9459101490553132,2.1972245773362196,13,0.0,0.0,8,2,8,0.65,0.03636764417087485,0.6931471805599453
67,48192.0,0,1,1493.5,4.232458243139542,6.946975992135418,3.784189633918261,5.3230099791384085,4.799914262780603,4.07753744390572,3.4011973816621555,22,1.0986122886681098,2.1972245773362196,12,1.3862943611198906,0.6931471805599453,10,8,76,1.23,0.1278333715098849,1.3862943611198906
49,49681.0,2,3,458.0,3.451045187389723,6.021023349349527,0.0,3.295836866004329,0.0,0.0,3.091042453358316,15,2.0794415416798357,0.6931471805599453,7,0.0,0.0,14,7,66,0.65,0.33647223662121295,1.9459101490553132
54,56850.0,1,2,63.0,2.6100697927420065,3.5553480614894135,0.6931471805599453,2.995732273553991,1.0986122886681098,2.0794415416798357,0.0,5,0.6931471805599453,0.6931471805599453,3,0.0,0.0,3,2,83,0.27,0.18232155679395465,0.6931471805599453
68,55267.0,1,2,405.0,3.4705320750632196,5.087596335232384,3.367295829986474,4.919980925828125,3.4965075614664802,1.3862943611198906,3.828641396489095,13,1.3862943611198906,1.6094379124341003,6,0.0,0.0,6,3,28,0.69,0.26826398659467937,1.6094379124341003
53,59666.0,2,3,1020.5,4.375757021660286,6.436150368369428,3.9889840465642745,5.187385805840755,3.1780538303479458,2.8903717578961645,4.848116364598481,13,1.3862943611198906,1.0986122886681098,8,0.6931471805599453,0.0,11,8,87,1.27,0.4307829160924542,2.0794415416798357
53,72504.0,1,2,1395.5,4.259505830997964,6.405228458030842,3.295836866004329,6.154858094016418,4.799914262780603,4.406719247264253,4.553876891600541,20,1.791759469228055,2.302585092994046,6,0.0,0.0,7,2,43,1.23,0.09531017980432487,1.0986122886681098
44,26872.0,0,1,72.0,2.9444389791664403,1.3862943611198906,2.3978952727983707,2.1972245773362196,1.3862943611198906,2.833213344056216,3.4965075614664802,4,0.6931471805599453,0.6931471805599453,2,0.0,0.0,7,6,0,0.7,0.22314355131420976,0.6931471805599453
53,21359.0,1,2,48.0,2.3608540011180215,2.5649493574615367,1.0986122886681098,2.8903717578961645,1.9459101490553132,0.6931471805599453,2.3978952727983707,5,1.0986122886681098,0.0,3,0.0,0.6931471805599453,10,8,1,1.19,0.33647223662121295,1.0986122886681098
50,73170.0,0,1,633.0,3.765840495250065,5.220355825078324,4.406719247264253,5.54907608489522,3.9318256327243257,3.4339872044851463,3.4965075614664802,15,1.791759469228055,1.6094379124341003,6,0.0,0.0,7,2,1,0.08,0.06453852113757118,0.6931471805599453
70,52750.0,1,2,860.0,3.7365351882127564,5.976350909297934,0.0,5.480638923341991,4.51085950651685,4.248495242049359,4.248495242049359,21,1.791759469228055,2.0794415416798357,9,0.0,0.0,9,4,72,1.4,0.2513144282809061,1.9459101490553132
39,91820.0,0,1,1226.0,4.038255095571057,6.018593214496234,4.30406509320417,6.322565239927284,4.343805421853684,4.406719247264253,3.4339872044851463,22,1.791759469228055,1.791759469228055,12,0.0,0.0,6,1,72,0.6,0.0,0.0
55,65968.0,1,2,495.0,3.4637808679639233,5.932245187448011,2.302585092994046,4.430816798843313,2.995732273553991,1.6094379124341003,1.6094379124341003,16,1.791759469228055,1.6094379124341003,7,0.0,0.0,8,3,12,0.13,0.11778303565638346,1.0986122886681098
49,30772.0,2,3,20.0,2.03688192726104,2.0794415416798357,1.0986122886681098,1.6094379124341003,1.0986122886681098,0.6931471805599453,1.6094379124341003,3,0.6931471805599453,0.0,2,0.0,0.0,7,6,89,0.3,0.2876820724517809,0.6931471805599453
71,22507.0,0,1,494.0,3.46182200347859,4.23410650459726,0.0,5.424950017481403,3.9512437185814275,4.406719247264253,4.23410650459726,16,2.3978952727983707,1.0986122886681098,4,0.0,0.0,19,9,67,1.59,0.17185025692665923,1.3862943611198906
53,65685.0,1,2,769.0,3.6750340472918834,6.466144724237619,2.70805020110221,3.912023005428146,0.0,2.0794415416798357,4.060443010546419,20,2.302585092994046,1.0986122886681098,9,0.0,0.0,14,5,54,0.25,0.048790164169432,0.6931471805599453
47,25804.0,1,2,55.0,2.4849066497880004,2.1972245773362196,2.0794415416798357,2.302585092994046,2.6390573296152584,1.9459101490553132,2.5649493574615367,5,1.0986122886681098,0.0,3,0.0,0.0,10,8,34,0.82,0.33647223662121295,1.0986122886681098
45,76412.0,0,1,1560.0,4.530066242906822,6.734591659972948,3.9889840465642745,6.322565239927284,3.1780538303479458,4.276666119016055,2.8903717578961645,17,1.791759469228055,1.6094379124341003,8,1.0986122886681098,0.6931471805599453,8,3,15,1.15,0.05715841383994861,0.6931471805599453
53,22063.0,1,2,55.0,2.4849066497880004,2.0794415416798357,2.3978952727983707,2.6390573296152584,1.3862943611198906,2.4849066497880004,2.4849066497880004,5,1.0986122886681098,0.0,3,0.0,0.0,9,7,43,0.89,0.33647223662121295,1.0986122886681098
64,57091.0,0,1,577.0,3.5536659753064286,6.142037405587356,1.791759469228055,4.174387269895637,2.0794415416798357,0.0,3.6375861597263857,17,2.0794415416798357,1.3862943611198906,7,0.6931471805599453,0.6931471805599453,12,5,0,0.04,0.05715841383994861,0.6931471805599453
62,22419.0,0,1,162.0,3.18398856586776,3.4339872044851463,1.3862943611198906,3.871201010907891,2.995732273553991,3.091042453358316,3.7612001156935624,7,1.3862943611198906,1.0986122886681098,2,0.0,0.0,11,8,74,1.2,0.13353139262452263,0.6931471805599453
66,87771.0,1,2,1689.0,4.4986393951820745,7.110696122978827,3.6635616461296463,5.662960480135946,3.9318256327243257,4.060443010546419,3.5263605246161616,19,1.791759469228055,2.3978952727983707,4,1.6094379124341003,0.6931471805599453,11,6,61,1.1,0.051293294387550536,0.6931471805599453
66,78353.0,1,2,1463.0,4.168349009348555,6.6240652277998935,4.406719247264253,6.1675164908883415,3.6888794541139363,4.406719247264253,3.5553480614894135,23,2.3978952727983707,1.0986122886681098,11,0.0,0.0,18,8,51,1.2,0.04255961441879593,0.6931471805599453
71,93404.0,3,4,1561.0,4.722953221644475,7.110696122978827,2.772588722239781,5.662960480135946,3.044522437723423,0.0,2.772588722239781,14,1.3862943611198906,1.6094379124341003,7,1.0986122886681098,0.0,8,5,97,1.14,0.19415601444095745,1.3862943611198906
63,37859.0,3,4,36.0,2.302585092994046,3.1354942159291497,0.6931471805599453,2.1972245773362196,1.0986122886681098,0.6931471805599453,1.0986122886681098,4,0.6931471805599453,0.0,3,0.0,0.0,9,8,75,1.46,0.4054651081081644,1.0986122886681098
67,80995.0,1,2,1482.0,4.270695952029551,6.7580945044277305,3.367295829986474,6.016157159698354,4.30406509320417,4.04305126783455,4.04305126783455,21,2.1972245773362196,2.302585092994046,4,0.0,0.0,12,4,83,1.13,0.04652001563489285,0.6931471805599453
41,16529.0,1,2,22.0,1.8718021769015913,1.3862943611198906,0.0,1.791759469228055,2.6390573296152584,0.0,0.6931471805599453,4,0.6931471805599453,0.0,3,0.0,0.0,7,6,23,0.33,0.22314355131420976,0.6931471805599453
49,55412.0,2,3,63.0,2.6100697927420065,2.3978952727983707,1.791759469228055,3.367295829986474,2.4849066497880004,0.6931471805599453,2.1972245773362196,5,1.0986122886681098,0.0,3,0.0,0.0,7,5,65,0.6,0.18232155679395465,0.6931471805599453
33,48789.0,0,1,661.5,3.686671135218708,5.863631175598097,2.833213344056216,5.056245805348308,2.0794415416798357,1.791759469228055,4.848116364598481,17,1.9459101490553132,1.6094379124341003,7,0.0,0.0,12,6,94,1.8,0.05715841383994861,0.6931471805599453
58,56575.0,2,3,542.0,3.492936129098883,6.045005314036012,1.791759469228055,4.51085950651685,0.0,2.833213344056216,2.3978952727983707,17,2.0794415416798357,1.3862943611198906,7,0.0,0.0,12,5,42,1.15,0.1625189294977749,1.3862943611198906
45,25130.0,1,2,50.0,2.3978952727983707,1.0986122886681098,1.791759469228055,2.0794415416798357,0.0,2.9444389791664403,2.9444389791664403,5,1.0986122886681098,0.0,3,0.0,0.0,9,7,10,0.74,0.33647223662121295,1.0986122886681098
58,35441.0,2,3,39.0,2.3749057545736716,3.258096538021482,0.6931471805599453,2.302585092994046,1.0986122886681098,0.6931471805599453,0.6931471805599453,4,0.6931471805599453,0.0,3,0.0,0.0,9,8,94,1.37,0.4054651081081644,1.0986122886681098
69,71391.0,1,2,944.5,3.7392212089747874,5.820082930352362,4.406719247264253,5.616771097666572,3.8501476017100584,4.406719247264253,4.848116364598481,23,1.9459101490553132,1.791759469228055,12,0.0,0.0,9,3,50,1.25,0.19671029424605424,1.791759469228055
53,49494.0,1,2,385.0,3.4990296308991904,5.2574953720277815,2.302585092994046,4.584967478670572,0.0,1.9459101490553132,4.418840607796598,12,1.9459101490553132,0.6931471805599453,5,0.0,0.0,13,7,46,1.18,0.15415067982725827,1.0986122886681098
45,81702.0,0,1,1354.5,3.972104493348727,6.335054251498059,3.9318256327243257,6.322565239927284,3.367295829986474,3.4657359027997265,4.848116364598481,26,2.0794415416798357,2.0794415416798357,12,0.0,0.0,10,3,98,1.76,0.03774032798284703,0.6931471805599453
45,45889.0,1,2,46.0,2.5257286443082556,3.4657359027997265,0.0,1.9459101490553132,0.0,0.6931471805599453,2.1972245773362196,4,0.6931471805599453,0.0,3,0.0,0.0,7,6,42,0.99,0.22314355131420976,0.6931471805599453
48,56628.0,1,2,716.5,3.708818237717767,6.173786103901937,1.791759469228055,4.418840607796598,2.0794415416798357,2.8903717578961645,4.848116364598481,18,2.0794415416798357,1.9459101490553132,5,0.6931471805599453,0.0,12,5,30,0.27,0.1053605156578263,1.0986122886681098
75,34026.0,2,3,76.0,2.614959778036198,2.9444389791664403,1.9459101490553132,2.772588722239781,2.5649493574615367,2.1972245773362196,2.8903717578961645,6,1.0986122886681098,0.6931471805599453,3,0.0,0.0,7,5,11,0.9,0.4054651081081644,1.3862943611198906
51,40049.0,1,2,290.0,3.309214991950505,4.5217885770490405,4.189654742026425,3.970291913552122,2.3978952727983707,3.8066624897703196,3.367295829986474,11,1.3862943611198906,1.0986122886681098,6,0.0,0.0,8,5,61,1.58,0.24116205681688804,1.3862943611198906
37,34176.0,1,2,89.0,2.618438042412523,1.791759469228055,2.0794415416798357,3.2188758248682006,2.995732273553991,2.70805020110221,3.044522437723423,7,1.3862943611198906,0.0,4,0.0,0.0,9,6,12,0.13,0.4519851237430572,1.6094379124341003
44,19419.0,1,2,70.0,2.3978952727983707,1.0986122886681098,2.70805020110221,3.367295829986474,2.833213344056216,1.3862943611198906,2.0794415416798357,7,1.6094379124341003,0.0,3,0.0,0.0,13,9,76,1.63,0.4519851237430572,1.6094379124341003
65,82504.0,0,1,1052.5,4.201422352519421,5.8944028342648505,3.9318256327243257,6.068425588244111,4.799914262780603,3.58351893845611,4.007333185232471,16,1.3862943611198906,1.9459101490553132,7,0.0,0.0,4,1,2,0.92,0.06062462181643484,0.6931471805599453
55,81205.0,0,1,1632.5,4.518461793397083,6.586171654854675,4.31748811353631,6.322565239927284,4.584967478670572,4.02535169073515,4.848116364598481,18,1.791759469228055,1.9459101490553132,7,1.3862943611198906,0.6931471805599453,7,2,43,0.46,0.054067221270275766,0.6931471805599453
34,61618.0,0,1,1256.5,4.316310950363295,6.406879986069314,4.406719247264253,5.991464547107982,0.0,3.828641396489095,4.848116364598481,17,1.3862943611198906,1.9459101490553132,8,0.0,0.0,6,3,27,1.75,0.11122563511022437,1.0986122886681098
69,55284.0,1,2,764.0,3.6686767467964168,6.306275286948016,2.0794415416798357,4.948759890378168,0.0,2.0794415416798357,4.1588830833596715,20,2.0794415416798357,1.791759469228055,8,0.0,0.0,12,5,60,1.51,0.1397619423751587,1.3862943611198906
62,49980.0,1,2,195.0,3.120895416507997,4.653960350157523,0.6931471805599453,4.007333185232471,2.6390573296152584,2.302585092994046,2.70805020110221,9,1.3862943611198906,0.6931471805599453,5,0.0,0.0,8,5,79,0.68,0.20067069546215116,1.0986122886681098
45,15072.0,2,3,53.0,2.1484344131667874,2.1972245773362196,1.0986122886681098,2.772588722239781,0.0,2.3978952727983707,2.9444389791664403,7,1.3862943611198906,0.6931471805599453,3,0.0,0.0,8,5,96,1.14,0.4519851237430572,1.6094379124341003
51,49166.0,1,2,368.0,3.5396409322840556,5.41610040220442,1.0986122886681098,3.258096538021482,2.0794415416798357,0.0,4.709530201312334,11,1.791759469228055,1.3862943611198906,3,0.0,0.0,11,6,17,1.04,0.16705408466316618,1.0986122886681098
71,65324.0,1,2,544.0,3.4965075614664802,5.953243334287785,0.0,4.634728988229636,3.091042453358316,3.4965075614664802,1.791759469228055,17,1.9459101490553132,1.0986122886681098,9,0.0,0.0,10,4,0,0.46,0.1625189294977749,1.3862943611198906
68,82347.0,0,1,1430.5,4.104363647587311,6.322565239927284,4.007333185232471,6.322565239927284,4.799914262780603,4.406719247264253,4.1588830833596715,24,2.0794415416798357,2.0794415416798357,10,1.0986122886681098,0.0,10,3,38,1.64,0.040821994520255124,0.6931471805599453
59,30843.0,2,3,35.0,2.277267285009756,3.2188758248682006,0.0,1.0986122886681098,0.0,0.0,2.302585092994046,4,0.6931471805599453,0.6931471805599453,2,0.6931471805599453,0.0,6,5,43,0.09,0.4054651081081644,1.0986122886681098
51,46374.0,1,2,446.0,3.4253478418944385,6.013715156042802,0.0,3.091042453358316,0.0,0.0,2.8903717578961645,15,2.0794415416798357,0.6931471805599453,7,1.0986122886681098,0.6931471805599453,15,8,1,0.28,0.18232155679395465,1.3862943611198906
46,60474.0,1,2,905.0,3.656054908465893,5.583496308781699,4.406719247264253,5.717027701406222,4.799914262780603,2.302585092994046,4.848116364598481,24,2.3978952727983707,1.0986122886681098,12,0.0,0.0,17,7,25,1.24,0.25593337413720063,2.0794415416798357
52,38576.0,1,2,41.0,2.4203681286504293,3.5553480614894135,0.0,2.0794415416798357,0.0,0.0,0.0,4,0.6931471805599453,0.0,3,0.0,0.0,8,7,2,0.32,0.22314355131420976,0.6931471805599453
40,55357.0,2,3,727.0,3.6702866210373206,5.926926025970411,4.174387269895637,4.762173934797756,4.442651256490317,3.258096538021482,4.174387269895637,19,1.9459101490553132,1.0986122886681098,11,0.0,0.0,11,5,66,1.36,0.1466034741918754,1.3862943611198906
59,37758.0,2,3,40.0,2.3978952727983707,3.332204510175204,1.0986122886681098,2.3978952727983707,0.0,0.0,0.6931471805599453,4,0.6931471805599453,0.0,3,0.0,0.0,9,8,49,1.73,0.4054651081081644,1.0986122886681098
36,85710.0,0,1,1062.0,3.7723010622530087,6.398594934535208,3.044522437723423,5.860786223465865,3.4011973816621555,3.4339872044851463,3.5263605246161616,25,1.9459101490553132,2.302585092994046,10,0.6931471805599453,0.0,8,2,5,1.15,0.039220713153281295,0.6931471805599453
56,23228.0,1,2,40.0,2.1972245773362196,2.6390573296152584,1.0986122886681098,2.9444389791664403,1.9459101490553132,0.6931471805599453,0.0,5,1.0986122886681098,0.0,3,0.0,0.0,10,8,71,0.42,0.33647223662121295,1.0986122886681098
56,44602.0,2,3,292.0,3.3158375327109986,5.123963979403259,1.0986122886681098,4.499809670330265,0.0,0.0,3.5553480614894135,11,1.9459101490553132,0.6931471805599453,4,0.0,0.0,14,8,35,0.37,0.4353180712578455,1.9459101490553132
38,7500.0,0,1,15.0,1.791759469228055,0.0,1.0986122886681098,1.3862943611198906,1.6094379124341003,0.6931471805599453,1.791759469228055,3,0.0,0.0,3,0.0,0.0,6,6,94,1.47,0.2876820724517809,0.6931471805599453
36,38683.0,1,2,341.0,3.4657359027997265,3.8501476017100584,3.58351893845611,4.248495242049359,4.442651256490317,3.7376696182833684,4.204692619390966,11,1.6094379124341003,0.6931471805599453,6,0.0,0.0,11,7,80,1.73,0.4353180712578455,1.9459101490553132
50,49514.0,1,2,369.0,3.542275979922061,4.48863636973214,3.6888794541139363,4.3694478524670215,4.07753744390572,2.6390573296152584,4.543294782270004,11,1.9459101490553132,0.6931471805599453,4,0.0,0.0,13,7,61,0.53,0.16705408466316618,1.0986122886681098
52,57906.0,1,2,401.0,3.3892211906154395,5.497168225293202,2.4849066497880004,4.787491742782046,2.3978952727983707,1.3862943611198906,2.772588722239781,14,1.6094379124341003,1.0986122886681098,8,0.0,0.0,8,4,29,1.05,0.19415601444095745,1.3862943611198906
59,43456.0,1,2,393.0,3.3697558558273366,5.62040086571715,2.4849066497880004,4.23410650459726,3.258096538021482,2.0794415416798357,2.0794415416798357,14,1.791759469228055,0.6931471805599453,8,0.0,0.0,10,5,0,1.26,0.19415601444095745,1.3862943611198906
39,19485.0,2,3,10.0,1.4663370687934272,1.9459101490553132,0.0,1.6094379124341003,0.0,0.0,0.0,3,0.6931471805599453,0.0,2,0.0,0.0,8,7,80,0.76,0.2876820724517809,0.6931471805599453
47,53172.0,1,2,486.0,3.647656738289982,4.804021044733257,4.143134726391533,4.51085950651685,4.23410650459726,3.044522437723423,4.836281906951478,13,1.0986122886681098,1.3862943611198906,8,0.0,0.0,5,3,54,1.15,0.2076393647782445,1.3862943611198906
46,30545.0,1,2,69.0,2.6946271807700692,1.6094379124341003,2.5649493574615367,2.772588722239781,2.995732273553991,2.0794415416798357,2.5649493574615367,5,1.0986122886681098,0.0,3,0.0,0.0,9,7,71,1.7,0.33647223662121295,1.0986122886681098
42,70123.0,0,1,1643.0,4.641381567950663,7.110696122978827,0.0,5.983936280687191,3.1780538303479458,0.0,0.0,16,1.791759469228055,2.0794415416798357,4,1.0986122886681098,0.0,8,3,27,0.75,0.06062462181643484,0.6931471805599453
66,62450.0,1,2,995.0,4.277657690738351,6.246106765481563,3.871201010907891,5.5909869805108565,4.143134726391533,4.204692619390966,3.6635616461296463,14,1.791759469228055,1.791759469228055,4,0.6931471805599453,0.0,8,3,61,0.48,0.13353139262452263,1.0986122886681098
49,21675.0,1,2,45.0,2.005333569526114,1.6094379124341003,0.0,2.833213344056216,2.8903717578961645,1.6094379124341003,1.6094379124341003,7,1.6094379124341003,0.0,3,0.0,0.0,11,7,55,0.05,0.35667494393873234,1.3862943611198906
44,42395.0,2,3,182.0,3.1675825304806504,3.8918202981106265,2.6390573296152584,4.060443010546419,3.2188758248682006,2.772588722239781,3.258096538021482,8,1.3862943611198906,0.6931471805599453,4,0.0,0.0,10,7,35,0.24,0.4054651081081644,1.6094379124341003
47,61346.0,1,2,973.5,3.8122026701459353,6.333279628139691,4.07753744390572,5.1298987149230735,3.784189633918261,2.833213344056216,4.848116364598481,22,1.791759469228055,2.0794415416798357,10,0.0,0.0,8,3,34,0.73,0.04445176257083384,0.6931471805599453
72,80812.0,0,1,1525.5,4.507946411723327,6.646390514847729,3.1354942159291497,6.2166061010848646,4.799914262780603,4.406719247264253,3.5263605246161616,17,1.6094379124341003,2.1972245773362196,5,1.3862943611198906,0.0,6,2,95,0.78,0.05715841383994861,0.6931471805599453
54,42835.0,2,3,595.0,3.642508236931814,5.940171252720432,1.6094379124341003,4.543294782270004,2.5649493574615367,2.302585092994046,4.59511985013459,16,1.9459101490553132,1.9459101490553132,4,0.0,0.0,12,6,64,1.0,0.3629054936893685,2.0794415416798357
42,39922.0,1,2,156.0,3.147840051751449,3.4011973816621555,2.5649493574615367,4.0943445622221,2.995732273553991,0.6931471805599453,3.6109179126442243,7,1.3862943611198906,0.0,4,0.0,0.0,11,8,30,1.37,0.2513144282809061,1.0986122886681098
69,86424.0,0,1,1213.0,3.8270297925947534,5.961005339623274,4.23410650459726,6.322565239927284,4.499809670330265,3.828641396489095,4.23410650459726,27,1.9459101490553132,2.302585092994046,12,0.0,0.0,7,1,12,0.23,0.03636764417087485,0.6931471805599453
47,17117.0,1,2,128.0,2.959364629383116,2.5649493574615367,3.1780538303479458,3.6635616461296463,3.4339872044851463,2.9444389791664403,2.0794415416798357,7,1.3862943611198906,0.6931471805599453,3,0.0,0.0,12,9,96,1.45,0.4519851237430572,1.6094379124341003
53,24762.0,1,2,86.0,2.7300291078209855,1.9459101490553132,2.3978952727983707,2.5649493574615367,1.3862943611198906,2.772588722239781,3.713572066704308,6,1.3862943611198906,0.6931471805599453,2,0.6931471805599453,0.6931471805599453,11,8,16,0.38,0.4054651081081644,1.3862943611198906
50,35797.0,1,2,68.0,2.681021528714291,3.332204510175204,0.6931471805599453,2.70805020110221,1.6094379124341003,0.6931471805599453,3.091042453358316,5,1.0986122886681098,0.0,3,0.0,0.0,10,8,16,1.7,0.33647223662121295,1.0986122886681098
50,36627.0,2,3,16.0,1.8458266904983307,2.302585092994046,0.6931471805599453,1.791759469228055,0.0,0.0,0.6931471805599453,3,0.0,0.0,3,0.0,0.0,5,5,78,0.93,0.2876820724517809,0.6931471805599453
44,51111.0,2,3,55.0,2.4849066497880004,3.1354942159291497,0.0,2.995732273553991,1.9459101490553132,1.791759469228055,1.3862943611198906,5,1.0986122886681098,0.0,3,0.0,0.0,8,6,83,0.03,0.33647223662121295,1.0986122886681098
53,86857.0,0,1,1777.5,4.450185825412255,6.802394763324311,4.406719247264253,6.322565239927284,4.799914262780603,4.406719247264253,3.713572066704308,21,1.791759469228055,1.9459101490553132,10,0.0,0.6931471805599453,7,2,96,1.79,0.04652001563489285,0.6931471805599453
55,82072.0,0,1,1828.0,4.630404657166633,6.7912214627261855,4.02535169073515,6.322565239927284,4.799914262780603,4.406719247264253,4.848116364598481,18,1.3862943611198906,1.0986122886681098,13,0.0,0.0,4,1,67,0.99,0.054067221270275766,0.6931471805599453
72,46231.0,3,4,263.0,3.2152328335897,5.247024072160486,1.0986122886681098,4.02535169073515,0.0,1.791759469228055,2.5649493574615367,11,1.9459101490553132,0.6931471805599453,4,0.0,0.0,15,9,87,1.59,0.31015492830383956,1.6094379124341003
66,42243.0,2,3,55.0,2.4849066497880004,3.8918202981106265,0.0,1.0986122886681098,0.0,0.0,1.791759469228055,5,1.0986122886681098,0.0,3,0.0,0.0,9,7,34,0.55,0.33647223662121295,1.0986122886681098
63,51195.0,2,3,564.0,3.590439381300684,5.442417710521793,2.70805020110221,5.056245805348308,4.418840607796598,3.2188758248682006,4.07753744390572,16,2.302585092994046,1.0986122886681098,5,0.0,0.0,17,8,46,1.24,0.4054651081081644,2.1972245773362196
47,68092.0,0,1,1281.0,4.278978258774435,6.748759547491679,4.110873864173311,5.337538079701318,4.3694478524670215,3.6109179126442243,3.8918202981106265,18,1.0986122886681098,1.9459101490553132,10,0.0,0.0,7,5,7,0.53,0.1053605156578263,1.0986122886681098
52,31814.0,1,2,83.0,2.8678989020441064,3.58351893845611,1.3862943611198906,3.044522437723423,1.6094379124341003,0.6931471805599453,3.044522437723423,5,1.0986122886681098,0.0,3,0.6931471805599453,0.0,11,9,73,1.38,0.33647223662121295,1.0986122886681098
60,51390.0,2,3,353.0,3.414990703794491,5.327876168789581,3.044522437723423,3.871201010907891,3.1780538303479458,1.0986122886681098,4.04305126783455,12,1.791759469228055,1.0986122886681098,5,0.0,0.0,10,5,54,1.8,0.4054651081081644,1.9459101490553132
42,76630.0,0,1,954.5,3.7079669564881854,5.545177444479562,3.4657359027997265,6.102558594613569,3.713572066704308,4.04305126783455,4.848116364598481,24,1.3862943611198906,2.3978952727983707,11,0.0,0.0,4,1,93,0.45,0.040821994520255124,0.6931471805599453
34,26868.0,1,2,14.0,1.7346010553881064,0.0,0.0,0.6931471805599453,2.1972245773362196,1.3862943611198906,1.0986122886681098,3,0.6931471805599453,0.0,2,0.0,0.0,8,7,52,0.16,0.2876820724517809,0.6931471805599453
82,48948.0,0,1,862.5,3.693980060241524,6.082218910376446,2.1972245773362196,5.332718793265369,4.799914262780603,3.912023005428146,3.7612001156935624,22,2.0794415416798357,2.3978952727983707,5,0.6931471805599453,0.6931471805599453,13,6,53,1.4,0.08701137698962977,1.0986122886681098
53,55260.0,1,2,1023.5,3.817712325956905,6.716594773520978,2.1972245773362196,3.9889840465642745,2.4849066497880004,0.0,4.848116364598481,23,2.1972245773362196,2.3978952727983707,5,0.0,0.0,14,6,81,1.54,0.08338160893905106,1.0986122886681098
69,64090.0,1,2,788.5,3.7495040759303713,5.75890177387728,4.07753744390572,5.087596335232384,4.343805421853684,3.9512437185814275,4.848116364598481,19,1.9459101490553132,2.302585092994046,4,0.0,0.6931471805599453,11,5,8,0.89,0.051293294387550536,0.6931471805599453
67,78331.0,1,2,1453.5,4.161935485254828,6.6293632534374485,4.406719247264253,5.872117789475416,4.799914262780603,4.406719247264253,4.127134385045092,23,2.3978952727983707,1.9459101490553132,7,0.0,0.0,14,4,97,0.43,0.08338160893905106,1.0986122886681098
51,37087.0,1,2,401.0,3.3892211906154395,5.272999558563747,4.02535169073515,4.90527477843843,2.772588722239781,0.0,1.3862943611198906,14,1.6094379124341003,1.0986122886681098,8,0.0,0.0,10,6,50,0.88,0.19415601444095745,1.3862943611198906
39,21846.0,1,2,84.0,2.5649493574615367,2.0794415416798357,2.8903717578961645,2.9444389791664403,1.9459101490553132,2.3978952727983707,3.295836866004329,7,1.6094379124341003,0.0,3,0.0,0.0,12,8,38,0.68,0.4519851237430572,1.6094379124341003
67,81320.0,0,1,906.0,3.994415890446636,5.214935757608986,3.5263605246161616,6.202535517187923,4.0943445622221,4.406719247264253,4.060443010546419,17,1.6094379124341003,1.3862943611198906,10,0.0,0.0,6,2,61,1.39,0.05715841383994861,0.6931471805599453
55,54137.0,1,2,203.0,3.159361697335793,5.147494476813453,0.0,2.4849066497880004,0.0,0.6931471805599453,3.044522437723423,9,1.6094379124341003,0.6931471805599453,4,0.0,0.0,10,6,46,0.87,0.20067069546215116,1.0986122886681098
58,66825.0,0,1,838.0,4.040709346389469,5.497168225293202,4.406719247264253,6.0063531596017325,3.4011973816621555,3.713572066704308,3.713572066704308,15,1.6094379124341003,1.791759469228055,6,0.0,0.0,6,2,73,0.96,0.06453852113757118,0.6931471805599453
52,57100.0,0,1,409.0,3.5577261838943812,5.204006687076795,3.091042453358316,4.248495242049359,3.6888794541139363,1.3862943611198906,4.574710978503383,12,1.3862943611198906,1.3862943611198906,6,0.0,0.0,6,3,19,0.57,0.08004270767353643,0.6931471805599453
56,58917.0,3,4,282.0,3.282277336218697,5.0238805208462765,2.0794415416798357,4.499809670330265,0.0,2.0794415416798357,3.367295829986474,11,1.6094379124341003,0.6931471805599453,6,0.0,0.0,9,5,10,1.26,0.37469344944141064,1.791759469228055
48,85072.0,0,1,1224.0,4.290459441148391,6.20455776256869,4.406719247264253,5.971261839790462,4.799914262780603,2.4849066497880004,4.848116364598481,17,1.3862943611198906,1.6094379124341003,10,0.0,0.0,3,0,94,0.22,0.05715841383994861,0.6931471805599453
64,86429.0,0,1,1132.0,4.157145463461131,6.142037405587356,3.367295829986474,6.322565239927284,3.4011973816621555,2.9444389791664403,3.6375861597263857,18,2.0794415416798357,1.6094379124341003,7,0.6931471805599453,0.6931471805599453,9,2,10,0.6,0.0,0.0
54,45684.0,1,2,28.0,2.3353749158170367,1.791759469228055,0.6931471805599453,1.791759469228055,2.3978952727983707,0.0,2.0794415416798357,3,0.6931471805599453,0.0,2,0.0,0.0,8,7,37,0.57,0.2876820724517809,0.6931471805599453
51,47889.0,1,2,67.0,2.667228206581955,3.4011973816621555,0.0,3.4011973816621555,0.0,1.791759469228055,1.6094379124341003,5,1.0986122886681098,0.0,3,0.0,0.0,7,5,94,0.48,0.18232155679395465,0.6931471805599453
39,45921.0,0,1,199.0,3.1403135023650988,4.634728988229636,2.302585092994046,3.912023005428146,3.2188758248682006,1.3862943611198906,2.5649493574615367,9,1.0986122886681098,0.6931471805599453,6,0.0,0.0,6,4,23,0.3,0.1053605156578263,0.6931471805599453
59,78420.0,0,1,1335.0,4.167772030776918,6.405228458030842,3.367295829986474,6.322565239927284,4.5217885770490405,3.367295829986474,3.367295829986474,21,1.3862943611198906,2.3978952727983707,8,0.0,0.0,4,1,75,1.0,0.04652001563489285,0.6931471805599453
33,75114.0,0,1,1253.0,4.25718751329329,6.349138991379798,2.5649493574615367,6.261491684321042,4.1588830833596715,4.110873864173311,3.2188758248682006,18,1.3862943611198906,2.3978952727983707,5,0.0,0.0,5,2,40,0.64,0.054067221270275766,0.6931471805599453
62,52278.0,1,2,1150.5,3.8505730431119236,6.860663671448287,0.0,4.276666119016055,0.0,0.0,4.848116364598481,25,2.3978952727983707,1.791759469228055,10,0.0,0.6931471805599453,18,8,24,1.42,0.2151113796169455,1.9459101490553132
53,35641.0,1,2,178.0,3.1463051320333655,4.1588830833596715,1.3862943611198906,4.219507705176107,2.1972245773362196,2.302585092994046,3.367295829986474,8,1.3862943611198906,0.6931471805599453,4,0.0,0.6931471805599453,10,7,11,0.96,0.22314355131420976,1.0986122886681098
31,95529.0,0,1,1526.5,4.508594499885998,6.647688373563329,3.4011973816621555,6.322565239927284,4.799914262780603,3.332204510175204,3.2188758248682006,17,2.0794415416798357,1.3862943611198906,7,0.6931471805599453,0.6931471805599453,10,3,29,1.57,0.05715841383994861,0.6931471805599453
71,62820.0,0,1,958.5,4.313891911355958,5.988961416889864,4.127134385045092,5.583496308781699,4.799914262780603,4.127134385045092,3.9889840465642745,13,1.3862943611198906,1.6094379124341003,6,0.0,0.0,4,1,51,1.13,0.07410797215372189,0.6931471805599453
65,73113.0,0,1,1001.0,4.283586561860629,6.60934924316738,2.995732273553991,5.043425116919247,3.9318256327243257,2.302585092994046,3.367295829986474,14,1.3862943611198906,1.6094379124341003,7,0.0,0.0,5,2,86,0.51,0.06899287148695145,0.6931471805599453
43,84169.0,0,1,1665.0,4.484488215635832,7.110696122978827,2.995732273553991,6.0014148779611505,0.0,2.995732273553991,0.0,19,2.0794415416798357,1.9459101490553132,6,1.0986122886681098,0.6931471805599453,10,3,9,0.89,0.051293294387550536,0.6931471805599453
71,42607.0,1,2,350.0,3.4067375620377707,5.056245805348308,3.4011973816621555,4.04305126783455,3.4339872044851463,3.4965075614664802,3.871201010907891,12,1.3862943611198906,1.0986122886681098,7,0.0,0.0,6,3,30,0.61,0.15415067982725827,1.0986122886681098
71,74637.0,0,1,1624.5,4.2295672321638405,6.8679744089702925,4.174387269895637,6.142037405587356,4.799914262780603,0.0,2.833213344056216,24,1.9459101490553132,2.302585092994046,9,0.6931471805599453,0.0,9,3,73,1.11,0.040821994520255124,0.6931471805599453
70,46015.0,2,3,46.0,2.5257286443082556,3.6635616461296463,0.0,1.0986122886681098,0.0,0.0,1.9459101490553132,4,0.6931471805599453,0.0,3,1.0986122886681098,0.0,8,7,25,0.21,0.22314355131420976,0.6931471805599453
32,72354.0,0,1,1073.0,4.104478227936906,5.755742213586912,3.295836866004329,6.161207321695077,4.799914262780603,2.5649493574615367,4.848116364598481,18,1.0986122886681098,2.3978952727983707,6,0.0,0.0,3,1,67,1.2,0.054067221270275766,0.6931471805599453
56,39858.0,1,2,95.0,2.8233610476132047,2.772588722239781,3.044522437723423,3.258096538021482,1.0986122886681098,2.0794415416798357,3.295836866004329,6,1.0986122886681098,0.0,4,0.0,0.6931471805599453,8,6,67,1.43,0.15415067982725827,0.6931471805599453
77,34469.0,2,3,62.0,2.4277482359480516,2.995732273553991,1.9459101490553132,3.044522437723423,0.0,1.791759469228055,2.5649493574615367,6,0.6931471805599453,0.6931471805599453,4,0.0,0.0,5,4,58,0.15,0.4054651081081644,1.3862943611198906
39,83033.0,1,2,1558.5,4.148517041110494,6.70073110954781,4.406719247264253,6.068425588244111,4.799914262780603,4.406719247264253,3.5263605246161616,25,2.4849066497880004,1.6094379124341003,10,0.6931471805599453,0.0,16,5,82,0.11,0.039220713153281295,0.6931471805599453
46,24401.0,0,1,467.0,3.6088367464404,4.30406509320417,3.367295829986474,5.384495062789089,2.3978952727983707,3.2188758248682006,4.7535901911063645,13,1.9459101490553132,0.6931471805599453,6,0.0,0.0,14,8,98,1.83,0.2076393647782445,1.3862943611198906
47,77583.0,0,1,1019.5,4.0541974942086885,5.921578419643816,3.1780538303479458,5.953243334287785,4.799914262780603,2.5649493574615367,4.6913478822291435,18,1.6094379124341003,1.791759469228055,9,0.6931471805599453,0.0,6,2,93,0.38,0.054067221270275766,0.6931471805599453
43,74116.0,0,1,1810.0,4.6206059941179305,6.77078942390898,4.406719247264253,6.322565239927284,4.799914262780603,4.02535169073515,4.848116364598481,18,1.6094379124341003,1.6094379124341003,10,0.6931471805599453,0.0,6,2,53,0.5,0.054067221270275766,0.6931471805599453
32,74293.0,0,1,1046.0,4.258916937511773,5.929589143389895,4.406719247264253,5.817111159963204,4.543294782270004,4.406719247264253,4.406719247264253,15,1.791759469228055,1.6094379124341003,6,0.0,0.0,7,2,66,0.15,0.06453852113757118,0.6931471805599453
49,68397.0,1,2,1416.0,4.273884476054178,6.634633357861686,4.394449154672439,6.1463292576688975,2.8903717578961645,2.6390573296152584,4.394449154672439,20,1.9459101490553132,2.302585092994046,5,0.0,0.0,9,3,6,0.61,0.048790164169432,0.6931471805599453
51,79632.0,0,1,1113.0,4.087302279596688,6.156978985585555,0.0,6.236369590203704,4.605170185988092,3.091042453358316,2.5649493574615367,19,1.9459101490553132,1.6094379124341003,9,0.0,0.0,8,2,42,0.22,0.051293294387550536,0.6931471805599453
36,46107.0,1,2,125.0,3.0834378539730967,3.4657359027997265,2.302585092994046,3.332204510175204,2.833213344056216,2.302585092994046,3.5263605246161616,6,0.6931471805599453,0.6931471805599453,4,0.0,0.0,4,3,78,0.38,0.15415067982725827,0.6931471805599453
74,64950.0,1,2,966.0,3.7612001156935624,6.709304340258298,0.0,4.290459441148391,2.5649493574615367,0.0,4.1588830833596715,23,2.4849066497880004,1.0986122886681098,10,0.6931471805599453,0.0,18,7,29,1.88,0.08338160893905106,1.0986122886681098
36,25443.0,1,2,32.0,2.1972245773362196,0.6931471805599453,1.6094379124341003,1.3862943611198906,2.1972245773362196,2.302585092994046,2.0794415416798357,4,0.6931471805599453,0.0,3,0.0,0.0,9,8,82,1.52,0.22314355131420976,0.6931471805599453
73,75127.0,0,1,732.5,3.730367893177352,5.318119993844216,3.58351893845611,5.723585101952381,3.8501476017100584,2.8903717578961645,4.848116364598481,18,1.0986122886681098,2.4849066497880004,5,0.0,0.0,3,1,92,0.1,0.054067221270275766,0.6931471805599453
54,32892.0,1,2,46.0,2.1594842493533726,3.295836866004329,0.0,2.772588722239781,1.0986122886681098,0.6931471805599453,1.0986122886681098,6,1.3862943611198906,0.0,3,0.0,0.0,11,8,78,0.1,0.2876820724517809,1.0986122886681098
54,71796.0,0,1,913.5,4.062058084921717,5.872117789475416,3.091042453358316,5.7430031878094825,4.799914262780603,4.330733340286331,3.4965075614664802,16,2.302585092994046,1.3862943611198906,4,0.0,0.0,13,4,54,0.68,0.06062462181643484,0.6931471805599453
55,67536.0,1,2,1800.0,4.214593690373678,7.110696122978827,0.0,6.104793232414985,3.1780538303479458,4.276666119016055,3.58351893845611,27,2.4849066497880004,1.791759469228055,11,0.6931471805599453,0.0,19,8,45,1.1,0.1053605156578263,1.3862943611198906
54,55239.0,1,2,779.0,3.5516143919373646,5.918893854273146,2.8903717578961645,5.476463551931511,3.1780538303479458,3.2188758248682006,4.672828834461906,23,2.0794415416798357,1.791759469228055,11,0.0,0.0,12,5,59,0.96,0.12260232209233235,1.3862943611198906
50,60554.0,1,2,811.0,3.6793100030977857,6.3784261836515865,2.0794415416798357,4.343805421853684,4.709530201312334,2.772588722239781,2.772588722239781,21,2.1972245773362196,1.6094379124341003,9,0.0,0.0,14,6,8,0.89,0.09097177820572669,1.0986122886681098
73,64831.0,2,3,1092.5,4.369899829875846,6.175867270105761,4.406719247264253,5.521460917862246,4.330733340286331,4.406719247264253,4.848116364598481,14,1.9459101490553132,1.3862943611198906,5,0.0,0.0,12,6,51,1.05,0.4519851237430572,2.1972245773362196
63,56067.0,1,2,725.0,3.7203242868215947,6.249975242259483,2.5649493574615367,4.007333185232471,2.833213344056216,1.9459101490553132,4.795790545596741,18,2.0794415416798357,1.6094379124341003,7,0.0,0.0,12,5,51,0.94,0.1053605156578263,1.0986122886681098
42,82025.0,0,1,1120.0,4.63296220331775,5.5909869805108565,4.406719247264253,6.322565239927284,3.8918202981106265,4.2626798770413155,4.59511985013459,11,1.3862943611198906,1.0986122886681098,6,0.6931471805599453,0.6931471805599453,4,1,76,1.09,0.08701137698962977,0.6931471805599453
72,94384.0,0,1,1983.0,4.711030576687569,7.013915474810528,3.2188758248682006,6.322565239927284,4.799914262780603,3.828641396489095,4.848116364598481,18,1.791759469228055,2.1972245773362196,5,1.3862943611198906,0.6931471805599453,7,2,62,1.32,0.0,0.0
39,14906.0,0,1,66.0,2.4849066497880004,2.0794415416798357,2.0794415416798357,2.70805020110221,2.0794415416798357,2.833213344056216,2.772588722239781,6,1.0986122886681098,0.6931471805599453,3,0.0,0.0,9,7,86,1.52,0.4054651081081644,1.3862943611198906
38,51563.0,0,1,1250.0,4.254824377101007,7.062191632286556,0.0,3.8918202981106265,0.0,0.0,3.6109179126442243,18,1.6094379124341003,1.6094379124341003,10,1.0986122886681098,0.0,12,8,60,1.74,0.054067221270275766,0.6931471805599453
43,57937.0,1,2,676.5,3.70853789569867,5.568344503761097,3.7612001156935624,4.976733742420574,4.02535169073515,3.8918202981106265,4.848116364598481,17,1.6094379124341003,1.6094379124341003,9,0.0,0.0,7,3,56,0.36,0.1625189294977749,1.3862943611198906
46,68274.0,2,3,305.0,3.3578469407885416,4.912654885736052,3.258096538021482,3.9512437185814275,3.1780538303479458,3.258096538021482,3.8501476017100584,11,1.6094379124341003,1.0986122886681098,5,0.0,0.0,7,3,83,0.74,0.16705408466316618,1.0986122886681098
48,39771.0,1,2,50.0,2.3978952727983707,1.9459101490553132,1.0986122886681098,2.9444389791664403,1.0986122886681098,2.1972245773362196,2.70805020110221,5,1.0986122886681098,0.0,3,0.0,0.0,6,4,92,0.56,0.18232155679395465,0.6931471805599453
50,67893.0,1,2,995.0,4.277657690738351,6.568077911411976,3.367295829986474,4.962844630259907,3.912023005428146,2.9444389791664403,3.871201010907891,14,1.3862943611198906,1.0986122886681098,9,0.0,0.0,11,8,31,1.74,0.13353139262452263,1.0986122886681098
46,27922.0,1,2,41.0,2.2192034840549946,2.4849066497880004,0.0,2.6390573296152584,1.0986122886681098,1.6094379124341003,2.4849066497880004,5,1.0986122886681098,0.0,3,0.0,0.0,6,4,80,0.14,0.18232155679395465,0.6931471805599453
49,52190.0,2,3,77.0,2.627081138568543,3.7612001156935624,0.0,2.8903717578961645,0.0,0.0,2.9444389791664403,6,1.0986122886681098,0.6931471805599453,3,0.6931471805599453,0.0,7,5,39,0.14,0.4054651081081644,1.3862943611198906
52,44051.0,2,3,171.0,3.107944264160919,4.382026634673881,2.0794415416798357,4.07753744390572,1.9459101490553132,1.3862943611198906,2.9444389791664403,8,1.3862943611198906,0.6931471805599453,4,0.0,0.6931471805599453,9,6,20,1.41,0.4054651081081644,1.6094379124341003
54,42767.0,2,3,131.0,3.1282214566000697,3.044522437723423,1.9459101490553132,3.784189633918261,2.995732273553991,1.791759469228055,3.6635616461296463,6,1.3862943611198906,0.6931471805599453,2,0.0,0.0,11,8,53,1.13,0.15415067982725827,0.6931471805599453
49,46106.0,2,3,54.0,2.6741486494265287,3.4339872044851463,0.0,2.1972245773362196,1.0986122886681098,0.0,2.70805020110221,4,0.6931471805599453,0.6931471805599453,2,0.0,0.0,7,6,84,0.13,0.22314355131420976,0.6931471805599453
49,16927.0,2,3,53.0,2.1484344131667874,3.044522437723423,1.0986122886681098,3.1780538303479458,1.3862943611198906,0.6931471805599453,1.6094379124341003,7,1.3862943611198906,0.0,4,0.0,0.0,11,8,50,1.38,0.538996500732687,1.791759469228055
60,59754.0,1,2,397.5,3.452426571430946,4.7535901911063645,3.332204510175204,3.8066624897703196,1.6094379124341003,4.406719247264253,4.848116364598481,13,1.791759469228055,1.0986122886681098,6,0.0,0.6931471805599453,10,5,96,1.57,0.2076393647782445,1.3862943611198906
73,53700.0,1,2,694.0,3.6777061535158113,5.575949103146316,1.791759469228055,5.455321115357702,4.248495242049359,3.7376696182833684,4.430816798843313,18,1.791759469228055,1.791759469228055,8,0.0,0.0,10,5,94,1.86,0.20067069546215116,1.6094379124341003
52,59041.0,2,3,96.0,2.833213344056216,4.248495242049359,1.0986122886681098,2.772588722239781,1.0986122886681098,1.0986122886681098,1.9459101490553132,6,1.0986122886681098,0.0,4,0.0,0.0,7,5,25,0.15,0.2876820724517809,1.0986122886681098
68,54237.0,1,2,361.0,3.436671769855815,5.5909869805108565,1.3862943611198906,3.4339872044851463,1.6094379124341003,0.0,4.060443010546419,12,1.791759469228055,1.0986122886681098,5,0.0,0.0,11,6,48,1.17,0.2876820724517809,1.6094379124341003
58,70647.0,1,2,1033.0,3.785136155522292,6.331501849893691,4.406719247264253,5.147494476813453,3.258096538021482,4.406719247264253,4.74493212836325,24,1.6094379124341003,2.0794415416798357,13,0.0,0.0,6,2,65,1.77,0.08004270767353643,1.0986122886681098
63,52597.0,1,2,578.0,3.5553480614894135,6.20050917404269,0.0,3.6375861597263857,2.0794415416798357,0.0,3.7612001156935624,17,1.9459101490553132,1.3862943611198906,8,0.0,0.0,11,5,69,0.15,0.1625189294977749,1.3862943611198906
56,41021.0,1,2,64.0,2.624668592163159,2.70805020110221,2.0794415416798357,2.302585092994046,1.9459101490553132,2.833213344056216,2.5649493574615367,5,1.0986122886681098,0.0,3,0.0,0.6931471805599453,8,6,12,1.49,0.33647223662121295,1.0986122886681098
50,40233.0,1,2,149.0,2.976804263668472,4.394449154672439,1.6094379124341003,3.8501476017100584,0.0,2.8903717578961645,1.0986122886681098,8,1.0986122886681098,0.6931471805599453,5,0.0,0.0,8,6,84,0.71,0.4855078157817008,1.791759469228055
45,50183.0,2,3,231.0,3.1822118404966093,4.584967478670572,2.5649493574615367,4.442651256490317,2.6390573296152584,2.3978952727983707,2.772588722239781,10,1.3862943611198906,0.6931471805599453,6,0.0,0.0,8,5,47,0.01,0.5306282510621704,2.0794415416798357
66,54753.0,1,2,697.5,3.6826098411003407,5.288267030694535,4.406719247264253,5.429345628954441,2.0794415416798357,4.0943445622221,4.848116364598481,18,1.791759469228055,1.0986122886681098,11,0.0,0.0,9,4,87,0.79,0.15415067982725827,1.3862943611198906
52,92955.0,0,1,1409.0,4.1750863261981355,6.542471960506805,3.091042453358316,6.322565239927284,3.4657359027997265,3.2188758248682006,4.442651256490317,22,1.9459101490553132,2.0794415416798357,9,1.0986122886681098,0.6931471805599453,8,2,35,0.86,0.04445176257083384,0.6931471805599453
52,33471.0,1,2,93.0,2.659260036932778,3.784189633918261,1.0986122886681098,3.332204510175204,0.0,2.302585092994046,2.5649493574615367,7,1.3862943611198906,0.0,4,0.0,0.0,10,7,47,1.71,0.35667494393873234,1.3862943611198906
51,34596.0,1,2,23.0,2.1594842493533726,2.70805020110221,0.0,1.0986122886681098,0.0,0.0,2.0794415416798357,3,0.6931471805599453,0.0,2,0.0,0.6931471805599453,9,8,48,1.21,0.2876820724517809,0.6931471805599453
45,44010.0,1,2,662.0,3.631721040273988,5.231108616854587,3.6109179126442243,5.459585514144159,4.465908118654584,4.290459441148391,3.8918202981106265,18,2.3978952727983707,1.0986122886681098,6,0.0,0.0,19,9,46,1.71,0.2876820724517809,1.9459101490553132
37,84219.0,0,1,1086.0,4.172575675197287,6.075346031088684,4.406719247264253,5.993961427306569,3.828641396489095,4.406719247264253,3.828641396489095,17,1.3862943611198906,1.6094379124341003,10,0.0,0.0,4,1,27,0.4,0.05715841383994861,0.6931471805599453
57,40706.0,3,4,81.0,2.531426665422893,4.0943445622221,0.0,2.4849066497880004,1.6094379124341003,1.0986122886681098,1.791759469228055,7,1.3862943611198906,0.0,4,0.0,0.0,10,7,37,1.45,0.4519851237430572,1.6094379124341003
37,15716.0,1,2,92.0,2.649209701079277,2.833213344056216,1.791759469228055,3.4339872044851463,2.1972245773362196,2.0794415416798357,3.295836866004329,7,1.3862943611198906,0.0,4,0.0,0.0,11,8,8,1.63,0.35667494393873234,1.3862943611198906
66,59052.0,1,2,491.0,3.5184864681852557,5.442417710521793,3.58351893845611,4.330733340286331,4.1588830833596715,4.060443010546419,3.4657359027997265,15,2.0794415416798357,0.6931471805599453,7,0.0,0.0,12,5,29,0.61,0.18232155679395465,1.3862943611198906
54,80573.0,0,1,1496.0,4.1903132866666235,6.721425700790643,4.406719247264253,6.066108090103747,4.110873864173311,4.406719247264253,2.772588722239781,23,1.6094379124341003,1.9459101490553132,13,0.0,0.0,6,2,85,1.71,0.04255961441879593,0.6931471805599453
63,83715.0,0,1,896.5,3.688335828115226,5.765191102784844,2.1972245773362196,6.0112671744041615,4.799914262780603,3.58351893845611,2.1972245773362196,23,1.0986122886681098,2.1972245773362196,13,0.0,0.0,2,0,2,0.4,0.04255961441879593,0.6931471805599453
66,82576.0,0,1,1862.5,4.648921220014226,7.095893221097532,4.02535169073515,6.100318952020064,4.799914262780603,2.9444389791664403,2.9444389791664403,18,1.0986122886681098,1.6094379124341003,12,0.6931471805599453,0.0,3,1,66,1.91,0.054067221270275766,0.6931471805599453
60,56962.0,3,4,411.0,3.4130318393091583,5.680172609017068,1.3862943611198906,4.356708826689592,2.3978952727983707,1.3862943611198906,3.295836866004329,14,1.9459101490553132,1.3862943611198906,5,0.0,0.0,13,7,60,0.71,0.4054651081081644,2.0794415416798357
73,35704.0,2,3,94.0,2.8134107167600364,3.4339872044851463,2.302585092994046,2.5649493574615367,1.0986122886681098,2.4849066497880004,3.4339872044851463,6,1.0986122886681098,0.0,4,0.0,0.0,6,4,54,0.48,0.4054651081081644,1.3862943611198906
71,53103.0,1,2,1016.5,3.811000891368918,6.593044534142437,2.8903717578961645,4.897839799950911,2.4849066497880004,0.0,4.848116364598481,23,2.3978952727983707,1.9459101490553132,7,0.6931471805599453,0.0,17,7,70,0.79,0.19671029424605424,1.791759469228055
65,46779.0,2,3,23.0,2.1594842493533726,2.5649493574615367,0.6931471805599453,1.3862943611198906,0.0,0.0,2.0794415416798357,3,0.0,0.6931471805599453,2,0.0,0.0,4,4,55,0.96,0.2876820724517809,0.6931471805599453
60,4861.0,0,1,6.0,0.0,1.0986122886681098,0.6931471805599453,0.6931471805599453,0.6931471805599453,0.0,0.6931471805599453,0,0.0,0.0,0,0.0,0.0,14,14,20,0.02,0.0,0.0
46,33462.0,1,2,54.0,2.468099531471619,3.1354942159291497,1.3862943611198906,2.9444389791664403,0.0,0.0,2.4849066497880004,5,1.0986122886681098,0.0,3,0.0,0.0,9,7,78,0.89,0.18232155679395465,0.6931471805599453
47,63693.0,1,2,1144.0,3.8066624897703196,6.376726947898627,3.784189633918261,5.823045895483019,3.7612001156935624,4.406719247264253,4.007333185232471,26,2.4849066497880004,1.9459101490553132,9,0.0,0.0,17,6,63,0.71,0.10919929196499198,1.3862943611198906
75,80763.0,0,1,1152.0,3.977129547029726,6.51471269087253,4.406719247264253,4.6913478822291435,4.799914262780603,3.7612001156935624,4.848116364598481,22,1.791759469228055,2.4849066497880004,6,1.0986122886681098,0.6931471805599453,8,3,17,0.87,0.04445176257083384,0.6931471805599453
51,65352.0,1,2,405.0,3.398813590306879,5.652489180268651,1.3862943611198906,4.442651256490317,1.6094379124341003,2.0794415416798357,3.1780538303479458,14,1.6094379124341003,1.0986122886681098,8,0.0,0.0,8,4,43,0.85,0.13353139262452263,1.0986122886681098
47,82170.0,0,1,1801.0,4.615670420621957,6.931471805599453,4.406719247264253,6.322565239927284,3.912023005428146,4.02535169073515,3.6375861597263857,18,1.791759469228055,1.9459101490553132,7,0.0,0.0,7,2,13,0.59,0.054067221270275766,0.6931471805599453
56,75759.0,0,1,2098.5,4.441945124885125,7.110696122978827,3.1354942159291497,6.322565239927284,4.499809670330265,4.406719247264253,4.848116364598481,25,2.302585092994046,2.0794415416798357,9,1.3862943611198906,0.6931471805599453,14,5,46,0.68,0.039220713153281295,0.6931471805599453
49,79689.0,0,1,1171.5,3.8298947912635883,5.7430031878094825,3.295836866004329,6.322565239927284,4.799914262780603,3.6375861597263857,4.804021044733257,26,1.6094379124341003,2.302585092994046,13,0.0,0.0,6,2,65,1.13,0.03774032798284703,0.6931471805599453
69,35340.0,2,3,45.0,2.302585092994046,3.332204510175204,0.0,2.5649493574615367,0.0,0.6931471805599453,1.791759469228055,5,1.0986122886681098,0.0,3,0.0,0.0,7,5,1,0.0,0.33647223662121295,1.0986122886681098
71,85683.0,0,1,1717.0,4.685020567475825,7.110696122978827,2.8903717578961645,5.7430031878094825,3.828641396489095,4.248495242049359,3.9512437185814275,16,1.0986122886681098,1.6094379124341003,10,1.6094379124341003,0.6931471805599453,3,1,6,0.27,0.06062462181643484,0.6931471805599453
53,24884.0,1,2,19.0,1.992430164690206,1.3862943611198906,1.9459101490553132,2.0794415416798357,0.0,0.0,1.3862943611198906,3,0.0,0.0,3,0.0,0.0,7,7,32,1.58,0.2876820724517809,0.6931471805599453
44,42021.0,1,2,573.0,3.546909192843549,5.976350909297934,1.791759469228055,4.919980925828125,2.0794415416798357,1.791759469228055,3.332204510175204,17,2.3978952727983707,0.6931471805599453,6,0.6931471805599453,0.0,19,9,34,1.83,0.2578291093020998,1.791759469228055
36,64449.0,1,2,788.5,3.6994484054631704,5.389071729816501,4.1588830833596715,5.645446897643238,4.799914262780603,3.58351893845611,4.2626798770413155,20,1.791759469228055,1.3862943611198906,12,0.0,0.0,9,4,70,0.36,0.18232155679395465,1.6094379124341003
71,64587.0,2,3,108.0,2.9444389791664403,4.204692619390966,0.0,2.833213344056216,0.0,1.9459101490553132,3.044522437723423,6,0.6931471805599453,0.6931471805599453,4,0.0,0.0,4,3,49,0.02,0.2876820724517809,1.0986122886681098
30,34824.0,0,1,23.0,2.1594842493533726,1.6094379124341003,1.0986122886681098,2.4849066497880004,1.0986122886681098,0.0,1.6094379124341003,3,0.6931471805599453,0.0,2,0.0,0.0,7,6,65,0.26,0.2876820724517809,0.6931471805599453
47,75437.0,0,1,1493.0,4.232128264585153,6.679599185844383,0.0,6.302618975744905,4.564348191467836,4.07753744390572,0.0,22,2.1972245773362196,1.6094379124341003,10,0.6931471805599453,0.0,14,6,25,0.64,0.04445176257083384,0.6931471805599453
68,26091.0,2,3,89.0,2.762117422372486,2.772588722239781,2.3978952727983707,2.995732273553991,2.1972245773362196,2.8903717578961645,3.044522437723423,6,1.0986122886681098,0.6931471805599453,3,0.0,0.0,7,5,84,0.34,0.4054651081081644,1.3862943611198906
52,52845.0,1,2,926.5,3.763839336016753,5.953243334287785,3.258096538021482,5.680172609017068,4.799914262780603,3.7376696182833684,4.174387269895637,22,2.1972245773362196,2.1972245773362196,6,0.6931471805599453,0.0,14,6,7,0.88,0.1278333715098849,1.3862943611198906
69,46086.0,1,2,343.0,3.3872111396874156,5.501258210544727,2.1972245773362196,3.4965075614664802,2.0794415416798357,1.0986122886681098,3.9318256327243257,12,1.3862943611198906,0.6931471805599453,8,0.0,0.0,7,4,34,0.65,0.2876820724517809,1.6094379124341003
69,78028.0,1,2,528.0,3.360009823255541,5.0689042022202315,2.995732273553991,5.666426688112432,3.258096538021482,0.0,3.6635616461296463,19,1.9459101490553132,1.6094379124341003,9,1.0986122886681098,0.6931471805599453,13,7,38,1.8,0.051293294387550536,0.6931471805599453
38,95169.0,0,1,1840.0,5.125586039775127,7.110696122978827,3.091042453358316,6.1092475827643655,4.672828834461906,3.044522437723423,3.044522437723423,11,1.6094379124341003,1.3862943611198906,4,1.0986122886681098,0.6931471805599453,5,1,1,0.72,0.08701137698962977,0.6931471805599453
44,56337.0,2,3,668.5,3.696935154946153,5.857933154483459,2.833213344056216,4.976733742420574,3.367295829986474,1.791759469228055,4.848116364598481,17,2.1972245773362196,1.791759469228055,4,1.0986122886681098,0.6931471805599453,16,8,25,1.26,0.2578291093020998,1.791759469228055
38,22434.0,1,2,58.0,2.533696813957432,1.6094379124341003,2.5649493574615367,2.4849066497880004,1.3862943611198906,2.6390573296152584,2.772588722239781,5,1.0986122886681098,0.0,3,0.0,0.0,10,8,25,1.37,0.33647223662121295,1.0986122886681098
71,36930.0,1,2,297.0,3.332204510175204,5.4116460518550396,1.0986122886681098,3.4657359027997265,0.0,1.0986122886681098,3.6888794541139363,11,1.791759469228055,1.0986122886681098,4,0.0,0.0,13,8,50,1.12,0.37469344944141064,1.791759469228055
71,36130.0,1,2,488.0,3.512539968997529,5.062595033026967,3.784189633918261,4.852030263919617,4.23410650459726,4.04305126783455,3.6375861597263857,15,1.3862943611198906,2.1972245773362196,4,0.6931471805599453,0.6931471805599453,7,4,46,1.4,0.33647223662121295,1.9459101490553132
72,65569.0,1,2,859.0,3.7353994697488293,5.986452005284438,3.8501476017100584,5.666426688112432,3.044522437723423,3.6635616461296463,4.2626798770413155,21,1.9459101490553132,1.791759469228055,10,0.0,0.0,9,3,96,1.65,0.09097177820572669,1.0986122886681098
73,83844.0,0,1,1509.5,4.3876031621644485,6.804614520062624,3.4657359027997265,5.846438775057725,4.330733340286331,3.4657359027997265,4.848116364598481,19,1.6094379124341003,1.6094379124341003,11,0.6931471805599453,0.0,5,1,57,1.13,0.051293294387550536,0.6931471805599453
57,19514.0,2,3,69.0,2.5257286443082556,2.70805020110221,1.3862943611198906,3.091042453358316,1.0986122886681098,0.6931471805599453,3.367295829986474,6,1.3862943611198906,0.6931471805599453,2,0.6931471805599453,0.0,11,8,47,0.42,0.5108256237659907,1.6094379124341003
62,36736.0,2,3,17.0,1.8971199848858813,2.3978952727983707,0.0,1.3862943611198906,0.0,0.0,1.6094379124341003,3,0.6931471805599453,0.0,2,0.0,0.0,7,6,52,1.14,0.2876820724517809,0.6931471805599453
46,77568.0,1,2,1948.0,4.589040804058207,7.110696122978827,0.0,5.983936280687191,4.799914262780603,4.406719247264253,4.848116364598481,20,2.3978952727983707,1.0986122886681098,8,1.3862943611198906,0.0,15,5,30,1.84,0.048790164169432,0.6931471805599453
49,49187.0,1,2,116.0,2.866274206317104,4.406719247264253,0.6931471805599453,3.4657359027997265,1.0986122886681098,0.6931471805599453,0.0,7,0.6931471805599453,0.6931471805599453,5,0.0,0.0,3,2,63,0.46,0.13353139262452263,0.6931471805599453
47,30168.0,1,2,279.0,3.2719856501821494,5.043425116919247,3.044522437723423,4.204692619390966,0.0,2.5649493574615367,3.332204510175204,11,1.9459101490553132,0.6931471805599453,4,0.0,0.0,15,9,51,1.31,0.4924764850977941,2.0794415416798357
57,34053.0,1,2,103.0,2.899588413001089,4.1588830833596715,0.0,3.091042453358316,2.0794415416798357,0.0,2.5649493574615367,6,1.3862943611198906,0.0,3,0.0,0.0,11,8,14,1.8,0.15415067982725827,0.6931471805599453
54,38196.0,2,3,44.0,2.120263536200091,3.4339872044851463,0.0,2.4849066497880004,0.0,0.0,1.3862943611198906,6,1.0986122886681098,0.0,4,0.0,0.0,7,5,20,0.2,0.4054651081081644,1.3862943611198906
74,59412.0,0,1,406.0,3.4011973816621555,4.51085950651685,4.219507705176107,5.111987788356544,3.4339872044851463,3.784189633918261,2.4849066497880004,14,1.6094379124341003,1.0986122886681098,8,0.0,0.0,7,3,56,0.19,0.06899287148695145,0.6931471805599453
60,70924.0,0,1,1247.5,4.19957349027529,6.455198563340122,4.406719247264253,5.541263545158426,4.799914262780603,4.406719247264253,4.343805421853684,19,1.9459101490553132,1.9459101490553132,7,0.6931471805599453,0.0,9,3,41,0.23,0.051293294387550536,0.6931471805599453
56,54165.0,0,1,236.0,3.202746442938317,4.852030263919617,1.6094379124341003,4.30406509320417,2.772588722239781,1.9459101490553132,2.4849066497880004,10,1.0986122886681098,0.6931471805599453,7,0.0,0.0,4,2,72,1.09,0.09531017980432487,0.6931471805599453
52,32300.0,1,2,39.0,2.3749057545736716,2.6390573296152584,1.3862943611198906,1.9459101490553132,1.9459101490553132,1.791759469228055,1.9459101490553132,4,0.6931471805599453,0.0,3,0.0,0.0,9,8,1,1.48,0.22314355131420976,0.6931471805599453
49,20180.0,0,1,137.0,3.0239031505206873,2.9444389791664403,3.7612001156935624,3.2188758248682006,2.772588722239781,3.044522437723423,2.9444389791664403,7,1.0986122886681098,0.6931471805599453,4,0.0,0.0,9,7,27,1.35,0.13353139262452263,0.6931471805599453
52,34961.0,1,2,79.0,2.5084371471981943,3.828641396489095,1.0986122886681098,3.295836866004329,1.6094379124341003,0.6931471805599453,0.6931471805599453,7,1.3862943611198906,0.6931471805599453,3,0.0,0.0,10,7,77,0.03,0.35667494393873234,1.3862943611198906
51,28440.0,1,2,63.0,2.6100697927420065,3.6635616461296463,0.6931471805599453,3.2188758248682006,0.0,0.0,0.0,5,1.0986122886681098,0.0,3,0.0,0.0,10,8,87,0.98,0.18232155679395465,0.6931471805599453
72,64504.0,3,4,1314.0,4.30406509320417,6.894670039433482,3.6109179126442243,5.1298987149230735,2.833213344056216,0.0,4.6913478822291435,18,2.4849066497880004,1.3862943611198906,4,0.0,0.6931471805599453,18,7,81,1.32,0.3285040669720361,2.0794415416798357
59,33564.0,1,2,71.0,2.7212954278522306,4.127134385045092,0.0,1.3862943611198906,0.0,0.0,2.0794415416798357,5,0.6931471805599453,0.6931471805599453,3,0.0,0.0,6,5,51,0.01,0.18232155679395465,0.6931471805599453
47,17345.0,1,2,58.0,2.533696813957432,1.6094379124341003,2.302585092994046,2.833213344056216,2.8903717578961645,0.0,2.5649493574615367,5,1.0986122886681098,0.6931471805599453,2,0.0,0.0,10,8,79,1.65,0.33647223662121295,1.0986122886681098
58,56320.0,1,2,702.0,3.6888794541139363,5.308267697401205,3.9889840465642745,5.153291594497779,4.762173934797756,4.356708826689592,4.430816798843313,18,1.791759469228055,1.6094379124341003,9,0.0,0.0,9,4,11,1.22,0.15415067982725827,1.3862943611198906
47,28647.0,1,2,94.0,2.8134107167600364,2.995732273553991,2.1972245773362196,3.4011973816621555,0.0,2.5649493574615367,3.295836866004329,6,1.0986122886681098,1.0986122886681098,2,0.6931471805599453,0.6931471805599453,9,7,54,0.85,0.15415067982725827,0.6931471805599453
38,15038.0,1,2,80.0,2.833213344056216,1.6094379124341003,2.1972245773362196,2.4849066497880004,2.995732273553991,2.5649493574615367,3.295836866004329,5,1.0986122886681098,0.6931471805599453,2,0.0,0.0,11,9,93,1.41,0.33647223662121295,1.0986122886681098
67,32173.0,1,2,22.0,1.8718021769015913,2.9444389791664403,0.0,1.0986122886681098,0.0,0.0,1.0986122886681098,4,0.6931471805599453,0.0,3,0.0,0.0,5,4,0,0.91,0.22314355131420976,0.6931471805599453
61,68316.0,1,2,1211.0,3.8254155872402125,6.693323668269949,4.394449154672439,5.087596335232384,4.795790545596741,2.4849066497880004,3.5263605246161616,27,2.3978952727983707,2.0794415416798357,10,0.0,0.0,16,6,54,1.65,0.16989903679539747,1.791759469228055
54,74538.0,0,1,1236.0,4.091960770866824,5.942799375126701,4.406719247264253,6.322565239927284,4.709530201312334,4.406719247264253,3.367295829986474,21,2.1972245773362196,2.1972245773362196,5,0.6931471805599453,0.6931471805599453,11,3,21,1.0,0.04652001563489285,0.6931471805599453
54,91700.0,0,1,1433.5,4.336602509559626,6.3578422665081,4.406719247264253,6.322565239927284,4.799914262780603,4.406719247264253,2.995732273553991,19,2.1972245773362196,1.9459101490553132,5,0.0,0.6931471805599453,11,3,58,1.45,0.051293294387550536,0.6931471805599453
56,68695.0,0,1,1091.0,4.30045498098007,6.129050210060545,4.406719247264253,5.877735781779639,4.672828834461906,3.9318256327243257,3.713572066704308,15,1.6094379124341003,1.6094379124341003,7,0.0,0.0,6,2,3,0.01,0.06453852113757118,0.6931471805599453
48,31056.0,1,2,55.0,2.691243082785829,1.791759469228055,2.3978952727983707,2.6390573296152584,1.3862943611198906,2.1972245773362196,2.833213344056216,4,0.6931471805599453,0.0,3,0.0,0.0,9,8,99,1.43,0.22314355131420976,0.6931471805599453
52,79593.0,0,1,1283.5,4.280900966538455,5.860786223465865,4.110873864173311,6.322565239927284,4.709530201312334,4.406719247264253,4.848116364598481,18,1.791759469228055,1.9459101490553132,7,0.6931471805599453,0.0,7,2,70,0.13,0.054067221270275766,0.6931471805599453
45,28071.0,0,1,313.0,3.382848242993959,3.6888794541139363,3.5263605246161616,4.875197323201151,3.7376696182833684,3.295836866004329,3.8066624897703196,11,1.791759469228055,0.6931471805599453,5,0.0,0.0,13,8,65,1.83,0.16705408466316618,1.0986122886681098
67,37334.0,2,3,62.0,2.2881963555419462,3.295836866004329,0.6931471805599453,2.833213344056216,1.0986122886681098,1.0986122886681098,2.772588722239781,7,1.3862943611198906,0.0,4,0.0,0.0,7,4,44,0.34,0.4519851237430572,1.6094379124341003
53,46423.0,2,3,92.0,2.793208009442517,4.23410650459726,0.0,2.833213344056216,0.0,0.0,2.1972245773362196,6,1.0986122886681098,0.0,4,0.0,0.0,9,7,6,0.78,0.4054651081081644,1.3862943611198906
54,37126.0,1,2,72.0,2.7343675094195836,3.828641396489095,1.3862943611198906,2.302585092994046,1.6094379124341003,1.6094379124341003,2.0794415416798357,5,0.6931471805599453,1.0986122886681098,2,0.6931471805599453,0.6931471805599453,7,6,9,0.25,0.18232155679395465,0.6931471805599453
72,47703.0,1,2,655.0,3.6770449964669334,5.886104031450156,0.0,4.90527477843843,2.6390573296152584,3.295836866004329,4.820281565605037,17,1.9459101490553132,1.3862943611198906,8,0.0,0.0,11,5,95,1.08,0.2113090936672069,1.6094379124341003
66,61180.0,1,2,612.5,3.670747305790521,6.0014148779611505,3.2188758248682006,3.4011973816621555,1.9459101490553132,3.2188758248682006,4.848116364598481,16,1.791759469228055,1.791759469228055,6,0.6931471805599453,0.0,8,3,70,0.18,0.11778303565638346,1.0986122886681098
71,38998.0,2,3,54.0,2.468099531471619,3.5553480614894135,0.6931471805599453,2.70805020110221,0.0,0.0,1.791759469228055,5,1.0986122886681098,0.0,3,0.0,0.0,10,8,92,1.65,0.4700036292457356,1.3862943611198906
34,8028.0,0,1,178.0,5.187385805840755,4.30406509320417,2.9444389791664403,4.204692619390966,2.0794415416798357,2.5649493574615367,1.0986122886681098,1,0.0,0.6931471805599453,0,0.0,0.0,19,19,62,1.78,2.772588722239781,2.772588722239781
63,76081.0,0,1,959.5,4.314920718031065,5.680172609017068,3.4339872044851463,6.030685260261263,4.1588830833596715,3.5263605246161616,4.848116364598481,13,1.6094379124341003,1.791759469228055,4,0.6931471805599453,0.0,6,2,85,0.1,0.07410797215372189,0.6931471805599453
39,34728.0,1,2,36.0,2.302585092994046,2.70805020110221,0.0,2.833213344056216,0.0,0.0,1.9459101490553132,4,0.6931471805599453,0.6931471805599453,2,0.0,0.6931471805599453,7,6,2,0.91,0.22314355131420976,0.6931471805599453
60,33168.0,1,2,122.0,2.913902255306359,4.394449154672439,0.6931471805599453,3.6375861597263857,0.0,0.6931471805599453,1.3862943611198906,7,1.0986122886681098,0.6931471805599453,4,0.0,0.0,9,7,0,1.71,0.35667494393873234,1.3862943611198906
59,33585.0,1,2,122.0,3.060270794691562,3.4339872044851463,2.4849066497880004,3.5263605246161616,2.6390573296152584,1.9459101490553132,3.4011973816621555,6,1.0986122886681098,0.0,4,0.0,0.0,6,4,91,0.76,0.15415067982725827,0.6931471805599453
65,77037.0,1,2,1060.5,3.7326202616750024,6.139884552226255,4.406719247264253,5.811140992976701,4.799914262780603,3.9889840465642745,2.3978952727983707,26,2.0794415416798357,2.0794415416798357,12,0.0,0.0,10,3,3,0.71,0.03774032798284703,0.6931471805599453
41,35196.0,1,2,436.5,3.6210020317108507,4.330733340286331,2.5649493574615367,4.955827057601261,3.784189633918261,3.6888794541139363,4.848116364598481,12,1.9459101490553132,0.6931471805599453,5,0.0,0.6931471805599453,14,8,68,1.62,0.4054651081081644,1.9459101490553132
59,44529.0,1,2,691.0,3.6208259908689207,6.289715570908998,2.6390573296152584,4.5217885770490405,2.8903717578961645,1.9459101490553132,3.295836866004329,19,1.9459101490553132,1.0986122886681098,11,0.6931471805599453,0.0,11,5,98,0.98,0.27443684570176025,1.9459101490553132
60,70924.0,0,1,1247.5,4.19957349027529,6.455198563340122,4.406719247264253,5.541263545158426,4.799914262780603,4.406719247264253,4.343805421853684,19,1.9459101490553132,1.9459101490553132,7,0.6931471805599453,0.0,9,3,41,0.23,0.051293294387550536,0.6931471805599453
59,28764.0,2,3,12.0,1.6094379124341003,2.1972245773362196,0.0,1.3862943611198906,0.0,0.0,0.6931471805599453,3,0.6931471805599453,0.0,2,0.6931471805599453,0.0,9,8,16,0.07,0.2876820724517809,0.6931471805599453
76,69098.0,0,1,2049.0,4.458698282087834,7.110696122978827,3.1354942159291497,6.322565239927284,4.799914262780603,0.0,4.848116364598481,24,2.0794415416798357,2.1972245773362196,9,0.0,0.0,12,5,82,1.36,0.040821994520255124,0.6931471805599453
55,25959.0,2,3,56.0,2.501435951739211,1.6094379124341003,1.0986122886681098,2.5649493574615367,2.0794415416798357,1.791759469228055,3.295836866004329,5,0.6931471805599453,1.0986122886681098,2,0.0,0.6931471805599453,7,6,1,1.37,0.33647223662121295,1.0986122886681098
42,27100.0,1,2,37.0,2.327277705584417,2.5649493574615367,0.0,2.6390573296152584,1.0986122886681098,0.0,2.3978952727983707,4,0.6931471805599453,0.0,3,0.0,0.0,8,7,64,1.23,0.22314355131420976,0.6931471805599453
40,70596.0,0,1,968.0,3.899950424193877,5.8522024797744745,3.8066624897703196,6.282266746896006,2.8903717578961645,0.0,3.295836866004329,20,1.3862943611198906,1.791759469228055,12,0.0,0.0,5,2,68,1.73,0.048790164169432,0.6931471805599453
51,42557.0,1,2,270.0,3.240459396535375,5.262690188904886,1.791759469228055,3.9889840465642745,0.0,1.791759469228055,2.772588722239781,11,1.9459101490553132,0.6931471805599453,4,0.0,0.0,14,8,98,1.83,0.31015492830383956,1.6094379124341003
74,53312.0,0,1,278.0,3.2685314153140617,5.488937726156687,0.0,2.5649493574615367,0.0,0.0,3.258096538021482,11,1.791759469228055,0.6931471805599453,5,0.0,0.0,12,7,32,0.89,0.08701137698962977,0.6931471805599453
73,72228.0,0,1,1250.0,4.103036833466031,6.448889394146858,3.367295829986474,6.198478716492308,3.4339872044851463,2.70805020110221,4.04305126783455,21,1.9459101490553132,2.0794415416798357,8,0.0,0.0,9,3,87,1.59,0.04652001563489285,0.6931471805599453
38,67605.0,0,1,874.5,4.019194380489935,5.820082930352362,3.367295829986474,5.645446897643238,4.799914262780603,4.007333185232471,4.007333185232471,16,1.0986122886681098,2.1972245773362196,6,0.0,0.0,3,1,84,1.25,0.06062462181643484,0.6931471805599453
76,62845.0,2,3,1178.0,4.252688120309395,7.003065458786462,0.0,3.828641396489095,0.0,0.0,3.5553480614894135,17,1.3862943611198906,1.6094379124341003,10,0.6931471805599453,0.0,11,8,3,1.74,0.49899116611898786,2.4849066497880004
67,65196.0,2,3,1081.5,3.8299991699495552,6.612041034833092,2.995732273553991,5.204006687076795,2.5649493574615367,0.0,4.848116364598481,24,2.0794415416798357,1.9459101490553132,11,0.6931471805599453,0.0,12,5,34,0.93,0.08004270767353643,1.0986122886681098
38,42000.0,0,1,651.0,3.615412302232064,4.8283137373023015,4.406719247264253,5.5909869805108565,4.454347296253507,4.0943445622221,3.58351893845611,18,1.791759469228055,1.0986122886681098,11,0.0,0.6931471805599453,10,5,23,1.46,0.1053605156578263,1.0986122886681098
52,35860.0,2,3,49.0,2.583997552432231,2.772588722239781,0.0,2.1972245773362196,1.6094379124341003,1.0986122886681098,3.044522437723423,4,0.6931471805599453,0.6931471805599453,2,0.6931471805599453,0.0,6,5,37,0.11,0.4054651081081644,1.0986122886681098
61,65526.0,1,2,506.0,3.4850788656428575,5.986452005284438,2.995732273553991,4.248495242049359,2.5649493574615367,0.0,2.302585092994046,16,1.6094379124341003,1.6094379124341003,8,0.0,0.0,6,2,22,0.22,0.06062462181643484,0.6931471805599453
64,16860.0,2,3,38.0,2.151762203259462,2.3978952727983707,1.6094379124341003,1.6094379124341003,1.3862943611198906,1.3862943611198906,2.70805020110221,5,0.6931471805599453,0.6931471805599453,3,0.0,0.0,8,7,19,1.79,0.4700036292457356,1.3862943611198906
33,83528.0,0,1,1458.0,4.2087549133998445,6.274762021241939,4.406719247264253,6.322565239927284,4.799914262780603,3.8066624897703196,4.848116364598481,22,1.6094379124341003,2.3978952727983707,8,1.0986122886681098,0.6931471805599453,5,1,7,0.16,0.04445176257083384,0.6931471805599453
60,64176.0,1,2,1768.5,4.273048472104136,7.103322062526113,3.5263605246161616,5.521460917862246,4.174387269895637,4.406719247264253,4.848116364598481,25,2.1972245773362196,2.302585092994046,8,0.0,0.0,14,6,52,1.9,0.2776317365982795,2.1972245773362196
69,22304.0,0,1,18.0,1.9459101490553132,1.3862943611198906,1.0986122886681098,2.0794415416798357,0.0,1.6094379124341003,1.0986122886681098,3,0.6931471805599453,0.0,2,0.0,0.0,9,8,91,1.9,0.2876820724517809,0.6931471805599453
47,67023.0,0,1,906.0,3.698614522884689,6.09807428216624,3.8066624897703196,5.948034989180646,2.4849066497880004,2.1972245773362196,2.8903717578961645,23,1.3862943611198906,2.0794415416798357,13,0.0,0.0,5,2,93,0.32,0.04255961441879593,0.6931471805599453
54,32892.0,1,2,46.0,2.1594842493533726,3.295836866004329,0.0,2.772588722239781,1.0986122886681098,0.6931471805599453,1.0986122886681098,6,1.3862943611198906,0.0,3,0.0,0.0,11,8,78,0.1,0.2876820724517809,1.0986122886681098
59,70713.0,1,2,1380.5,4.299431329789067,6.602587892189336,4.406719247264253,5.634789603169249,4.418840607796598,4.343805421853684,4.848116364598481,19,1.791759469228055,1.9459101490553132,8,0.0,0.0,8,3,23,1.57,0.27443684570176025,1.9459101490553132
70,59925.0,1,2,766.0,3.6712245188752153,6.161207321695077,3.091042453358316,5.176149732573829,2.995732273553991,3.091042453358316,4.04305126783455,20,2.302585092994046,1.0986122886681098,9,0.0,0.0,15,6,83,1.58,0.1397619423751587,1.3862943611198906
72,39722.0,1,2,47.0,2.341805806147327,3.4965075614664802,0.0,1.791759469228055,1.0986122886681098,0.0,2.1972245773362196,5,1.0986122886681098,0.0,3,0.0,0.0,7,5,92,0.34,0.33647223662121295,1.0986122886681098
67,46610.0,0,1,467.0,3.6088367464404,5.666426688112432,2.3978952727983707,3.4339872044851463,1.6094379124341003,2.3978952727983707,4.836281906951478,13,1.9459101490553132,0.6931471805599453,6,0.0,0.0,12,6,4,0.95,0.07410797215372189,0.6931471805599453
64,88347.0,0,1,1962.0,4.596129441335942,6.957497370876951,4.406719247264253,6.320768294250582,4.356708826689592,4.406719247264253,4.77912349311153,20,1.6094379124341003,2.0794415416798357,9,0.6931471805599453,0.0,5,1,32,0.99,0.048790164169432,0.6931471805599453
44,87171.0,0,1,1298.0,4.008847190063686,6.90975328164481,3.8066624897703196,4.68213122712422,4.07753744390572,3.8066624897703196,3.8066624897703196,24,1.9459101490553132,2.0794415416798357,11,1.0986122886681098,0.0,8,2,27,1.16,0.040821994520255124,0.6931471805599453
49,26907.0,2,3,22.0,1.8718021769015913,2.302585092994046,0.6931471805599453,2.0794415416798357,0.0,1.3862943611198906,1.0986122886681098,4,0.6931471805599453,0.0,3,0.0,0.0,8,7,10,0.86,0.4054651081081644,1.0986122886681098
57,50014.0,1,2,396.0,3.448765798581265,5.459585514144159,2.70805020110221,4.356708826689592,2.995732273553991,2.3978952727983707,3.7612001156935624,13,1.6094379124341003,0.6931471805599453,8,0.0,0.0,9,5,9,0.43,0.14310084364067333,1.0986122886681098
47,41014.0,1,2,20.0,2.03688192726104,2.0794415416798357,1.0986122886681098,1.9459101490553132,1.0986122886681098,0.0,1.3862943611198906,3,0.6931471805599453,0.0,2,0.0,0.0,8,7,65,1.19,0.2876820724517809,0.6931471805599453
60,66294.0,0,1,929.0,4.362036489797379,5.529429087511423,4.406719247264253,5.814130531825066,4.189654742026425,4.406719247264253,4.770684624465665,12,1.6094379124341003,1.3862943611198906,5,0.0,0.0,6,2,68,0.28,0.08004270767353643,0.6931471805599453
54,36715.0,1,2,357.0,3.3485536481767335,5.153291594497779,2.3978952727983707,4.836281906951478,3.091042453358316,2.6390573296152584,2.833213344056216,13,2.0794415416798357,1.0986122886681098,4,0.0,0.6931471805599453,16,9,16,1.61,0.37948962170490375,1.9459101490553132
69,79456.0,0,1,1399.0,4.546127645354308,6.338594078203183,3.7612001156935624,6.3080984415095305,4.174387269895637,4.406719247264253,4.605170185988092,15,1.791759469228055,1.9459101490553132,4,0.0,0.6931471805599453,8,3,12,1.85,0.06453852113757118,0.6931471805599453
43,40479.0,1,2,15.0,1.791759469228055,1.791759469228055,0.0,2.1972245773362196,1.0986122886681098,0.0,0.0,3,0.0,0.0,3,0.0,0.0,4,4,95,0.87,0.2876820724517809,0.6931471805599453
55,75345.0,0,1,1794.5,4.558574979556517,6.823286122355687,4.060443010546419,6.322565239927284,4.605170185988092,3.6635616461296463,4.848116364598481,19,1.791759469228055,2.1972245773362196,6,0.6931471805599453,0.6931471805599453,8,3,16,1.4,0.051293294387550536,0.6931471805599453
48,54233.0,1,2,965.5,3.804134043416961,6.481577129276431,2.1972245773362196,5.0689042022202315,3.091042453358316,0.0,4.848116364598481,22,2.4849066497880004,1.9459101490553132,5,0.0,0.0,19,8,46,1.4,0.16705408466316618,1.6094379124341003
55,24163.0,2,3,17.0,1.6582280766035324,1.6094379124341003,0.6931471805599453,2.0794415416798357,1.0986122886681098,0.6931471805599453,1.0986122886681098,4,0.6931471805599453,0.0,3,0.0,0.0,5,4,3,0.71,0.4054651081081644,1.0986122886681098
67,84460.0,0,1,523.0,3.2097433413049283,5.030437921392435,3.332204510175204,4.6443908991413725,4.672828834461906,4.007333185232471,4.406719247264253,22,2.302585092994046,2.302585092994046,4,1.6094379124341003,0.6931471805599453,14,5,80,1.48,0.0,0.0
42,43776.0,1,2,23.0,2.1594842493533726,2.1972245773362196,0.0,2.302585092994046,1.0986122886681098,0.6931471805599453,1.3862943611198906,3,0.6931471805599453,0.0,2,0.0,0.0,7,6,77,0.16,0.2876820724517809,0.6931471805599453
67,71691.0,0,1,1023.5,4.173906385058286,5.820082930352362,4.406719247264253,6.021023349349527,4.799914262780603,3.4965075614664802,3.784189633918261,16,1.6094379124341003,2.0794415416798357,5,0.0,0.6931471805599453,6,2,0,0.28,0.06062462181643484,0.6931471805599453
52,85844.0,0,1,1657.0,4.479726301875588,6.844815479208263,2.995732273553991,6.322565239927284,3.258096538021482,4.406719247264253,3.6635616461296463,19,1.9459101490553132,1.9459101490553132,7,0.6931471805599453,0.0,8,2,62,0.08,0.051293294387550536,0.6931471805599453
51,39190.0,1,2,133.0,2.995732273553991,4.23410650459726,2.1972245773362196,2.9444389791664403,2.995732273553991,2.1972245773362196,2.5649493574615367,7,1.0986122886681098,0.6931471805599453,4,0.0,0.0,7,5,91,0.18,0.2513144282809061,1.0986122886681098
66,71367.0,0,1,777.0,3.903234499395067,5.429345628954441,3.1780538303479458,5.966146739123692,3.7612001156935624,3.091042453358316,4.330733340286331,16,1.6094379124341003,1.791759469228055,7,0.0,0.0,6,2,24,0.85,0.06062462181643484,0.6931471805599453
53,38578.0,2,3,73.0,2.5776883832389665,3.6635616461296463,1.6094379124341003,3.1354942159291497,1.3862943611198906,1.3862943611198906,1.3862943611198906,6,1.3862943611198906,0.0,3,0.0,0.0,11,8,2,1.02,0.4054651081081644,1.3862943611198906
60,57236.0,2,3,121.0,2.906120114864304,4.663439094112067,0.0,2.302585092994046,1.0986122886681098,0.6931471805599453,1.6094379124341003,7,1.0986122886681098,0.6931471805599453,4,0.0,0.0,5,3,22,0.3,0.35667494393873234,1.3862943611198906
46,61825.0,1,2,424.0,3.4431615807611875,5.093750200806762,3.9318256327243257,4.61512051684126,4.02535169073515,3.4339872044851463,3.332204510175204,14,1.6094379124341003,1.0986122886681098,8,0.0,0.0,8,4,56,0.89,0.06899287148695145,0.6931471805599453
67,79803.0,1,2,868.0,4.295015257684252,6.354370040797351,2.1972245773362196,5.37989735354046,3.091042453358316,2.833213344056216,3.5263605246161616,12,1.6094379124341003,1.3862943611198906,5,0.0,0.0,5,1,54,0.07,0.08004270767353643,0.6931471805599453
39,80910.0,0,1,756.0,4.007333185232471,5.081404364984463,4.394449154672439,5.91350300563827,4.219507705176107,3.6888794541139363,3.7376696182833684,14,1.3862943611198906,1.3862943611198906,8,0.0,0.0,4,1,71,1.66,0.06899287148695145,0.6931471805599453
43,27590.0,1,2,12.0,1.6094379124341003,1.9459101490553132,0.0,1.791759469228055,0.0,0.0,0.6931471805599453,3,0.6931471805599453,0.0,2,0.0,0.0,8,7,38,1.18,0.2876820724517809,0.6931471805599453
46,56775.0,1,2,937.0,3.7314390685327323,6.421622267806518,3.58351893845611,5.081404364984463,4.07753744390572,3.58351893845611,3.58351893845611,23,1.791759469228055,2.1972245773362196,10,0.0,0.0,10,5,62,1.49,0.08338160893905106,1.0986122886681098
50,83829.0,0,1,1636.5,4.577436188365631,6.8001700683022,4.406719247264253,6.066108090103747,4.799914262780603,4.406719247264253,3.332204510175204,17,1.6094379124341003,2.0794415416798357,6,1.3862943611198906,0.6931471805599453,5,1,78,0.72,0.0,0.0
46,54210.0,1,2,367.0,3.452629555294426,4.2626798770413155,4.007333185232471,4.700480365792417,4.394449154672439,2.302585092994046,3.828641396489095,12,1.6094379124341003,0.6931471805599453,7,0.0,0.0,9,5,18,1.11,0.15415067982725827,1.0986122886681098
39,38508.0,1,2,443.0,3.485626061278946,4.795790545596741,2.995732273553991,5.332718793265369,3.258096538021482,2.995732273553991,4.007333185232471,14,2.0794415416798357,1.0986122886681098,5,0.0,0.0,15,8,95,0.91,0.35667494393873234,1.9459101490553132
55,53187.0,1,2,267.0,3.2297258408922667,5.356586274672012,1.0986122886681098,3.4339872044851463,2.0794415416798357,2.0794415416798357,2.3978952727983707,11,1.6094379124341003,0.6931471805599453,6,0.0,0.0,9,5,66,0.67,0.16705408466316618,1.0986122886681098
53,30023.0,1,2,61.0,2.580216829592325,2.4849066497880004,0.0,2.833213344056216,2.0794415416798357,1.9459101490553132,3.091042453358316,5,1.0986122886681098,0.0,3,0.0,0.0,10,8,28,0.27,0.18232155679395465,0.6931471805599453
65,76045.0,0,1,1311.0,4.197953544841121,6.634633357861686,3.9889840465642745,5.993961427306569,2.8903717578961645,4.406719247264253,0.0,20,1.6094379124341003,1.791759469228055,11,0.6931471805599453,0.0,6,2,78,0.62,0.048790164169432,0.6931471805599453
73,50870.0,1,2,63.0,2.6100697927420065,3.9889840465642745,0.0,2.1972245773362196,0.0,0.0,1.0986122886681098,5,1.0986122886681098,0.0,3,0.0,0.0,7,5,13,0.03,0.18232155679395465,0.6931471805599453
55,15315.0,0,1,64.0,2.456735772821304,2.0794415416798357,1.6094379124341003,2.6390573296152584,2.772588722239781,2.1972245773362196,2.8903717578961645,6,1.0986122886681098,0.0,4,0.0,0.0,7,5,27,0.9,0.2876820724517809,1.0986122886681098
51,65463.0,1,2,562.0,3.5280891335167794,5.971261839790462,3.4965075614664802,4.2626798770413155,3.091042453358316,3.4965075614664802,2.833213344056216,17,1.9459101490553132,1.0986122886681098,9,0.6931471805599453,0.0,11,5,17,0.41,0.11122563511022437,1.0986122886681098
60,66480.0,2,3,312.0,3.295836866004329,5.298317366548036,2.302585092994046,4.060443010546419,3.044522437723423,3.091042453358316,1.9459101490553132,12,1.6094379124341003,0.6931471805599453,7,0.0,0.0,8,4,71,0.08,0.4595323293784402,2.0794415416798357
71,76773.0,0,1,1156.0,4.357563162495508,6.248042874508429,4.04305126783455,6.1092475827643655,4.465908118654584,3.5263605246161616,2.833213344056216,15,1.0986122886681098,1.0986122886681098,11,0.0,0.0,3,1,79,1.34,0.06453852113757118,0.6931471805599453
42,81698.0,0,1,1025.0,4.238925791033208,6.565264970035361,3.828641396489095,4.7535901911063645,3.4339872044851463,4.406719247264253,3.828641396489095,15,2.1972245773362196,1.0986122886681098,5,0.6931471805599453,0.6931471805599453,13,5,1,1.33,0.06453852113757118,0.6931471805599453
52,54466.0,2,3,16.0,1.8458266904983307,2.5649493574615367,0.0,1.6094379124341003,0.0,0.0,0.0,3,0.6931471805599453,0.0,2,0.0,0.0,6,5,78,0.38,0.2876820724517809,0.6931471805599453
65,98777.0,0,1,1814.5,4.56954300834494,6.90875477931522,2.995732273553991,6.322565239927284,4.799914262780603,4.406719247264253,3.6635616461296463,19,1.6094379124341003,1.9459101490553132,9,0.6931471805599453,0.0,5,1,23,0.36,0.0,0.0
41,16269.0,1,2,44.0,2.120263536200091,2.995732273553991,1.3862943611198906,2.9444389791664403,1.3862943611198906,0.6931471805599453,0.0,6,1.3862943611198906,0.0,3,0.0,0.0,11,8,75,0.83,0.4054651081081644,1.3862943611198906
54,71819.0,1,2,1532.5,4.943912571143843,7.110696122978827,3.367295829986474,4.948759890378168,0.0,2.70805020110221,4.848116364598481,11,1.3862943611198906,1.3862943611198906,5,1.0986122886681098,0.0,9,6,70,0.84,0.24116205681688804,1.3862943611198906
42,33569.0,1,2,63.0,2.8183982582710754,2.833213344056216,1.0986122886681098,2.9444389791664403,1.3862943611198906,0.0,3.2188758248682006,4,0.6931471805599453,0.6931471805599453,2,0.6931471805599453,0.6931471805599453,9,8,10,0.7,0.22314355131420976,0.6931471805599453
42,36262.0,0,1,399.5,3.6194806560941126,4.48863636973214,3.6888794541139363,4.007333185232471,4.174387269895637,3.367295829986474,4.848116364598481,11,1.3862943611198906,1.791759469228055,3,0.6931471805599453,0.6931471805599453,9,6,24,0.77,0.08701137698962977,0.6931471805599453
59,22634.0,0,1,96.0,3.005682604407159,1.0986122886681098,3.1780538303479458,2.4849066497880004,2.1972245773362196,1.9459101490553132,3.8501476017100584,5,1.0986122886681098,0.6931471805599453,2,0.0,0.0,10,8,47,1.45,0.18232155679395465,0.6931471805599453
47,47025.0,1,2,635.0,3.5912053713802665,6.2324480165505225,2.4849066497880004,4.0943445622221,3.1780538303479458,1.791759469228055,3.4011973816621555,18,2.4849066497880004,0.6931471805599453,6,0.0,0.0,20,9,98,0.79,0.245122458032985,1.791759469228055
57,70566.0,1,2,757.0,3.6597080768136565,5.945420608606575,3.367295829986474,5.375278407684165,4.442651256490317,3.367295829986474,3.091042453358316,20,1.9459101490553132,1.791759469228055,9,0.0,0.0,9,3,4,0.73,0.09531017980432487,1.0986122886681098
46,31605.0,1,2,125.0,2.9368917735310576,4.31748811353631,0.0,3.7612001156935624,1.0986122886681098,0.6931471805599453,1.9459101490553132,7,1.0986122886681098,0.6931471805599453,4,0.0,0.0,9,7,15,1.6,0.2513144282809061,1.0986122886681098
52,52034.0,2,3,332.0,3.4398351743675692,4.990432586778736,0.0,4.543294782270004,2.0794415416798357,2.6390573296152584,4.30406509320417,11,1.6094379124341003,1.0986122886681098,5,0.0,0.0,11,7,67,1.12,0.37469344944141064,1.791759469228055
46,48526.0,1,2,135.0,3.0099169085459474,3.1780538303479458,2.8903717578961645,3.1780538303479458,3.784189633918261,3.044522437723423,2.302585092994046,7,1.0986122886681098,0.6931471805599453,4,0.0,0.0,5,3,32,0.51,0.13353139262452263,0.6931471805599453
71,46734.0,1,2,330.0,3.349904087274605,4.709530201312334,1.791759469228055,4.927253685157205,3.295836866004329,3.1780538303479458,3.4011973816621555,12,1.9459101490553132,0.6931471805599453,5,0.0,0.0,13,7,40,1.61,0.15415067982725827,1.0986122886681098
63,39552.0,2,3,384.0,3.4189869232256536,5.111987788356544,1.3862943611198906,4.997212273764115,1.6094379124341003,3.2188758248682006,3.7376696182833684,13,1.9459101490553132,1.0986122886681098,5,0.0,0.6931471805599453,14,8,54,1.53,0.4307829160924542,2.0794415416798357
59,86358.0,2,3,1722.0,4.820281565605037,6.86484777797086,3.871201010907891,6.20455776256869,4.418840607796598,3.871201010907891,4.564348191467836,14,1.791759469228055,1.3862943611198906,6,0.0,0.0,13,8,78,1.89,0.2513144282809061,1.6094379124341003
48,46931.0,3,4,78.0,2.8094026953624978,3.7376696182833684,0.0,2.8903717578961645,1.3862943611198906,0.6931471805599453,2.833213344056216,5,0.6931471805599453,0.6931471805599453,3,0.0,0.0,4,3,94,0.18,0.33647223662121295,1.0986122886681098
40,16581.0,0,1,24.0,2.1972245773362196,0.6931471805599453,1.3862943611198906,1.6094379124341003,1.0986122886681098,1.3862943611198906,2.4849066497880004,3,0.0,0.0,3,0.0,0.0,4,4,51,1.46,0.2876820724517809,0.6931471805599453
73,63998.0,0,1,906.0,3.657130755799356,5.176149732573829,3.4011973816621555,6.322565239927284,0.0,3.5263605246161616,4.727387818712341,24,2.0794415416798357,1.9459101490553132,11,0.0,0.6931471805599453,11,4,42,0.52,0.040821994520255124,0.6931471805599453
74,67381.0,1,2,957.0,4.3123467140358915,6.704414354964107,2.1972245773362196,3.9889840465642745,2.4849066497880004,0.0,4.2626798770413155,13,1.0986122886681098,1.0986122886681098,9,0.6931471805599453,0.0,9,7,67,1.45,0.26826398659467937,1.6094379124341003
58,25930.0,2,3,15.0,1.791759469228055,1.9459101490553132,0.6931471805599453,1.0986122886681098,1.0986122886681098,0.0,1.6094379124341003,3,0.6931471805599453,0.0,2,0.0,0.0,8,7,87,0.72,0.2876820724517809,0.6931471805599453
47,42693.0,1,2,57.0,2.7245795030534206,2.1972245773362196,1.6094379124341003,3.044522437723423,1.9459101490553132,1.3862943611198906,2.833213344056216,4,0.6931471805599453,0.0,3,0.0,0.0,6,5,29,0.06,0.22314355131420976,0.6931471805599453
49,85606.0,1,2,1549.5,4.2687434028793065,6.576469569048224,3.7612001156935624,6.322565239927284,4.799914262780603,3.4339872044851463,4.442651256490317,22,1.9459101490553132,2.0794415416798357,9,0.6931471805599453,0.0,9,3,89,1.63,0.08701137698962977,1.0986122886681098
40,72903.0,0,1,1762.0,4.489759334476764,6.97354301952014,4.406719247264253,6.322565239927284,0.0,2.995732273553991,3.6888794541139363,20,2.0794415416798357,1.791759469228055,8,1.3862943611198906,0.6931471805599453,11,4,74,0.67,0.048790164169432,0.6931471805599453
51,49669.0,1,2,326.0,3.3381392456950185,5.117993812416755,1.791759469228055,4.68213122712422,2.4849066497880004,2.1972245773362196,3.4011973816621555,12,1.791759469228055,0.6931471805599453,6,0.0,0.0,11,6,97,0.1,0.15415067982725827,1.0986122886681098
57,36778.0,2,3,77.0,2.627081138568543,3.4011973816621555,1.6094379124341003,3.5553480614894135,1.0986122886681098,1.6094379124341003,1.6094379124341003,6,1.3862943611198906,0.0,3,0.0,0.0,12,9,63,1.9,0.4054651081081644,1.3862943611198906
63,85696.0,0,1,1313.0,4.2499978719338944,6.5722825426940075,4.343805421853684,5.981414211254481,4.762173934797756,0.0,2.5649493574615367,19,1.6094379124341003,1.9459101490553132,9,0.0,0.6931471805599453,5,1,88,1.16,0.051293294387550536,0.6931471805599453
36,10979.0,0,1,30.0,1.791759469228055,2.1972245773362196,1.6094379124341003,2.3978952727983707,1.0986122886681098,1.0986122886681098,1.6094379124341003,6,1.3862943611198906,0.0,3,0.0,0.0,8,5,34,0.1,0.2876820724517809,1.0986122886681098
64,49678.0,1,2,315.0,3.305053521109253,5.438079308923196,1.791759469228055,4.04305126783455,1.3862943611198906,1.0986122886681098,3.044522437723423,12,1.9459101490553132,1.0986122886681098,4,0.0,0.0,13,7,81,1.4,0.15415067982725827,1.0986122886681098
72,56129.0,1,2,660.0,3.628775530044231,5.771441123130016,3.8918202981106265,4.897839799950911,3.6888794541139363,4.290459441148391,3.8918202981106265,18,1.9459101490553132,1.0986122886681098,10,0.0,0.0,10,4,65,1.02,0.20067069546215116,1.6094379124341003
36,37155.0,1,2,74.0,2.5902671654458267,3.1780538303479458,0.0,3.295836866004329,2.0794415416798357,2.772588722239781,1.3862943611198906,6,1.0986122886681098,0.0,4,0.0,0.0,7,5,51,1.41,0.15415067982725827,0.6931471805599453
47,21282.0,1,2,46.0,2.322387720290225,0.6931471805599453,1.791759469228055,2.1972245773362196,1.6094379124341003,2.1972245773362196,3.044522437723423,5,1.0986122886681098,0.6931471805599453,2,0.0,0.0,8,6,76,0.13,0.33647223662121295,1.0986122886681098
63,33419.0,1,2,86.0,2.7300291078209855,4.04305126783455,0.0,2.5649493574615367,0.0,0.0,2.9444389791664403,6,1.0986122886681098,0.0,4,0.0,0.0,9,7,76,0.87,0.2876820724517809,1.0986122886681098
80,63285.0,0,1,1052.5,3.803416486456472,6.2324480165505225,4.406719247264253,5.521460917862246,3.9318256327243257,3.6635616461296463,4.848116364598481,24,1.9459101490553132,1.791759469228055,13,0.0,0.0,9,3,84,0.65,0.040821994520255124,0.6931471805599453
51,21255.0,1,2,61.0,2.2735975561207935,3.4011973816621555,0.0,3.258096538021482,1.0986122886681098,1.0986122886681098,1.3862943611198906,7,1.0986122886681098,0.6931471805599453,4,0.0,0.0,6,4,56,0.44,0.4519851237430572,1.6094379124341003
44,42162.0,1,2,145.0,3.077970371790963,3.8501476017100584,2.0794415416798357,4.0943445622221,1.0986122886681098,1.6094379124341003,3.332204510175204,7,1.3862943611198906,0.6931471805599453,3,0.6931471805599453,0.6931471805599453,9,6,31,0.61,0.2513144282809061,1.0986122886681098
69,54450.0,2,3,684.0,3.6109179126442243,6.12029741895095,0.0,5.147494476813453,2.1972245773362196,2.995732273553991,3.4965075614664802,19,2.302585092994046,1.0986122886681098,8,0.0,0.0,17,8,0,1.79,0.4895482253187058,2.5649493574615367
71,57744.0,1,2,411.0,3.4130318393091583,5.860786223465865,1.3862943611198906,3.6888794541139363,0.0,0.0,2.995732273553991,14,2.302585092994046,0.6931471805599453,4,0.0,0.0,17,8,91,0.63,0.13353139262452263,1.0986122886681098
39,26576.0,1,2,27.0,2.302585092994046,2.3978952727983707,0.0,2.1972245773362196,0.0,0.0,2.302585092994046,3,0.6931471805599453,0.0,2,0.6931471805599453,0.6931471805599453,10,9,40,1.71,0.2876820724517809,0.6931471805599453
82,57513.0,0,1,1060.0,3.770459441106359,6.601230118728877,3.713572066704308,5.214935757608986,3.970291913552122,3.044522437723423,3.4339872044851463,25,2.302585092994046,1.3862943611198906,13,0.0,0.0,15,6,59,0.98,0.07696104113612832,1.0986122886681098
61,68142.0,1,2,1383.0,4.202558146862334,6.8001700683022,4.406719247264253,5.2832037287379885,4.5217885770490405,4.406719247264253,3.6375861597263857,21,2.3978952727983707,1.6094379124341003,7,0.0,0.0,16,6,96,1.83,0.13353139262452263,1.3862943611198906
46,7500.0,1,2,18.0,1.9459101490553132,1.791759469228055,1.0986122886681098,1.3862943611198906,1.3862943611198906,0.0,1.791759469228055,3,0.6931471805599453,0.0,2,0.0,0.0,9,8,61,1.83,0.2876820724517809,0.6931471805599453
51,83145.0,0,1,1602.0,4.175617282350837,6.656726524178391,3.58351893845611,6.322565239927284,3.6888794541139363,4.406719247264253,4.74493212836325,25,1.791759469228055,2.302585092994046,11,0.6931471805599453,0.6931471805599453,7,2,14,1.77,0.039220713153281295,0.6931471805599453
65,54197.0,1,2,237.0,3.2068032436339315,5.093750200806762,1.9459101490553132,3.6375861597263857,1.9459101490553132,2.6390573296152584,2.6390573296152584,10,0.6931471805599453,1.3862943611198906,6,0.0,0.0,2,1,16,0.24,0.18232155679395465,1.0986122886681098
62,23091.0,2,3,48.0,2.1972245773362196,3.58351893845611,0.0,2.4849066497880004,0.0,0.0,1.0986122886681098,6,1.0986122886681098,0.6931471805599453,3,0.0,0.0,9,7,98,0.09,0.5108256237659907,1.6094379124341003
49,46049.0,2,3,515.0,3.5021732990021577,5.8377304471659395,2.302585092994046,4.727387818712341,2.995732273553991,2.70805020110221,2.995732273553991,16,1.791759469228055,1.0986122886681098,9,0.0,0.6931471805599453,12,7,11,0.94,0.4855078157817008,2.3978952727983707
51,56715.0,0,1,788.5,4.048674525388912,5.556828061699537,4.406719247264253,5.480638923341991,4.799914262780603,4.406719247264253,2.302585092994046,14,2.0794415416798357,1.3862943611198906,4,0.0,0.0,11,4,52,1.56,0.06899287148695145,0.6931471805599453
64,79410.0,0,1,1367.5,4.925440448033024,6.490723534502507,4.394449154672439,6.182084906716632,4.799914262780603,2.6390573296152584,2.6390573296152584,10,1.3862943611198906,1.0986122886681098,5,0.0,0.0,4,1,19,0.08,0.09531017980432487,0.6931471805599453
74,57304.0,1,2,1008.5,3.803275116582157,5.877735781779639,4.394449154672439,5.799092654460526,4.799914262780603,2.8903717578961645,4.672828834461906,23,2.0794415416798357,1.9459101490553132,10,0.0,0.0,12,5,61,1.3,0.08338160893905106,1.0986122886681098
60,44375.0,1,2,301.0,3.345107915011112,5.365976015021851,1.791759469228055,3.367295829986474,2.0794415416798357,2.0794415416798357,3.7376696182833684,11,1.6094379124341003,0.6931471805599453,6,0.0,0.0,9,5,73,0.27,0.08701137698962977,0.6931471805599453
69,54450.0,2,3,684.0,3.6109179126442243,6.12029741895095,0.0,5.147494476813453,2.1972245773362196,2.995732273553991,3.4965075614664802,19,2.302585092994046,1.0986122886681098,8,0.0,0.0,17,8,0,1.79,0.4895482253187058,2.5649493574615367
60,59594.0,1,2,499.0,3.4715781784239548,6.126869184114185,1.6094379124341003,3.4011973816621555,0.0,0.0,2.302585092994046,16,2.1972245773362196,0.6931471805599453,7,0.6931471805599453,0.0,15,7,74,1.69,0.06062462181643484,0.6931471805599453
31,80685.0,0,1,956.0,3.8877303128591016,5.488937726156687,3.828641396489095,6.322565239927284,3.5553480614894135,3.295836866004329,4.007333185232471,20,1.9459101490553132,1.6094379124341003,10,0.0,0.0,8,2,55,1.85,0.048790164169432,0.6931471805599453
51,40344.0,1,2,218.0,3.126760535960395,5.351858133476067,0.0,1.9459101490553132,0.0,0.0,1.0986122886681098,10,1.6094379124341003,0.6931471805599453,5,0.0,0.0,11,7,48,0.71,0.18232155679395465,1.0986122886681098
53,62710.0,1,2,606.0,3.545778610473263,6.091309882077698,3.58351893845611,4.430816798843313,2.0794415416798357,3.4011973816621555,2.4849066497880004,18,1.6094379124341003,1.0986122886681098,12,0.0,0.0,8,4,53,1.1,0.20067069546215116,1.6094379124341003
57,48985.0,1,2,75.0,2.772588722239781,2.995732273553991,2.6390573296152584,2.9444389791664403,2.3978952727983707,2.0794415416798357,2.1972245773362196,5,0.6931471805599453,0.6931471805599453,3,0.0,0.0,4,3,13,0.98,0.18232155679395465,0.6931471805599453
57,35322.0,3,4,106.0,2.9267394020670396,3.367295829986474,2.302585092994046,3.6375861597263857,2.5649493574615367,2.0794415416798357,2.6390573296152584,6,1.0986122886681098,0.0,4,0.0,0.0,10,8,34,1.85,0.4054651081081644,1.3862943611198906
77,77142.0,0,1,920.0,4.069026754237811,6.1675164908883415,4.330733340286331,5.093750200806762,3.4011973816621555,4.406719247264253,4.584967478670572,16,1.6094379124341003,1.6094379124341003,8,0.0,0.0,6,2,54,1.08,0.06062462181643484,0.6931471805599453
56,81657.0,0,1,1059.5,4.271560514980355,5.8998973535824915,3.713572066704308,6.054439346269371,4.799914262780603,4.110873864173311,3.9318256327243257,15,1.3862943611198906,1.6094379124341003,8,0.0,0.0,4,1,69,0.43,0.06453852113757118,0.6931471805599453
29,14421.0,0,1,16.0,1.8458266904983307,0.0,0.0,1.0986122886681098,1.3862943611198906,1.3862943611198906,2.1972245773362196,3,0.6931471805599453,0.0,2,0.6931471805599453,0.0,6,5,81,0.36,0.2876820724517809,0.6931471805599453
51,20130.0,0,1,34.0,2.2512917986064953,0.0,1.9459101490553132,1.3862943611198906,2.0794415416798357,1.9459101490553132,2.5649493574615367,4,0.6931471805599453,0.0,3,0.0,0.0,9,8,99,0.28,0.22314355131420976,0.6931471805599453
35,74214.0,0,1,1691.0,4.733856526949414,6.761572768804055,4.406719247264253,6.306275286948016,4.465908118654584,4.406719247264253,3.5263605246161616,15,2.1972245773362196,1.0986122886681098,5,0.0,0.0,13,5,3,1.84,0.06453852113757118,0.6931471805599453
68,66726.0,2,3,438.0,3.4746248502169728,5.857933154483459,2.0794415416798357,3.58351893845611,0.0,0.0,3.871201010907891,14,2.1972245773362196,1.0986122886681098,4,0.6931471805599453,0.0,15,7,61,0.46,0.19415601444095745,1.3862943611198906
46,23724.0,1,2,75.0,2.772588722239781,1.791759469228055,3.1780538303479458,2.772588722239781,0.0,2.9444389791664403,2.70805020110221,5,1.0986122886681098,0.0,3,0.0,0.0,10,8,65,1.47,0.33647223662121295,1.0986122886681098
65,47353.0,1,2,225.0,3.1570004211501135,5.220355825078324,1.0986122886681098,2.995732273553991,2.1972245773362196,2.1972245773362196,1.6094379124341003,10,1.0986122886681098,1.0986122886681098,6,0.0,0.0,7,5,93,0.62,0.262364264467491,1.3862943611198906
73,33444.0,2,3,18.0,1.9459101490553132,2.1972245773362196,0.0,2.1972245773362196,0.0,0.0,1.0986122886681098,3,0.6931471805599453,0.0,2,0.0,0.0,9,8,24,1.65,0.2876820724517809,0.6931471805599453
44,54386.0,1,2,470.0,3.476098689835273,5.627621113690637,3.091042453358316,4.174387269895637,4.143134726391533,3.091042453358316,3.258096538021482,15,1.3862943611198906,1.0986122886681098,10,0.0,0.0,6,3,8,1.12,0.12516314295400602,1.0986122886681098
44,28510.0,2,3,91.0,2.782951509275328,3.8066624897703196,1.791759469228055,2.995732273553991,0.0,1.6094379124341003,2.995732273553991,6,1.0986122886681098,0.0,4,0.0,0.0,7,5,72,1.21,0.4054651081081644,1.3862943611198906
34,90638.0,0,1,2064.0,4.807390482337419,7.053585727193677,4.406719247264253,6.322565239927284,4.553876891600541,4.406719247264253,4.574710978503383,17,1.3862943611198906,1.6094379124341003,10,0.6931471805599453,0.0,4,1,29,0.37,0.05715841383994861,0.6931471805599453
75,48070.0,1,2,504.0,3.481240089335692,5.924255797414532,2.70805020110221,4.430816798843313,1.9459101490553132,2.302585092994046,2.995732273553991,16,2.1972245773362196,1.0986122886681098,6,0.0,0.0,15,7,33,1.46,0.17185025692665923,1.3862943611198906
68,43140.0,1,2,235.0,3.1986731175506815,4.90527477843843,2.1972245773362196,4.343805421853684,1.9459101490553132,0.0,2.4849066497880004,10,1.6094379124341003,0.6931471805599453,5,0.0,0.0,10,6,68,1.48,0.09531017980432487,0.6931471805599453
64,54959.0,1,2,1232.0,4.240527072400182,7.046647277848756,0.0,4.110873864173311,0.0,0.0,3.2188758248682006,18,2.302585092994046,1.791759469228055,4,0.6931471805599453,0.6931471805599453,16,7,55,1.44,0.15415067982725827,1.3862943611198906
67,15056.0,2,3,88.0,2.6079667425452273,1.9459101490553132,2.5649493574615367,1.3862943611198906,3.091042453358316,1.9459101490553132,3.713572066704308,7,1.0986122886681098,1.0986122886681098,3,0.0,0.0,7,5,76,1.16,0.538996500732687,1.791759469228055
54,26954.0,1,2,17.0,1.8971199848858813,1.6094379124341003,0.6931471805599453,2.4849066497880004,0.0,0.0,0.6931471805599453,3,0.6931471805599453,0.0,2,0.0,0.0,8,7,17,0.14,0.2876820724517809,0.6931471805599453
40,22327.0,1,2,24.0,1.9459101490553132,1.791759469228055,1.6094379124341003,2.1972245773362196,1.0986122886681098,0.0,1.791759469228055,4,0.6931471805599453,0.0,3,0.0,0.0,6,5,94,0.91,0.22314355131420976,0.6931471805599453
60,44393.0,2,3,60.0,2.5649493574615367,3.2188758248682006,1.0986122886681098,3.044522437723423,1.0986122886681098,1.0986122886681098,2.3978952727983707,5,0.6931471805599453,0.0,4,0.0,0.0,5,4,86,0.85,0.33647223662121295,1.0986122886681098
73,62000.0,1,2,1020.0,3.7328963395307104,6.802394763324311,0.0,4.624972813284271,0.0,0.0,3.044522437723423,25,1.9459101490553132,1.9459101490553132,13,0.6931471805599453,0.0,10,4,25,0.84,0.039220713153281295,0.6931471805599453
63,31497.0,1,2,155.0,3.0143086591269266,4.6913478822291435,0.6931471805599453,3.367295829986474,2.6390573296152584,0.6931471805599453,1.6094379124341003,8,1.3862943611198906,0.6931471805599453,4,0.0,0.0,11,8,22,1.56,0.22314355131420976,1.0986122886681098
51,45894.0,2,3,51.0,2.6210388241125804,3.332204510175204,1.0986122886681098,2.0794415416798357,0.0,1.0986122886681098,2.6390573296152584,4,0.6931471805599453,0.0,3,0.0,0.0,6,5,15,0.33,0.22314355131420976,0.6931471805599453
55,78579.0,0,1,1716.5,4.748693162740267,6.705639094860003,4.204692619390966,6.309918278226516,4.799914262780603,4.204692619390966,4.605170185988092,15,1.791759469228055,1.9459101490553132,4,0.0,0.6931471805599453,8,3,35,1.52,0.06453852113757118,0.6931471805599453
56,67369.0,1,2,1387.0,4.205403098994565,7.110696122978827,0.0,4.2626798770413155,3.6375861597263857,2.70805020110221,3.7612001156935624,21,2.0794415416798357,1.6094379124341003,10,1.0986122886681098,0.6931471805599453,11,4,81,1.61,0.17435338714477774,1.6094379124341003
65,58401.0,1,2,96.0,3.005682604407159,2.3978952727983707,0.0,2.4849066497880004,2.8903717578961645,3.4011973816621555,3.4011973816621555,5,0.6931471805599453,1.0986122886681098,2,0.0,0.0,5,4,55,0.19,0.18232155679395465,0.6931471805599453
73,62307.0,1,2,160.0,3.044522437723423,4.477336814478207,2.6390573296152584,3.5553480614894135,2.3978952727983707,1.9459101490553132,2.3978952727983707,8,1.6094379124341003,0.0,4,0.0,0.0,9,5,94,0.36,0.11778303565638346,0.6931471805599453
56,43641.0,2,3,139.0,3.0376964726530233,4.060443010546419,1.0986122886681098,3.9512437185814275,1.6094379124341003,1.0986122886681098,3.1780538303479458,7,1.0986122886681098,0.6931471805599453,4,0.0,0.0,8,6,50,1.19,0.35667494393873234,1.3862943611198906
57,63841.0,1,2,903.5,3.7847306131037564,6.455198563340122,2.772588722239781,4.61512051684126,3.044522437723423,2.0794415416798357,4.848116364598481,21,2.302585092994046,1.3862943611198906,9,0.0,0.0,15,6,64,1.19,0.04652001563489285,0.6931471805599453
60,46891.0,1,2,183.0,3.3011139231051727,3.784189633918261,2.5649493574615367,3.1780538303479458,3.4011973816621555,2.772588722239781,4.127134385045092,7,1.0986122886681098,0.6931471805599453,4,0.0,0.0,6,4,91,0.82,0.13353139262452263,0.6931471805599453
56,70091.0,1,2,1161.0,4.238360020155316,6.872128101338986,3.5553480614894135,4.927253685157205,2.772588722239781,0.0,2.4849066497880004,17,1.791759469228055,1.0986122886681098,10,0.6931471805599453,0.0,13,8,11,1.25,0.11122563511022437,1.0986122886681098
53,78075.0,0,1,988.0,4.343805421853684,6.35088571671474,2.1972245773362196,5.560681631015528,3.5553480614894135,3.58351893845611,4.394449154672439,13,1.3862943611198906,1.791759469228055,5,0.0,0.0,4,1,72,0.23,0.07410797215372189,0.6931471805599453
64,59184.0,1,2,802.5,3.5391460869131333,5.834810737062605,4.406719247264253,4.736198448394496,4.799914262780603,4.406719247264253,4.204692619390966,24,1.9459101490553132,1.9459101490553132,12,0.0,0.0,11,5,6,1.8,0.11778303565638346,1.3862943611198906
48,54809.0,2,3,174.0,3.1245651453969594,4.1588830833596715,1.9459101490553132,4.060443010546419,2.6390573296152584,2.6390573296152584,3.1354942159291497,8,1.0986122886681098,0.6931471805599453,5,0.0,0.0,6,4,0,0.8,0.4054651081081644,1.6094379124341003
66,58113.0,1,2,735.0,3.6809533888415156,5.402677381872279,4.406719247264253,5.135798437050262,4.634728988229636,4.3694478524670215,4.442651256490317,19,2.302585092994046,1.0986122886681098,8,0.0,0.0,16,7,66,1.42,0.1466034741918754,1.3862943611198906
67,51412.0,1,2,195.0,3.120895416507997,4.948759890378168,1.3862943611198906,3.4011973816621555,1.6094379124341003,1.791759469228055,2.70805020110221,9,1.3862943611198906,1.0986122886681098,4,0.0,0.0,7,4,42,0.49,0.20067069546215116,1.0986122886681098
46,15287.0,1,2,31.0,2.169053700369523,0.6931471805599453,1.0986122886681098,2.1972245773362196,1.6094379124341003,1.3862943611198906,2.6390573296152584,4,0.6931471805599453,0.6931471805599453,2,0.6931471805599453,0.6931471805599453,8,7,60,1.72,0.4054651081081644,1.0986122886681098
68,66636.0,0,1,951.0,4.1016097732135135,5.676753802268282,2.3978952727983707,6.322565239927284,4.442651256490317,2.3978952727983707,0.0,16,1.3862943611198906,1.6094379124341003,9,0.0,0.0,4,1,64,0.87,0.06062462181643484,0.6931471805599453
69,50965.0,1,2,685.0,3.612339376991602,6.300785794663244,2.6390573296152584,4.454347296253507,2.1972245773362196,1.9459101490553132,3.4011973816621555,19,2.3978952727983707,1.6094379124341003,5,0.6931471805599453,0.0,18,8,87,1.35,0.1466034741918754,1.3862943611198906
60,84618.0,0,1,1408.0,4.048649602959971,6.529418838262226,4.406719247264253,6.322565239927284,3.091042453358316,4.204692619390966,0.0,25,1.9459101490553132,2.302585092994046,10,0.6931471805599453,0.0,8,2,96,0.6,0.039220713153281295,0.6931471805599453
35,18351.0,0,1,43.0,2.2617630984737906,0.6931471805599453,2.5649493574615367,2.302585092994046,0.0,2.70805020110221,2.0794415416798357,5,1.0986122886681098,0.0,3,0.0,0.0,9,7,1,0.67,0.18232155679395465,0.6931471805599453
68,40451.0,2,3,49.0,2.583997552432231,3.58351893845611,0.0,1.6094379124341003,0.0,0.0,2.3978952727983707,4,0.6931471805599453,0.6931471805599453,2,0.6931471805599453,0.0,6,5,54,0.36,0.22314355131420976,0.6931471805599453
60,36317.0,1,2,133.0,2.995732273553991,4.477336814478207,1.3862943611198906,3.258096538021482,1.3862943611198906,1.0986122886681098,2.6390573296152584,7,1.3862943611198906,0.0,4,0.0,0.0,10,7,53,1.1,0.2513144282809061,1.0986122886681098
68,42213.0,1,2,363.0,3.364639785928358,5.736572297479192,1.3862943611198906,3.2188758248682006,1.6094379124341003,1.3862943611198906,3.044522437723423,13,1.791759469228055,0.6931471805599453,7,0.6931471805599453,0.0,12,7,96,0.71,0.14310084364067333,1.0986122886681098
70,65748.0,1,2,545.0,3.5571321832829152,5.153291594497779,4.30406509320417,4.543294782270004,4.564348191467836,4.3694478524670215,3.5553480614894135,16,1.0986122886681098,1.6094379124341003,10,0.0,0.0,3,1,58,1.2,0.11778303565638346,1.0986122886681098
53,77044.0,1,2,1065.0,3.6303001529954524,6.439350371100098,3.6635616461296463,5.493061443340548,3.9318256327243257,3.5553480614894135,4.343805421853684,29,2.0794415416798357,2.4849066497880004,11,0.6931471805599453,0.0,11,4,12,0.67,0.06669137449867223,1.0986122886681098
56,74918.0,0,1,1690.0,4.448516375942715,6.880384082186005,4.0943445622221,6.322565239927284,3.258096538021482,2.995732273553991,4.0943445622221,20,1.791759469228055,2.302585092994046,6,0.6931471805599453,0.0,8,3,78,1.3,0.048790164169432,0.6931471805599453
53,56721.0,2,3,296.0,3.4210000089583352,5.062595033026967,1.9459101490553132,3.6888794541139363,1.9459101490553132,2.6390573296152584,4.330733340286331,10,1.6094379124341003,0.6931471805599453,5,0.0,0.0,10,6,64,1.66,0.4054651081081644,1.791759469228055
50,42160.0,2,3,140.0,3.044522437723423,3.8918202981106265,2.302585092994046,3.828641396489095,1.3862943611198906,2.772588722239781,3.044522437723423,7,1.0986122886681098,0.6931471805599453,4,0.0,0.6931471805599453,8,6,26,1.0,0.4519851237430572,1.6094379124341003
60,61559.0,1,2,528.0,3.5263605246161616,5.634789603169249,4.406719247264253,4.48863636973214,3.4965075614664802,2.70805020110221,3.5553480614894135,16,1.6094379124341003,1.0986122886681098,10,0.0,0.0,7,3,8,0.95,0.06062462181643484,0.6931471805599453
62,33629.0,2,3,152.0,2.995732273553991,4.890349128221754,0.0,2.833213344056216,0.0,0.0,1.6094379124341003,8,1.3862943611198906,0.6931471805599453,4,0.0,0.0,12,9,49,1.89,0.4855078157817008,1.791759469228055
34,68682.0,0,1,1598.0,4.2553043058065265,6.824373670043086,0.0,6.226536669287466,4.605170185988092,3.4339872044851463,3.828641396489095,23,1.6094379124341003,2.302585092994046,10,0.0,0.0,6,2,56,0.73,0.04255961441879593,0.6931471805599453
62,34377.0,1,2,114.0,2.995732273553991,4.143134726391533,0.0,3.1354942159291497,1.3862943611198906,0.6931471805599453,3.295836866004329,6,1.0986122886681098,1.0986122886681098,2,0.0,0.0,9,7,55,1.44,0.2876820724517809,1.0986122886681098
39,8940.0,1,2,101.0,2.7362210780689065,0.6931471805599453,3.828641396489095,1.3862943611198906,1.6094379124341003,1.9459101490553132,3.7612001156935624,7,1.3862943611198906,0.6931471805599453,3,0.0,0.0,11,8,25,1.85,0.35667494393873234,1.3862943611198906
52,26228.0,1,2,25.0,2.2335922215070942,1.0986122886681098,1.9459101490553132,1.6094379124341003,1.3862943611198906,0.6931471805599453,2.302585092994046,3,0.6931471805599453,0.0,2,0.0,0.0,9,8,50,0.77,0.2876820724517809,0.6931471805599453
68,77297.0,0,1,748.0,3.600568531782221,6.013715156042802,4.127134385045092,4.700480365792417,3.8918202981106265,4.406719247264253,3.7376696182833684,21,1.791759469228055,2.0794415416798357,9,0.6931471805599453,0.0,9,4,84,1.42,0.04652001563489285,0.6931471805599453
44,40211.0,2,3,87.0,2.91235066461494,3.9512437185814275,0.6931471805599453,2.0794415416798357,1.0986122886681098,0.6931471805599453,3.258096538021482,5,1.0986122886681098,0.6931471805599453,2,0.6931471805599453,0.0,10,8,30,0.91,0.33647223662121295,1.0986122886681098
67,33438.0,2,3,90.0,2.6288008294480694,4.143134726391533,0.6931471805599453,2.833213344056216,1.3862943611198906,1.0986122886681098,1.9459101490553132,7,1.0986122886681098,0.6931471805599453,4,0.0,0.0,7,5,81,0.77,0.4519851237430572,1.6094379124341003
66,75032.0,1,2,1215.0,4.22683374526818,6.859614903654202,2.5649493574615367,5.198497031265826,3.871201010907891,2.5649493574615367,2.5649493574615367,18,1.791759469228055,1.6094379124341003,9,0.0,0.0,8,3,74,1.17,0.1053605156578263,1.0986122886681098
70,61284.0,0,1,811.0,3.6793100030977857,6.428105272684596,2.772588722239781,4.672828834461906,3.044522437723423,2.0794415416798357,3.828641396489095,21,2.4849066497880004,1.0986122886681098,8,0.6931471805599453,0.0,17,6,76,0.71,0.04652001563489285,0.6931471805599453
39,22518.0,1,2,61.0,2.580216829592325,2.4849066497880004,2.0794415416798357,2.5649493574615367,1.0986122886681098,1.0986122886681098,3.332204510175204,5,1.0986122886681098,0.6931471805599453,2,0.6931471805599453,0.6931471805599453,7,5,36,1.68,0.33647223662121295,1.0986122886681098
50,54730.0,1,2,405.0,3.4705320750632196,5.765191102784844,1.3862943611198906,2.8903717578961645,1.6094379124341003,2.0794415416798357,4.04305126783455,13,1.6094379124341003,0.6931471805599453,8,0.0,0.0,8,4,64,0.87,0.325422400434628,1.791759469228055
70,38452.0,2,3,72.0,2.5649493574615367,4.04305126783455,0.0,2.70805020110221,0.0,0.0,1.0986122886681098,6,1.3862943611198906,0.0,3,0.0,0.0,10,7,62,0.25,0.4054651081081644,1.3862943611198906
54,44421.0,2,3,189.0,3.091042453358316,4.709530201312334,1.791759469228055,4.0943445622221,2.0794415416798357,0.6931471805599453,2.0794415416798357,9,1.791759469228055,0.0,4,0.0,0.0,13,8,53,1.37,0.44183275227903923,1.791759469228055
39,38197.0,1,2,40.0,2.3978952727983707,3.1780538303479458,0.0,2.4849066497880004,1.0986122886681098,0.6931471805599453,1.3862943611198906,4,0.6931471805599453,0.0,3,0.0,0.0,6,5,86,1.0,0.22314355131420976,0.6931471805599453
47,41986.0,1,2,63.0,2.302585092994046,3.332204510175204,1.791759469228055,2.1972245773362196,2.1972245773362196,1.3862943611198906,2.5649493574615367,7,1.3862943611198906,0.0,4,0.0,0.0,7,4,15,0.38,0.35667494393873234,1.3862943611198906
42,28427.0,1,2,52.0,2.4336133554004498,2.9444389791664403,1.3862943611198906,2.995732273553991,1.3862943611198906,1.3862943611198906,1.9459101490553132,5,1.0986122886681098,0.0,3,0.0,0.0,10,8,67,1.27,0.33647223662121295,1.0986122886681098
49,37395.0,1,2,39.0,2.3749057545736716,2.9444389791664403,0.0,2.302585092994046,0.0,0.6931471805599453,2.4849066497880004,4,0.6931471805599453,0.0,3,0.0,0.0,7,6,47,0.16,0.22314355131420976,0.6931471805599453
54,64722.0,1,2,739.0,3.588795995556954,5.717027701406222,0.0,5.638354669333745,4.110873864173311,4.406719247264253,2.772588722239781,21,2.1972245773362196,1.0986122886681098,11,0.0,0.0,14,6,47,0.09,0.17435338714477774,1.6094379124341003
69,55249.0,1,2,130.0,2.9740707767728116,4.584967478670572,0.6931471805599453,2.995732273553991,1.0986122886681098,0.0,2.4849066497880004,7,1.0986122886681098,0.6931471805599453,4,0.0,0.0,5,3,81,0.2,0.13353139262452263,0.6931471805599453
53,84906.0,0,1,1631.0,4.275457659654487,6.905753276311464,2.772588722239781,6.028278520230698,4.605170185988092,3.4339872044851463,4.343805421853684,23,1.791759469228055,1.9459101490553132,12,1.3862943611198906,0.0,7,2,98,0.73,0.04255961441879593,0.6931471805599453
36,28691.0,1,2,34.0,2.2512917986064953,1.791759469228055,1.6094379124341003,2.6390573296152584,2.1972245773362196,0.0,1.6094379124341003,4,0.6931471805599453,0.0,3,0.0,0.0,9,8,56,0.99,0.22314355131420976,0.6931471805599453
73,44213.0,2,3,152.0,2.995732273553991,4.564348191467836,2.4849066497880004,3.58351893845611,0.0,1.6094379124341003,2.0794415416798357,8,1.0986122886681098,0.6931471805599453,5,0.0,0.0,8,6,48,0.58,0.4054651081081644,1.6094379124341003
41,25707.0,1,2,21.0,1.8325814637483102,0.6931471805599453,1.9459101490553132,1.0986122886681098,1.3862943611198906,1.9459101490553132,1.3862943611198906,4,0.6931471805599453,0.0,3,0.0,0.0,8,7,18,0.44,0.22314355131420976,0.6931471805599453
58,59062.0,3,4,71.0,2.7212954278522306,3.8501476017100584,0.6931471805599453,2.5649493574615367,1.3862943611198906,0.0,2.302585092994046,5,1.0986122886681098,0.0,3,0.0,0.0,6,4,74,0.74,0.33647223662121295,1.0986122886681098
63,76624.0,1,2,840.0,3.668212817305377,6.021023349349527,4.406719247264253,4.997212273764115,4.007333185232471,4.406719247264253,4.204692619390966,22,1.791759469228055,2.3978952727983707,7,0.6931471805599453,0.0,6,1,68,0.1,0.04445176257083384,0.6931471805599453
78,66000.0,0,1,711.0,4.382026634673881,5.501258210544727,3.9512437185814275,5.602118820879701,4.624972813284271,0.0,3.828641396489095,9,0.6931471805599453,1.3862943611198906,5,0.0,0.0,2,1,36,0.19,0.1053605156578263,0.6931471805599453
47,27683.0,1,2,351.0,3.4094961844768505,5.030437921392435,2.302585092994046,4.804021044733257,2.5649493574615367,2.5649493574615367,3.828641396489095,12,1.9459101490553132,1.0986122886681098,4,0.0,0.0,14,8,90,1.9,0.2876820724517809,1.6094379124341003
54,1730.0,0,1,8.0,0.0,0.6931471805599453,0.6931471805599453,1.3862943611198906,0.6931471805599453,0.6931471805599453,0.6931471805599453,0,0.0,0.0,0,0.0,0.0,20,20,65,0.11,0.0,2.772588722239781
33,7500.0,1,2,119.0,2.8903717578961645,2.3978952727983707,2.8903717578961645,2.9444389791664403,2.1972245773362196,3.295836866004329,3.713572066704308,7,1.3862943611198906,1.0986122886681098,2,0.0,0.0,12,9,63,1.57,0.4519851237430572,1.6094379124341003
57,40521.0,2,3,21.0,2.0794415416798357,2.5649493574615367,0.0,1.791759469228055,0.0,0.0,1.6094379124341003,3,0.0,0.6931471805599453,2,0.0,0.0,5,5,82,1.23,0.2876820724517809,0.6931471805599453
52,20427.0,1,2,10.0,1.4663370687934272,1.791759469228055,0.0,1.6094379124341003,0.0,0.0,0.6931471805599453,3,0.6931471805599453,0.0,2,0.0,0.0,9,8,63,0.27,0.2876820724517809,0.6931471805599453
50,65106.0,1,2,973.0,3.7266969396138925,6.673297967767654,2.995732273553991,4.897839799950911,2.5649493574615367,0.0,2.995732273553991,24,2.1972245773362196,1.3862943611198906,13,0.6931471805599453,0.0,14,6,55,0.1,0.11778303565638346,1.3862943611198906
60,69969.0,0,1,1536.0,4.859812404361672,6.78332520060396,3.4011973816621555,6.244166900663736,3.6635616461296463,3.4011973816621555,3.8066624897703196,12,1.6094379124341003,1.0986122886681098,6,1.0986122886681098,0.6931471805599453,7,3,64,0.84,0.08004270767353643,0.6931471805599453
73,67433.0,2,3,992.0,3.7455747977904816,6.423246963533519,3.367295829986474,5.560681631015528,2.5649493574615367,3.8918202981106265,3.4339872044851463,24,1.9459101490553132,1.791759469228055,13,0.6931471805599453,0.0,10,4,51,0.95,0.15415067982725827,1.6094379124341003
58,77766.0,1,2,1529.0,3.8873460177157053,6.912742820493176,4.0943445622221,5.583496308781699,4.7535901911063645,4.0943445622221,3.332204510175204,32,2.4849066497880004,2.3978952727983707,11,0.6931471805599453,0.6931471805599453,17,6,97,1.35,0.06062462181643484,1.0986122886681098
53,74716.0,1,2,746.0,3.926583156759476,4.897839799950911,3.332204510175204,6.045005314036012,2.6390573296152584,4.406719247264253,4.276666119016055,15,2.0794415416798357,1.3862943611198906,5,0.0,0.0,11,4,92,0.79,0.12516314295400602,1.0986122886681098
62,68118.0,1,2,900.5,3.781480339386455,6.39024066706535,3.1780538303479458,4.820281565605037,2.3978952727983707,3.1780538303479458,4.848116364598481,21,2.1972245773362196,2.302585092994046,4,0.0,0.0,14,6,51,0.7,0.09097177820572669,1.0986122886681098
55,55158.0,2,3,418.0,3.429368258628852,5.683579767338681,0.0,4.477336814478207,1.6094379124341003,2.4849066497880004,3.1780538303479458,14,2.0794415416798357,1.0986122886681098,5,0.0,0.6931471805599453,14,7,72,1.91,0.2513144282809061,1.6094379124341003
70,62972.0,1,2,521.5,3.644143560272545,5.749392985908253,2.772588722239781,3.871201010907891,3.044522437723423,0.0,4.848116364598481,14,2.0794415416798357,1.6094379124341003,3,0.0,0.6931471805599453,13,6,39,1.9,0.13353139262452263,1.0986122886681098
50,74190.0,1,2,583.5,3.564549297463822,5.0238805208462765,4.406719247264253,4.465908118654584,4.799914262780603,4.406719247264253,4.174387269895637,17,1.6094379124341003,1.0986122886681098,11,0.0,0.0,6,2,49,0.13,0.11122563511022437,1.0986122886681098
49,39356.0,2,3,23.0,2.1594842493533726,2.772588722239781,0.0,1.0986122886681098,0.0,0.0,1.9459101490553132,3,0.6931471805599453,0.0,2,0.6931471805599453,0.0,7,6,21,0.28,0.2876820724517809,0.6931471805599453
56,76653.0,0,1,1682.5,4.349984638219642,6.602587892189336,4.1588830833596715,6.322565239927284,4.799914262780603,4.406719247264253,4.844187086458591,22,1.6094379124341003,2.0794415416798357,11,1.0986122886681098,0.0,6,2,91,0.87,0.04445176257083384,0.6931471805599453
52,35860.0,2,3,49.0,2.583997552432231,2.772588722239781,0.0,2.1972245773362196,1.6094379124341003,1.0986122886681098,3.044522437723423,4,0.6931471805599453,0.6931471805599453,2,0.6931471805599453,0.0,6,5,37,0.11,0.4054651081081644,1.0986122886681098
42,90687.0,0,1,1663.0,4.65336493483776,6.890609120147166,2.8903717578961645,6.322565239927284,3.1780538303479458,3.5553480614894135,3.9512437185814275,16,1.9459101490553132,1.0986122886681098,8,0.6931471805599453,0.6931471805599453,8,2,98,1.1,0.06062462181643484,0.6931471805599453
43,73450.0,0,1,1804.0,4.253974707813985,7.04141166379481,3.9512437185814275,6.030685260261263,4.51085950651685,4.248495242049359,3.6375861597263857,26,2.0794415416798357,2.1972245773362196,11,1.0986122886681098,0.0,10,3,85,0.56,0.03774032798284703,0.6931471805599453
65,31454.0,2,3,48.0,2.3608540011180215,3.367295829986474,0.0,2.4849066497880004,0.0,0.0,2.302585092994046,5,1.0986122886681098,0.0,3,0.0,0.0,10,8,40,0.98,0.4700036292457356,1.3862943611198906
73,47139.0,2,3,83.0,2.8678989020441064,3.8501476017100584,0.0,2.5649493574615367,0.0,1.0986122886681098,3.1780538303479458,5,1.0986122886681098,0.6931471805599453,2,0.0,0.6931471805599453,9,7,2,0.31,0.33647223662121295,1.0986122886681098
50,83829.0,0,1,1636.5,4.577436188365631,6.8001700683022,4.406719247264253,6.066108090103747,4.799914262780603,4.406719247264253,3.332204510175204,17,1.6094379124341003,2.0794415416798357,6,1.3862943611198906,0.6931471805599453,5,1,78,0.72,0.0,0.0
62,53378.0,2,3,787.5,3.748264918398823,6.194405391104672,1.9459101490553132,5.030437921392435,2.1972245773362196,1.9459101490553132,4.848116364598481,19,2.302585092994046,1.6094379124341003,6,0.0,0.6931471805599453,17,8,41,1.76,0.42285685082003355,2.3978952727983707
55,19656.0,1,2,84.0,2.70805020110221,3.258096538021482,1.6094379124341003,2.302585092994046,1.9459101490553132,2.1972245773362196,3.4965075614664802,6,1.0986122886681098,0.6931471805599453,3,0.0,0.0,9,7,94,1.39,0.4054651081081644,1.3862943611198906
77,45579.0,1,2,183.0,3.060270794691562,4.983606621708336,0.6931471805599453,3.5263605246161616,1.0986122886681098,0.6931471805599453,0.6931471805599453,9,1.6094379124341003,0.6931471805599453,4,0.0,0.0,10,6,10,0.86,0.1053605156578263,0.6931471805599453
67,85485.0,0,1,1328.0,4.314520752308509,6.447305862541213,3.295836866004329,6.322565239927284,3.8066624897703196,2.9444389791664403,4.007333185232471,18,1.9459101490553132,1.9459101490553132,6,0.0,0.0,8,2,73,0.02,0.054067221270275766,0.6931471805599453
81,55956.0,0,1,999.0,4.281614174633424,6.634633357861686,3.6635616461296463,4.653960350157523,3.9318256327243257,2.302585092994046,3.6635616461296463,14,2.0794415416798357,1.3862943611198906,4,0.6931471805599453,0.0,11,4,22,0.23,0.13353139262452263,1.0986122886681098
62,64191.0,1,2,794.5,3.6592789843376456,6.042632833682381,2.772588722239781,5.231108616854587,4.799914262780603,3.6635616461296463,2.772588722239781,21,1.791759469228055,1.3862943611198906,13,0.0,0.0,8,3,30,1.43,0.13353139262452263,1.3862943611198906
53,38808.0,1,2,246.0,3.242592351485517,4.836281906951478,2.8903717578961645,3.970291913552122,1.3862943611198906,2.995732273553991,3.4339872044851463,10,1.791759469228055,0.6931471805599453,4,0.6931471805599453,0.6931471805599453,13,8,21,1.84,0.33647223662121295,1.6094379124341003
59,57183.0,2,3,610.0,3.6077331965767048,6.142037405587356,1.791759469228055,4.174387269895637,2.0794415416798357,0.0,4.2626798770413155,17,2.302585092994046,0.6931471805599453,7,0.0,0.0,17,8,51,1.28,0.3856624808119847,2.1972245773362196
57,23748.0,1,2,76.0,2.614959778036198,1.9459101490553132,1.9459101490553132,3.4011973816621555,2.5649493574615367,2.772588722239781,2.1972245773362196,6,1.0986122886681098,0.6931471805599453,3,0.0,0.0,10,8,97,1.6,0.4054651081081644,1.3862943611198906
54,66303.0,1,2,1286.0,4.282819984590433,6.994849985833071,2.5649493574615367,4.574710978503383,2.833213344056216,2.5649493574615367,4.110873864173311,18,1.3862943611198906,1.6094379124341003,11,0.6931471805599453,0.0,11,8,56,1.34,0.20067069546215116,1.6094379124341003
50,37368.0,1,2,30.0,2.3978952727983707,1.3862943611198906,1.0986122886681098,2.4849066497880004,1.0986122886681098,1.0986122886681098,2.3978952727983707,3,0.6931471805599453,0.0,2,0.6931471805599453,0.0,7,6,4,0.53,0.2876820724517809,0.6931471805599453
61,40800.0,3,4,99.0,2.8622008809294686,3.2188758248682006,0.0,3.332204510175204,2.1972245773362196,3.4339872044851463,2.3978952727983707,6,1.3862943611198906,0.0,3,0.0,0.0,10,7,77,1.49,0.2876820724517809,1.0986122886681098
47,71847.0,0,1,1108.5,3.9393728383597084,6.6039438246004725,3.091042453358316,4.672828834461906,4.02535169073515,4.1588830833596715,4.848116364598481,22,1.9459101490553132,2.0794415416798357,9,0.6931471805599453,0.0,9,3,95,1.77,0.0,0.0
50,46149.0,1,2,362.0,3.361976668508874,5.541263545158426,1.9459101490553132,4.276666119016055,1.6094379124341003,0.0,3.332204510175204,13,1.791759469228055,0.6931471805599453,7,0.0,0.0,10,5,36,0.58,0.325422400434628,1.791759469228055
42,78687.0,0,1,1756.0,4.59062040497336,6.706862336602747,4.406719247264253,6.322565239927284,4.799914262780603,4.02535169073515,4.848116364598481,18,1.6094379124341003,1.9459101490553132,8,0.6931471805599453,0.6931471805599453,6,2,13,1.89,0.054067221270275766,0.6931471805599453
54,49118.0,0,1,1212.0,3.8631559152230595,6.431331081933479,4.007333185232471,5.480638923341991,4.605170185988092,4.406719247264253,4.787491742782046,26,2.302585092994046,2.0794415416798357,10,1.0986122886681098,0.6931471805599453,16,7,90,1.86,0.07410797215372189,1.0986122886681098
68,37633.0,2,3,38.0,2.3513752571634776,2.6390573296152584,1.6094379124341003,3.044522437723423,0.0,0.0,0.6931471805599453,4,0.6931471805599453,0.0,3,0.0,0.0,10,9,49,1.77,0.4054651081081644,1.0986122886681098
74,39767.0,0,1,485.0,3.506557897319982,4.736198448394496,4.127134385045092,5.3230099791384085,3.5553480614894135,3.295836866004329,3.871201010907891,15,2.0794415416798357,0.6931471805599453,7,0.0,0.0,15,8,18,0.94,0.12516314295400602,1.0986122886681098
74,26997.0,0,1,404.0,3.6303832474323277,2.0794415416798357,3.1780538303479458,4.3694478524670215,4.799914262780603,3.912023005428146,4.848116364598481,11,1.6094379124341003,1.0986122886681098,5,0.0,0.0,11,7,89,1.65,0.16705408466316618,1.0986122886681098
55,33986.0,1,2,44.0,2.4849066497880004,2.833213344056216,1.0986122886681098,2.9444389791664403,1.0986122886681098,0.6931471805599453,1.791759469228055,4,0.6931471805599453,0.0,3,0.0,0.0,8,7,43,1.29,0.22314355131420976,0.6931471805599453
53,57091.0,1,2,496.0,3.4657359027997265,6.137727054086234,0.0,3.2188758248682006,1.9459101490553132,0.0,1.6094379124341003,16,2.302585092994046,1.0986122886681098,5,0.6931471805599453,0.6931471805599453,16,7,82,1.6,0.11778303565638346,1.0986122886681098
56,46831.0,2,3,78.0,2.8094026953624978,3.1354942159291497,1.0986122886681098,2.3978952727983707,1.9459101490553132,1.6094379124341003,3.5553480614894135,5,0.6931471805599453,1.0986122886681098,2,0.0,0.0,5,4,84,1.06,0.33647223662121295,1.0986122886681098
53,83151.0,0,1,1894.0,4.46695250517249,6.876264611890766,4.406719247264253,6.322565239927284,4.799914262780603,3.7612001156935624,4.848116364598481,22,1.791759469228055,2.0794415416798357,10,1.3862943611198906,0.6931471805599453,7,2,80,1.38,0.04445176257083384,0.6931471805599453
54,52531.0,0,1,763.0,3.7174157613788705,5.648974238161206,4.406719247264253,5.0238805208462765,3.9512437185814275,4.290459441148391,4.836281906951478,19,2.0794415416798357,1.0986122886681098,10,0.0,0.0,13,6,68,1.49,0.10008345855698253,1.0986122886681098
69,15759.0,0,1,17.0,1.8971199848858813,0.6931471805599453,1.0986122886681098,1.791759469228055,1.9459101490553132,0.0,1.3862943611198906,3,0.6931471805599453,0.0,2,0.0,0.0,8,7,12,0.81,0.2876820724517809,0.6931471805599453
54,22804.0,1,2,26.0,2.0149030205422647,2.70805020110221,0.6931471805599453,2.0794415416798357,1.0986122886681098,0.6931471805599453,0.6931471805599453,4,1.0986122886681098,0.0,2,0.0,0.0,11,9,75,0.91,0.22314355131420976,0.6931471805599453
52,43050.0,1,2,76.0,2.614959778036198,3.4339872044851463,1.791759469228055,3.2188758248682006,1.9459101490553132,1.3862943611198906,2.1972245773362196,6,1.0986122886681098,0.0,4,0.0,0.0,7,5,10,0.28,0.2876820724517809,1.0986122886681098
48,42997.0,2,3,15.0,1.791759469228055,1.6094379124341003,0.0,1.791759469228055,0.0,0.6931471805599453,1.791759469228055,3,0.6931471805599453,0.0,2,0.0,0.0,8,7,91,0.56,0.2876820724517809,0.6931471805599453
62,48918.0,2,3,62.0,2.5952547069568657,3.970291913552122,0.0,2.302585092994046,0.0,0.0,0.6931471805599453,5,0.6931471805599453,0.0,4,0.0,0.0,5,4,21,0.21,0.33647223662121295,1.0986122886681098
71,60033.0,1,2,198.0,3.248434627109745,4.143134726391533,0.6931471805599453,4.060443010546419,2.995732273553991,2.4849066497880004,3.8918202981106265,8,1.0986122886681098,0.6931471805599453,5,0.0,0.0,4,2,28,0.25,0.22314355131420976,1.0986122886681098
47,34043.0,1,2,49.0,2.583997552432231,3.044522437723423,1.0986122886681098,2.70805020110221,1.3862943611198906,0.0,2.3978952727983707,4,1.0986122886681098,0.0,2,0.0,0.0,11,9,97,0.68,0.22314355131420976,0.6931471805599453
59,57811.0,1,2,802.0,3.716008121502189,6.302618975744905,2.0794415416798357,4.74493212836325,3.6375861597263857,3.091042453358316,4.3694478524670215,20,2.0794415416798357,1.0986122886681098,11,0.6931471805599453,0.0,12,5,49,1.01,0.22314355131420976,1.791759469228055
79,78569.0,0,1,1489.5,4.676493672813325,6.326149473155099,4.382026634673881,6.322565239927284,4.799914262780603,4.406719247264253,4.564348191467836,14,1.6094379124341003,1.9459101490553132,4,0.6931471805599453,0.6931471805599453,5,1,14,0.36,0.06899287148695145,0.6931471805599453
47,7500.0,2,3,57.0,2.3513752571634776,1.9459101490553132,1.791759469228055,1.6094379124341003,2.6390573296152584,1.6094379124341003,3.258096538021482,6,1.0986122886681098,0.6931471805599453,3,0.0,0.0,8,6,5,1.5,0.5108256237659907,1.6094379124341003
54,117418.0,1,2,59.0,3.417726683613366,3.6888794541139363,0.6931471805599453,2.302585092994046,1.0986122886681098,0.0,2.1972245773362196,2,0.6931471805599453,0.0,1,0.0,0.0,2,1,37,1.07,0.0,0.0
72,94384.0,0,1,1983.0,4.711030576687569,7.013915474810528,3.2188758248682006,6.322565239927284,4.799914262780603,3.828641396489095,4.848116364598481,18,1.791759469228055,2.1972245773362196,5,1.3862943611198906,0.6931471805599453,7,2,62,1.32,0.0,0.0
40,23148.0,0,1,37.0,2.128231705849268,1.6094379124341003,1.9459101490553132,2.1972245773362196,1.9459101490553132,1.3862943611198906,2.3978952727983707,5,1.0986122886681098,0.0,3,0.0,0.0,9,7,83,0.36,0.18232155679395465,0.6931471805599453
55,44267.0,2,3,310.0,3.3735458503316456,5.214935757608986,1.791759469228055,4.189654742026425,1.3862943611198906,1.791759469228055,3.912023005428146,11,1.791759469228055,1.0986122886681098,4,0.0,0.0,14,9,48,1.34,0.37469344944141064,1.791759469228055
46,71626.0,0,1,1241.0,4.247701276148183,6.304448802421981,4.290459441148391,5.932245187448011,4.553876891600541,4.406719247264253,4.290459441148391,18,1.791759469228055,1.791759469228055,8,0.6931471805599453,0.0,8,3,94,1.66,0.054067221270275766,0.6931471805599453
59,60894.0,1,2,832.0,3.7042371097682563,6.408528791059498,2.0794415416798357,5.049856007249537,2.3978952727983707,0.0,4.007333185232471,21,2.3978952727983707,1.3862943611198906,8,0.0,0.0,17,7,61,1.0,0.21357410029805904,1.791759469228055
49,50200.0,2,3,401.0,3.4609166163637775,5.58724865840025,1.9459101490553132,3.9512437185814275,2.1972245773362196,1.9459101490553132,4.174387269895637,13,2.0794415416798357,0.6931471805599453,5,0.0,0.0,15,8,70,1.24,0.37948962170490375,1.9459101490553132
60,81051.0,0,1,1501.0,4.237394899536846,7.04141166379481,3.4011973816621555,5.521460917862246,3.6635616461296463,3.4011973816621555,2.70805020110221,22,1.791759469228055,1.791759469228055,12,1.0986122886681098,0.0,7,2,43,0.1,0.04445176257083384,0.6931471805599453
43,65169.0,0,1,1189.0,3.807485196521783,6.980075940561763,0.0,4.248495242049359,0.0,0.0,3.8501476017100584,27,2.3978952727983707,1.6094379124341003,13,1.6094379124341003,0.6931471805599453,16,6,23,0.45,0.03636764417087485,0.6931471805599453
53,59868.0,1,2,1166.5,3.8640924716705958,6.648984550024776,3.9512437185814275,5.043425116919247,4.007333185232471,2.3978952727983707,4.848116364598481,25,2.4849066497880004,1.0986122886681098,12,0.0,0.0,17,6,37,0.94,0.2468600779315258,2.0794415416798357
65,65695.0,1,2,656.0,3.5702737117060894,5.918893854273146,3.4965075614664802,5.247024072160486,0.0,4.07753744390572,1.9459101490553132,19,1.791759469228055,1.6094379124341003,10,0.0,0.0,9,4,50,0.41,0.10008345855698253,1.0986122886681098
69,64857.0,0,1,1289.5,4.087884345948613,6.322565239927284,2.70805020110221,6.322565239927284,4.799914262780603,0.0,3.784189633918261,22,2.0794415416798357,1.791759469228055,10,0.0,0.0,11,4,78,1.6,0.04445176257083384,0.6931471805599453
60,45143.0,1,2,311.0,3.292745673434656,5.313205979041787,1.791759469228055,4.31748811353631,2.4849066497880004,1.791759469228055,2.70805020110221,12,1.9459101490553132,0.6931471805599453,5,0.0,0.0,13,7,74,0.84,0.22314355131420976,1.3862943611198906
70,74805.0,1,2,658.0,3.476098689835273,5.3471075307174685,4.406719247264253,5.3471075307174685,3.7376696182833684,4.406719247264253,3.6375861597263857,21,1.6094379124341003,2.0794415416798357,10,0.0,0.0,6,2,14,0.64,0.21357410029805904,1.791759469228055
36,59060.0,1,2,274.0,3.25459390747028,3.58351893845611,3.713572066704308,4.718498871295094,3.6109179126442243,3.713572066704308,2.5649493574615367,11,1.3862943611198906,0.6931471805599453,7,0.0,0.0,7,4,77,0.46,0.24116205681688804,1.3862943611198906
63,27238.0,2,3,57.0,2.3513752571634776,3.6375861597263857,0.0,2.8903717578961645,0.0,0.0,1.3862943611198906,6,1.3862943611198906,0.0,3,0.0,0.0,12,9,39,1.19,0.4054651081081644,1.3862943611198906
60,47009.0,1,2,448.0,3.568448685535112,5.147494476813453,3.828641396489095,4.30406509320417,4.0943445622221,2.3978952727983707,4.51085950651685,13,1.3862943611198906,1.0986122886681098,8,0.0,0.0,7,4,89,0.74,0.26826398659467937,1.6094379124341003
52,46094.0,2,3,44.0,2.4849066497880004,2.5649493574615367,1.0986122886681098,3.044522437723423,1.3862943611198906,1.0986122886681098,1.791759469228055,4,0.6931471805599453,0.0,3,0.0,0.0,8,7,62,0.05,0.22314355131420976,0.6931471805599453
53,40321.0,2,3,102.0,2.8903717578961645,3.8066624897703196,1.6094379124341003,3.091042453358316,1.9459101490553132,0.0,3.332204510175204,6,1.3862943611198906,0.0,3,0.0,0.0,10,7,59,0.92,0.2876820724517809,1.0986122886681098
41,37235.0,1,2,61.0,2.7880929087757464,3.044522437723423,1.0986122886681098,2.302585092994046,1.6094379124341003,1.9459101490553132,3.044522437723423,4,0.6931471805599453,0.6931471805599453,2,0.0,0.0,5,4,68,0.41,0.22314355131420976,0.6931471805599453
65,81843.0,0,1,1626.5,4.151948033704359,6.659293919683638,4.406719247264253,6.2878585601617845,3.5553480614894135,4.248495242049359,4.848116364598481,26,1.791759469228055,2.302585092994046,12,0.0,0.0,8,3,13,1.19,0.03774032798284703,0.6931471805599453
67,46692.0,1,2,397.0,3.5288085062548014,5.14166355650266,1.9459101490553132,4.584967478670572,3.2188758248682006,2.5649493574615367,4.48863636973214,12,1.9459101490553132,0.6931471805599453,5,0.0,0.0,12,6,37,1.06,0.22314355131420976,1.3862943611198906
57,77382.0,1,2,1089.5,3.8372096563494766,6.198478716492308,3.8918202981106265,5.44673737166631,4.727387818712341,4.406719247264253,4.848116364598481,24,1.791759469228055,2.0794415416798357,12,0.6931471805599453,0.0,6,1,36,0.47,0.08004270767353643,1.0986122886681098
48,37774.0,2,3,423.5,3.591588146504557,5.159055299214529,2.1972245773362196,4.68213122712422,2.0794415416798357,1.0986122886681098,4.848116364598481,12,2.0794415416798357,1.0986122886681098,3,0.6931471805599453,0.6931471805599453,16,9,28,1.82,0.2876820724517809,1.6094379124341003
51,18393.0,1,2,50.0,2.2335922215070942,2.0794415416798357,2.3978952727983707,2.6390573296152584,2.833213344056216,0.0,1.6094379124341003,6,1.3862943611198906,0.0,3,0.0,0.0,11,8,2,0.25,0.2876820724517809,1.0986122886681098
63,72828.0,1,2,1599.5,4.300064472389057,7.095064377287131,0.0,5.4638318050256105,2.995732273553991,2.70805020110221,4.848116364598481,22,1.9459101490553132,1.3862943611198906,13,0.0,0.0,13,7,17,1.37,0.24116205681688804,1.9459101490553132
43,24711.0,0,1,58.0,2.367123614131617,2.3978952727983707,2.0794415416798357,3.258096538021482,1.9459101490553132,1.3862943611198906,2.0794415416798357,6,1.3862943611198906,0.0,3,0.0,0.0,10,7,86,0.2,0.15415067982725827,0.6931471805599453
50,45503.0,1,2,170.0,3.1023420086122493,4.584967478670572,1.6094379124341003,3.8066624897703196,1.9459101490553132,0.6931471805599453,2.9444389791664403,8,1.3862943611198906,0.6931471805599453,4,0.0,0.0,8,5,54,0.76,0.11778303565638346,0.6931471805599453
43,6560.0,0,1,237.5,4.785406236291025,4.219507705176107,2.4849066497880004,3.295836866004329,1.6094379124341003,1.3862943611198906,4.848116364598481,2,0.6931471805599453,0.0,1,0.0,0.0,18,17,2,0.54,0.0,0.0
80,71604.0,0,1,1196.0,4.327438444389479,5.846438775057725,3.9889840465642745,6.270988431858299,4.59511985013459,4.330733340286331,4.584967478670572,16,2.1972245773362196,1.3862943611198906,5,0.6931471805599453,0.6931471805599453,12,4,3,0.61,0.06062462181643484,0.6931471805599453
46,27244.0,1,2,101.0,2.8810693652338513,1.9459101490553132,1.791759469228055,2.8903717578961645,1.3862943611198906,3.2188758248682006,3.8501476017100584,6,1.0986122886681098,1.0986122886681098,2,0.0,0.0,9,7,84,0.31,0.2876820724517809,1.0986122886681098
56,48752.0,2,3,316.0,3.3081069585961433,4.30406509320417,4.060443010546419,4.61512051684126,4.276666119016055,2.772588722239781,0.0,12,1.9459101490553132,0.6931471805599453,5,0.0,0.6931471805599453,15,9,8,1.54,0.34830669426821576,1.791759469228055
63,71434.0,1,2,1292.0,4.287410658299033,6.568077911411976,3.6109179126442243,5.384495062789089,4.799914262780603,4.406719247264253,4.848116364598481,18,2.0794415416798357,1.6094379124341003,7,1.0986122886681098,0.0,11,4,4,0.78,0.15415067982725827,1.3862943611198906
77,90842.0,0,1,1256.5,3.898470039023443,6.652863029353347,4.2626798770413155,4.77912349311153,4.799914262780603,4.406719247264253,4.543294782270004,26,1.6094379124341003,2.302585092994046,13,0.0,0.0,5,1,57,0.92,0.03774032798284703,0.6931471805599453
47,88097.0,1,2,799.0,3.762423357436307,5.099866427824199,0.0,6.175867270105761,0.0,4.406719247264253,4.330733340286331,19,1.9459101490553132,1.791759469228055,8,1.3862943611198906,0.6931471805599453,15,9,24,1.86,0.051293294387550536,0.6931471805599453
50,51948.0,1,2,311.0,3.376656272746038,4.418840607796598,3.5263605246161616,4.007333185232471,4.276666119016055,3.4339872044851463,3.7376696182833684,11,1.791759469228055,1.0986122886681098,4,0.0,0.0,10,5,51,0.78,0.16705408466316618,1.0986122886681098
43,71853.0,0,1,1085.5,4.231839444002617,5.883322388488279,4.406719247264253,6.025865973825314,4.799914262780603,4.406719247264253,3.4965075614664802,16,1.0986122886681098,2.1972245773362196,6,0.0,0.0,3,1,29,1.14,0.06062462181643484,0.6931471805599453
42,35876.0,0,1,129.0,2.9667447366807385,4.204692619390966,1.0986122886681098,3.713572066704308,1.6094379124341003,1.3862943611198906,2.70805020110221,7,1.3862943611198906,0.6931471805599453,3,0.0,0.0,9,6,13,0.19,0.13353139262452263,0.6931471805599453
73,40049.0,1,2,32.0,2.1972245773362196,2.6390573296152584,1.9459101490553132,2.0794415416798357,0.0,1.3862943611198906,1.3862943611198906,4,0.6931471805599453,0.0,3,0.0,0.0,7,6,23,0.7,0.22314355131420976,0.6931471805599453
43,39660.0,1,2,299.0,3.3386770246808215,4.941642422609304,2.6390573296152584,4.3694478524670215,3.044522437723423,2.6390573296152584,3.6109179126442243,11,2.0794415416798357,0.6931471805599453,3,0.0,0.6931471805599453,16,9,36,1.89,0.24116205681688804,1.3862943611198906
63,50127.0,1,2,320.0,3.3202283191284883,5.616771097666572,0.0,3.091042453358316,1.6094379124341003,1.9459101490553132,2.772588722239781,12,1.791759469228055,0.6931471805599453,6,0.6931471805599453,0.0,11,6,88,0.08,0.08004270767353643,0.6931471805599453
48,43263.0,1,2,441.0,3.553147840579811,5.572154032177765,1.9459101490553132,4.127134385045092,0.0,2.3978952727983707,4.634728988229636,13,1.791759469228055,1.0986122886681098,6,0.0,0.0,10,5,2,1.6,0.2076393647782445,1.3862943611198906
76,62845.0,2,3,1178.0,4.252688120309395,7.003065458786462,0.0,3.828641396489095,0.0,0.0,3.5553480614894135,17,1.3862943611198906,1.6094379124341003,10,0.6931471805599453,0.6931471805599453,11,8,3,1.74,0.49899116611898786,2.4849066497880004
35,18929.0,0,1,85.0,2.8903717578961645,3.4965075614664802,0.0,2.1972245773362196,3.1780538303479458,1.6094379124341003,2.9444389791664403,5,0.6931471805599453,0.0,4,0.0,0.0,7,6,15,1.36,0.18232155679395465,0.6931471805599453
43,24367.0,1,2,24.0,2.1972245773362196,1.0986122886681098,1.6094379124341003,1.0986122886681098,0.0,2.4849066497880004,1.791759469228055,3,0.6931471805599453,0.0,2,0.0,0.0,10,9,58,1.28,0.2876820724517809,0.6931471805599453
50,33249.0,1,2,112.0,2.9789251552376097,1.9459101490553132,2.3978952727983707,3.091042453358316,2.995732273553991,2.70805020110221,3.7612001156935624,6,1.0986122886681098,0.6931471805599453,3,0.0,0.0,8,6,11,1.35,0.2876820724517809,1.0986122886681098
66,26887.0,1,2,30.0,2.1400661634962708,1.9459101490553132,2.0794415416798357,1.6094379124341003,1.3862943611198906,1.6094379124341003,1.9459101490553132,4,0.6931471805599453,0.0,3,0.0,0.0,7,6,27,1.38,0.22314355131420976,0.6931471805599453
42,50150.0,0,1,410.0,3.4106761256166993,4.912654885736052,3.8501476017100584,4.532599493153256,4.189654742026425,4.127134385045092,2.4849066497880004,14,1.791759469228055,1.0986122886681098,7,0.0,0.0,10,5,32,1.02,0.13353139262452263,1.0986122886681098
49,62061.0,1,2,800.0,3.6660006717290052,6.464588303689961,2.0794415416798357,4.442651256490317,0.0,3.4339872044851463,3.6635616461296463,21,2.3978952727983707,1.6094379124341003,7,0.6931471805599453,0.0,16,6,12,0.83,0.13353139262452263,1.3862943611198906
63,85696.0,0,1,1313.0,4.2499978719338944,6.5722825426940075,4.343805421853684,5.981414211254481,4.762173934797756,0.0,2.5649493574615367,19,1.6094379124341003,1.9459101490553132,9,0.0,0.6931471805599453,5,1,88,1.16,0.051293294387550536,0.6931471805599453
69,76542.0,0,1,1466.0,4.214145762034722,6.678342114654332,4.30406509320417,6.322565239927284,0.0,3.4011973816621555,2.70805020110221,22,1.6094379124341003,2.1972245773362196,10,0.0,0.0,6,2,91,1.25,0.04445176257083384,0.6931471805599453
32,70515.0,0,1,1183.0,4.316654432787733,6.042632833682381,0.0,6.115892125483034,4.799914262780603,4.174387269895637,4.848116364598481,16,1.9459101490553132,1.9459101490553132,4,0.0,0.6931471805599453,8,2,12,0.69,0.06062462181643484,0.6931471805599453
38,18227.0,1,2,28.0,2.3353749158170367,0.6931471805599453,1.0986122886681098,2.0794415416798357,1.6094379124341003,1.3862943611198906,2.4849066497880004,3,0.0,0.6931471805599453,2,0.0,0.0,8,8,21,1.64,0.2876820724517809,0.6931471805599453
60,69139.0,1,2,227.0,3.1654750481410856,4.465908118654584,2.5649493574615367,4.330733340286331,3.5263605246161616,2.772588722239781,1.9459101490553132,10,1.6094379124341003,0.6931471805599453,5,0.0,0.0,8,4,23,0.42,0.09531017980432487,0.6931471805599453
43,69109.0,0,1,1551.5,4.4147103398122605,6.714170529909472,3.258096538021482,6.131226489483141,4.799914262780603,3.4011973816621555,4.564348191467836,19,1.9459101490553132,1.9459101490553132,7,0.6931471805599453,0.6931471805599453,10,4,10,1.63,0.051293294387550536,0.6931471805599453
63,69627.0,1,2,730.5,3.577548771469606,5.44673737166631,4.406719247264253,5.375278407684165,4.799914262780603,3.4339872044851463,3.9889840465642745,21,2.1972245773362196,1.0986122886681098,11,0.0,0.0,13,5,35,1.28,0.09097177820572669,1.0986122886681098
47,38136.0,1,2,103.0,2.899588413001089,2.1972245773362196,2.772588722239781,3.332204510175204,0.0,3.044522437723423,3.5263605246161616,6,1.3862943611198906,0.6931471805599453,2,0.6931471805599453,0.0,11,8,69,1.19,0.2876820724517809,1.0986122886681098
79,62159.0,0,1,634.0,3.589672804030488,5.209486152841421,2.8903717578961645,5.560681631015528,4.356708826689592,4.2626798770413155,3.4011973816621555,18,1.9459101490553132,1.0986122886681098,10,0.0,0.0,10,4,68,0.17,0.054067221270275766,0.6931471805599453
62,80695.0,0,1,1369.5,4.344887087724425,6.324358962381311,4.406719247264253,6.322565239927284,4.799914262780603,3.6375861597263857,2.9444389791664403,18,1.791759469228055,2.1972245773362196,5,0.0,0.0,7,2,85,0.5,0.054067221270275766,0.6931471805599453
54,33316.0,2,3,131.0,2.9813435361018916,4.382026634673881,0.6931471805599453,3.4657359027997265,1.6094379124341003,1.6094379124341003,2.5649493574615367,7,1.0986122886681098,0.6931471805599453,4,0.0,0.0,8,6,34,0.73,0.35667494393873234,1.3862943611198906
57,58554.0,2,3,586.0,3.6276687230690396,5.910796644040527,3.2188758248682006,4.23410650459726,3.6635616461296463,0.0,4.48863636973214,16,2.1972245773362196,1.0986122886681098,6,0.0,0.0,15,7,55,1.75,0.3184537311185346,1.9459101490553132
33,17256.0,1,2,62.0,2.5952547069568657,1.9459101490553132,1.6094379124341003,2.70805020110221,2.1972245773362196,2.1972245773362196,3.1354942159291497,5,1.0986122886681098,0.6931471805599453,2,0.6931471805599453,0.0,10,8,10,0.6,0.33647223662121295,1.0986122886681098
51,53034.0,2,3,447.0,3.49434071338139,5.081404364984463,2.772588722239781,5.2832037287379885,2.772588722239781,2.4849066497880004,3.9318256327243257,14,1.9459101490553132,0.6931471805599453,7,0.0,0.0,14,8,30,1.08,0.4519851237430572,2.1972245773362196
75,52203.0,0,1,912.0,3.585653410984743,6.192362489474872,3.091042453358316,5.476463551931511,4.04305126783455,4.406719247264253,3.367295829986474,26,2.1972245773362196,2.0794415416798357,11,0.0,0.0,14,6,36,1.91,0.03774032798284703,0.6931471805599453
48,59601.0,1,2,797.0,4.296666785722725,6.539585955617669,2.0794415416798357,4.248495242049359,0.0,2.0794415416798357,3.1780538303479458,11,1.0986122886681098,1.0986122886681098,7,0.6931471805599453,0.0,10,8,14,0.93,0.31015492830383956,1.6094379124341003
67,75154.0,1,2,1041.5,4.254666635953901,6.298949246855942,2.3978952727983707,5.327876168789581,4.799914262780603,4.406719247264253,4.418840607796598,15,1.9459101490553132,1.3862943611198906,6,0.0,0.6931471805599453,9,3,79,1.82,0.06453852113757118,0.6931471805599453
49,47025.0,1,2,415.0,3.4223995893127586,5.541263545158426,2.0794415416798357,4.6913478822291435,3.044522437723423,0.0,3.295836866004329,14,1.9459101490553132,1.3862943611198906,5,0.0,0.0,12,6,52,0.64,0.19415601444095745,1.3862943611198906
52,37971.0,1,2,30.0,2.1400661634962708,1.791759469228055,1.6094379124341003,2.3978952727983707,1.0986122886681098,1.0986122886681098,2.0794415416798357,4,0.6931471805599453,0.0,3,0.0,0.0,9,8,97,0.59,0.22314355131420976,0.6931471805599453
57,41335.0,1,2,187.0,3.0808900818942977,4.727387818712341,2.995732273553991,3.091042453358316,2.833213344056216,2.70805020110221,1.791759469228055,9,1.6094379124341003,0.6931471805599453,4,0.0,0.0,11,7,24,0.51,0.2876820724517809,1.3862943611198906
67,67267.0,1,2,251.0,3.261935314328648,4.90527477843843,2.4849066497880004,4.0943445622221,2.772588722239781,1.0986122886681098,3.4339872044851463,10,1.3862943611198906,1.0986122886681098,5,0.0,0.0,5,2,0,0.13,0.09531017980432487,0.6931471805599453
50,57338.0,1,2,237.0,3.2068032436339315,4.969813299576001,1.9459101490553132,3.970291913552122,2.4849066497880004,2.1972245773362196,2.8903717578961645,10,1.6094379124341003,0.6931471805599453,5,0.0,0.0,9,5,96,0.17,0.18232155679395465,1.0986122886681098
65,50523.0,2,3,91.0,2.782951509275328,3.9512437185814275,1.6094379124341003,3.2188758248682006,1.6094379124341003,2.0794415416798357,0.6931471805599453,6,1.0986122886681098,0.0,4,0.0,0.0,8,6,89,0.51,0.2876820724517809,1.0986122886681098
60,35791.0,3,4,35.0,2.277267285009756,3.332204510175204,0.0,1.791759469228055,0.0,0.0,1.3862943611198906,4,0.6931471805599453,0.0,3,0.0,0.0,9,8,94,1.15,0.4054651081081644,1.0986122886681098
65,50611.0,1,2,493.0,3.4598592943107414,6.131226489483141,0.0,3.2188758248682006,1.9459101490553132,0.0,1.6094379124341003,16,1.6094379124341003,1.791759469228055,7,0.6931471805599453,0.0,10,6,98,1.73,0.3184537311185346,1.9459101490553132
56,56242.0,1,2,971.0,3.766242990727424,6.536691597591305,2.1972245773362196,5.123963979403259,2.4849066497880004,2.1972245773362196,4.48863636973214,23,2.1972245773362196,1.6094379124341003,11,0.0,0.0,14,6,72,1.32,0.19671029424605424,1.791759469228055
65,48904.0,1,2,371.0,3.38569319512619,5.648974238161206,2.3978952727983707,3.6635616461296463,0.0,2.6390573296152584,3.332204510175204,13,2.0794415416798357,1.0986122886681098,4,0.0,0.0,15,8,1,1.57,0.26826398659467937,1.6094379124341003
50,56243.0,3,4,396.0,3.377099830083095,5.8522024797744745,0.0,3.58351893845611,1.6094379124341003,1.3862943611198906,2.0794415416798357,14,1.6094379124341003,1.0986122886681098,8,0.0,0.0,9,5,26,0.5,0.35667494393873234,1.9459101490553132
40,21355.0,1,2,68.0,2.681021528714291,1.791759469228055,2.6390573296152584,2.70805020110221,0.0,1.791759469228055,3.4657359027997265,5,1.0986122886681098,0.6931471805599453,2,0.6931471805599453,0.6931471805599453,8,6,5,0.86,0.33647223662121295,1.0986122886681098
54,57420.0,1,2,322.0,3.3262343431887,5.638354669333745,0.0,2.9444389791664403,0.0,0.0,3.2188758248682006,12,1.791759469228055,0.6931471805599453,6,0.6931471805599453,0.0,12,7,22,1.01,0.22314355131420976,1.3862943611198906
55,51381.5,1,2,317.0,3.3111511009773715,5.236441962829949,1.791759469228055,4.189654742026425,3.295836866004329,3.044522437723423,2.70805020110221,12,1.6094379124341003,1.0986122886681098,6,0.0,0.0,9,5,39,1.24,0.15415067982725827,1.0986122886681098
70,46390.0,1,2,222.0,3.245193133185574,4.564348191467836,2.70805020110221,4.174387269895637,1.0986122886681098,2.302585092994046,3.6635616461296463,9,1.6094379124341003,1.0986122886681098,3,0.0,0.0,11,7,56,0.15,0.1053605156578263,0.6931471805599453
69,54342.0,2,3,177.0,3.140914283398489,4.442651256490317,2.3978952727983707,3.5553480614894135,2.4849066497880004,2.3978952727983707,3.367295829986474,8,1.3862943611198906,0.6931471805599453,4,0.0,0.0,9,6,74,0.99,0.4054651081081644,1.6094379124341003
67,51381.5,2,3,45.0,2.505525936990736,2.995732273553991,1.6094379124341003,2.5649493574615367,1.0986122886681098,1.0986122886681098,1.9459101490553132,4,0.6931471805599453,0.0,3,0.0,0.0,6,5,87,1.82,0.22314355131420976,0.6931471805599453
61,51381.5,2,3,21.0,2.0794415416798357,1.791759469228055,0.6931471805599453,2.302585092994046,1.0986122886681098,0.0,1.6094379124341003,3,0.6931471805599453,0.0,2,0.0,0.0,8,7,49,0.46,0.2876820724517809,0.6931471805599453
52,20895.0,1,2,45.0,2.302585092994046,2.9444389791664403,1.3862943611198906,2.8903717578961645,1.3862943611198906,0.0,1.6094379124341003,5,1.0986122886681098,0.0,3,0.0,0.0,11,9,24,1.73,0.18232155679395465,0.6931471805599453
77,92344.0,0,1,1761.0,4.489198009735671,6.900730664045173,3.2188758248682006,6.322565239927284,3.9512437185814275,2.995732273553991,4.787491742782046,20,1.791759469228055,2.3978952727983707,5,1.0986122886681098,0.0,6,1,9,0.45,0.0,0.0
53,51381.5,1,2,42.0,2.4423470353692043,3.258096538021482,0.6931471805599453,2.6390573296152584,0.0,0.0,1.3862943611198906,4,0.6931471805599453,0.0,3,0.0,0.0,8,7,17,0.33,0.22314355131420976,0.6931471805599453
49,26907.0,2,3,22.0,1.8718021769015913,2.302585092994046,0.6931471805599453,2.0794415416798357,0.0,1.3862943611198906,1.0986122886681098,4,0.6931471805599453,0.0,3,0.0,0.0,8,7,10,0.86,0.4054651081081644,1.0986122886681098
45,44964.0,2,3,41.0,2.4203681286504293,2.995732273553991,0.6931471805599453,2.8903717578961645,1.0986122886681098,0.0,1.0986122886681098,4,0.6931471805599453,0.0,3,0.0,0.0,9,8,35,1.53,0.22314355131420976,0.6931471805599453
46,75507.0,0,1,1428.0,4.282206299391671,6.565264970035361,4.406719247264253,5.926926025970411,4.653960350157523,4.394449154672439,4.394449154672439,20,2.1972245773362196,1.9459101490553132,6,0.0,0.0,11,3,56,0.16,0.048790164169432,0.6931471805599453
53,53761.0,2,3,325.0,3.419215887164834,5.0689042022202315,0.0,4.343805421853684,2.6390573296152584,2.0794415416798357,4.276666119016055,11,1.6094379124341003,1.6094379124341003,3,0.0,0.0,9,5,7,0.71,0.4353180712578455,1.9459101490553132
52,22682.0,1,2,95.0,2.6790626642289577,2.3978952727983707,2.70805020110221,3.4011973816621555,1.6094379124341003,1.0986122886681098,3.6109179126442243,7,1.0986122886681098,0.6931471805599453,4,0.0,0.0,6,4,51,0.74,0.35667494393873234,1.3862943611198906
53,38887.0,1,2,42.0,2.4423470353692043,3.258096538021482,0.6931471805599453,2.6390573296152584,0.0,0.0,1.3862943611198906,4,0.6931471805599453,0.0,3,0.0,0.0,8,7,17,0.33,0.22314355131420976,0.6931471805599453
50,41658.0,2,3,72.0,2.9444389791664403,2.1972245773362196,1.6094379124341003,2.5649493574615367,2.772588722239781,1.6094379124341003,3.4011973816621555,4,0.6931471805599453,0.6931471805599453,2,0.0,0.0,5,4,30,1.63,0.4054651081081644,1.0986122886681098
53,29791.0,1,2,20.0,1.6094379124341003,2.70805020110221,0.0,1.9459101490553132,0.0,0.0,0.0,5,1.0986122886681098,0.0,3,0.0,0.0,7,5,21,0.12,0.33647223662121295,1.0986122886681098
69,63915.0,2,3,789.0,3.6525118099430616,6.434546518787453,2.0794415416798357,4.7535901911063645,3.4339872044851463,0.0,2.772588722239781,21,1.9459101490553132,1.3862943611198906,12,0.0,0.0,11,5,2,0.91,0.09097177820572669,1.0986122886681098
51,39996.0,2,3,15.0,1.791759469228055,2.4849066497880004,0.0,1.3862943611198906,0.0,0.0,0.6931471805599453,3,0.6931471805599453,0.0,2,0.0,0.0,7,6,85,0.1,0.2876820724517809,0.6931471805599453
53,26759.0,1,2,59.0,2.3826278006675823,3.258096538021482,1.3862943611198906,2.833213344056216,2.1972245773362196,1.791759469228055,1.0986122886681098,6,1.0986122886681098,0.6931471805599453,3,0.0,0.0,8,6,65,0.39,0.2876820724517809,1.0986122886681098
57,63841.0,1,2,903.5,3.7847306131037564,6.455198563340122,2.772588722239781,4.61512051684126,3.044522437723423,2.0794415416798357,4.848116364598481,21,2.302585092994046,1.3862943611198906,9,0.0,0.0,15,6,64,1.19,0.04652001563489285,0.6931471805599453
56,51039.0,2,3,417.0,3.5765502691400166,4.61512051684126,4.174387269895637,4.382026634673881,4.189654742026425,0.0,4.700480365792417,12,1.9459101490553132,1.0986122886681098,4,0.0,0.0,13,7,11,1.55,0.15415067982725827,1.0986122886681098
64,60544.0,2,3,289.0,3.3058872018578307,5.308267697401205,1.0986122886681098,3.784189633918261,1.3862943611198906,1.791759469228055,3.58351893845611,11,1.791759469228055,0.6931471805599453,5,0.0,0.0,11,6,92,1.84,0.31015492830383956,1.6094379124341003
53,65685.0,1,2,769.0,3.6750340472918834,6.466144724237619,2.70805020110221,3.912023005428146,0.0,2.0794415416798357,4.060443010546419,20,2.302585092994046,1.0986122886681098,9,0.0,0.0,14,5,54,0.25,0.048790164169432,0.6931471805599453
72,37716.0,1,2,188.0,3.1986731175506815,4.584967478670572,0.6931471805599453,3.7376696182833684,1.9459101490553132,1.0986122886681098,3.7376696182833684,8,1.6094379124341003,0.6931471805599453,3,0.0,0.0,11,7,4,0.19,0.22314355131420976,1.0986122886681098
68,36864.0,1,2,354.0,3.502002080784121,5.3230099791384085,1.791759469228055,3.6888794541139363,2.8903717578961645,0.0,4.499809670330265,11,1.791759469228055,1.0986122886681098,4,0.0,0.6931471805599453,13,8,53,1.88,0.24116205681688804,1.3862943611198906
55,44511.0,1,2,727.0,3.6203329115788265,6.2422232654551655,2.0794415416798357,4.897839799950911,3.8501476017100584,2.70805020110221,2.70805020110221,20,2.1972245773362196,1.6094379124341003,8,0.0,0.0,16,8,39,1.71,0.262364264467491,1.9459101490553132
58,36947.0,2,3,146.0,3.0845277723371223,4.48863636973214,1.3862943611198906,3.091042453358316,1.6094379124341003,0.6931471805599453,3.4011973816621555,7,1.3862943611198906,0.0,4,0.0,0.0,12,9,49,1.89,0.4519851237430572,1.6094379124341003
74,47352.0,1,2,319.0,3.3172117255890625,5.153291594497779,2.5649493574615367,4.727387818712341,2.1972245773362196,0.0,2.772588722239781,12,1.9459101490553132,0.6931471805599453,5,0.0,0.0,13,7,70,1.22,0.2876820724517809,1.6094379124341003
72,67087.0,1,2,784.5,3.694488692878447,5.799092654460526,3.58351893845611,5.407171771460119,4.799914262780603,3.58351893845611,3.784189633918261,20,2.0794415416798357,1.791759469228055,8,0.0,0.0,11,4,40,0.53,0.09531017980432487,1.0986122886681098
75,57045.0,1,2,454.0,3.442552567344069,5.6937321388027,2.6390573296152584,4.653960350157523,2.4849066497880004,2.6390573296152584,2.8903717578961645,15,1.6094379124341003,1.0986122886681098,9,0.0,0.0,7,3,40,1.8,0.18232155679395465,1.3862943611198906
72,36957.0,2,3,152.0,3.122994053164918,4.61512051684126,1.0986122886681098,2.833213344056216,1.0986122886681098,0.6931471805599453,3.4657359027997265,7,1.3862943611198906,1.0986122886681098,2,0.0,0.6931471805599453,12,9,43,1.81,0.4519851237430572,1.6094379124341003
48,69389.0,1,2,797.0,3.662339898879324,6.0473721790462776,2.0794415416798357,5.476463551931511,4.248495242049359,3.8501476017100584,2.772588722239781,21,2.0794415416798357,1.0986122886681098,12,0.0,0.0,11,4,17,1.75,0.04652001563489285,0.6931471805599453
53,80134.0,1,2,1690.0,4.801676377774003,7.105786129481271,2.833213344056216,5.60947179518496,4.653960350157523,0.0,4.394449154672439,14,1.791759469228055,1.3862943611198906,6,1.3862943611198906,0.6931471805599453,11,6,40,1.11,0.13353139262452263,1.0986122886681098
56,43142.0,2,3,20.0,2.03688192726104,1.791759469228055,0.6931471805599453,2.0794415416798357,1.0986122886681098,0.6931471805599453,1.6094379124341003,3,0.6931471805599453,0.0,2,0.0,0.0,8,7,84,0.36,0.2876820724517809,0.6931471805599453
81,80589.0,0,1,1294.5,4.185479370615945,6.230481447578482,4.406719247264253,6.255750041753367,4.799914262780603,3.713572066704308,3.295836866004329,20,1.791759469228055,2.3978952727983707,5,0.6931471805599453,0.6931471805599453,6,1,25,0.43,0.048790164169432,0.6931471805599453
35,34412.0,1,2,209.0,3.3004558118606235,3.970291913552122,2.5649493574615367,3.9318256327243257,1.6094379124341003,3.6109179126442243,4.02535169073515,8,1.791759469228055,0.0,3,0.0,0.0,14,9,62,1.37,0.3184537311185346,1.3862943611198906
46,57537.0,1,2,545.0,3.619886582626985,5.2574953720277815,4.04305126783455,4.941642422609304,3.9512437185814275,2.1972245773362196,4.61512051684126,15,1.6094379124341003,1.3862943611198906,8,0.0,0.0,8,4,83,1.05,0.2363887780642304,1.6094379124341003
59,22634.0,0,1,96.0,3.005682604407159,1.0986122886681098,3.1780538303479458,2.4849066497880004,2.1972245773362196,1.9459101490553132,3.8501476017100584,5,1.0986122886681098,0.6931471805599453,2,0.0,0.0,10,8,47,1.45,0.18232155679395465,0.6931471805599453
77,51315.0,0,1,222.0,3.245193133185574,4.23410650459726,3.367295829986474,3.6888794541139363,2.833213344056216,3.4339872044851463,3.7376696182833684,9,1.0986122886681098,1.0986122886681098,5,0.0,0.0,4,2,45,0.34,0.1053605156578263,0.6931471805599453
53,36026.0,3,4,61.0,2.580216829592325,3.044522437723423,1.6094379124341003,2.3978952727983707,1.9459101490553132,1.6094379124341003,2.8903717578961645,5,1.0986122886681098,0.0,3,0.0,0.0,8,6,34,0.29,0.33647223662121295,1.0986122886681098
52,24639.0,2,3,44.0,2.120263536200091,3.044522437723423,1.3862943611198906,2.833213344056216,0.0,1.6094379124341003,0.6931471805599453,6,1.0986122886681098,0.0,4,0.0,0.0,8,6,3,0.42,0.4054651081081644,1.3862943611198906
53,34578.0,3,4,8.0,1.2992829841302609,2.0794415416798357,0.0,0.6931471805599453,0.0,0.0,0.0,3,0.6931471805599453,0.0,2,0.0,0.0,7,6,1,0.22,0.2876820724517809,0.6931471805599453
53,65704.0,0,1,606.5,3.3522935746719864,5.634789603169249,4.406719247264253,4.31748811353631,3.6635616461296463,2.1972245773362196,4.848116364598481,22,1.0986122886681098,2.3978952727983707,10,0.0,0.0,3,1,18,0.71,0.04445176257083384,0.6931471805599453
59,63810.0,1,2,1371.0,4.292620046958297,6.885509670034818,2.5649493574615367,5.537334267018537,2.833213344056216,2.5649493574615367,4.624972813284271,19,1.6094379124341003,1.3862943611198906,12,0.6931471805599453,0.0,12,8,45,1.63,0.19105523676270922,1.6094379124341003
56,54132.0,1,2,42.0,2.4423470353692043,3.4339872044851463,0.6931471805599453,2.1972245773362196,0.0,0.0,1.3862943611198906,4,0.6931471805599453,0.0,3,0.0,0.0,8,7,81,0.36,0.22314355131420976,0.6931471805599453
66,18690.0,0,1,60.0,2.772588722239781,1.9459101490553132,0.6931471805599453,2.0794415416798357,3.1780538303479458,1.6094379124341003,2.995732273553991,4,0.6931471805599453,0.6931471805599453,2,0.0,0.0,9,8,77,1.5,0.22314355131420976,0.6931471805599453
55,28164.0,1,2,78.0,2.6390573296152584,1.3862943611198906,2.9444389791664403,3.295836866004329,2.4849066497880004,2.1972245773362196,2.5649493574615367,6,1.0986122886681098,0.0,4,0.0,0.0,9,7,23,1.15,0.4054651081081644,1.3862943611198906
51,34596.0,1,2,23.0,2.1594842493533726,2.70805020110221,0.0,1.0986122886681098,0.0,0.0,2.0794415416798357,3,0.6931471805599453,0.0,2,0.0,0.0,9,8,48,1.21,0.2876820724517809,0.6931471805599453
53,43269.0,1,2,19.0,1.992430164690206,2.3978952727983707,0.6931471805599453,2.0794415416798357,0.0,0.0,0.6931471805599453,3,0.6931471805599453,0.0,2,0.0,0.0,9,8,61,0.78,0.2876820724517809,0.6931471805599453
67,38741.0,2,3,61.0,2.580216829592325,2.0794415416798357,2.3978952727983707,2.8903717578961645,2.1972245773362196,1.9459101490553132,2.6390573296152584,5,1.0986122886681098,0.0,3,0.0,0.0,9,7,60,0.25,0.33647223662121295,1.0986122886681098
53,31907.0,0,1,388.5,3.4302581759252795,3.5263605246161616,4.406719247264253,4.174387269895637,4.799914262780603,2.833213344056216,4.31748811353631,13,1.9459101490553132,0.6931471805599453,6,0.0,0.0,13,7,75,1.32,0.07410797215372189,0.6931471805599453
42,27100.0,1,2,37.0,2.327277705584417,2.5649493574615367,0.0,2.6390573296152584,1.0986122886681098,0.0,2.3978952727983707,4,0.6931471805599453,0.0,3,0.0,0.0,8,7,64,1.23,0.22314355131420976,0.6931471805599453
52,31163.0,1,2,38.0,2.3513752571634776,1.0986122886681098,1.3862943611198906,2.3978952727983707,2.4849066497880004,1.0986122886681098,2.3978952727983707,4,0.6931471805599453,0.0,3,0.0,0.0,7,6,54,0.37,0.22314355131420976,0.6931471805599453
40,92533.0,0,1,1065.0,3.9001344337628936,6.542471960506805,3.091042453358316,4.77912349311153,4.709530201312334,4.406719247264253,3.7612001156935624,22,1.9459101490553132,1.791759469228055,11,1.0986122886681098,0.0,8,2,84,0.53,0.04445176257083384,0.6931471805599453
52,34853.0,2,3,34.0,2.0541237336955462,2.302585092994046,1.3862943611198906,2.772588722239781,1.0986122886681098,1.3862943611198906,1.0986122886681098,5,1.0986122886681098,0.0,3,0.0,0.0,8,6,75,0.51,0.33647223662121295,1.0986122886681098
58,70844.0,2,3,294.0,3.2386784521643803,4.867534450455582,3.295836866004329,4.219507705176107,1.3862943611198906,4.219507705176107,1.0986122886681098,12,1.9459101490553132,0.6931471805599453,5,0.0,0.0,13,7,16,0.66,0.34830669426821576,1.791759469228055
46,31086.0,2,3,48.0,2.5649493574615367,2.833213344056216,1.0986122886681098,2.4849066497880004,1.3862943611198906,0.0,2.833213344056216,4,0.6931471805599453,0.6931471805599453,2,0.6931471805599453,0.0,9,8,79,1.15,0.4054651081081644,1.0986122886681098
64,60544.0,2,3,289.0,3.3058872018578307,5.308267697401205,1.0986122886681098,3.784189633918261,1.3862943611198906,1.791759469228055,3.58351893845611,11,1.791759469228055,0.6931471805599453,5,0.0,0.0,11,6,92,1.84,0.31015492830383956,1.6094379124341003
39,20491.0,0,1,30.0,2.3978952727983707,1.791759469228055,1.6094379124341003,1.791759469228055,1.6094379124341003,1.0986122886681098,2.3978952727983707,3,0.0,0.6931471805599453,2,0.0,0.0,7,7,16,1.42,0.2876820724517809,0.6931471805599453
61,42523.0,0,1,125.0,3.0834378539730967,2.70805020110221,3.6109179126442243,2.4849066497880004,1.3862943611198906,3.295836866004329,3.58351893845611,6,0.6931471805599453,0.6931471805599453,4,0.0,0.0,3,2,96,0.18,0.15415067982725827,0.6931471805599453
42,39922.0,1,2,156.0,3.147840051751449,3.4011973816621555,2.5649493574615367,4.0943445622221,2.995732273553991,0.6931471805599453,3.6109179126442243,7,1.3862943611198906,0.0,4,0.0,0.0,11,8,30,1.37,0.2513144282809061,1.0986122886681098
73,33402.0,2,3,70.0,2.538973871058276,3.295836866004329,1.0986122886681098,2.995732273553991,2.3978952727983707,1.791759469228055,2.1972245773362196,6,1.0986122886681098,0.6931471805599453,3,0.0,0.0,10,8,60,0.95,0.4054651081081644,1.3862943611198906
76,36408.0,2,3,22.0,2.120263536200091,2.302585092994046,0.6931471805599453,1.6094379124341003,1.3862943611198906,1.0986122886681098,1.3862943611198906,3,0.6931471805599453,0.0,2,0.0,0.0,7,6,11,0.77,0.2876820724517809,0.6931471805599453
46,21645.0,1,2,65.0,2.4709204078132605,2.70805020110221,0.0,3.1780538303479458,1.6094379124341003,1.791759469228055,2.995732273553991,6,1.3862943611198906,0.0,3,0.0,0.6931471805599453,12,9,75,1.82,0.4054651081081644,1.3862943611198906
77,78427.0,0,1,1820.0,4.5217885770490405,6.880384082186005,2.995732273553991,6.322565239927284,4.799914262780603,3.295836866004329,4.848116364598481,20,1.3862943611198906,2.0794415416798357,10,0.6931471805599453,0.6931471805599453,6,3,36,1.68,0.1397619423751587,1.3862943611198906
79,82657.0,0,1,1930.5,4.485823428355525,6.874198495453294,4.406719247264253,6.322565239927284,4.799914262780603,4.406719247264253,4.844187086458591,22,2.0794415416798357,1.791759469228055,10,1.0986122886681098,0.0,11,4,71,0.75,0.04445176257083384,0.6931471805599453
67,51876.0,0,1,310.0,3.289644895756408,4.605170185988092,3.332204510175204,4.634728988229636,3.367295829986474,3.8918202981106265,1.9459101490553132,12,1.0986122886681098,1.0986122886681098,8,0.0,0.0,3,1,88,0.7,0.08004270767353643,0.6931471805599453
54,78041.0,0,1,1240.0,4.303269864534031,6.180016653652572,3.58351893845611,6.317164686747284,4.290459441148391,4.406719247264253,2.8903717578961645,17,1.6094379124341003,1.6094379124341003,9,0.0,0.0,6,2,93,1.53,0.05715841383994861,0.6931471805599453
68,52852.0,1,2,879.0,3.712462804250022,6.5722825426940075,2.1972245773362196,4.605170185988092,2.4849066497880004,0.0,3.871201010907891,22,2.3978952727983707,2.0794415416798357,5,0.6931471805599453,0.0,18,8,93,1.57,0.16705408466316618,1.6094379124341003
43,70038.0,0,1,1240.5,4.363496634743866,6.376726947898627,4.007333185232471,5.855071922202427,4.276666119016055,4.007333185232471,4.848116364598481,16,1.6094379124341003,1.6094379124341003,8,0.0,0.0,6,2,54,0.68,0.06062462181643484,0.6931471805599453
52,69401.0,1,2,690.0,3.9904075343491283,5.991464547107982,3.332204510175204,5.075173815233827,4.07753744390572,2.1972245773362196,3.6888794541139363,13,1.6094379124341003,1.6094379124341003,5,0.0,0.0,6,2,41,0.27,0.26826398659467937,1.6094379124341003
53,46053.0,1,2,209.0,3.1872704854528697,4.04305126783455,2.3978952727983707,4.532599493153256,2.995732273553991,2.0794415416798357,3.258096538021482,9,1.3862943611198906,1.0986122886681098,4,0.0,0.0,8,5,46,1.36,0.2876820724517809,1.3862943611198906
60,77343.0,0,1,1047.0,4.196261656102167,5.429345628954441,4.406719247264253,6.322565239927284,4.59511985013459,4.007333185232471,3.4657359027997265,16,1.3862943611198906,1.6094379124341003,9,0.0,0.0,4,1,28,0.05,0.06062462181643484,0.6931471805599453
72,73892.0,0,1,1441.0,4.197201947661808,6.556778356158042,4.406719247264253,6.322565239927284,0.0,4.07753744390572,3.784189633918261,22,1.3862943611198906,2.4849066497880004,8,0.0,0.6931471805599453,4,1,40,0.62,0.04445176257083384,0.6931471805599453
58,40304.0,1,2,57.0,2.517696472610991,3.6375861597263857,0.0,2.8903717578961645,0.0,0.0,1.3862943611198906,5,1.0986122886681098,0.0,3,0.0,0.0,9,7,82,0.74,0.18232155679395465,0.6931471805599453
60,32727.0,0,1,529.0,3.5908990457537326,5.123963979403259,2.6390573296152584,5.198497031265826,4.465908118654584,2.6390573296152584,4.2626798770413155,15,2.0794415416798357,1.3862943611198906,5,0.0,0.0,15,8,38,1.83,0.12516314295400602,1.0986122886681098
56,68695.0,0,1,1091.0,4.30045498098007,6.129050210060545,4.406719247264253,5.877735781779639,4.672828834461906,3.9318256327243257,3.713572066704308,15,1.6094379124341003,1.6094379124341003,7,0.0,0.0,6,2,3,0.01,0.06453852113757118,0.6931471805599453
54,43300.0,1,2,180.0,3.1570004211501135,4.5217885770490405,1.3862943611198906,3.970291913552122,1.0986122886681098,0.6931471805599453,3.4657359027997265,8,1.6094379124341003,0.0,4,0.0,0.6931471805599453,12,8,87,1.71,0.3184537311185346,1.3862943611198906
53,26290.0,2,3,77.0,2.627081138568543,2.772588722239781,2.1972245773362196,2.833213344056216,2.4849066497880004,1.791759469228055,3.1354942159291497,6,1.0986122886681098,0.0,4,0.0,0.0,8,6,49,1.46,0.5108256237659907,1.6094379124341003
55,93790.0,0,1,2063.0,4.425086124134329,7.110696122978827,4.23410650459726,6.322565239927284,4.499809670330265,4.406719247264253,3.828641396489095,25,1.9459101490553132,2.0794415416798357,12,1.3862943611198906,0.6931471805599453,8,2,16,0.38,0.0,0.0
51,38410.0,0,1,534.0,3.5373295559867355,5.0369526024136295,4.174387269895637,4.820281565605037,4.762173934797756,4.174387269895637,2.70805020110221,16,1.791759469228055,1.0986122886681098,9,0.0,0.6931471805599453,11,6,65,1.79,0.11778303565638346,1.0986122886681098
75,64866.0,1,2,556.0,3.5176723726585233,6.2324480165505225,1.791759469228055,3.091042453358316,2.0794415416798357,1.791759469228055,2.3978952727983707,17,2.0794415416798357,1.3862943611198906,7,0.6931471805599453,0.0,12,5,9,0.42,0.2113090936672069,1.6094379124341003
66,57957.0,1,2,637.0,3.594263477739087,5.673323267171493,4.0943445622221,5.181783550292085,4.356708826689592,1.791759469228055,3.4011973816621555,18,1.6094379124341003,1.9459101490553132,8,0.0,0.0,7,3,24,0.86,0.3285040669720361,2.0794415416798357
70,46015.0,2,3,46.0,2.5257286443082556,3.6635616461296463,0.0,1.0986122886681098,0.0,0.0,1.9459101490553132,4,0.6931471805599453,0.0,3,1.0986122886681098,0.0,8,7,25,0.21,0.22314355131420976,0.6931471805599453
47,16531.0,1,2,44.0,2.120263536200091,1.0986122886681098,2.6390573296152584,1.9459101490553132,2.0794415416798357,1.791759469228055,2.4849066497880004,6,1.3862943611198906,0.0,3,0.0,0.0,10,7,43,0.03,0.4054651081081644,1.3862943611198906
39,28072.0,1,2,47.0,2.545531271604435,3.4339872044851463,0.0,2.3978952727983707,1.0986122886681098,0.0,1.791759469228055,4,0.6931471805599453,0.0,3,0.0,0.0,8,7,10,0.97,0.22314355131420976,0.6931471805599453
62,49476.0,1,2,725.5,3.720997008004045,5.958424693029782,3.1780538303479458,4.564348191467836,4.007333185232471,3.7376696182833684,4.848116364598481,18,1.0986122886681098,2.4849066497880004,5,0.0,0.0,4,2,29,1.02,0.20067069546215116,1.6094379124341003
72,50725.0,1,2,586.0,3.568703852670969,6.095824562432225,2.3978952727983707,4.330733340286331,0.0,2.3978952727983707,3.8918202981106265,17,2.1972245773362196,0.6931471805599453,8,0.0,0.0,16,8,45,1.37,0.2113090936672069,1.6094379124341003
73,83844.0,0,1,1509.5,4.3876031621644485,6.804614520062624,3.4657359027997265,5.846438775057725,4.330733340286331,3.4657359027997265,4.848116364598481,19,1.6094379124341003,1.6094379124341003,11,0.6931471805599453,0.0,5,1,57,1.13,0.051293294387550536,0.6931471805599453
75,41145.0,2,3,13.0,1.6739764335716716,2.302585092994046,0.0,1.3862943611198906,0.0,0.0,0.6931471805599453,3,0.0,0.0,3,0.0,0.0,3,3,20,0.39,0.2876820724517809,0.6931471805599453
55,67419.0,1,2,1468.0,4.261337594960586,6.741700694652055,4.406719247264253,5.8664680569332965,4.5217885770490405,4.04305126783455,3.7612001156935624,21,2.302585092994046,1.6094379124341003,8,0.0,0.0,14,5,29,1.45,0.17435338714477774,1.6094379124341003
55,23162.0,2,3,65.0,2.6390573296152584,2.1972245773362196,1.3862943611198906,2.302585092994046,2.995732273553991,1.6094379124341003,3.1354942159291497,5,0.6931471805599453,0.6931471805599453,3,0.0,0.0,7,6,82,0.52,0.4700036292457356,1.3862943611198906
48,34380.0,1,2,175.0,3.130044611161585,4.290459441148391,2.0794415416798357,4.07753744390572,2.6390573296152584,0.6931471805599453,3.2188758248682006,8,1.6094379124341003,0.6931471805599453,3,0.0,0.0,12,8,68,1.16,0.4054651081081644,1.6094379124341003
59,34704.0,1,2,40.0,2.3978952727983707,3.4011973816621555,0.0,1.791759469228055,0.0,0.6931471805599453,1.791759469228055,4,0.6931471805599453,0.0,3,0.0,0.0,6,5,65,1.17,0.22314355131420976,0.6931471805599453
56,94871.0,2,3,993.0,4.084492265779089,5.135798437050262,3.2188758248682006,6.317164686747284,4.799914262780603,0.0,4.848116364598481,17,2.1972245773362196,1.791759469228055,4,1.0986122886681098,0.6931471805599453,15,7,99,1.82,0.05715841383994861,0.6931471805599453
67,65148.0,1,2,1088.5,4.0654215227528505,6.133398042996649,3.58351893845611,6.0473721790462776,3.5263605246161616,2.5649493574615367,4.848116364598481,19,1.9459101490553132,1.9459101490553132,7,0.0,0.0,10,4,9,1.62,0.10008345855698253,1.0986122886681098
71,39898.0,1,2,134.0,3.002849741322855,4.248495242049359,2.1972245773362196,3.295836866004329,2.5649493574615367,2.0794415416798357,2.5649493574615367,7,1.3862943611198906,0.0,4,0.0,0.0,10,7,20,1.37,0.2513144282809061,1.0986122886681098
69,64857.0,0,1,1289.5,4.087884345948613,6.322565239927284,2.70805020110221,6.322565239927284,4.799914262780603,0.0,3.784189633918261,22,2.0794415416798357,1.791759469228055,10,0.0,0.0,11,4,78,1.6,0.04445176257083384,0.6931471805599453
55,59892.0,1,2,87.0,2.740840023925201,4.30406509320417,0.0,2.6390573296152584,0.0,0.6931471805599453,0.0,6,1.0986122886681098,0.6931471805599453,3,0.0,0.0,5,3,26,0.65,0.15415067982725827,0.6931471805599453
38,41020.0,0,1,217.0,3.2233104219360666,4.727387818712341,0.6931471805599453,4.007333185232471,2.0794415416798357,2.0794415416798357,3.6109179126442243,9,1.3862943611198906,1.0986122886681098,4,0.0,0.0,6,3,68,0.67,0.1053605156578263,0.6931471805599453
64,57072.0,1,2,1034.0,3.7462045207332055,6.851184927493743,0.0,4.110873864173311,0.0,0.0,3.4339872044851463,25,2.0794415416798357,1.791759469228055,13,0.6931471805599453,0.0,12,5,79,0.43,0.07696104113612832,1.0986122886681098
46,60474.0,1,2,905.0,3.656054908465893,5.583496308781699,4.406719247264253,5.717027701406222,4.799914262780603,2.302585092994046,4.848116364598481,24,2.3978952727983707,1.0986122886681098,12,0.0,0.0,17,7,25,1.24,0.25593337413720063,2.0794415416798357
65,62807.0,1,2,819.0,3.7364784329132155,6.267200548541362,3.367295829986474,4.912654885736052,2.3978952727983707,3.091042453358316,4.605170185988092,20,1.791759469228055,1.3862943611198906,12,0.0,0.0,10,5,83,1.83,0.1397619423751587,1.3862943611198906
44,19414.0,1,2,32.0,2.1972245773362196,1.0986122886681098,1.3862943611198906,2.5649493574615367,1.3862943611198906,1.791759469228055,2.0794415416798357,4,0.6931471805599453,0.0,3,0.0,0.0,9,8,32,0.7,0.22314355131420976,0.6931471805599453
45,19107.0,1,2,46.0,2.5257286443082556,1.0986122886681098,1.6094379124341003,2.302585092994046,2.3978952727983707,1.791759469228055,2.833213344056216,4,0.6931471805599453,0.0,3,0.0,0.0,8,7,49,0.85,0.4054651081081644,1.0986122886681098
49,75484.0,1,2,953.5,4.104191752442925,5.937536205082426,4.406719247264253,5.560681631015528,4.799914262780603,4.406719247264253,3.5553480614894135,16,2.0794415416798357,1.3862943611198906,6,0.0,0.0,11,4,50,1.91,0.11778303565638346,1.0986122886681098
49,70379.0,1,2,860.0,3.6911496026484754,6.317164686747284,3.258096538021482,4.962844630259907,4.189654742026425,4.219507705176107,2.1972245773362196,22,1.9459101490553132,1.3862943611198906,13,0.0,0.0,10,4,84,1.32,0.1278333715098849,1.3862943611198906
55,79419.0,0,1,1454.0,4.652598879559203,6.62273632394984,4.406719247264253,6.322565239927284,3.044522437723423,2.772588722239781,3.4657359027997265,14,1.6094379124341003,1.9459101490553132,4,0.0,0.0,6,2,96,0.02,0.06899287148695145,0.6931471805599453
79,64014.0,3,4,444.0,3.4210000089583352,6.008813185442595,0.0,3.4339872044851463,0.0,0.0,2.1972245773362196,15,2.1972245773362196,1.0986122886681098,5,0.6931471805599453,0.0,15,7,56,0.05,0.38299225225610584,2.0794415416798357
70,76998.0,1,2,1677.0,4.144896841384932,7.110696122978827,4.406719247264253,5.087596335232384,4.248495242049359,3.58351893845611,4.68213122712422,27,2.4849066497880004,2.1972245773362196,8,0.6931471805599453,0.0,17,6,85,1.46,0.07145896398214495,1.0986122886681098
53,49854.0,1,2,380.0,3.4088602544077244,4.820281565605037,2.8903717578961645,5.147494476813453,3.6888794541139363,0.0,3.4339872044851463,13,1.9459101490553132,1.0986122886681098,5,0.0,0.0,12,6,63,0.63,0.325422400434628,1.791759469228055
54,60585.0,2,3,736.0,3.632309102625542,5.5909869805108565,3.7612001156935624,5.736572297479192,4.02535169073515,3.7612001156935624,3.091042453358316,20,2.0794415416798357,1.6094379124341003,9,0.0,0.6931471805599453,12,5,17,1.01,0.4054651081081644,2.3978952727983707
75,42873.0,2,3,269.0,3.236894330370879,5.3471075307174685,0.0,3.713572066704308,1.3862943611198906,1.0986122886681098,2.772588722239781,11,1.9459101490553132,0.6931471805599453,4,0.0,0.0,14,8,11,1.43,0.31015492830383956,1.6094379124341003
37,87679.0,0,1,2072.0,4.31748811353631,7.110696122978827,4.406719247264253,6.322565239927284,4.584967478670572,4.406719247264253,3.5263605246161616,28,2.0794415416798357,2.4849066497880004,10,1.3862943611198906,0.6931471805599453,11,4,62,0.92,0.035091319811270096,0.6931471805599453
47,57867.0,1,2,612.0,3.5553480614894135,5.84354441703136,3.58351893845611,5.187385805840755,2.772588722239781,3.1780538303479458,2.8903717578961645,18,2.0794415416798357,1.0986122886681098,9,0.0,0.0,13,6,48,0.74,0.3285040669720361,2.0794415416798357
35,35765.0,1,2,75.0,2.6026896854443837,3.1354942159291497,1.3862943611198906,3.4339872044851463,0.0,1.791759469228055,2.772588722239781,6,1.0986122886681098,0.0,4,0.0,0.0,8,6,86,0.55,0.2876820724517809,1.0986122886681098
66,65492.0,0,1,871.5,3.6193283911528207,5.5134287461649825,4.406719247264253,5.69035945432406,4.799914262780603,4.406719247264253,3.871201010907891,24,1.6094379124341003,2.0794415416798357,13,0.0,0.0,6,2,73,0.42,0.08004270767353643,1.0986122886681098
48,32952.0,1,2,55.0,2.4849066497880004,3.6635616461296463,0.0,2.5649493574615367,1.3862943611198906,0.6931471805599453,0.6931471805599453,5,1.0986122886681098,0.0,3,0.0,0.0,9,7,36,0.57,0.18232155679395465,0.6931471805599453
56,53374.0,1,2,1064.0,4.275739764155925,6.799055862058796,2.3978952727983707,4.624972813284271,2.6390573296152584,2.3978952727983707,3.5553480614894135,15,1.6094379124341003,1.0986122886681098,9,0.6931471805599453,0.6931471805599453,13,9,34,1.87,0.33647223662121295,1.9459101490553132
66,71706.0,1,2,1426.0,4.23272528890806,6.837332814685591,4.04305126783455,5.537334267018537,4.5217885770490405,4.406719247264253,2.70805020110221,21,2.302585092994046,1.791759469228055,7,0.0,0.0,14,5,16,1.62,0.17435338714477774,1.6094379124341003
37,68487.0,0,1,1358.0,3.8676025903283575,6.63200177739563,2.5649493574615367,5.955837369464831,3.5263605246161616,4.406719247264253,4.499809670330265,29,2.302585092994046,2.0794415416798357,13,0.0,0.0,13,4,48,1.46,0.033901551675681346,0.6931471805599453
50,53253.0,2,3,436.0,3.619886582626985,5.37989735354046,2.302585092994046,4.060443010546419,3.044522437723423,2.302585092994046,4.836281906951478,12,1.6094379124341003,1.3862943611198906,5,0.0,0.0,9,5,61,1.38,0.4595323293784402,2.0794415416798357
52,31163.0,1,2,38.0,2.3513752571634776,1.0986122886681098,1.3862943611198906,2.3978952727983707,2.4849066497880004,1.0986122886681098,2.3978952727983707,4,0.6931471805599453,0.0,3,0.0,0.0,7,6,54,0.37,0.22314355131420976,0.6931471805599453
48,42014.0,1,2,436.0,3.4701902531491067,5.501258210544727,2.772588722239781,4.6913478822291435,1.6094379124341003,2.772588722239781,3.9318256327243257,14,2.0794415416798357,0.6931471805599453,6,0.0,0.6931471805599453,15,8,56,1.86,0.35667494393873234,1.9459101490553132
52,54108.0,2,3,747.0,3.696743190574151,6.29156913955832,1.9459101490553132,4.5217885770490405,2.1972245773362196,1.9459101490553132,4.584967478670572,19,2.1972245773362196,1.0986122886681098,9,0.0,0.0,16,8,74,1.65,0.5212969236332862,2.6390573296152584
70,49667.0,0,1,1396.0,4.259859000699674,7.074963197966044,3.295836866004329,4.795790545596741,2.8903717578961645,2.6390573296152584,3.6888794541139363,20,1.791759469228055,2.3978952727983707,5,0.6931471805599453,0.6931471805599453,13,8,35,1.86,0.09531017980432487,1.0986122886681098
51,63206.0,0,1,928.0,4.281993782123843,6.621405651764134,2.1972245773362196,4.836281906951478,2.4849066497880004,2.1972245773362196,3.295836866004329,13,1.6094379124341003,1.3862943611198906,6,0.6931471805599453,0.0,6,2,65,0.28,0.07410797215372189,0.6931471805599453
53,57136.0,2,3,614.0,3.614092518484997,5.726847747587197,1.791759469228055,4.700480365792417,3.091042453358316,4.406719247264253,4.532599493153256,17,1.791759469228055,1.0986122886681098,10,0.0,0.0,11,6,48,0.97,0.42488319396526597,2.302585092994046
50,46772.0,1,2,878.5,3.6271148598590903,5.860786223465865,4.406719247264253,5.247024072160486,4.799914262780603,4.406719247264253,4.060443010546419,24,2.4849066497880004,2.1972245773362196,5,0.6931471805599453,0.0,19,8,88,1.64,0.22314355131420976,1.9459101490553132
54,78931.0,0,1,756.0,3.5225168299415985,5.805134968916488,4.406719247264253,5.14166355650266,4.07753744390572,4.406719247264253,3.58351893845611,23,1.0986122886681098,2.1972245773362196,13,0.0,0.0,3,1,19,0.68,0.04255961441879593,0.6931471805599453
67,53977.0,1,2,907.0,3.7430662854555226,6.431331081933479,2.833213344056216,5.111987788356544,0.0,3.2188758248682006,4.418840607796598,22,1.791759469228055,1.791759469228055,12,0.0,0.0,10,5,21,1.06,0.2047944126460132,1.791759469228055
37,84219.0,0,1,1086.0,4.172575675197287,6.075346031088684,4.406719247264253,5.993961427306569,3.828641396489095,4.406719247264253,3.828641396489095,17,1.3862943611198906,1.6094379124341003,10,0.0,0.0,4,1,27,0.4,0.05715841383994861,0.6931471805599453
50,46098.0,2,3,120.0,2.8982769374032777,4.060443010546419,0.0,3.332204510175204,0.0,0.0,3.6109179126442243,7,1.3862943611198906,1.0986122886681098,2,0.0,0.0,11,8,86,1.86,0.4519851237430572,1.6094379124341003
60,73538.0,1,2,1602.0,4.257768878834688,6.699500340161678,4.343805421853684,6.061456918928017,4.605170185988092,4.406719247264253,4.68213122712422,23,2.3978952727983707,1.6094379124341003,9,0.0,0.0,17,7,92,1.59,0.12260232209233235,1.3862943611198906
39,79529.0,0,1,1301.5,4.142756726009031,6.049733455231958,3.7612001156935624,6.322565239927284,4.30406509320417,4.406719247264253,4.848116364598481,21,1.6094379124341003,2.1972245773362196,9,0.0,0.0,6,2,1,0.17,0.04652001563489285,0.6931471805599453
48,20981.0,0,1,73.0,2.5776883832389665,1.0986122886681098,2.5649493574615367,2.3978952727983707,1.9459101490553132,2.6390573296152584,3.4339872044851463,6,1.3862943611198906,0.6931471805599453,2,0.0,0.6931471805599453,11,8,14,1.16,0.15415067982725827,0.6931471805599453
45,51766.0,1,2,275.0,3.349904087274605,4.110873864173311,3.9512437185814275,4.477336814478207,1.9459101490553132,3.044522437723423,3.9512437185814275,10,1.6094379124341003,1.0986122886681098,4,0.0,0.0,9,5,74,0.3,0.18232155679395465,1.0986122886681098
63,55759.0,1,2,854.0,3.7297014486341915,6.516193076042964,0.0,4.454347296253507,2.3978952727983707,2.0794415416798357,4.356708826689592,21,2.3978952727983707,1.3862943611198906,8,0.0,0.0,18,8,84,1.58,0.21357410029805904,1.791759469228055
47,33039.0,1,2,78.0,2.6390573296152584,3.4339872044851463,2.1972245773362196,2.5649493574615367,2.1972245773362196,2.1972245773362196,2.5649493574615367,6,1.0986122886681098,0.0,4,0.0,0.0,7,5,4,0.8,0.15415067982725827,0.6931471805599453
53,37787.0,1,2,106.0,2.9267394020670396,3.713572066704308,0.6931471805599453,3.713572066704308,1.6094379124341003,1.3862943611198906,2.9444389791664403,6,1.3862943611198906,0.0,3,0.0,0.0,11,8,50,0.77,0.15415067982725827,0.6931471805599453
55,27242.0,1,2,106.0,3.100092288878234,1.3862943611198906,2.8903717578961645,3.295836866004329,3.044522437723423,0.6931471805599453,3.6888794541139363,5,1.0986122886681098,0.0,3,0.0,0.6931471805599453,11,9,2,1.63,0.33647223662121295,1.0986122886681098
42,87188.0,0,1,1725.0,4.572991287623856,6.814542897259958,4.406719247264253,6.322565239927284,3.912023005428146,4.31748811353631,4.02535169073515,18,2.3978952727983707,1.0986122886681098,6,0.0,0.6931471805599453,13,3,73,1.07,0.054067221270275766,0.6931471805599453
54,69930.0,0,1,1206.0,4.067805006987489,5.53338948872752,4.406719247264253,6.322565239927284,4.799914262780603,4.2626798770413155,4.848116364598481,21,1.6094379124341003,1.791759469228055,12,0.0,0.0,7,3,21,1.09,0.04652001563489285,0.6931471805599453
49,37697.0,1,2,84.0,2.70805020110221,3.5553480614894135,1.9459101490553132,3.091042453358316,2.4849066497880004,1.6094379124341003,2.1972245773362196,6,1.0986122886681098,0.6931471805599453,3,0.0,0.0,8,6,82,0.39,0.15415067982725827,0.6931471805599453
52,37401.0,1,2,48.0,2.3608540011180215,2.995732273553991,1.3862943611198906,2.995732273553991,1.3862943611198906,0.6931471805599453,1.3862943611198906,5,1.0986122886681098,0.0,3,0.0,0.0,9,7,14,0.15,0.33647223662121295,1.0986122886681098
52,3502.0,1,2,5.0,0.0,1.0986122886681098,0.6931471805599453,0.6931471805599453,0.0,0.0,0.6931471805599453,0,0.0,0.0,0,0.0,0.0,14,14,56,1.21,0.0,0.0
49,58597.0,2,3,733.0,3.6283329542459026,6.19644412779452,0.0,5.220355825078324,2.3978952727983707,3.367295829986474,3.091042453358316,20,2.0794415416798357,1.6094379124341003,9,0.0,0.0,14,7,20,1.6,0.4700036292457356,2.5649493574615367
77,82032.0,0,1,1048.5,4.1379861074824555,5.808142489980444,4.406719247264253,5.934894195619588,4.799914262780603,4.406719247264253,4.060443010546419,17,1.6094379124341003,1.9459101490553132,7,0.0,0.0,5,1,54,0.23,0.0,0.0
67,28087.0,2,3,112.0,2.9789251552376097,3.9889840465642745,2.1972245773362196,2.8903717578961645,2.6390573296152584,0.0,3.091042453358316,6,1.0986122886681098,1.0986122886681098,2,0.0,0.0,9,7,77,1.55,0.4054651081081644,1.3862943611198906
38,74004.0,0,1,1559.0,4.72168257344302,6.665683717782408,3.8918202981106265,6.322565239927284,3.7612001156935624,4.406719247264253,3.8918202981106265,14,1.6094379124341003,1.9459101490553132,4,1.0986122886681098,0.6931471805599453,7,3,5,0.34,0.06899287148695145,0.6931471805599453
65,19740.0,1,2,55.0,2.4849066497880004,2.0794415416798357,2.4849066497880004,1.3862943611198906,2.3978952727983707,1.6094379124341003,3.044522437723423,5,0.6931471805599453,0.6931471805599453,3,0.0,0.0,6,5,65,1.26,0.33647223662121295,1.0986122886681098
50,57036.0,1,2,1513.0,4.245243206662981,7.066466970136958,3.784189633918261,5.393627546352362,2.995732273553991,2.70805020110221,3.871201010907891,22,1.9459101490553132,1.3862943611198906,13,0.6931471805599453,0.0,15,9,33,1.55,0.16705408466316618,1.6094379124341003
67,53083.0,2,3,271.0,3.244011798139743,5.375278407684165,2.0794415416798357,3.5263605246161616,1.3862943611198906,0.0,2.6390573296152584,11,1.791759469228055,0.6931471805599453,5,0.6931471805599453,0.0,12,7,65,1.12,0.4353180712578455,1.9459101490553132
50,69283.0,1,2,904.0,3.6964593496367053,6.51471269087253,4.143134726391533,4.90527477843843,0.0,3.295836866004329,2.1972245773362196,23,2.0794415416798357,1.3862943611198906,13,0.0,0.0,12,5,41,0.04,0.16034265007517937,1.6094379124341003
50,46098.0,2,3,120.0,2.8982769374032777,4.060443010546419,0.0,3.332204510175204,0.0,0.0,3.6109179126442243,7,1.3862943611198906,1.0986122886681098,2,0.0,0.6931471805599453,11,8,86,1.86,0.4519851237430572,1.6094379124341003
37,23331.0,1,2,103.0,2.899588413001089,1.791759469228055,3.6109179126442243,2.0794415416798357,0.0,2.3978952727983707,3.828641396489095,6,1.3862943611198906,0.0,3,0.0,0.0,11,8,92,1.82,0.2876820724517809,1.0986122886681098
37,23331.0,1,2,269.0,3.236894330370879,4.653960350157523,3.044522437723423,4.624972813284271,3.2188758248682006,2.772588722239781,1.791759469228055,11,1.791759469228055,0.6931471805599453,5,0.0,0.0,14,9,97,1.73,0.4353180712578455,1.9459101490553132
36,9255.0,1,2,22.0,1.8718021769015913,2.302585092994046,0.0,2.0794415416798357,1.0986122886681098,0.0,1.6094379124341003,4,0.6931471805599453,0.6931471805599453,2,0.0,0.0,9,8,91,0.52,0.22314355131420976,0.6931471805599453
66,67786.0,0,1,1155.0,4.356708826689592,6.068425588244111,4.406719247264253,6.091309882077698,4.394449154672439,3.044522437723423,4.634728988229636,15,1.3862943611198906,1.9459101490553132,6,0.0,0.6931471805599453,4,1,0,0.56,0.06453852113757118,0.6931471805599453
54,71969.0,1,2,1086.0,4.232293267473079,6.90875477931522,0.0,4.343805421853684,0.0,0.0,2.3978952727983707,16,1.3862943611198906,1.6094379124341003,9,0.6931471805599453,0.0,11,8,59,1.7,0.17185025692665923,1.3862943611198906
58,59235.0,1,2,1128.0,3.8312466954008584,6.1070228877422545,3.713572066704308,6.152732694704104,4.394449154672439,0.0,4.5217885770490405,25,2.4849066497880004,1.0986122886681098,12,0.0,0.0,18,7,4,1.46,0.11332868530700317,1.3862943611198906
36,31928.0,1,2,72.0,2.423537703411708,3.5263605246161616,1.6094379124341003,3.2188758248682006,1.6094379124341003,1.0986122886681098,1.791759469228055,7,1.3862943611198906,0.0,4,0.0,0.0,10,7,5,0.25,0.2513144282809061,1.0986122886681098
64,74881.0,2,3,964.0,3.7591758235043318,6.226536669287466,4.290459441148391,5.602118820879701,3.6109179126442243,3.332204510175204,4.007333185232471,23,2.302585092994046,1.0986122886681098,12,0.0,0.0,14,5,48,1.31,0.16034265007517937,1.6094379124341003
47,65819.0,0,1,1125.5,4.098284160226181,5.5909869805108565,3.6635616461296463,6.322565239927284,4.799914262780603,4.406719247264253,4.1588830833596715,19,1.791759469228055,1.6094379124341003,10,0.0,0.0,8,3,99,1.58,0.051293294387550536,0.6931471805599453
72,51411.0,3,4,18.0,1.9459101490553132,2.70805020110221,0.0,1.3862943611198906,0.0,0.0,0.6931471805599453,3,0.0,0.0,3,0.0,0.0,5,5,81,1.09,0.2876820724517809,0.6931471805599453
61,51983.0,1,2,793.0,3.6574379282791174,6.448889394146858,0.0,4.7535901911063645,2.3978952727983707,2.0794415416798357,3.4339872044851463,21,2.302585092994046,1.0986122886681098,10,0.0,0.0,16,7,95,1.83,0.13353139262452263,1.3862943611198906
39,42386.0,1,2,100.0,2.8716796248840124,4.189654742026425,1.6094379124341003,2.833213344056216,0.0,1.6094379124341003,2.4849066497880004,6,1.3862943611198906,0.0,3,0.0,0.0,11,8,43,1.46,0.15415067982725827,0.6931471805599453
38,30390.0,0,1,80.0,2.833213344056216,2.3978952727983707,2.5649493574615367,2.5649493574615367,3.258096538021482,0.6931471805599453,3.044522437723423,5,1.0986122886681098,0.0,3,0.0,0.0,8,6,5,0.82,0.18232155679395465,0.6931471805599453
62,30983.0,0,1,167.0,3.2131451501592156,3.9512437185814275,1.6094379124341003,3.9318256327243257,2.5649493574615367,0.6931471805599453,3.912023005428146,7,1.6094379124341003,0.0,3,0.0,0.6931471805599453,12,8,50,1.63,0.13353139262452263,0.6931471805599453
68,66033.0,1,2,677.0,3.6535400876686275,5.683579767338681,3.58351893845611,5.19295685089021,3.8501476017100584,4.0943445622221,4.189654742026425,18,2.1972245773362196,1.3862943611198906,7,0.0,0.0,15,7,76,1.44,0.1053605156578263,1.0986122886681098
50,37284.0,2,3,23.0,2.1594842493533726,2.4849066497880004,0.6931471805599453,1.0986122886681098,1.0986122886681098,0.6931471805599453,1.9459101490553132,3,0.0,0.0,3,0.0,0.0,6,6,46,1.25,0.2876820724517809,0.6931471805599453
74,57530.0,1,2,92.0,2.793208009442517,3.9318256327243257,0.6931471805599453,3.332204510175204,1.9459101490553132,2.0794415416798357,0.6931471805599453,6,0.6931471805599453,0.6931471805599453,4,0.0,0.0,2,1,68,0.71,0.15415067982725827,0.6931471805599453
60,76800.0,0,1,641.0,3.778110587841879,5.159055299214529,3.295836866004329,5.545177444479562,3.58351893845611,4.276666119016055,4.406719247264253,15,1.6094379124341003,1.6094379124341003,7,0.0,0.0,5,1,33,0.31,0.06453852113757118,0.6931471805599453
69,63943.0,1,2,987.0,4.138162065722154,6.049733455231958,4.406719247264253,5.910796644040527,2.6390573296152584,4.406719247264253,3.091042453358316,16,1.9459101490553132,1.6094379124341003,6,0.0,0.0,11,5,50,1.82,0.06062462181643484,0.6931471805599453
63,76081.0,0,1,959.5,4.314920718031065,5.680172609017068,3.4339872044851463,6.030685260261263,4.1588830833596715,3.5263605246161616,4.848116364598481,13,1.6094379124341003,1.791759469228055,4,0.6931471805599453,0.0,6,2,85,0.1,0.07410797215372189,0.6931471805599453
51,67445.0,1,2,1174.0,3.7950729560756544,6.630683385642372,4.394449154672439,5.384495062789089,3.4011973816621555,4.394449154672439,2.4849066497880004,27,2.302585092994046,1.9459101490553132,12,0.0,0.0,15,6,63,1.88,0.16989903679539747,1.791759469228055
58,37054.0,2,3,25.0,1.9810014688665833,2.5649493574615367,0.6931471805599453,1.9459101490553132,0.0,0.6931471805599453,1.791759469228055,4,0.6931471805599453,0.0,3,0.0,0.0,8,7,89,0.79,0.4054651081081644,1.0986122886681098
63,47175.0,2,3,240.0,3.2188758248682006,5.123963979403259,1.0986122886681098,3.8066624897703196,1.9459101490553132,1.0986122886681098,2.995732273553991,10,1.6094379124341003,1.0986122886681098,4,0.6931471805599453,0.6931471805599453,12,8,81,1.67,0.5306282510621704,2.0794415416798357
49,31859.0,1,2,20.0,2.03688192726104,1.3862943611198906,0.6931471805599453,1.3862943611198906,2.1972245773362196,0.0,1.791759469228055,3,0.6931471805599453,0.0,2,0.0,0.0,8,7,77,1.04,0.2876820724517809,0.6931471805599453
64,27215.0,3,4,102.0,2.7454377331738304,3.4339872044851463,1.791759469228055,3.1354942159291497,2.1972245773362196,2.302585092994046,3.367295829986474,7,1.0986122886681098,0.6931471805599453,4,0.0,0.0,8,6,50,1.43,0.4519851237430572,1.6094379124341003
49,70179.0,1,2,1020.5,3.814841510588106,6.278521424165844,4.406719247264253,5.1298987149230735,4.248495242049359,3.8066624897703196,4.848116364598481,23,2.0794415416798357,1.3862943611198906,13,0.0,0.0,12,5,10,0.94,0.12260232209233235,1.3862943611198906
42,39922.0,1,2,156.0,3.147840051751449,3.4011973816621555,2.5649493574615367,4.0943445622221,2.995732273553991,0.6931471805599453,3.6109179126442243,7,1.3862943611198906,0.0,4,0.0,0.0,11,8,30,1.37,0.2513144282809061,1.0986122886681098
49,49681.0,2,3,458.0,3.451045187389723,6.021023349349527,0.0,3.295836866004329,0.0,0.0,3.091042453358316,15,2.0794415416798357,0.6931471805599453,7,0.0,0.0,14,7,66,0.65,0.33647223662121295,1.9459101490553132
37,24645.0,1,2,17.0,1.8971199848858813,1.791759469228055,1.3862943611198906,1.6094379124341003,1.6094379124341003,0.6931471805599453,0.0,3,0.6931471805599453,0.0,2,0.0,0.0,9,8,16,1.66,0.2876820724517809,0.6931471805599453
71,79865.0,1,2,669.5,3.5402344236793657,4.276666119016055,4.406719247264253,5.631211781821365,4.799914262780603,4.406719247264253,3.6635616461296463,20,1.791759469228055,2.3978952727983707,5,0.0,0.0,6,1,12,0.03,0.048790164169432,0.6931471805599453
40,44322.0,1,2,92.0,2.793208009442517,3.8501476017100584,0.0,3.713572066704308,1.3862943611198906,0.0,1.3862943611198906,6,1.3862943611198906,0.0,3,0.0,0.0,11,8,30,0.04,0.2876820724517809,1.0986122886681098
73,47958.0,1,2,407.0,3.4035755040671227,5.594711379601839,2.4849066497880004,4.48863636973214,2.772588722239781,1.3862943611198906,3.1354942159291497,14,1.9459101490553132,1.3862943611198906,5,0.0,0.0,11,5,8,1.44,0.13353139262452263,1.0986122886681098
61,63972.0,1,2,1269.0,4.216406927497858,6.834108738813838,4.1588830833596715,5.541263545158426,0.0,2.5649493574615367,2.5649493574615367,19,1.791759469228055,1.6094379124341003,10,0.6931471805599453,0.0,9,4,93,1.57,0.19105523676270922,1.6094379124341003
71,75315.0,1,2,819.5,3.6894745151252475,6.131226489483141,2.772588722239781,5.147494476813453,4.799914262780603,3.1780538303479458,3.4657359027997265,21,1.791759469228055,1.6094379124341003,12,0.0,0.0,7,2,14,0.21,0.09097177820572669,1.0986122886681098
75,55517.0,2,3,633.0,3.5881378843124043,6.182084906716632,0.0,4.6913478822291435,0.0,1.9459101490553132,3.6109179126442243,18,2.4849066497880004,0.6931471805599453,6,0.0,0.6931471805599453,20,9,53,1.75,0.245122458032985,1.791759469228055
68,75283.0,3,4,1019.0,4.30116513950438,6.598509028614515,2.302585092994046,5.198497031265826,2.5649493574615367,2.995732273553991,4.204692619390966,14,1.9459101490553132,1.3862943611198906,5,0.0,0.0,10,4,26,1.26,0.5798184952529422,2.4849066497880004
79,82800.0,0,1,1315.0,3.9815490680767565,6.914730892718563,3.1354942159291497,4.7535901911063645,4.0943445622221,4.23410650459726,3.828641396489095,25,2.0794415416798357,1.9459101490553132,12,1.0986122886681098,0.6931471805599453,10,3,23,1.59,0.039220713153281295,0.6931471805599453
71,38998.0,2,3,54.0,2.468099531471619,3.5553480614894135,0.6931471805599453,2.70805020110221,0.0,0.0,1.791759469228055,5,1.0986122886681098,0.0,3,0.0,0.0,10,8,92,1.65,0.4700036292457356,1.3862943611198906
34,90638.0,0,1,2064.0,4.807390482337419,7.053585727193677,4.406719247264253,6.322565239927284,4.553876891600541,4.406719247264253,4.574710978503383,17,1.3862943611198906,1.6094379124341003,10,0.6931471805599453,0.6931471805599453,4,1,29,0.37,0.05715841383994861,0.6931471805599453
39,27161.0,1,2,52.0,2.6390573296152584,2.0794415416798357,1.6094379124341003,3.1780538303479458,2.0794415416798357,0.0,2.4849066497880004,4,0.6931471805599453,0.0,3,0.0,0.0,8,7,41,0.67,0.22314355131420976,0.6931471805599453
48,42014.0,1,2,436.0,3.4701902531491067,5.501258210544727,2.772588722239781,4.6913478822291435,1.6094379124341003,2.772588722239781,3.9318256327243257,14,2.0794415416798357,0.6931471805599453,6,0.0,0.6931471805599453,15,8,56,1.86,0.35667494393873234,1.9459101490553132
65,38201.0,1,2,268.0,3.233316509022995,5.455321115357702,0.0,3.1780538303479458,0.0,0.0,2.5649493574615367,11,1.791759469228055,0.6931471805599453,5,0.0,0.0,13,8,19,1.25,0.31015492830383956,1.6094379124341003
43,45203.0,2,3,147.0,3.091042453358316,3.58351893845611,1.3862943611198906,4.219507705176107,2.3978952727983707,2.1972245773362196,3.2188758248682006,7,1.3862943611198906,0.6931471805599453,3,0.0,0.6931471805599453,9,6,4,0.27,0.13353139262452263,0.6931471805599453
78,81574.0,0,1,1770.0,4.655080171103212,7.110696122978827,0.0,6.144185634125646,3.8501476017100584,3.58351893845611,0.0,17,1.6094379124341003,1.791759469228055,8,1.0986122886681098,0.0,5,1,89,0.17,0.05715841383994861,0.6931471805599453
33,34935.0,0,1,137.0,3.0239031505206873,3.5553480614894135,1.6094379124341003,4.204692619390966,1.3862943611198906,2.3978952727983707,3.044522437723423,7,1.0986122886681098,0.6931471805599453,4,0.0,0.0,9,7,71,1.02,0.13353139262452263,0.6931471805599453
49,60482.0,1,2,507.0,3.4869927418251416,5.545177444479562,3.784189633918261,4.90527477843843,3.6375861597263857,2.70805020110221,3.2188758248682006,16,2.0794415416798357,1.0986122886681098,7,0.0,0.0,14,7,81,1.43,0.06062462181643484,0.6931471805599453
69,34633.0,3,4,15.0,1.791759469228055,2.1972245773362196,0.6931471805599453,1.791759469228055,0.0,0.0,0.6931471805599453,3,0.6931471805599453,0.0,2,0.0,0.0,7,6,31,0.43,0.2876820724517809,0.6931471805599453
78,78093.0,0,1,1022.0,4.172462341486053,5.910796644040527,3.4965075614664802,6.322565239927284,2.6390573296152584,3.784189633918261,2.3978952727983707,16,1.6094379124341003,2.0794415416798357,5,0.0,0.0,5,1,53,0.55,0.06062462181643484,0.6931471805599453
75,82460.0,0,1,957.0,4.239269138676066,5.545177444479562,3.871201010907891,6.322565239927284,3.970291913552122,3.4965075614664802,2.772588722239781,14,1.791759469228055,1.3862943611198906,6,0.0,0.0,6,1,78,0.57,0.06899287148695145,0.6931471805599453
59,45903.0,1,2,66.0,2.4849066497880004,3.5263605246161616,2.1972245773362196,2.3978952727983707,1.0986122886681098,2.3978952727983707,1.3862943611198906,6,1.0986122886681098,0.6931471805599453,3,0.0,0.0,6,4,80,0.18,0.2876820724517809,1.0986122886681098
38,81361.0,0,1,778.0,3.4315027311574844,5.099866427824199,3.1780538303479458,6.052089168924417,3.332204510175204,4.189654742026425,4.343805421853684,26,1.3862943611198906,2.3978952727983707,13,0.0,0.6931471805599453,4,1,18,0.34,0.03774032798284703,0.6931471805599453
52,35860.0,2,3,49.0,2.583997552432231,2.772588722239781,0.0,2.1972245773362196,1.6094379124341003,1.0986122886681098,3.044522437723423,4,0.6931471805599453,0.6931471805599453,2,0.6931471805599453,0.6931471805599453,6,5,37,0.11,0.4054651081081644,1.0986122886681098
73,40442.0,2,3,169.0,3.096708190893993,3.828641396489095,2.5649493574615367,3.970291913552122,3.258096538021482,3.1354942159291497,2.6390573296152584,8,1.3862943611198906,0.6931471805599453,4,0.0,0.6931471805599453,10,7,52,1.86,0.4054651081081644,1.6094379124341003
60,61482.0,0,1,299.0,3.3386770246808215,3.8918202981106265,4.07753744390572,4.23410650459726,2.833213344056216,4.204692619390966,3.784189633918261,11,1.3862943611198906,1.0986122886681098,6,0.0,0.0,5,2,39,0.01,0.08701137698962977,0.6931471805599453
45,34968.0,1,2,221.0,3.139832617527748,5.0689042022202315,1.9459101490553132,3.828641396489095,2.1972245773362196,1.0986122886681098,1.0986122886681098,10,1.3862943611198906,1.0986122886681098,5,0.0,0.0,10,7,11,1.22,0.5306282510621704,2.0794415416798357
38,75794.0,0,1,1534.0,4.173104396082747,6.626717749249025,4.406719247264253,6.322565239927284,4.1588830833596715,3.4965075614664802,3.8918202981106265,24,2.0794415416798357,1.791759469228055,12,0.6931471805599453,0.0,10,3,33,0.51,0.040821994520255124,0.6931471805599453
63,31497.0,1,2,155.0,3.0143086591269266,4.6913478822291435,0.6931471805599453,3.367295829986474,2.6390573296152584,0.6931471805599453,1.6094379124341003,8,1.3862943611198906,0.6931471805599453,4,0.0,0.0,11,8,22,1.56,0.22314355131420976,1.0986122886681098
70,74268.0,0,1,799.0,4.213361404327412,5.298317366548036,4.204692619390966,5.755742213586912,4.584967478670572,4.406719247264253,3.7376696182833684,12,1.6094379124341003,1.3862943611198906,5,0.0,0.0,6,2,83,1.37,0.08004270767353643,0.6931471805599453
37,13724.0,1,2,58.0,2.740840023925201,1.0986122886681098,2.0794415416798357,1.791759469228055,1.0986122886681098,2.772588722239781,3.332204510175204,4,1.0986122886681098,0.0,2,0.6931471805599453,0.0,11,9,43,1.83,0.22314355131420976,0.6931471805599453
60,45143.0,1,2,311.0,3.292745673434656,5.313205979041787,1.791759469228055,4.31748811353631,2.4849066497880004,1.791759469228055,2.70805020110221,12,1.9459101490553132,0.6931471805599453,5,0.0,0.0,13,7,74,0.84,0.22314355131420976,1.3862943611198906
58,52569.0,1,2,95.0,2.8233610476132047,4.454347296253507,0.0,1.3862943611198906,0.0,0.0,2.0794415416798357,6,1.0986122886681098,0.0,4,0.0,0.0,5,3,54,0.23,0.15415067982725827,0.6931471805599453
52,48432.0,1,2,424.0,3.4431615807611875,5.777652323222656,1.3862943611198906,3.9318256327243257,1.6094379124341003,1.3862943611198906,3.7612001156935624,14,2.0794415416798357,0.6931471805599453,6,0.0,0.6931471805599453,15,8,3,1.69,0.30538164955118186,1.791759469228055
65,17144.0,2,3,47.0,2.043073897508961,2.9444389791664403,1.0986122886681098,2.995732273553991,0.0,1.0986122886681098,1.9459101490553132,7,1.3862943611198906,0.0,4,0.0,0.0,10,7,96,0.37,0.538996500732687,1.791759469228055
41,36108.0,1,2,339.0,3.3758795736778655,4.955827057601261,2.1972245773362196,4.867534450455582,1.3862943611198906,2.4849066497880004,3.871201010907891,12,2.0794415416798357,0.6931471805599453,4,0.6931471805599453,0.0,16,9,68,0.7,0.22314355131420976,1.3862943611198906
54,76445.0,1,2,1364.5,4.237362069057025,6.606650186198215,4.406719247264253,5.736572297479192,4.799914262780603,4.394449154672439,3.58351893845611,20,1.0986122886681098,1.791759469228055,13,0.0,0.0,8,6,2,1.75,0.048790164169432,0.6931471805599453
50,36663.0,1,2,35.0,2.0794415416798357,2.9444389791664403,0.0,1.9459101490553132,1.3862943611198906,1.3862943611198906,1.791759469228055,5,0.6931471805599453,0.6931471805599453,3,0.0,0.0,3,2,40,0.18,0.18232155679395465,0.6931471805599453
60,53843.0,1,2,562.0,3.586985146432596,5.937536205082426,0.0,4.48863636973214,2.995732273553991,1.6094379124341003,4.30406509320417,16,2.1972245773362196,1.791759469228055,3,0.0,0.0,15,7,64,1.0,0.22314355131420976,1.6094379124341003
69,90226.0,0,1,2029.5,4.491319625397433,6.988413181999592,4.406719247264253,6.322565239927284,4.799914262780603,4.406719247264253,4.6913478822291435,23,1.6094379124341003,2.0794415416798357,12,0.6931471805599453,0.0,6,2,26,1.75,0.04255961441879593,0.6931471805599453
70,70638.0,0,1,1334.0,4.2656406490043475,6.92461239604856,2.5649493574615367,5.375278407684165,2.833213344056216,2.5649493574615367,4.1588830833596715,19,1.6094379124341003,1.791759469228055,10,0.6931471805599453,0.0,7,3,69,1.08,0.051293294387550536,0.6931471805599453
65,44512.0,2,3,32.0,2.1972245773362196,3.1780538303479458,0.6931471805599453,1.9459101490553132,0.0,0.0,1.0986122886681098,4,0.6931471805599453,0.0,3,0.0,0.0,5,4,57,0.83,0.4054651081081644,1.0986122886681098
64,27116.0,2,3,41.0,2.2192034840549946,2.5649493574615367,0.6931471805599453,3.091042453358316,1.0986122886681098,1.0986122886681098,1.3862943611198906,5,1.0986122886681098,0.0,3,0.0,0.0,9,7,78,0.33,0.33647223662121295,1.0986122886681098
62,54072.0,2,3,39.0,2.3749057545736716,3.58351893845611,0.0,1.6094379124341003,0.0,0.0,0.0,4,1.0986122886681098,0.0,2,0.0,0.0,10,8,71,0.92,0.22314355131420976,0.6931471805599453
48,71855.0,1,2,1110.0,3.9863350383926974,6.3080984415095305,3.4657359027997265,6.0473721790462776,0.0,4.406719247264253,3.367295829986474,21,1.791759469228055,1.791759469228055,11,0.0,0.0,8,3,59,1.45,0.17435338714477774,1.6094379124341003
35,51250.0,1,2,710.0,3.647234752842218,5.8377304471659395,3.4965075614664802,5.442417710521793,3.5553480614894135,3.4965075614664802,3.713572066704308,19,2.3978952727983707,1.791759469228055,4,0.6931471805599453,0.0,19,9,28,1.25,0.23361485118150516,1.791759469228055
52,60432.0,1,2,401.0,3.3892211906154395,5.902633333401366,1.3862943611198906,2.772588722239781,1.6094379124341003,1.3862943611198906,2.4849066497880004,14,2.0794415416798357,1.0986122886681098,5,0.0,0.0,13,6,61,0.31,0.30538164955118186,1.791759469228055
61,65526.0,1,2,506.0,3.4850788656428575,5.986452005284438,2.995732273553991,4.248495242049359,2.5649493574615367,0.0,2.302585092994046,16,1.6094379124341003,1.6094379124341003,8,0.0,0.0,6,2,22,0.22,0.06062462181643484,0.6931471805599453
37,68655.0,0,1,1225.0,4.131158535344817,6.124683390894205,2.995732273553991,6.322565239927284,4.330733340286331,4.406719247264253,3.6635616461296463,20,1.6094379124341003,1.791759469228055,11,0.0,0.0,7,3,95,1.88,0.048790164169432,0.6931471805599453
47,12393.0,0,1,57.0,2.517696472610991,1.791759469228055,1.9459101490553132,2.772588722239781,2.4849066497880004,2.0794415416798357,2.6390573296152584,5,1.0986122886681098,0.0,3,0.0,0.0,11,9,38,1.57,0.18232155679395465,0.6931471805599453
35,64509.0,0,1,1599.0,4.497956101680942,6.729824070489475,4.406719247264253,6.322565239927284,3.2188758248682006,3.258096538021482,4.356708826689592,18,1.9459101490553132,1.3862943611198906,9,0.6931471805599453,0.6931471805599453,10,4,19,0.87,0.054067221270275766,0.6931471805599453
50,33955.0,1,2,270.0,3.240459396535375,4.61512051684126,1.0986122886681098,4.859812404361672,3.1780538303479458,2.0794415416798357,2.3978952727983707,11,1.791759469228055,0.6931471805599453,5,0.0,0.0,13,8,92,0.89,0.31015492830383956,1.6094379124341003
48,31353.0,2,3,31.0,2.169053700369523,2.3978952727983707,0.0,2.3978952727983707,1.3862943611198906,0.6931471805599453,2.0794415416798357,4,0.6931471805599453,0.6931471805599453,2,0.0,0.6931471805599453,9,8,24,0.5,0.4054651081081644,1.0986122886681098
41,55434.0,1,2,799.5,3.6653914728067227,5.476463551931511,4.406719247264253,5.375278407684165,4.799914262780603,4.248495242049359,4.343805421853684,21,1.791759469228055,1.3862943611198906,13,0.0,0.0,9,4,21,0.73,0.13353139262452263,1.3862943611198906
42,28359.0,1,2,16.0,1.8458266904983307,1.9459101490553132,0.0,1.791759469228055,1.0986122886681098,0.6931471805599453,1.0986122886681098,3,0.6931471805599453,0.0,2,0.0,0.0,8,7,35,0.67,0.2876820724517809,0.6931471805599453
38,57100.0,1,2,311.0,3.292745673434656,5.0689042022202315,2.4849066497880004,4.605170185988092,2.772588722239781,2.4849066497880004,2.8903717578961645,12,1.3862943611198906,1.0986122886681098,7,0.0,0.0,6,3,9,0.11,0.15415067982725827,1.0986122886681098
60,69139.0,1,2,227.0,3.1654750481410856,4.465908118654584,2.5649493574615367,4.330733340286331,3.5263605246161616,2.772588722239781,1.9459101490553132,10,1.6094379124341003,0.6931471805599453,5,0.0,0.0,8,4,23,0.42,0.09531017980432487,0.6931471805599453
69,52973.0,1,2,1079.5,3.8281883953488456,6.75343791859778,0.0,4.343805421853684,2.5649493574615367,2.302585092994046,4.848116364598481,24,2.302585092994046,1.9459101490553132,9,0.0,0.0,17,8,92,1.64,0.25593337413720063,2.0794415416798357
60,51717.0,1,2,122.0,2.913902255306359,4.59511985013459,0.6931471805599453,2.8903717578961645,0.0,0.6931471805599453,1.791759469228055,7,1.3862943611198906,0.0,4,0.6931471805599453,0.0,10,7,55,0.86,0.13353139262452263,0.6931471805599453
54,18793.0,1,2,77.0,2.627081138568543,1.6094379124341003,2.833213344056216,3.044522437723423,0.0,2.8903717578961645,3.044522437723423,6,1.0986122886681098,0.0,4,0.0,0.0,10,8,14,1.46,0.4054651081081644,1.3862943611198906
43,66664.0,0,1,1159.5,4.180777067994408,5.988961416889864,4.406719247264253,6.104793232414985,4.799914262780603,4.406719247264253,3.4965075614664802,18,1.791759469228055,2.0794415416798357,6,0.0,0.0,8,3,78,1.76,0.054067221270275766,0.6931471805599453
66,50664.0,2,3,561.0,3.648057459593681,5.749392985908253,2.1972245773362196,4.653960350157523,1.9459101490553132,1.6094379124341003,4.844187086458591,15,2.1972245773362196,0.6931471805599453,6,0.0,0.0,17,9,64,1.45,0.4700036292457356,2.302585092994046
62,54414.0,2,3,211.0,3.196402969016142,4.700480365792417,2.9444389791664403,2.833213344056216,3.2188758248682006,3.295836866004329,2.9444389791664403,9,1.3862943611198906,0.6931471805599453,5,0.0,0.0,7,4,49,1.43,0.36772478012531734,1.6094379124341003
73,54549.0,1,2,233.0,3.190476350346503,5.37989735354046,1.0986122886681098,1.9459101490553132,0.0,0.0,2.302585092994046,10,1.791759469228055,0.6931471805599453,4,0.0,0.0,12,7,8,0.32,0.18232155679395465,1.0986122886681098
54,47111.0,1,2,1061.0,4.272955539619519,6.39024066706535,4.276666119016055,5.0369526024136295,4.795790545596741,4.406719247264253,3.7376696182833684,15,1.3862943611198906,1.0986122886681098,10,0.0,0.0,12,9,35,1.8,0.33647223662121295,1.9459101490553132
62,41003.0,0,1,549.0,3.5642370089066597,4.820281565605037,4.406719247264253,4.962844630259907,4.276666119016055,3.8066624897703196,4.48863636973214,16,1.9459101490553132,1.0986122886681098,8,0.0,0.0,12,6,11,1.28,0.06062462181643484,0.6931471805599453
43,19444.0,1,2,54.0,2.164963715117998,2.833213344056216,0.0,3.1780538303479458,1.3862943611198906,1.0986122886681098,2.3978952727983707,7,1.6094379124341003,0.6931471805599453,2,0.0,0.6931471805599453,11,7,8,0.35,0.35667494393873234,1.3862943611198906
49,36301.0,1,2,78.0,2.6390573296152584,2.4849066497880004,2.5649493574615367,3.58351893845611,1.3862943611198906,1.791759469228055,2.5649493574615367,6,1.3862943611198906,0.0,3,0.0,0.0,10,7,53,0.68,0.15415067982725827,0.6931471805599453
78,73059.0,1,2,1063.0,3.773220602547687,6.018593214496234,4.406719247264253,6.042632833682381,0.0,4.406719247264253,4.276666119016055,25,2.302585092994046,1.3862943611198906,13,0.0,0.0,13,4,36,0.83,0.039220713153281295,0.6931471805599453
56,42731.0,1,2,244.0,3.2347491740244907,5.075173815233827,1.0986122886681098,3.9512437185814275,1.9459101490553132,1.0986122886681098,3.2188758248682006,10,1.6094379124341003,0.6931471805599453,5,0.0,0.0,9,5,64,0.69,0.262364264467491,1.3862943611198906
66,52854.0,2,3,116.0,2.866274206317104,4.663439094112067,0.0,2.3978952727983707,0.0,0.6931471805599453,0.0,7,1.0986122886681098,0.6931471805599453,4,0.0,0.0,7,5,43,0.27,0.2513144282809061,1.0986122886681098
47,22775.0,1,2,15.0,1.791759469228055,1.791759469228055,0.6931471805599453,2.1972245773362196,0.0,0.0,0.6931471805599453,3,0.6931471805599453,0.0,2,0.0,0.0,9,8,40,1.03,0.2876820724517809,0.6931471805599453
77,46681.0,2,3,425.0,3.4454420834599127,5.598421958998375,2.772588722239781,4.248495242049359,2.772588722239781,2.995732273553991,3.6635616461296463,14,1.6094379124341003,1.9459101490553132,4,0.0,0.0,9,5,52,0.72,0.13353139262452263,1.0986122886681098
70,59821.0,1,2,734.0,3.629660094453965,6.4457198193855785,0.0,4.2626798770413155,0.0,0.0,3.58351893845611,20,2.4849066497880004,1.0986122886681098,7,0.0,0.0,19,8,11,1.21,0.262364264467491,1.9459101490553132
71,50002.0,1,2,638.0,3.651421891579036,6.095824562432225,1.791759469228055,4.276666119016055,3.091042453358316,2.833213344056216,4.418840607796598,17,2.1972245773362196,1.0986122886681098,7,0.0,0.0,15,7,21,1.03,0.11122563511022437,1.0986122886681098
80,69755.0,0,1,894.0,3.7744016275520984,5.384495062789089,4.356708826689592,5.924255797414532,4.718498871295094,3.1780538303479458,4.543294782270004,21,1.3862943611198906,1.9459101490553132,12,0.0,0.0,4,1,23,0.74,0.04652001563489285,0.6931471805599453
56,44078.0,2,3,41.0,2.2192034840549946,3.2188758248682006,0.6931471805599453,2.3978952727983707,1.0986122886681098,0.0,1.6094379124341003,5,1.0986122886681098,0.0,3,0.0,0.0,7,5,17,0.03,0.33647223662121295,1.0986122886681098
49,30560.0,1,2,31.0,2.169053700369523,2.302585092994046,0.6931471805599453,1.791759469228055,1.6094379124341003,1.791759469228055,2.0794415416798357,4,0.6931471805599453,0.0,3,0.0,0.0,8,7,6,1.0,0.22314355131420976,0.6931471805599453
56,35924.0,2,3,34.0,2.2512917986064953,2.1972245773362196,0.0,2.70805020110221,1.0986122886681098,1.3862943611198906,2.0794415416798357,4,0.6931471805599453,0.0,3,0.0,0.0,6,5,56,0.27,0.22314355131420976,0.6931471805599453
61,64140.0,2,3,1426.5,4.7071017525906935,7.110696122978827,0.0,4.127134385045092,0.0,2.772588722239781,4.848116364598481,13,1.0986122886681098,1.791759469228055,6,1.3862943611198906,0.6931471805599453,7,5,71,0.76,0.325422400434628,1.791759469228055
44,56386.0,2,3,612.0,3.6109179126442243,5.442417710521793,3.8918202981106265,5.3706380281276624,2.6390573296152584,3.4965075614664802,4.330733340286331,17,2.302585092994046,0.6931471805599453,7,0.0,0.0,18,9,51,1.67,0.3856624808119847,2.1972245773362196
46,24594.0,1,2,29.0,2.1102132003465894,0.6931471805599453,1.3862943611198906,1.9459101490553132,2.3978952727983707,0.0,2.302585092994046,4,0.6931471805599453,0.0,3,0.0,0.0,6,5,94,0.55,0.22314355131420976,0.6931471805599453
44,75774.0,1,2,685.5,3.5631744977388777,5.831882477283517,3.091042453358316,4.90527477843843,4.799914262780603,2.70805020110221,4.04305126783455,20,2.0794415416798357,1.791759469228055,8,0.0,0.0,11,4,27,0.16,0.048790164169432,0.6931471805599453
65,39228.0,0,1,20.0,2.03688192726104,2.0794415416798357,0.6931471805599453,1.9459101490553132,0.0,1.3862943611198906,1.3862943611198906,3,0.0,0.0,3,0.0,0.0,4,4,1,1.14,0.2876820724517809,0.6931471805599453
51,58494.0,1,2,396.0,3.377099830083095,5.700443573390687,2.0794415416798357,4.23410650459726,1.6094379124341003,0.0,2.995732273553991,14,1.9459101490553132,1.0986122886681098,6,0.0,0.0,12,6,56,0.54,0.13353139262452263,1.0986122886681098
44,58684.0,0,1,813.0,3.7293013686128518,6.173786103901937,3.58351893845611,5.19295685089021,3.367295829986474,2.0794415416798357,4.454347296253507,20,1.791759469228055,1.3862943611198906,12,0.6931471805599453,0.0,7,2,71,0.04,0.048790164169432,0.6931471805599453
58,57136.0,0,1,1076.5,4.054527179869081,5.5909869805108565,4.406719247264253,6.322565239927284,3.5553480614894135,2.5649493574615367,4.848116364598481,19,2.0794415416798357,1.791759469228055,7,0.0,0.6931471805599453,13,6,18,1.11,0.051293294387550536,0.6931471805599453
75,56551.0,2,3,138.0,3.030823593365261,4.219507705176107,1.6094379124341003,3.4965075614664802,2.8903717578961645,1.0986122886681098,2.833213344056216,7,1.0986122886681098,0.6931471805599453,4,0.0,0.0,6,4,48,0.15,0.35667494393873234,1.3862943611198906
43,22448.0,1,2,55.0,2.3191143949452564,1.3862943611198906,0.6931471805599453,2.1972245773362196,3.1780538303479458,1.0986122886681098,2.9444389791664403,6,1.0986122886681098,0.6931471805599453,3,0.0,0.0,5,3,86,0.34,0.4054651081081644,1.3862943611198906
64,82014.0,0,1,1429.0,4.2347963976911975,6.8885724595653635,3.6375861597263857,5.583496308781699,3.58351893845611,4.406719247264253,3.4657359027997265,21,1.3862943611198906,1.9459101490553132,12,0.0,0.6931471805599453,9,6,48,1.86,0.04652001563489285,0.6931471805599453
62,34213.0,2,3,117.0,3.0204248861443626,3.9318256327243257,1.6094379124341003,3.367295829986474,1.9459101490553132,1.3862943611198906,3.295836866004329,6,1.3862943611198906,0.6931471805599453,2,0.0,0.6931471805599453,12,9,2,1.81,0.4054651081081644,1.3862943611198906
48,117418.0,0,1,561.0,3.0462216734763827,0.6931471805599453,0.0,6.322565239927284,1.0986122886681098,0.6931471805599453,0.6931471805599453,28,0.0,3.367295829986474,0,0.0,0.0,1,1,13,1.17,0.0,0.0
78,25358.0,1,2,32.0,2.1972245773362196,2.995732273553991,0.0,1.791759469228055,0.0,0.0,2.1972245773362196,4,0.6931471805599453,0.0,3,0.0,0.0,7,6,57,0.94,0.4054651081081644,1.0986122886681098
47,35544.0,1,2,67.0,2.667228206581955,3.4339872044851463,1.791759469228055,3.1780538303479458,1.6094379124341003,0.6931471805599453,1.6094379124341003,5,1.0986122886681098,0.0,3,0.0,0.0,9,7,77,0.31,0.18232155679395465,0.6931471805599453
71,36634.0,1,2,335.0,3.364418130158859,5.365976015021851,2.302585092994046,4.343805421853684,1.6094379124341003,1.3862943611198906,3.4339872044851463,12,1.791759469228055,1.0986122886681098,5,0.0,0.0,12,7,0,1.09,0.22314355131420976,1.3862943611198906
71,62670.0,1,2,825.0,3.6959969218828004,6.29156913955832,3.4339872044851463,4.532599493153256,4.394449154672439,3.8501476017100584,3.6635616461296463,21,1.791759469228055,1.3862943611198906,13,0.0,0.0,8,3,57,0.4,0.04652001563489285,0.6931471805599453
53,50334.0,1,2,686.5,3.7228545324982276,5.652489180268651,2.833213344056216,5.081404364984463,4.442651256490317,2.833213344056216,4.848116364598481,17,2.0794415416798357,1.6094379124341003,6,0.0,0.0,13,6,24,0.93,0.3022808718729336,1.9459101490553132
44,72066.0,0,1,1778.5,4.719892988347881,6.911747300251674,3.5553480614894135,6.285998094508865,4.799914262780603,3.9512437185814275,3.5553480614894135,16,1.6094379124341003,1.9459101490553132,6,1.0986122886681098,0.6931471805599453,6,2,55,0.02,0.06062462181643484,0.6931471805599453
67,50729.0,2,3,496.0,3.5283193891014943,5.480638923341991,2.6390573296152584,4.969813299576001,3.828641396489095,1.6094379124341003,3.970291913552122,15,1.9459101490553132,1.0986122886681098,7,0.0,0.0,12,6,62,1.16,0.4700036292457356,2.302585092994046
57,34916.0,2,3,231.0,3.283414346005772,3.9512437185814275,3.1780538303479458,4.418840607796598,3.5263605246161616,0.0,3.7612001156935624,9,1.791759469228055,0.6931471805599453,3,0.0,0.0,14,9,89,1.12,0.36772478012531734,1.6094379124341003
49,64892.0,1,2,902.0,3.7376696182833684,6.269096283706261,3.2188758248682006,5.442417710521793,3.4965075614664802,3.2188758248682006,4.189654742026425,22,1.9459101490553132,1.6094379124341003,12,0.0,0.0,10,4,77,0.08,0.08701137698962977,1.0986122886681098
59,43602.0,2,3,68.0,2.512305623976115,2.995732273553991,1.791759469228055,2.5649493574615367,2.3978952727983707,1.3862943611198906,2.995732273553991,6,1.3862943611198906,0.6931471805599453,2,0.0,0.0,9,6,45,0.47,0.4054651081081644,1.3862943611198906
36,33996.0,0,1,71.0,2.7212954278522306,3.713572066704308,1.0986122886681098,2.772588722239781,2.1972245773362196,0.0,1.9459101490553132,5,0.6931471805599453,0.6931471805599453,3,0.0,0.0,5,4,46,0.8,0.18232155679395465,0.6931471805599453
40,41473.0,1,2,76.0,2.785011242238338,3.091042453358316,2.1972245773362196,3.044522437723423,2.772588722239781,1.3862943611198906,2.302585092994046,5,1.0986122886681098,0.0,3,0.0,0.0,9,7,80,1.03,0.18232155679395465,0.6931471805599453
58,63246.0,2,3,772.0,3.631300783911425,6.386879319362645,3.4339872044851463,4.5217885770490405,3.4011973816621555,3.1354942159291497,2.0794415416798357,21,1.9459101490553132,1.3862943611198906,12,0.0,0.0,10,4,60,0.86,0.04652001563489285,0.6931471805599453
66,36732.0,2,3,47.0,2.1785324443240666,3.091042453358316,1.791759469228055,1.3862943611198906,2.3978952727983707,0.6931471805599453,2.0794415416798357,6,0.6931471805599453,0.6931471805599453,4,0.0,0.0,3,2,71,0.5,0.4054651081081644,1.3862943611198906
55,69084.0,1,2,1560.0,4.231582843951863,7.074963197966044,4.406719247264253,5.298317366548036,3.6888794541139363,3.4339872044851463,3.4339872044851463,23,2.0794415416798357,1.3862943611198906,13,0.0,0.0,15,8,43,0.61,0.08338160893905106,1.0986122886681098
58,77766.0,1,2,1529.0,3.8873460177157053,6.912742820493176,4.0943445622221,5.583496308781699,4.7535901911063645,4.0943445622221,3.332204510175204,32,2.4849066497880004,2.3978952727983707,11,0.6931471805599453,0.6931471805599453,17,6,97,1.35,0.06062462181643484,1.0986122886681098
40,37929.0,0,1,265.0,3.2225055929187794,5.313205979041787,1.0986122886681098,3.8501476017100584,1.3862943611198906,1.0986122886681098,2.3978952727983707,11,1.6094379124341003,1.0986122886681098,5,1.0986122886681098,0.6931471805599453,11,7,49,0.91,0.16705408466316618,1.0986122886681098
74,86610.0,0,1,1250.0,4.311193836264923,6.102558594613569,4.406719247264253,6.322565239927284,3.5263605246161616,4.406719247264253,3.9889840465642745,17,1.791759469228055,1.9459101490553132,6,0.0,0.0,7,2,66,0.81,0.05715841383994861,0.6931471805599453
39,80141.0,0,1,1953.0,4.543294782270004,7.077498053569231,4.406719247264253,6.322565239927284,3.970291913552122,3.713572066704308,3.713572066704308,21,2.0794415416798357,1.6094379124341003,10,0.6931471805599453,0.6931471805599453,13,6,20,1.46,0.04652001563489285,0.6931471805599453
70,72635.0,0,1,981.0,3.9130225057612296,5.968707559985366,3.1354942159291497,5.780743515792329,4.653960350157523,3.58351893845611,4.68213122712422,20,1.9459101490553132,2.1972245773362196,6,0.6931471805599453,0.0,9,3,54,1.07,0.048790164169432,0.6931471805599453
55,69016.0,1,2,1470.0,3.912023005428146,6.588926477533519,3.9889840465642745,5.8971538676367405,4.799914262780603,4.406719247264253,4.848116364598481,30,2.1972245773362196,2.302585092994046,13,0.0,0.0,13,5,61,1.6,0.12516314295400602,1.6094379124341003
34,20193.0,0,1,82.0,2.6855773452501515,2.1972245773362196,2.1972245773362196,3.1354942159291497,3.2188758248682006,2.4849066497880004,2.302585092994046,6,0.6931471805599453,0.6931471805599453,4,0.0,0.0,5,4,18,1.58,0.15415067982725827,0.6931471805599453
50,27573.0,1,2,244.0,3.2347491740244907,3.9318256327243257,2.772588722239781,4.709530201312334,3.6888794541139363,2.772588722239781,2.772588722239781,10,1.791759469228055,0.6931471805599453,4,0.0,0.0,13,8,45,1.26,0.33647223662121295,1.6094379124341003
46,15862.0,1,2,36.0,2.302585092994046,0.6931471805599453,0.6931471805599453,1.6094379124341003,2.4849066497880004,2.302585092994046,2.3978952727983707,4,0.6931471805599453,0.0,3,0.0,0.0,9,8,26,1.0,0.22314355131420976,0.6931471805599453
49,49544.0,1,2,404.0,3.396424102909498,5.733341276897746,0.0,4.30406509320417,0.0,0.0,3.1780538303479458,14,1.791759469228055,0.6931471805599453,8,0.0,0.0,12,7,0,1.37,0.13353139262452263,1.0986122886681098
45,33228.0,1,2,71.0,2.7212954278522306,3.1354942159291497,1.0986122886681098,3.4657359027997265,2.0794415416798357,1.6094379124341003,1.791759469228055,5,1.0986122886681098,0.0,3,0.0,0.0,9,7,28,0.43,0.18232155679395465,0.6931471805599453
47,70440.0,0,1,1515.0,4.24654529018028,6.53813982376767,4.406719247264253,6.214608098422191,4.343805421853684,4.406719247264253,4.48863636973214,22,1.791759469228055,2.3978952727983707,7,0.6931471805599453,0.0,8,3,49,0.72,0.04445176257083384,0.6931471805599453
54,38232.0,2,3,122.0,2.913902255306359,3.784189633918261,1.791759469228055,3.367295829986474,2.0794415416798357,1.9459101490553132,3.5263605246161616,7,1.3862943611198906,0.6931471805599453,3,0.0,0.0,8,5,84,0.45,0.4519851237430572,1.6094379124341003
70,22554.0,2,3,41.0,2.0583881324820035,3.332204510175204,0.0,2.3978952727983707,0.0,0.0,1.6094379124341003,6,1.0986122886681098,0.0,4,0.0,0.0,7,5,38,1.65,0.5108256237659907,1.6094379124341003
42,23536.0,1,2,10.0,1.4663370687934272,1.9459101490553132,0.0,1.3862943611198906,0.0,0.0,0.6931471805599453,3,0.0,0.0,3,0.0,0.0,3,3,53,0.07,0.2876820724517809,0.6931471805599453
73,49413.0,1,2,304.0,3.3546773660272624,5.327876168789581,2.0794415416798357,3.7376696182833684,1.3862943611198906,1.0986122886681098,3.8501476017100584,11,1.6094379124341003,1.0986122886681098,5,0.0,0.0,9,5,88,0.68,0.16705408466316618,1.0986122886681098
56,42231.0,2,3,37.0,2.327277705584417,3.2188758248682006,0.0,2.1972245773362196,0.0,0.6931471805599453,1.6094379124341003,4,0.6931471805599453,0.0,3,0.0,0.0,6,5,99,0.26,0.22314355131420976,0.6931471805599453
45,78789.0,0,1,1458.0,4.58700621536042,6.504288173536645,3.9318256327243257,6.322565239927284,3.091042453358316,4.406719247264253,4.430816798843313,15,1.6094379124341003,1.9459101490553132,5,0.0,0.6931471805599453,6,2,12,1.89,0.06453852113757118,0.6931471805599453
57,56534.0,1,2,815.0,3.6841061753612787,6.539585955617669,2.0794415416798357,4.127134385045092,2.3978952727983707,0.0,3.8501476017100584,21,2.3978952727983707,1.6094379124341003,7,1.0986122886681098,0.6931471805599453,18,8,35,0.93,0.17435338714477774,1.6094379124341003
54,58350.0,1,2,1001.0,3.7959775896703034,6.202535517187923,3.295836866004329,5.332718793265369,4.762173934797756,4.394449154672439,4.394449154672439,23,2.1972245773362196,1.3862943611198906,12,0.0,0.0,14,6,5,1.48,0.16034265007517937,1.6094379124341003
36,81217.0,0,1,1131.5,4.00516633714738,6.202535517187923,4.2626798770413155,5.783825182329737,4.799914262780603,3.713572066704308,4.442651256490317,21,1.3862943611198906,2.0794415416798357,11,0.0,0.0,4,1,77,0.94,0.04652001563489285,0.6931471805599453
74,49090.0,1,2,688.0,3.6692434795970774,6.20455776256869,1.791759469228055,4.418840607796598,2.0794415416798357,0.0,4.61512051684126,18,2.0794415416798357,1.0986122886681098,9,0.0,0.0,14,7,45,0.94,0.15415067982725827,1.3862943611198906
38,61787.0,0,1,1319.0,4.307811819205779,6.432940092739179,4.30406509320417,6.028278520230698,4.3694478524670215,3.8918202981106265,4.454347296253507,18,2.1972245773362196,1.6094379124341003,6,0.0,0.0,13,5,71,0.98,0.054067221270275766,0.6931471805599453
40,18169.0,1,2,21.0,2.0794415416798357,2.302585092994046,0.0,1.791759469228055,0.0,0.0,2.0794415416798357,3,0.6931471805599453,0.0,2,0.0,0.0,9,8,40,1.36,0.2876820724517809,0.6931471805599453
44,24336.0,1,2,31.0,2.4277482359480516,0.6931471805599453,1.9459101490553132,1.0986122886681098,2.1972245773362196,1.0986122886681098,2.5649493574615367,3,0.6931471805599453,0.0,2,0.0,0.0,8,7,82,1.84,0.2876820724517809,0.6931471805599453
35,18222.0,0,1,67.0,2.667228206581955,2.5649493574615367,1.6094379124341003,2.995732273553991,2.5649493574615367,1.9459101490553132,2.70805020110221,5,1.0986122886681098,0.0,3,0.0,0.0,10,8,70,1.49,0.18232155679395465,0.6931471805599453
73,62335.0,1,2,658.0,3.5732322937458343,5.497168225293202,4.406719247264253,5.384495062789089,4.454347296253507,1.9459101490553132,3.295836866004329,19,1.3862943611198906,1.3862943611198906,13,0.0,0.0,5,2,87,1.1,0.10008345855698253,1.0986122886681098
54,42033.0,2,3,25.0,2.2335922215070942,2.4849066497880004,0.6931471805599453,1.6094379124341003,1.0986122886681098,0.0,2.0794415416798357,3,0.6931471805599453,0.0,2,0.0,0.0,8,7,95,1.77,0.2876820724517809,0.6931471805599453
42,86580.0,0,1,746.0,4.231467980639078,6.278521424165844,3.091042453358316,4.852030263919617,3.295836866004329,3.044522437723423,3.044522437723423,11,1.6094379124341003,1.0986122886681098,5,0.6931471805599453,0.0,5,1,72,1.33,0.0,0.0
68,41437.0,2,3,32.0,2.1972245773362196,3.4011973816621555,0.0,1.0986122886681098,0.0,0.0,0.6931471805599453,4,0.6931471805599453,0.0,3,0.0,0.0,8,7,5,1.77,0.22314355131420976,0.6931471805599453
74,73705.0,2,3,1521.5,4.206961296429487,6.418364935936212,4.406719247264253,6.255750041753367,4.799914262780603,4.406719247264253,4.68213122712422,23,2.302585092994046,1.9459101490553132,8,0.0,0.0,14,5,86,0.32,0.08338160893905106,1.0986122886681098
49,61064.0,1,2,981.5,3.7767509683258393,5.961005339623274,4.406719247264253,5.8377304471659395,0.0,3.828641396489095,4.848116364598481,23,2.1972245773362196,1.6094379124341003,11,0.0,0.0,14,6,80,1.83,0.19671029424605424,1.791759469228055
70,38452.0,2,3,72.0,2.5649493574615367,4.04305126783455,0.0,2.70805020110221,0.0,0.0,1.0986122886681098,6,1.3862943611198906,0.0,3,0.0,0.0,10,7,62,0.25,0.4054651081081644,1.3862943611198906
36,18358.0,1,2,57.0,2.2129729343043585,1.9459101490553132,2.1972245773362196,2.995732273553991,2.833213344056216,1.6094379124341003,1.6094379124341003,7,1.3862943611198906,0.0,4,0.0,0.0,10,7,49,0.61,0.35667494393873234,1.3862943611198906
52,55012.0,1,2,660.0,3.5761821483922556,6.368187186350492,0.0,4.189654742026425,0.0,0.0,2.6390573296152584,19,2.1972245773362196,1.0986122886681098,9,0.0,0.0,13,5,85,0.27,0.27443684570176025,1.9459101490553132
52,9722.0,1,2,103.0,2.7545702167371027,1.9459101490553132,2.8903717578961645,2.833213344056216,1.9459101490553132,2.833213344056216,3.7612001156935624,7,1.3862943611198906,0.6931471805599453,3,0.0,0.6931471805599453,11,8,7,1.74,0.4519851237430572,1.6094379124341003
41,38175.0,1,2,153.0,3.001962823304627,4.2626798770413155,1.9459101490553132,4.248495242049359,1.0986122886681098,1.3862943611198906,1.3862943611198906,8,1.3862943611198906,0.6931471805599453,4,0.0,0.0,10,7,6,0.76,0.3184537311185346,1.3862943611198906
69,58656.0,1,2,1220.0,3.797093038754169,6.870053411798126,2.5649493574615367,5.272999558563747,2.833213344056216,3.2188758248682006,2.5649493574615367,28,2.0794415416798357,2.1972245773362196,13,0.6931471805599453,0.0,13,6,25,1.77,0.13353139262452263,1.6094379124341003
60,52117.0,1,2,279.0,3.2719856501821494,4.727387818712341,2.3978952727983707,4.68213122712422,3.4339872044851463,0.0,3.044522437723423,11,1.791759469228055,1.0986122886681098,4,0.0,0.0,12,7,55,1.87,0.16705408466316618,1.0986122886681098
47,64813.0,1,2,670.5,3.5915277180669163,5.683579767338681,0.0,4.8283137373023015,4.799914262780603,4.406719247264253,3.970291913552122,19,2.0794415416798357,1.0986122886681098,10,0.0,0.0,12,5,81,0.49,0.051293294387550536,0.6931471805599453
52,54222.0,1,2,264.0,3.2188758248682006,5.298317366548036,2.5649493574615367,3.4657359027997265,1.3862943611198906,2.5649493574615367,2.0794415416798357,11,1.3862943611198906,1.3862943611198906,5,0.0,0.0,6,3,98,0.33,0.08701137698962977,0.6931471805599453
39,83512.0,0,1,1878.0,4.504560273088863,6.966967138613983,4.127134385045092,6.322565239927284,4.394449154672439,3.044522437723423,4.624972813284271,21,1.6094379124341003,2.0794415416798357,10,1.6094379124341003,0.6931471805599453,5,1,31,0.03,0.04652001563489285,0.6931471805599453
66,77520.0,1,2,1519.0,4.2491443819618,6.846943139585379,3.8066624897703196,5.983936280687191,0.0,4.406719247264253,4.07753744390572,22,2.1972245773362196,2.0794415416798357,7,1.3862943611198906,0.6931471805599453,12,4,30,0.84,0.04445176257083384,0.6931471805599453
47,41154.0,1,2,69.0,2.6946271807700692,3.8066624897703196,1.0986122886681098,2.4849066497880004,1.0986122886681098,1.3862943611198906,2.0794415416798357,5,0.6931471805599453,0.0,4,0.0,0.0,6,5,98,1.22,0.18232155679395465,0.6931471805599453
59,80398.0,0,1,1130.5,3.8334126048462345,5.8377304471659395,3.9512437185814275,6.322565239927284,4.799914262780603,3.58351893845611,3.295836866004329,25,1.791759469228055,2.1972245773362196,12,0.6931471805599453,0.0,8,3,92,1.63,0.039220713153281295,0.6931471805599453
33,18746.0,1,2,64.0,2.456735772821304,1.0986122886681098,2.3978952727983707,2.4849066497880004,2.5649493574615367,2.302585092994046,3.044522437723423,6,1.3862943611198906,0.0,3,0.0,0.0,9,6,41,0.08,0.2876820724517809,1.0986122886681098
41,35196.0,1,2,436.5,3.6210020317108507,4.330733340286331,2.5649493574615367,4.955827057601261,3.784189633918261,3.6888794541139363,4.848116364598481,12,1.9459101490553132,0.6931471805599453,5,0.0,0.0,14,8,68,1.62,0.4054651081081644,1.9459101490553132
69,60230.0,1,2,1067.0,4.278516258304217,6.255750041753367,3.044522437723423,5.908082938168931,3.6888794541139363,4.406719247264253,3.713572066704308,15,1.9459101490553132,1.3862943611198906,6,0.0,0.0,11,5,78,1.11,0.12516314295400602,1.0986122886681098
48,22108.0,2,3,31.0,1.9740810260220096,1.791759469228055,1.3862943611198906,2.302585092994046,1.9459101490553132,1.0986122886681098,1.9459101490553132,5,1.0986122886681098,0.0,3,0.0,0.0,9,7,46,0.14,0.33647223662121295,1.0986122886681098
51,44392.0,2,3,211.0,3.196402969016142,4.477336814478207,1.791759469228055,4.276666119016055,2.0794415416798357,2.5649493574615367,3.4011973816621555,9,1.6094379124341003,0.6931471805599453,4,0.0,0.0,11,7,71,0.81,0.44183275227903923,1.791759469228055
49,55424.0,1,2,877.0,3.7556476305787765,6.137727054086234,4.127134385045092,5.220355825078324,2.3978952727983707,3.9889840465642745,4.68213122712422,21,2.0794415416798357,1.791759469228055,9,0.6931471805599453,0.6931471805599453,13,6,6,1.59,0.17435338714477774,1.6094379124341003
46,17688.0,1,2,11.0,1.5404450409471488,1.0986122886681098,1.0986122886681098,0.6931471805599453,1.3862943611198906,0.6931471805599453,1.0986122886681098,3,0.6931471805599453,0.0,2,0.0,0.0,9,8,82,1.46,0.2876820724517809,0.6931471805599453
42,92491.0,0,1,1655.0,4.247899826729595,6.887552571664617,3.8066624897703196,6.322565239927284,3.4011973816621555,3.258096538021482,3.1354942159291497,24,2.0794415416798357,1.791759469228055,12,1.3862943611198906,0.6931471805599453,10,3,71,1.16,0.040821994520255124,0.6931471805599453
34,90273.0,0,1,1646.0,4.52660786348499,6.558197802812269,4.406719247264253,6.322565239927284,4.795790545596741,4.31748811353631,4.718498871295094,18,1.791759469228055,1.9459101490553132,7,1.3862943611198906,0.6931471805599453,7,2,32,0.54,0.054067221270275766,0.6931471805599453
63,82571.0,0,1,1670.0,4.256794044864054,6.759255270663693,3.4657359027997265,6.322565239927284,4.143134726391533,4.406719247264253,4.382026634673881,24,1.9459101490553132,1.791759469228055,13,0.6931471805599453,0.0,8,2,28,0.24,0.0,0.0
43,38513.0,1,2,324.0,3.332204510175204,5.153291594497779,1.3862943611198906,4.7535901911063645,2.833213344056216,0.0,2.9444389791664403,12,1.9459101490553132,0.6931471805599453,5,0.0,0.6931471805599453,14,8,20,0.42,0.34830669426821576,1.791759469228055
46,16653.0,1,2,69.0,2.5257286443082556,1.791759469228055,2.0794415416798357,3.4657359027997265,2.772588722239781,1.6094379124341003,2.0794415416798357,6,1.0986122886681098,0.6931471805599453,3,0.0,0.6931471805599453,8,6,10,0.2,0.4054651081081644,1.3862943611198906
70,42586.0,2,3,252.0,3.174258759379394,5.272999558563747,1.0986122886681098,4.04305126783455,0.0,0.0,0.0,11,1.6094379124341003,0.6931471805599453,6,0.0,0.6931471805599453,12,8,7,1.66,0.37469344944141064,1.791759469228055
60,23529.0,1,2,54.0,2.6741486494265287,2.302585092994046,2.0794415416798357,2.6390573296152584,1.3862943611198906,1.0986122886681098,3.044522437723423,4,0.6931471805599453,0.6931471805599453,2,0.0,0.0,7,6,67,1.47,0.22314355131420976,0.6931471805599453
64,74881.0,2,3,964.0,3.7591758235043318,6.226536669287466,4.290459441148391,5.602118820879701,3.6109179126442243,3.332204510175204,4.007333185232471,23,2.302585092994046,1.0986122886681098,12,0.0,0.0,14,5,48,1.31,0.16034265007517937,1.6094379124341003
74,71107.0,1,2,1088.0,3.7576158824657475,6.280395838960195,2.3978952727983707,5.384495062789089,4.799914262780603,4.406719247264253,4.848116364598481,26,2.0794415416798357,1.9459101490553132,13,0.0,0.0,11,4,61,1.36,0.07410797215372189,1.0986122886681098
61,46910.0,2,3,68.0,2.681021528714291,3.8918202981106265,0.0,2.70805020110221,0.0,0.0,1.9459101490553132,5,1.0986122886681098,0.0,3,0.0,0.0,8,6,36,0.27,0.33647223662121295,1.0986122886681098
66,18690.0,0,1,60.0,2.772588722239781,1.9459101490553132,0.6931471805599453,2.0794415416798357,3.1780538303479458,1.6094379124341003,2.995732273553991,4,0.6931471805599453,0.6931471805599453,2,0.0,0.0,9,8,77,1.5,0.22314355131420976,0.6931471805599453
70,37244.0,2,3,55.0,2.691243082785829,2.9444389791664403,1.0986122886681098,2.3978952727983707,0.0,0.0,3.258096538021482,4,0.6931471805599453,0.6931471805599453,2,0.6931471805599453,0.0,8,7,90,1.17,0.22314355131420976,0.6931471805599453
59,82427.0,0,1,1364.0,4.237000862623624,6.180016653652572,4.406719247264253,6.234410725718371,4.653960350157523,4.406719247264253,4.68213122712422,20,1.3862943611198906,1.791759469228055,12,0.6931471805599453,0.0,4,1,35,0.3,0.048790164169432,0.6931471805599453
67,75342.0,1,2,510.0,3.4339872044851463,5.3230099791384085,4.406719247264253,4.584967478670572,3.091042453358316,4.406719247264253,3.295836866004329,17,1.791759469228055,1.0986122886681098,10,0.0,0.0,9,4,38,1.15,0.05715841383994861,0.6931471805599453
71,70044.0,1,2,1471.5,4.217835184297849,6.97914527506881,0.0,5.5254529391317835,4.799914262780603,2.70805020110221,2.70805020110221,22,2.0794415416798357,2.3978952727983707,5,0.0,0.0,12,5,46,1.36,0.16705408466316618,1.6094379124341003
58,79146.0,2,3,564.0,3.531537412795695,5.5053315359323625,2.833213344056216,5.4116460518550396,3.091042453358316,3.784189633918261,2.833213344056216,17,2.1972245773362196,0.6931471805599453,8,0.0,0.0,14,6,33,0.18,0.11122563511022437,1.0986122886681098
62,77437.0,0,1,1125.0,3.9538626637710546,6.329720905522696,3.091042453358316,6.093569770045136,3.4011973816621555,3.8066624897703196,3.4011973816621555,22,1.6094379124341003,1.791759469228055,13,0.6931471805599453,0.0,5,1,70,0.59,0.04445176257083384,0.6931471805599453
66,54984.0,1,2,358.0,3.3512527051458987,5.159055299214529,2.6390573296152584,4.882801922586371,3.4965075614664802,1.3862943611198906,1.9459101490553132,13,1.9459101490553132,0.6931471805599453,6,0.6931471805599453,0.0,13,7,51,0.1,0.26826398659467937,1.6094379124341003
54,42403.0,1,2,42.0,2.4423470353692043,3.1354942159291497,0.6931471805599453,2.4849066497880004,0.0,1.791759469228055,1.3862943611198906,4,0.6931471805599453,0.0,3,0.0,0.0,9,8,18,0.55,0.22314355131420976,0.6931471805599453
61,55761.0,1,2,184.0,3.1780538303479458,4.919980925828125,0.6931471805599453,2.5649493574615367,0.0,1.3862943611198906,3.4965075614664802,8,1.6094379124341003,0.6931471805599453,3,0.6931471805599453,0.0,10,6,97,0.18,0.22314355131420976,1.0986122886681098
42,37292.0,1,2,460.0,3.5221499920798176,5.62040086571715,0.0,4.465908118654584,2.3978952727983707,3.1780538303479458,4.204692619390966,14,1.9459101490553132,1.3862943611198906,5,0.0,0.0,14,8,32,1.2,0.30538164955118186,1.791759469228055
80,45576.0,0,1,145.0,3.077970371790963,4.04305126783455,2.995732273553991,3.4011973816621555,1.0986122886681098,2.70805020110221,3.258096538021482,7,1.3862943611198906,0.6931471805599453,3,0.0,0.6931471805599453,11,8,9,0.09,0.13353139262452263,0.6931471805599453
78,70321.0,0,1,1116.5,3.8611682113764974,5.717027701406222,3.1780538303479458,6.322565239927284,4.418840607796598,3.295836866004329,4.848116364598481,24,1.9459101490553132,1.791759469228055,13,0.0,0.6931471805599453,10,4,6,1.45,0.040821994520255124,0.6931471805599453
56,58086.0,1,2,792.0,3.6562086718243876,6.5638555265321274,2.0794415416798357,4.143134726391533,0.0,0.0,2.772588722239781,21,2.4849066497880004,1.3862943611198906,7,0.0,0.0,19,8,80,1.44,0.09097177820572669,1.0986122886681098
73,81795.0,0,1,1157.0,3.981379447179055,5.783825182329737,4.406719247264253,6.322565239927284,3.332204510175204,4.406719247264253,4.48863636973214,22,1.6094379124341003,2.4849066497880004,7,0.0,0.0,6,2,74,1.67,0.04445176257083384,0.6931471805599453
78,28389.0,0,1,28.0,2.3353749158170367,0.6931471805599453,1.791759469228055,1.3862943611198906,2.0794415416798357,1.6094379124341003,2.1972245773362196,3,0.6931471805599453,0.0,2,0.0,0.0,8,7,49,1.6,0.2876820724517809,0.6931471805599453
79,66835.0,0,1,1018.5,3.812923044771877,6.431331081933479,3.295836866004329,5.278114659230517,3.5553480614894135,2.8903717578961645,4.848116364598481,23,1.9459101490553132,1.6094379124341003,13,0.0,0.0,8,2,21,0.75,0.04255961441879593,0.6931471805599453
56,69901.0,1,2,848.5,3.7710353121271685,5.746203190540153,3.091042453358316,5.332718793265369,4.634728988229636,4.406719247264253,4.848116364598481,20,2.0794415416798357,1.3862943611198906,10,0.0,0.0,12,5,95,1.08,0.1397619423751587,1.3862943611198906
76,80360.0,0,1,1957.0,5.020839464270497,7.110696122978827,4.406719247264253,6.12029741895095,4.727387818712341,3.784189633918261,3.784189633918261,13,1.6094379124341003,1.6094379124341003,5,1.3862943611198906,0.0,6,2,56,1.32,0.14310084364067333,1.0986122886681098
64,63342.0,1,2,1101.0,4.245813076829419,6.823286122355687,3.091042453358316,4.77912349311153,2.6390573296152584,2.3978952727983707,3.091042453358316,16,2.1972245773362196,1.3862943611198906,5,0.6931471805599453,0.6931471805599453,14,6,48,1.7,0.17185025692665923,1.3862943611198906
51,44989.0,1,2,369.0,3.542275979922061,4.59511985013459,0.0,4.672828834461906,3.912023005428146,2.3978952727983707,4.672828834461906,11,1.791759469228055,0.6931471805599453,5,0.0,0.0,11,6,26,1.79,0.37469344944141064,1.791759469228055
45,31859.0,1,2,48.0,2.5649493574615367,1.3862943611198906,1.6094379124341003,2.0794415416798357,2.772588722239781,2.1972245773362196,2.4849066497880004,4,0.6931471805599453,0.0,3,0.0,0.0,8,7,3,0.33,0.22314355131420976,0.6931471805599453
76,51569.0,1,2,467.0,3.46989391294839,5.942799375126701,0.0,3.871201010907891,1.9459101490553132,0.0,3.5553480614894135,15,2.0794415416798357,0.6931471805599453,7,0.6931471805599453,0.6931471805599453,15,8,39,1.37,0.2363887780642304,1.6094379124341003
54,30372.0,2,3,44.0,2.2823823856765264,2.772588722239781,0.0,2.5649493574615367,2.0794415416798357,1.3862943611198906,2.0794415416798357,5,1.0986122886681098,0.0,3,0.0,0.0,9,7,33,1.51,0.4700036292457356,1.3862943611198906
46,16014.0,2,3,38.0,1.992430164690206,1.3862943611198906,2.302585092994046,1.6094379124341003,2.0794415416798357,2.1972245773362196,2.0794415416798357,6,0.6931471805599453,0.6931471805599453,4,0.0,0.0,4,3,42,1.28,0.5108256237659907,1.6094379124341003
57,41120.0,2,3,81.0,2.6741486494265287,3.2188758248682006,1.0986122886681098,3.1780538303479458,0.0,2.1972245773362196,3.2188758248682006,6,1.0986122886681098,0.6931471805599453,3,0.0,0.0,8,6,80,0.64,0.4054651081081644,1.3862943611198906
54,39763.0,1,2,167.0,3.0853444322436783,4.394449154672439,0.6931471805599453,4.110873864173311,1.6094379124341003,1.9459101490553132,2.833213344056216,8,1.791759469228055,0.6931471805599453,2,0.0,0.6931471805599453,14,9,9,0.9,0.22314355131420976,1.0986122886681098
70,38725.0,2,3,45.0,2.302585092994046,3.4657359027997265,0.0,1.9459101490553132,1.0986122886681098,0.6931471805599453,1.791759469228055,5,0.6931471805599453,0.0,4,0.0,0.0,5,4,52,0.14,0.33647223662121295,1.0986122886681098
53,77981.0,1,2,580.0,3.503218996054467,4.9344739331306915,4.406719247264253,5.3230099791384085,2.833213344056216,4.406719247264253,4.110873864173311,18,2.0794415416798357,1.6094379124341003,7,0.0,0.0,12,5,78,1.09,0.15415067982725827,1.3862943611198906
61,62905.0,1,2,596.0,3.5851515918799954,5.117993812416755,4.330733340286331,4.574710978503383,4.787491742782046,4.406719247264253,4.0943445622221,17,2.0794415416798357,1.0986122886681098,8,0.0,0.0,11,4,68,0.8,0.1625189294977749,1.3862943611198906
46,13533.0,1,2,48.0,2.3608540011180215,2.5649493574615367,1.3862943611198906,2.1972245773362196,2.1972245773362196,0.0,2.8903717578961645,5,1.0986122886681098,0.0,3,0.0,0.0,9,7,45,1.3,0.33647223662121295,1.0986122886681098
50,59481.0,1,2,461.0,3.524257474419383,5.187385805840755,1.3862943611198906,4.454347296253507,4.276666119016055,4.204692619390966,4.07753744390572,14,1.3862943611198906,1.3862943611198906,8,0.0,0.0,5,2,47,0.68,0.13353139262452263,1.0986122886681098
48,72117.0,1,2,1073.0,3.7823697972012753,6.56244409369372,3.044522437723423,5.147494476813453,4.189654742026425,4.110873864173311,3.9318256327243257,25,2.302585092994046,2.0794415416798357,9,0.0,0.0,14,5,34,0.86,0.039220713153281295,0.6931471805599453
39,21955.0,1,2,55.0,2.3191143949452564,1.791759469228055,0.6931471805599453,2.0794415416798357,2.8903717578961645,2.70805020110221,2.4849066497880004,6,1.0986122886681098,0.6931471805599453,3,0.0,0.0,8,6,81,0.81,0.2876820724517809,1.0986122886681098
69,67131.0,1,2,976.0,3.771260562719404,6.144185634125646,4.276666119016055,5.5254529391317835,4.543294782270004,3.58351893845611,4.143134726391533,23,2.302585092994046,1.0986122886681098,12,0.0,0.0,15,6,72,1.26,0.12260232209233235,1.3862943611198906
45,36802.0,1,2,20.0,1.791759469228055,2.833213344056216,0.6931471805599453,1.0986122886681098,0.0,0.0,0.6931471805599453,4,0.6931471805599453,0.0,3,0.0,0.0,6,5,23,0.04,0.22314355131420976,0.6931471805599453
43,71853.0,0,1,1085.5,4.231839444002617,5.883322388488279,4.406719247264253,6.025865973825314,4.799914262780603,4.406719247264253,3.4965075614664802,16,1.0986122886681098,2.1972245773362196,6,0.0,0.0,3,1,29,1.14,0.06062462181643484,0.6931471805599453
64,28249.0,0,1,43.0,2.2617630984737906,0.6931471805599453,2.302585092994046,2.0794415416798357,1.0986122886681098,2.70805020110221,2.3978952727983707,5,1.0986122886681098,0.0,3,0.0,0.0,8,6,80,0.04,0.18232155679395465,0.6931471805599453
50,47808.0,1,2,224.0,3.367295829986474,4.820281565605037,0.6931471805599453,3.295836866004329,1.0986122886681098,0.0,4.290459441148391,8,1.3862943611198906,1.0986122886681098,3,0.6931471805599453,0.0,10,7,30,0.69,0.22314355131420976,1.0986122886681098
51,25509.0,1,2,101.0,2.8810693652338513,3.713572066704308,1.3862943611198906,3.4339872044851463,2.3978952727983707,2.0794415416798357,2.4849066497880004,6,1.3862943611198906,0.0,3,0.0,0.6931471805599453,12,9,15,1.78,0.4054651081081644,1.3862943611198906
79,51012.0,0,1,209.0,3.1872704854528697,4.634728988229636,2.302585092994046,4.1588830833596715,1.0986122886681098,2.302585092994046,3.2188758248682006,9,1.6094379124341003,0.6931471805599453,4,0.0,0.0,10,6,86,1.2,0.1053605156578263,0.6931471805599453
40,70596.0,0,1,968.0,3.899950424193877,5.8522024797744745,3.8066624897703196,6.282266746896006,2.8903717578961645,0.0,3.295836866004329,20,1.3862943611198906,1.791759469228055,12,0.0,0.0,5,2,68,1.73,0.048790164169432,0.6931471805599453
73,85431.0,0,1,1117.5,4.260476747707802,5.932245187448011,3.9889840465642745,6.137727054086234,4.799914262780603,3.9889840465642745,3.9889840465642745,16,1.0986122886681098,2.0794415416798357,7,0.0,0.0,2,0,54,1.06,0.06062462181643484,0.6931471805599453
58,42664.0,1,2,24.0,1.9459101490553132,3.091042453358316,0.0,1.3862943611198906,0.0,0.0,0.0,4,0.6931471805599453,0.0,3,0.0,0.0,7,6,44,0.28,0.22314355131420976,0.6931471805599453
70,42586.0,2,3,252.0,3.174258759379394,5.272999558563747,1.0986122886681098,4.04305126783455,0.0,0.0,0.0,11,1.6094379124341003,0.6931471805599453,6,0.0,0.6931471805599453,12,8,7,1.66,0.37469344944141064,1.791759469228055
40,29760.0,1,2,165.0,3.073850052817943,4.174387269895637,1.6094379124341003,4.23410650459726,2.0794415416798357,1.791759469228055,2.8903717578961645,8,1.3862943611198906,0.6931471805599453,4,0.0,0.0,11,8,87,1.83,0.4054651081081644,1.6094379124341003
48,28973.0,0,1,269.0,3.236894330370879,5.332718793265369,0.0,3.8501476017100584,1.3862943611198906,1.0986122886681098,2.5649493574615367,11,1.791759469228055,0.6931471805599453,5,0.0,0.0,13,8,59,1.71,0.16705408466316618,1.0986122886681098
52,39435.0,1,2,102.0,2.8903717578961645,4.276666119016055,0.0,2.9444389791664403,0.0,0.0,2.6390573296152584,6,1.3862943611198906,0.6931471805599453,2,0.0,0.0,10,7,16,0.9,0.15415067982725827,0.6931471805599453
41,65370.0,0,1,435.5,3.2266235116590267,4.276666119016055,3.1354942159291497,4.727387818712341,4.799914262780603,4.406719247264253,3.4011973816621555,18,1.0986122886681098,1.3862943611198906,13,0.0,0.0,3,1,1,0.91,0.054067221270275766,0.6931471805599453
46,20194.0,1,2,47.0,2.341805806147327,0.0,1.6094379124341003,2.0794415416798357,2.4849066497880004,2.3978952727983707,2.772588722239781,5,1.0986122886681098,0.0,3,0.0,0.0,8,6,64,1.53,0.33647223662121295,1.0986122886681098
49,42473.0,2,3,144.0,3.0713696877596113,4.543294782270004,0.6931471805599453,3.091042453358316,0.0,1.6094379124341003,3.258096538021482,7,1.0986122886681098,0.6931471805599453,4,0.0,0.0,7,5,72,0.36,0.35667494393873234,1.3862943611198906
57,64590.0,0,1,1281.0,4.037697526557449,6.825460036255307,4.406719247264253,5.1298987149230735,3.6109179126442243,3.8501476017100584,3.4339872044851463,23,2.302585092994046,1.6094379124341003,10,0.0,0.0,15,6,98,1.71,0.04255961441879593,0.6931471805599453
66,71232.0,1,2,917.0,3.7103856593349,6.483107351457199,2.8903717578961645,5.14166355650266,3.5553480614894135,3.295836866004329,2.8903717578961645,23,2.4849066497880004,1.0986122886681098,10,0.0,0.0,18,7,91,0.58,0.08338160893905106,1.0986122886681098
54,34600.0,2,3,318.0,3.3141860046725258,5.298317366548036,3.5263605246161616,4.110873864173311,2.1972245773362196,1.3862943611198906,2.772588722239781,12,1.791759469228055,1.0986122886681098,5,0.0,0.6931471805599453,13,8,8,1.49,0.34830669426821576,1.791759469228055
58,46904.0,2,3,253.0,3.269568939183719,5.0369526024136295,1.6094379124341003,4.04305126783455,0.0,2.302585092994046,3.4657359027997265,10,1.791759469228055,0.6931471805599453,4,0.0,0.0,13,8,20,1.65,0.33647223662121295,1.6094379124341003
52,49094.0,1,2,502.0,3.539992673406219,5.932245187448011,0.0,3.6635616461296463,2.4849066497880004,2.1972245773362196,4.248495242049359,15,1.9459101490553132,1.3862943611198906,6,0.0,0.0,12,6,6,1.77,0.2876820724517809,1.791759469228055
42,36075.0,1,2,119.0,3.036554268074246,3.8501476017100584,0.0,3.4339872044851463,2.5649493574615367,0.6931471805599453,3.4339872044851463,6,1.0986122886681098,0.0,4,0.0,0.0,8,6,54,0.55,0.15415067982725827,0.6931471805599453
46,60839.0,2,3,1077.0,4.224092765936757,6.398594934535208,3.091042453358316,4.859812404361672,4.799914262780603,4.406719247264253,4.848116364598481,16,1.0986122886681098,1.0986122886681098,12,0.0,0.0,10,8,72,1.83,0.5947071077466928,2.6390573296152584
46,77298.0,1,2,935.0,3.7293535620417106,6.054439346269371,4.406719247264253,5.680172609017068,3.1780538303479458,3.58351893845611,4.382026634673881,23,1.9459101490553132,1.9459101490553132,11,0.0,0.0,9,3,46,0.65,0.04255961441879593,0.6931471805599453
75,34026.0,2,3,76.0,2.614959778036198,2.9444389791664403,1.9459101490553132,2.772588722239781,2.5649493574615367,2.1972245773362196,2.8903717578961645,6,1.0986122886681098,0.6931471805599453,3,0.0,0.0,7,5,11,0.9,0.4054651081081644,1.3862943611198906
62,48918.0,2,3,62.0,2.5952547069568657,3.970291913552122,0.0,2.302585092994046,0.0,0.0,0.6931471805599453,5,0.6931471805599453,0.0,4,0.0,0.0,5,4,21,0.21,0.33647223662121295,1.0986122886681098
63,82122.0,0,1,1351.5,4.008423499714461,6.5998704992128365,3.1354942159291497,5.860786223465865,4.799914262780603,3.258096538021482,4.61512051684126,25,1.3862943611198906,2.302585092994046,13,0.6931471805599453,0.0,4,1,89,0.87,0.039220713153281295,0.6931471805599453
49,37697.0,1,2,84.0,2.70805020110221,3.5553480614894135,1.9459101490553132,3.091042453358316,2.4849066497880004,1.6094379124341003,2.1972245773362196,6,1.0986122886681098,0.6931471805599453,3,0.0,0.0,8,6,82,0.39,0.15415067982725827,0.6931471805599453
73,34074.0,2,3,255.0,3.378724525810097,4.912654885736052,0.6931471805599453,3.7376696182833684,2.3978952727983707,0.6931471805599453,4.219507705176107,9,1.3862943611198906,1.3862943611198906,3,0.6931471805599453,0.0,9,6,69,0.96,0.44183275227903923,1.791759469228055
65,28520.0,2,3,43.0,2.463853240590168,2.4849066497880004,0.0,2.3978952727983707,0.0,1.0986122886681098,3.044522437723423,4,0.6931471805599453,0.6931471805599453,2,0.0,0.0,7,6,55,1.04,0.22314355131420976,0.6931471805599453
70,62535.0,1,2,398.0,3.453643857034698,5.099866427824199,3.8918202981106265,4.51085950651685,0.0,3.828641396489095,3.970291913552122,13,1.3862943611198906,1.0986122886681098,8,0.0,0.0,6,3,13,0.74,0.07410797215372189,0.6931471805599453
48,36273.0,1,2,76.0,2.614959778036198,3.4011973816621555,1.3862943611198906,3.4339872044851463,1.3862943611198906,1.0986122886681098,2.302585092994046,6,1.3862943611198906,0.0,3,0.0,0.0,9,6,80,0.2,0.2876820724517809,1.0986122886681098
61,63404.0,2,3,902.0,4.253974707813985,6.5998704992128365,3.295836866004329,4.2626798770413155,2.4849066497880004,3.8066624897703196,2.8903717578961645,13,1.9459101490553132,1.3862943611198906,4,0.6931471805599453,0.0,10,4,97,0.06,0.14310084364067333,1.0986122886681098
44,75774.0,1,2,685.5,3.5631744977388777,5.831882477283517,3.091042453358316,4.90527477843843,4.799914262780603,2.70805020110221,4.04305126783455,20,2.0794415416798357,1.791759469228055,8,0.0,0.0,11,4,27,0.16,0.048790164169432,0.6931471805599453
49,78416.0,1,2,1055.0,3.8057361349101893,6.118097198041348,3.6635616461296463,5.634789603169249,4.799914262780603,3.6635616461296463,4.848116364598481,24,2.0794415416798357,2.0794415416798357,10,0.0,0.0,10,3,99,0.01,0.08004270767353643,1.0986122886681098
51,75702.0,1,2,1823.5,4.191546890178463,6.97914527506881,0.0,6.322565239927284,4.799914262780603,3.6375861597263857,3.6375861597263857,28,2.3978952727983707,1.791759469228055,13,0.6931471805599453,0.0,16,6,87,1.71,0.035091319811270096,0.6931471805599453
74,59385.0,2,3,185.0,3.1832486472250494,4.912654885736052,0.0,2.3978952727983707,0.0,1.6094379124341003,3.6109179126442243,8,1.3862943611198906,0.6931471805599453,4,0.0,0.0,8,5,85,1.17,0.22314355131420976,1.0986122886681098
59,37070.0,2,3,433.0,3.4635012649983103,5.44673737166631,2.0794415416798357,4.927253685157205,1.6094379124341003,2.772588722239781,3.6888794541139363,14,1.791759469228055,0.6931471805599453,8,0.0,0.6931471805599453,12,7,30,1.28,0.4964368863138911,2.302585092994046
74,44689.0,2,3,34.0,2.2512917986064953,2.9444389791664403,0.0,1.791759469228055,0.0,0.0,2.4849066497880004,4,0.6931471805599453,0.6931471805599453,2,0.6931471805599453,0.0,8,7,82,0.47,0.4054651081081644,1.0986122886681098
67,53977.0,1,2,907.0,3.7430662854555226,6.431331081933479,2.833213344056216,5.111987788356544,0.0,3.2188758248682006,4.418840607796598,22,1.791759469228055,1.791759469228055,12,0.0,0.0,10,5,21,1.06,0.2047944126460132,1.791759469228055
59,7144.0,2,3,251.5,2.403334996094189,4.406719247264253,1.6094379124341003,3.5263605246161616,1.791759469228055,1.0986122886681098,4.848116364598481,25,3.1780538303479458,0.6931471805599453,1,0.0,0.0,23,0,92,0.56,0.0,0.0
61,18701.0,2,3,44.0,2.120263536200091,2.5649493574615367,1.6094379124341003,1.0986122886681098,2.3978952727983707,1.9459101490553132,2.3978952727983707,6,1.0986122886681098,0.0,4,0.0,0.0,7,5,95,1.07,0.5108256237659907,1.6094379124341003
69,90369.0,0,1,1059.5,4.207952226468003,5.680172609017068,3.9512437185814275,6.322565239927284,4.799914262780603,3.1780538303479458,2.8903717578961645,16,1.6094379124341003,1.9459101490553132,6,0.0,0.6931471805599453,5,1,2,0.17,0.06062462181643484,0.6931471805599453
51,63159.0,0,1,1762.0,4.7106556938340685,6.873163834212518,3.5553480614894135,6.322565239927284,4.499809670330265,4.406719247264253,3.6375861597263857,16,1.3862943611198906,1.791759469228055,8,0.6931471805599453,0.0,6,3,74,1.65,0.06062462181643484,0.6931471805599453
59,37758.0,2,3,40.0,2.3978952727983707,3.332204510175204,1.0986122886681098,2.3978952727983707,0.0,0.0,0.6931471805599453,4,0.6931471805599453,0.0,3,0.0,0.0,9,8,49,1.73,0.4054651081081644,1.0986122886681098
62,46757.0,1,2,1143.0,4.3463994570307305,6.656726524178391,3.4339872044851463,5.099866427824199,0.0,3.9512437185814275,4.812184355372417,15,1.6094379124341003,1.6094379124341003,7,0.0,0.0,13,9,71,1.62,0.33647223662121295,1.9459101490553132
56,79734.0,0,1,914.0,4.267004208104319,6.35088571671474,2.1972245773362196,5.4510384535657,3.1780538303479458,4.143134726391533,2.8903717578961645,13,1.6094379124341003,1.3862943611198906,6,0.6931471805599453,0.0,5,1,72,0.0,0.07410797215372189,0.6931471805599453
33,63207.0,0,1,1317.0,4.793534057238008,6.0844994130751715,4.406719247264253,6.322565239927284,4.5217885770490405,4.406719247264253,4.2626798770413155,11,1.0986122886681098,1.3862943611198906,6,0.6931471805599453,0.0,9,7,68,1.44,0.08701137698962977,0.6931471805599453
71,72071.0,1,2,1228.0,4.293677464842592,6.2766434893416445,4.248495242049359,5.707110264748875,4.799914262780603,4.406719247264253,4.848116364598481,17,1.791759469228055,1.6094379124341003,8,0.0,0.0,7,2,4,1.37,0.1625189294977749,1.3862943611198906
42,21840.0,1,2,27.0,2.0476928433652555,2.8903717578961645,0.0,2.302585092994046,0.0,0.0,0.6931471805599453,4,0.6931471805599453,0.0,3,0.0,0.0,10,9,80,0.94,0.22314355131420976,0.6931471805599453
43,58582.0,1,2,763.0,3.667400422436812,5.998936561946683,3.58351893845611,4.672828834461906,4.624972813284271,4.356708826689592,3.7612001156935624,20,2.302585092994046,1.0986122886681098,9,0.6931471805599453,0.0,14,5,15,0.75,0.09531017980432487,1.0986122886681098
74,72282.0,0,1,1246.5,4.100279297741915,6.222576268071369,3.332204510175204,6.040254711277414,4.51085950651685,4.406719247264253,4.848116364598481,21,1.791759469228055,2.0794415416798357,9,0.0,0.6931471805599453,12,7,70,0.94,0.04652001563489285,0.6931471805599453
69,50387.0,2,3,525.0,3.5208305566067004,5.91350300563827,2.302585092994046,4.477336814478207,2.5649493574615367,2.70805020110221,3.5553480614894135,16,1.9459101490553132,1.0986122886681098,8,0.0,0.0,11,5,91,0.83,0.17185025692665923,1.3862943611198906
64,32583.0,2,3,9.0,1.3862943611198906,1.791759469228055,0.0,1.3862943611198906,0.0,0.0,0.6931471805599453,3,0.6931471805599453,0.0,2,0.0,0.0,8,7,10,0.04,0.2876820724517809,0.6931471805599453
63,62568.0,1,2,953.0,4.308214476750981,5.8944028342648505,2.8903717578961645,5.988961416889864,4.394449154672439,3.58351893845611,4.127134385045092,13,1.791759469228055,1.3862943611198906,5,0.6931471805599453,0.0,9,4,99,0.23,0.2076393647782445,1.3862943611198906
54,44635.0,2,3,68.0,2.681021528714291,4.04305126783455,0.0,2.302585092994046,0.0,0.0,1.3862943611198906,5,1.0986122886681098,0.0,3,0.0,0.0,9,7,25,0.71,0.33647223662121295,1.0986122886681098
54,33316.0,2,3,131.0,2.9813435361018916,4.382026634673881,0.6931471805599453,3.4657359027997265,1.6094379124341003,1.6094379124341003,2.5649493574615367,7,1.0986122886681098,0.6931471805599453,4,0.0,0.0,8,6,34,0.73,0.35667494393873234,1.3862943611198906
57,63967.0,1,2,843.5,3.765261624032742,5.961005339623274,4.406719247264253,4.955827057601261,4.30406509320417,3.58351893845611,4.848116364598481,20,1.6094379124341003,1.6094379124341003,12,0.0,0.0,6,2,57,0.89,0.1397619423751587,1.3862943611198906
47,52513.0,0,1,936.5,3.730918099518605,5.908082938168931,2.8903717578961645,5.488937726156687,4.653960350157523,4.406719247264253,4.848116364598481,23,2.302585092994046,1.791759469228055,9,0.0,0.0,16,7,84,1.82,0.08338160893905106,1.0986122886681098
56,25293.0,1,2,37.0,2.327277705584417,2.772588722239781,0.0,2.4849066497880004,0.0,1.0986122886681098,2.302585092994046,4,0.6931471805599453,0.6931471805599453,2,0.0,0.0,9,8,51,0.79,0.22314355131420976,0.6931471805599453
60,54111.0,1,2,388.0,3.4290120698450326,5.5909869805108565,1.9459101490553132,4.007333185232471,2.1972245773362196,1.3862943611198906,3.9318256327243257,13,1.791759469228055,1.0986122886681098,6,0.0,0.0,10,5,97,0.84,0.14310084364067333,1.0986122886681098
39,78394.0,0,1,1152.0,4.354141431184346,5.700443573390687,3.332204510175204,6.322565239927284,4.799914262780603,3.2188758248682006,4.848116364598481,15,1.6094379124341003,1.9459101490553132,5,0.0,0.6931471805599453,6,2,13,1.37,0.06453852113757118,0.6931471805599453
67,80739.0,0,1,1442.0,4.154116305522018,6.51471269087253,4.406719247264253,6.322565239927284,3.6888794541139363,0.0,4.532599493153256,23,1.3862943611198906,2.4849066497880004,9,0.0,0.0,4,1,92,1.1,0.04255961441879593,0.6931471805599453
50,22669.0,1,2,173.0,3.247046701834897,2.833213344056216,2.70805020110221,3.6109179126442243,3.6375861597263857,3.1354942159291497,3.8918202981106265,7,1.6094379124341003,0.6931471805599453,2,0.0,0.6931471805599453,13,9,30,1.1,0.35667494393873234,1.3862943611198906
38,29236.0,1,2,99.0,2.717528945056754,3.6375861597263857,1.6094379124341003,3.2188758248682006,2.833213344056216,2.302585092994046,2.302585092994046,7,1.6094379124341003,0.0,3,0.0,0.0,13,9,30,0.72,0.2513144282809061,1.0986122886681098
66,44911.0,1,2,215.0,3.2144214745188204,5.075173815233827,0.0,3.1354942159291497,1.0986122886681098,0.6931471805599453,3.4657359027997265,9,1.6094379124341003,0.6931471805599453,4,0.0,0.0,11,7,11,1.29,0.2876820724517809,1.3862943611198906
63,54693.0,1,2,929.0,3.7230708188622157,6.532334292222349,2.8903717578961645,4.962844630259907,3.1780538303479458,3.295836866004329,3.58351893845611,23,1.9459101490553132,1.6094379124341003,13,0.0,0.0,12,6,72,1.36,0.29849298855599654,2.1972245773362196
51,48186.0,1,2,219.0,3.2321210516182215,4.584967478670572,1.3862943611198906,4.204692619390966,2.5649493574615367,2.0794415416798357,3.5553480614894135,9,1.6094379124341003,0.6931471805599453,4,0.0,0.0,11,7,39,0.28,0.2876820724517809,1.3862943611198906
48,54809.0,2,3,174.0,3.1245651453969594,4.1588830833596715,1.9459101490553132,4.060443010546419,2.6390573296152584,2.6390573296152584,3.1354942159291497,8,1.0986122886681098,0.6931471805599453,5,0.0,0.6931471805599453,6,4,0,0.8,0.4054651081081644,1.6094379124341003
47,41580.0,2,3,92.0,2.793208009442517,4.04305126783455,1.791759469228055,3.2188758248682006,1.6094379124341003,0.0,1.3862943611198906,6,1.0986122886681098,0.6931471805599453,3,0.0,0.0,7,5,15,1.55,0.4054651081081644,1.3862943611198906
55,80336.0,0,1,951.5,3.70489632971522,5.3471075307174685,2.995732273553991,6.124683390894205,4.799914262780603,4.406719247264253,4.204692619390966,24,1.0986122886681098,2.302585092994046,13,0.0,0.0,3,1,12,0.8,0.040821994520255124,0.6931471805599453
68,47743.0,1,2,275.0,3.258096538021482,5.293304824724492,1.0986122886681098,3.784189633918261,0.0,2.5649493574615367,3.044522437723423,11,1.6094379124341003,0.6931471805599453,6,0.6931471805599453,0.0,10,6,56,1.27,0.24116205681688804,1.3862943611198906
70,62972.0,1,2,521.5,3.644143560272545,5.749392985908253,2.772588722239781,3.871201010907891,3.044522437723423,0.0,4.848116364598481,14,2.0794415416798357,1.6094379124341003,3,0.0,0.0,13,6,39,1.9,0.13353139262452263,1.0986122886681098
71,57333.0,1,2,1612.5,4.3080497728059495,6.848005274576363,2.70805020110221,5.986452005284438,4.343805421853684,4.07753744390572,4.848116364598481,22,2.1972245773362196,1.791759469228055,9,0.0,0.6931471805599453,14,6,55,1.77,0.4054651081081644,2.4849066497880004
43,32313.0,1,2,159.0,3.0385522707369192,4.465908118654584,1.6094379124341003,4.04305126783455,1.0986122886681098,1.6094379124341003,2.0794415416798357,8,1.6094379124341003,0.0,4,0.0,0.0,13,9,60,1.38,0.3184537311185346,1.3862943611198906
72,84953.0,0,1,978.0,4.069529393102377,5.123963979403259,3.8918202981106265,6.322565239927284,4.1588830833596715,4.290459441148391,4.290459441148391,17,1.3862943611198906,2.3978952727983707,4,1.3862943611198906,0.6931471805599453,5,2,73,1.07,0.05715841383994861,0.6931471805599453
57,27071.0,1,2,35.0,2.0794415416798357,2.1972245773362196,1.3862943611198906,2.995732273553991,0.0,1.0986122886681098,1.3862943611198906,5,1.0986122886681098,0.0,3,0.0,0.0,8,6,90,0.18,0.33647223662121295,1.0986122886681098
68,68148.0,0,1,1042.0,4.323186134650948,5.966146739123692,4.204692619390966,6.013715156042802,3.6375861597263857,4.060443010546419,4.454347296253507,14,1.6094379124341003,1.6094379124341003,6,0.0,0.0,6,2,86,0.83,0.06899287148695145,0.6931471805599453
60,65735.0,2,3,395.0,3.3746578264275433,5.480638923341991,2.0794415416798357,4.787491742782046,1.6094379124341003,2.772588722239781,2.4849066497880004,14,1.9459101490553132,1.0986122886681098,6,0.0,0.0,13,7,37,0.56,0.30538164955118186,1.791759469228055
50,86836.0,0,1,557.0,3.2702600242146795,5.19295685089021,3.091042453358316,5.6131281063880705,0.0,3.091042453358316,4.1588830833596715,22,1.9459101490553132,2.3978952727983707,6,1.3862943611198906,0.6931471805599453,11,5,7,1.79,0.04445176257083384,0.6931471805599453
62,4023.0,2,3,9.0,0.0,1.791759469228055,0.0,0.6931471805599453,0.6931471805599453,0.6931471805599453,0.6931471805599453,0,0.0,0.0,0,0.0,0.0,19,19,29,0.02,0.0,2.772588722239781
35,30093.0,0,1,69.0,2.6946271807700692,1.0986122886681098,1.9459101490553132,3.367295829986474,2.6390573296152584,1.6094379124341003,2.833213344056216,5,1.0986122886681098,0.0,3,0.0,0.0,9,7,19,0.97,0.18232155679395465,0.6931471805599453
59,57705.0,1,2,486.0,3.5085558999826545,5.950642552587727,0.0,3.9889840465642745,1.9459101490553132,1.6094379124341003,3.713572066704308,15,2.1972245773362196,0.6931471805599453,6,0.0,0.0,14,6,14,0.46,0.18232155679395465,1.3862943611198906
37,25008.0,1,2,34.0,2.2512917986064953,1.0986122886681098,2.1972245773362196,2.1972245773362196,1.9459101490553132,0.6931471805599453,2.302585092994046,4,0.6931471805599453,0.0,3,0.0,0.0,9,8,72,0.4,0.4054651081081644,1.0986122886681098
30,83257.0,0,1,1305.0,3.8985999850960056,6.285998094508865,3.332204510175204,6.322565239927284,3.6635616461296463,4.406719247264253,4.219507705176107,27,1.791759469228055,2.3978952727983707,12,1.0986122886681098,0.6931471805599453,11,6,56,1.78,0.03636764417087485,0.6931471805599453
50,22280.0,1,2,13.0,1.6739764335716716,1.0986122886681098,0.6931471805599453,1.6094379124341003,1.3862943611198906,0.6931471805599453,1.0986122886681098,3,0.6931471805599453,0.0,2,0.0,0.0,9,8,85,1.11,0.2876820724517809,0.6931471805599453
47,72159.0,0,1,1058.0,3.9871304779149512,5.777652323222656,3.9889840465642745,6.322565239927284,3.5553480614894135,3.713572066704308,3.9889840465642745,20,1.6094379124341003,1.9459101490553132,10,0.0,0.0,6,2,62,1.66,0.048790164169432,0.6931471805599453
64,64260.0,0,1,1226.0,4.557110524167606,6.29156913955832,4.406719247264253,6.322565239927284,3.044522437723423,0.0,3.4339872044851463,13,1.6094379124341003,1.791759469228055,4,0.0,0.6931471805599453,7,3,1,1.46,0.07410797215372189,0.6931471805599453
41,82733.0,0,1,1323.0,4.257477338365186,6.569481420414296,3.9318256327243257,6.042632833682381,4.189654742026425,3.6635616461296463,3.6635616461296463,19,2.1972245773362196,1.6094379124341003,7,0.0,0.6931471805599453,12,4,28,0.8,0.051293294387550536,0.6931471805599453
54,74290.0,1,2,1217.0,3.794686298723604,7.022868086082641,0.0,4.290459441148391,0.0,2.5649493574615367,2.5649493574615367,28,2.3978952727983707,2.1972245773362196,10,1.0986122886681098,0.0,16,6,70,0.88,0.13353139262452263,1.6094379124341003
74,58217.0,3,4,103.0,2.899588413001089,4.23410650459726,0.6931471805599453,2.6390573296152584,1.3862943611198906,1.791759469228055,2.6390573296152584,6,1.0986122886681098,0.0,4,0.0,0.0,8,6,84,1.61,0.15415067982725827,0.6931471805599453
49,21024.0,0,1,84.0,2.70805020110221,3.6109179126442243,1.6094379124341003,2.9444389791664403,1.9459101490553132,1.0986122886681098,2.9444389791664403,6,1.0986122886681098,0.0,4,0.0,0.0,9,7,89,0.99,0.15415067982725827,0.6931471805599453
53,70116.0,0,1,1489.0,4.229484508914424,6.56244409369372,3.8066624897703196,6.322565239927284,4.564348191467836,4.07753744390572,3.4011973816621555,22,1.0986122886681098,2.1972245773362196,12,0.0,0.0,3,1,73,1.42,0.04445176257083384,0.6931471805599453
40,54006.0,1,2,581.0,3.6193283911528207,5.1647859739235145,4.356708826689592,5.318119993844216,1.9459101490553132,3.2188758248682006,4.584967478670572,16,2.1972245773362196,0.6931471805599453,7,0.0,0.0,15,7,42,1.78,0.11778303565638346,1.0986122886681098
59,69063.0,1,2,928.0,4.281993782123843,6.502790045915623,3.58351893845611,4.8283137373023015,4.248495242049359,2.1972245773362196,3.295836866004329,13,1.791759469228055,1.3862943611198906,5,0.0,0.0,8,3,16,1.64,0.07410797215372189,0.6931471805599453
50,11448.0,0,1,14.0,1.7346010553881064,0.0,0.0,0.0,1.9459101490553132,1.0986122886681098,1.9459101490553132,3,0.6931471805599453,0.0,2,0.0,0.0,7,6,16,0.54,0.2876820724517809,0.6931471805599453
46,61825.0,1,2,424.0,3.4431615807611875,5.093750200806762,3.9318256327243257,4.61512051684126,4.02535169073515,3.4339872044851463,3.332204510175204,14,1.6094379124341003,1.0986122886681098,8,0.0,0.0,8,4,56,0.89,0.06899287148695145,0.6931471805599453
54,70886.0,1,2,953.0,4.308214476750981,6.0112671744041615,4.2626798770413155,5.480638923341991,4.6443908991413725,4.406719247264253,3.9889840465642745,13,1.791759469228055,1.6094379124341003,4,0.0,0.0,7,2,65,0.71,0.07410797215372189,0.6931471805599453
43,69109.0,0,1,1551.5,4.4147103398122605,6.714170529909472,3.258096538021482,6.131226489483141,4.799914262780603,3.4011973816621555,4.564348191467836,19,1.9459101490553132,1.9459101490553132,7,0.6931471805599453,0.6931471805599453,10,4,10,1.63,0.051293294387550536,0.6931471805599453
52,60208.0,2,3,656.0,3.6228583530161425,6.192362489474872,3.1780538303479458,4.276666119016055,2.772588722239781,0.0,4.0943445622221,18,2.1972245773362196,1.3862943611198906,7,0.6931471805599453,0.6931471805599453,15,7,13,1.72,0.47692407209030935,2.4849066497880004
57,32889.0,2,3,55.0,2.3191143949452564,3.367295829986474,0.0,2.6390573296152584,1.6094379124341003,1.0986122886681098,2.1972245773362196,6,1.0986122886681098,0.6931471805599453,3,0.0,0.0,7,5,78,0.81,0.4054651081081644,1.3862943611198906
41,34738.0,1,2,20.0,1.791759469228055,1.3862943611198906,1.0986122886681098,2.3978952727983707,1.3862943611198906,0.0,1.0986122886681098,4,0.6931471805599453,0.0,3,0.0,0.0,7,6,51,0.13,0.22314355131420976,0.6931471805599453
54,30538.0,1,2,367.0,3.375221895258895,5.652489180268651,0.0,3.970291913552122,2.1972245773362196,1.3862943611198906,3.044522437723423,13,2.302585092994046,0.0,4,0.0,0.0,19,10,27,1.74,0.26826398659467937,1.6094379124341003
48,82326.0,0,1,1903.0,4.517639193502228,6.844815479208263,4.406719247264253,6.322565239927284,4.799914262780603,4.406719247264253,4.848116364598481,21,1.791759469228055,2.3978952727983707,6,1.3862943611198906,0.6931471805599453,7,2,30,0.3,0.04652001563489285,0.6931471805599453
58,26642.0,1,2,42.0,2.2407096892759584,2.6390573296152584,1.0986122886681098,2.772588722239781,1.0986122886681098,1.0986122886681098,2.1972245773362196,5,1.0986122886681098,0.0,3,0.0,0.0,8,6,71,0.33,0.33647223662121295,1.0986122886681098
61,69932.0,1,2,904.5,3.655516550444815,6.023447592961033,4.406719247264253,5.0369526024136295,4.799914262780603,4.406719247264253,4.060443010546419,24,2.0794415416798357,1.9459101490553132,11,0.0,0.0,11,4,97,1.05,0.08004270767353643,1.0986122886681098
53,44503.0,2,3,48.0,2.3608540011180215,3.4657359027997265,0.6931471805599453,2.1972245773362196,0.0,0.0,2.1972245773362196,5,1.0986122886681098,0.0,3,0.0,0.0,8,6,83,0.2,0.33647223662121295,1.0986122886681098
77,60200.0,1,2,685.0,3.612339376991602,6.220590170099739,2.995732273553991,4.890349128221754,0.0,1.9459101490553132,3.295836866004329,19,1.9459101490553132,1.0986122886681098,11,0.0,0.0,12,6,3,1.49,0.27443684570176025,1.9459101490553132
73,49638.0,1,2,39.0,2.3749057545736716,2.9444389791664403,2.3978952727983707,1.3862943611198906,1.3862943611198906,1.791759469228055,0.0,4,0.6931471805599453,0.0,3,0.0,0.0,3,2,71,0.19,0.22314355131420976,0.6931471805599453
38,23830.0,0,1,43.0,2.463853240590168,0.6931471805599453,2.1972245773362196,1.9459101490553132,1.6094379124341003,2.1972245773362196,2.833213344056216,4,0.6931471805599453,0.0,3,0.0,0.0,8,7,3,0.39,0.22314355131420976,0.6931471805599453
66,33051.0,0,1,729.5,3.726362547368677,4.61512051684126,4.276666119016055,5.497168225293202,4.6913478822291435,4.406719247264253,4.848116364598481,18,2.302585092994046,0.6931471805599453,8,0.0,0.6931471805599453,18,9,15,1.87,0.15415067982725827,1.3862943611198906
67,72905.0,0,1,1261.0,4.2101763777472225,6.0112671744041615,4.406719247264253,6.100318952020064,4.799914262780603,4.406719247264253,4.848116364598481,19,1.3862943611198906,2.0794415416798357,9,0.6931471805599453,0.0,4,1,52,0.44,0.051293294387550536,0.6931471805599453
74,69702.0,1,2,1039.0,3.7907965479940025,6.499787040655854,2.302585092994046,5.484796933490655,3.9318256327243257,2.995732273553991,4.060443010546419,24,2.0794415416798357,2.0794415416798357,10,0.0,0.0,11,4,8,1.36,0.08004270767353643,1.0986122886681098
50,70300.0,1,2,1596.0,4.254069737748486,6.952728644624869,4.127134385045092,5.82600010738045,4.110873864173311,3.8501476017100584,3.8501476017100584,23,1.791759469228055,1.791759469228055,13,0.0,0.0,13,8,89,0.96,0.12260232209233235,1.3862943611198906
41,70643.0,0,1,1740.0,4.638149744130881,7.105786129481271,4.406719247264253,5.720311776607412,3.1780538303479458,4.406719247264253,3.5263605246161616,17,1.791759469228055,2.1972245773362196,4,0.0,0.6931471805599453,11,6,66,1.7,0.05715841383994861,0.6931471805599453
56,30396.0,1,2,34.0,2.2512917986064953,2.772588722239781,0.0,1.9459101490553132,0.0,0.6931471805599453,2.5649493574615367,4,0.6931471805599453,0.6931471805599453,2,0.6931471805599453,0.6931471805599453,8,7,22,0.16,0.4054651081081644,1.0986122886681098
57,50616.0,1,2,149.0,2.976804263668472,4.859812404361672,0.0,2.833213344056216,0.0,0.6931471805599453,1.6094379124341003,8,1.6094379124341003,0.0,4,0.0,0.0,11,7,56,0.2,0.22314355131420976,1.0986122886681098
56,62772.0,1,2,946.0,3.784189633918261,6.366470447731438,3.912023005428146,5.062595033026967,3.784189633918261,2.1972245773362196,4.6913478822291435,22,1.791759469228055,1.9459101490553132,11,0.6931471805599453,0.0,7,2,74,1.11,0.04445176257083384,0.6931471805599453
40,30298.0,0,1,28.0,1.8870696490323797,1.9459101490553132,1.3862943611198906,2.5649493574615367,1.9459101490553132,0.6931471805599453,0.0,5,0.6931471805599453,0.6931471805599453,3,0.0,0.0,4,3,48,0.11,0.18232155679395465,0.6931471805599453
41,52413.0,1,2,450.0,3.4339872044851463,5.225746673713202,2.1972245773362196,4.897839799950911,4.04305126783455,4.04305126783455,2.5649493574615367,15,2.0794415416798357,0.6931471805599453,7,0.0,0.0,14,7,67,1.65,0.12516314295400602,1.0986122886681098
68,44155.0,2,3,46.0,2.5257286443082556,3.1354942159291497,0.6931471805599453,2.302585092994046,0.0,0.0,2.70805020110221,4,0.6931471805599453,0.6931471805599453,2,0.0,0.0,5,4,24,0.44,0.22314355131420976,0.6931471805599453
54,86979.0,0,1,1402.0,4.54824703858847,6.371611847231857,4.406719247264253,6.322565239927284,4.189654742026425,4.406719247264253,3.58351893845611,15,1.791759469228055,1.791759469228055,5,0.6931471805599453,0.6931471805599453,7,2,67,0.64,0.06453852113757118,0.6931471805599453
50,76532.0,2,3,763.0,3.619886582626985,5.87493073085203,3.4339872044851463,5.181783550292085,4.51085950651685,4.406719247264253,3.4339872044851463,21,2.302585092994046,1.791759469228055,7,0.0,0.0,14,5,38,0.8,0.17435338714477774,1.6094379124341003
43,42081.0,1,2,382.0,3.4139364074395853,5.170483995038151,2.3978952727983707,4.709530201312334,4.007333185232471,1.9459101490553132,3.332204510175204,13,1.9459101490553132,1.3862943611198906,4,0.6931471805599453,0.0,12,6,86,1.34,0.14310084364067333,1.0986122886681098
37,67546.0,0,1,1786.0,4.553876891600541,6.762729506931879,4.406719247264253,6.322565239927284,4.799914262780603,3.6635616461296463,4.848116364598481,19,1.6094379124341003,2.3978952727983707,5,0.0,0.0,7,3,90,1.83,0.051293294387550536,0.6931471805599453
36,88420.0,0,1,1900.5,4.615381035274412,6.86484777797086,4.406719247264253,6.322565239927284,4.605170185988092,4.406719247264253,4.848116364598481,19,1.6094379124341003,2.0794415416798357,8,1.3862943611198906,0.0,5,1,87,0.16,0.051293294387550536,0.6931471805599453
40,31158.0,1,2,72.0,2.7343675094195836,3.258096538021482,1.9459101490553132,2.833213344056216,3.044522437723423,0.0,1.791759469228055,5,1.0986122886681098,0.0,3,0.0,0.0,10,8,62,1.42,0.33647223662121295,1.0986122886681098
57,61671.0,1,2,732.0,3.6270040503958487,6.464588303689961,2.0794415416798357,4.04305126783455,0.0,0.0,3.367295829986474,20,2.3978952727983707,1.6094379124341003,6,1.0986122886681098,0.0,18,8,23,0.07,0.33647223662121295,2.1972245773362196
51,69719.0,0,1,739.5,4.316821224548606,5.6131281063880705,4.406719247264253,5.342334251964811,4.799914262780603,2.70805020110221,3.784189633918261,10,1.0986122886681098,1.3862943611198906,5,0.0,0.0,3,1,99,0.09,0.09531017980432487,0.6931471805599453
76,49160.0,1,2,236.0,3.202746442938317,4.812184355372417,3.091042453358316,3.784189633918261,3.258096538021482,2.3978952727983707,2.772588722239781,10,1.3862943611198906,0.6931471805599453,6,0.0,0.0,9,6,29,0.69,0.18232155679395465,1.0986122886681098
47,24882.0,1,2,80.0,3.044522437723423,0.6931471805599453,1.6094379124341003,2.3978952727983707,3.4011973816621555,0.0,3.6109179126442243,4,0.6931471805599453,0.6931471805599453,2,0.6931471805599453,0.0,7,6,52,1.8,0.22314355131420976,0.6931471805599453
71,90933.0,0,1,1685.0,4.798737792056674,6.928537818164665,3.4657359027997265,6.066108090103747,4.143134726391533,4.1588830833596715,4.382026634673881,14,1.6094379124341003,1.9459101490553132,4,0.6931471805599453,0.0,5,1,90,0.25,0.06899287148695145,0.6931471805599453
80,113734.0,0,1,96.0,1.5163474893680884,1.9459101490553132,1.0986122886681098,1.3862943611198906,0.6931471805599453,4.406719247264253,1.3862943611198906,27,3.332204510175204,0.0,0,0.0,0.0,28,1,9,0.09,0.0,0.0
75,59292.0,1,2,507.0,3.4869927418251416,5.937536205082426,2.70805020110221,4.23410650459726,2.995732273553991,2.70805020110221,2.70805020110221,16,1.3862943611198906,1.791759469228055,8,0.0,0.0,6,3,71,1.04,0.11778303565638346,1.0986122886681098
61,45759.0,2,3,68.0,2.681021528714291,3.7612001156935624,0.6931471805599453,2.9444389791664403,1.3862943611198906,0.0,1.6094379124341003,5,1.0986122886681098,0.0,3,0.0,0.0,9,7,13,1.34,0.33647223662121295,1.0986122886681098
42,22148.0,0,1,49.0,2.583997552432231,2.772588722239781,1.791759469228055,2.70805020110221,0.0,1.6094379124341003,2.4849066497880004,4,0.6931471805599453,0.0,3,0.0,0.0,8,7,16,0.21,0.22314355131420976,0.6931471805599453
38,73395.0,0,1,397.0,3.3795358848809762,5.60947179518496,2.0794415416798357,4.394449154672439,3.044522437723423,2.0794415416798357,2.4849066497880004,14,1.6094379124341003,1.6094379124341003,6,0.0,0.0,6,2,94,0.28,0.06899287148695145,0.6931471805599453
54,29819.0,1,2,39.0,2.0149030205422647,2.302585092994046,0.6931471805599453,3.2188758248682006,1.0986122886681098,0.6931471805599453,1.0986122886681098,6,1.3862943611198906,0.0,3,0.0,0.0,9,6,77,0.68,0.4054651081081644,1.3862943611198906
57,45688.0,1,2,306.0,3.2771447329921766,5.634789603169249,0.0,2.9444389791664403,0.0,0.0,2.302585092994046,12,1.3862943611198906,0.6931471805599453,8,0.6931471805599453,0.0,7,4,20,0.42,0.15415067982725827,1.0986122886681098
71,62820.0,0,1,958.5,4.313891911355958,5.988961416889864,4.127134385045092,5.583496308781699,4.799914262780603,4.127134385045092,3.9889840465642745,13,1.3862943611198906,1.6094379124341003,6,0.0,0.0,4,1,51,1.13,0.07410797215372189,0.6931471805599453
54,60491.0,1,2,1028.0,3.7803945629497098,6.45833828334479,3.871201010907891,5.472270673671475,2.5649493574615367,2.995732273553991,4.343805421853684,24,1.9459101490553132,2.4849066497880004,7,0.0,0.0,11,5,81,0.81,0.15415067982725827,1.6094379124341003
39,33235.0,1,2,70.0,2.538973871058276,3.828641396489095,0.0,2.833213344056216,1.0986122886681098,0.6931471805599453,1.9459101490553132,6,1.3862943611198906,0.0,3,0.0,0.0,10,7,71,0.39,0.15415067982725827,0.6931471805599453
66,35701.0,0,1,46.0,2.5257286443082556,3.091042453358316,0.6931471805599453,2.302585092994046,2.0794415416798357,1.3862943611198906,1.791759469228055,4,0.6931471805599453,0.0,3,0.0,0.0,7,6,36,1.28,0.22314355131420976,0.6931471805599453
45,31535.0,1,2,51.0,2.6210388241125804,2.772588722239781,1.6094379124341003,2.6390573296152584,0.0,0.0,2.995732273553991,4,0.6931471805599453,0.6931471805599453,2,0.6931471805599453,0.0,8,7,95,0.76,0.22314355131420976,0.6931471805599453
65,92556.0,0,1,1097.5,3.975221343206761,6.202535517187923,4.406719247264253,5.8664680569332965,4.799914262780603,3.1780538303479458,3.367295829986474,21,1.3862943611198906,1.791759469228055,13,0.0,0.0,3,0,32,0.19,0.0,0.0
55,67384.0,1,2,1452.5,4.29898464197175,6.86484777797086,3.713572066704308,5.170483995038151,4.799914262780603,3.9889840465642745,4.68213122712422,20,2.0794415416798357,2.1972245773362196,5,0.6931471805599453,0.0,12,5,32,1.63,0.09531017980432487,1.0986122886681098
54,80573.0,0,1,1496.0,4.1903132866666235,6.721425700790643,4.406719247264253,6.066108090103747,4.110873864173311,4.406719247264253,2.772588722239781,23,1.6094379124341003,1.9459101490553132,13,0.0,0.0,6,2,85,1.71,0.04255961441879593,0.6931471805599453
58,77870.0,1,2,1808.5,4.8004628091465245,6.925595197110468,3.9318256327243257,6.2166061010848646,4.189654742026425,3.9318256327243257,4.848116364598481,15,1.791759469228055,1.791759469228055,5,1.0986122886681098,0.6931471805599453,13,8,93,1.85,0.18232155679395465,1.3862943611198906
62,52278.0,1,2,1150.5,3.8505730431119236,6.860663671448287,0.0,4.276666119016055,0.0,0.0,4.848116364598481,25,2.3978952727983707,1.791759469228055,10,0.0,0.0,18,8,24,1.42,0.2151113796169455,1.9459101490553132
57,57107.0,1,2,405.5,3.271231055202129,5.075173815233827,0.0,4.795790545596741,0.0,0.0,4.848116364598481,16,1.6094379124341003,1.6094379124341003,8,1.0986122886681098,0.6931471805599453,12,8,44,1.85,0.3629054936893685,2.0794415416798357
35,18929.0,0,1,85.0,2.8903717578961645,3.4965075614664802,0.0,2.1972245773362196,3.1780538303479458,1.6094379124341003,2.9444389791664403,5,0.6931471805599453,0.0,4,0.0,0.0,7,6,15,1.36,0.18232155679395465,0.6931471805599453
44,36038.0,1,2,47.0,2.1785324443240666,3.1780538303479458,0.0,2.772588722239781,0.0,1.0986122886681098,2.0794415416798357,6,1.3862943611198906,0.0,3,0.0,0.0,9,6,82,1.08,0.2876820724517809,1.0986122886681098
49,20180.0,0,1,137.0,3.0239031505206873,2.9444389791664403,3.7612001156935624,3.2188758248682006,2.772588722239781,3.044522437723423,2.9444389791664403,7,1.0986122886681098,0.6931471805599453,4,0.0,0.0,9,7,27,1.35,0.13353139262452263,0.6931471805599453
60,34230.0,2,3,21.0,2.0794415416798357,2.772588722239781,0.0,1.6094379124341003,0.0,0.0,1.0986122886681098,3,0.6931471805599453,0.0,2,0.0,0.0,8,7,72,1.51,0.2876820724517809,0.6931471805599453
48,31878.0,1,2,70.0,2.70805020110221,3.1780538303479458,1.6094379124341003,1.791759469228055,2.3978952727983707,1.791759469228055,3.1780538303479458,5,0.6931471805599453,0.0,4,0.0,0.0,4,3,7,0.02,0.18232155679395465,0.6931471805599453
53,70932.0,1,2,634.5,3.4881393117959636,5.303304908059076,4.406719247264253,4.61512051684126,3.8501476017100584,4.406719247264253,4.848116364598481,20,1.9459101490553132,1.0986122886681098,12,0.0,0.0,9,3,57,0.44,0.09531017980432487,1.0986122886681098
69,91249.0,0,1,1549.0,4.268425184897305,7.110696122978827,3.332204510175204,4.787491742782046,4.276666119016055,4.406719247264253,3.332204510175204,22,2.0794415416798357,2.302585092994046,6,1.6094379124341003,0.6931471805599453,11,4,84,1.69,0.0,0.0
82,77598.0,0,1,1726.5,4.249352017769341,7.085064293952548,3.5263605246161616,5.641907070938114,4.799914262780603,4.204692619390966,3.5263605246161616,25,2.0794415416798357,1.791759469228055,13,0.6931471805599453,0.0,10,3,53,0.74,0.039220713153281295,0.6931471805599453
66,80982.0,2,3,1135.0,3.7620610714075275,6.226536669287466,4.406719247264253,5.996452088619021,4.653960350157523,3.1354942159291497,3.1354942159291497,27,2.4849066497880004,1.791759469228055,11,0.0,0.0,16,5,48,1.47,0.1053605156578263,1.3862943611198906
48,22701.0,1,2,24.0,1.9459101490553132,1.0986122886681098,1.6094379124341003,2.302585092994046,0.0,1.6094379124341003,1.791759469228055,4,0.6931471805599453,0.0,3,0.0,0.0,6,5,2,0.81,0.22314355131420976,0.6931471805599453
56,55212.0,1,2,1182.0,4.256029810971298,7.00669522683704,0.0,3.828641396489095,0.0,0.0,3.5553480614894135,17,1.6094379124341003,1.0986122886681098,11,1.0986122886681098,0.0,12,8,65,1.6,0.1625189294977749,1.3862943611198906
55,70617.0,0,1,1083.0,4.434473110046424,5.869296913133774,4.127134385045092,6.322565239927284,3.713572066704308,3.8501476017100584,3.332204510175204,13,1.3862943611198906,1.3862943611198906,7,0.0,0.0,5,2,45,1.02,0.07410797215372189,0.6931471805599453
68,64849.0,0,1,1333.0,4.3182285800640345,6.481577129276431,3.8918202981106265,5.860786223465865,4.553876891600541,4.406719247264253,4.6913478822291435,18,2.302585092994046,1.3862943611198906,6,0.0,0.6931471805599453,14,5,42,1.62,0.054067221270275766,0.6931471805599453
60,62694.0,2,3,739.0,3.686244406475931,5.940171252720432,1.9459101490553132,5.062595033026967,3.258096538021482,4.406719247264253,4.5217885770490405,19,2.302585092994046,1.3862943611198906,7,0.0,0.0,16,7,29,1.03,0.23361485118150516,1.791759469228055
51,61917.0,2,3,91.0,2.782951509275328,3.8501476017100584,1.6094379124341003,3.6109179126442243,1.0986122886681098,1.0986122886681098,0.6931471805599453,6,1.0986122886681098,0.0,4,0.0,0.0,7,5,83,0.61,0.15415067982725827,0.6931471805599453
78,67472.0,1,2,414.0,3.4918346557670876,5.093750200806762,3.4657359027997265,4.852030263919617,2.1972245773362196,2.8903717578961645,4.248495242049359,13,1.6094379124341003,1.0986122886681098,7,0.0,0.0,7,3,93,0.75,0.14310084364067333,1.0986122886681098
43,21059.0,1,2,44.0,2.120263536200091,2.1972245773362196,1.3862943611198906,2.995732273553991,1.3862943611198906,1.3862943611198906,2.1972245773362196,6,1.3862943611198906,0.0,3,0.0,0.0,9,6,40,0.47,0.4054651081081644,1.3862943611198906
57,29543.0,2,3,63.0,2.4423470353692043,2.8903717578961645,1.3862943611198906,2.9444389791664403,1.3862943611198906,1.6094379124341003,2.9444389791664403,6,1.3862943611198906,0.6931471805599453,2,0.0,0.0,10,7,47,0.24,0.2876820724517809,1.0986122886681098
74,75903.0,1,2,864.5,3.7416300194994654,5.831882477283517,4.406719247264253,5.225746673713202,4.799914262780603,3.6635616461296463,4.61512051684126,21,1.9459101490553132,1.9459101490553132,9,0.0,0.0,9,3,50,1.22,0.09097177820572669,1.0986122886681098
50,34984.0,2,3,38.0,2.3513752571634776,2.1972245773362196,1.6094379124341003,2.772588722239781,1.3862943611198906,1.791759469228055,1.3862943611198906,4,0.6931471805599453,0.0,3,0.0,0.0,8,7,40,1.81,0.4054651081081644,1.0986122886681098
69,54998.0,1,2,455.0,3.4446824936018943,5.043425116919247,3.1354942159291497,5.313205979041787,3.6888794541139363,3.4339872044851463,2.1972245773362196,15,1.6094379124341003,1.0986122886681098,9,0.0,0.6931471805599453,8,4,3,1.3,0.2876820724517809,1.791759469228055
76,54356.0,1,2,775.0,3.63507674812096,6.566672429803241,2.772588722239781,3.4339872044851463,3.044522437723423,0.0,0.0,21,2.4849066497880004,1.0986122886681098,8,0.0,0.6931471805599453,19,8,62,1.61,0.13353139262452263,1.3862943611198906
66,34242.0,1,2,15.0,1.791759469228055,2.1972245773362196,1.0986122886681098,1.6094379124341003,0.0,0.0,0.6931471805599453,3,0.0,0.0,3,0.0,0.0,5,5,25,0.27,0.2876820724517809,0.6931471805599453
52,25410.0,1,2,38.0,2.151762203259462,1.0986122886681098,1.0986122886681098,1.6094379124341003,2.6390573296152584,2.6390573296152584,1.6094379124341003,5,0.6931471805599453,0.0,4,0.0,0.0,5,4,48,0.83,0.18232155679395465,0.6931471805599453
41,73356.0,0,1,1512.0,4.290459441148391,6.957497370876951,2.70805020110221,5.777652323222656,0.0,2.70805020110221,4.727387818712341,21,1.791759469228055,2.4849066497880004,5,1.3862943611198906,0.6931471805599453,7,2,56,0.39,0.04652001563489285,0.6931471805599453
75,28320.0,1,2,43.0,2.463853240590168,2.995732273553991,0.6931471805599453,2.70805020110221,1.3862943611198906,1.0986122886681098,1.6094379124341003,4,0.6931471805599453,0.0,3,0.0,0.0,9,8,68,1.45,0.22314355131420976,0.6931471805599453
48,23763.0,1,2,42.0,2.4423470353692043,3.1354942159291497,0.0,1.9459101490553132,1.9459101490553132,1.0986122886681098,1.9459101490553132,4,0.6931471805599453,0.0,3,0.0,0.0,8,7,64,1.89,0.22314355131420976,0.6931471805599453
41,72570.0,0,1,899.0,3.734417582896991,5.616771097666572,4.406719247264253,5.37989735354046,4.799914262780603,4.406719247264253,4.848116364598481,22,1.6094379124341003,1.9459101490553132,12,0.0,0.0,5,1,67,0.18,0.04445176257083384,0.6931471805599453
49,34529.0,1,2,162.0,3.18398856586776,4.23410650459726,1.9459101490553132,3.6635616461296463,1.3862943611198906,1.9459101490553132,3.7376696182833684,7,1.0986122886681098,1.0986122886681098,3,0.0,0.0,9,7,94,1.79,0.2513144282809061,1.0986122886681098
74,70792.0,0,1,1174.0,4.249335225299084,5.84354441703136,3.828641396489095,6.322565239927284,4.653960350157523,2.4849066497880004,4.74493212836325,17,1.3862943611198906,1.6094379124341003,10,0.0,0.0,6,3,82,1.39,0.11122563511022437,1.0986122886681098
43,63211.0,0,1,958.0,3.993090828516928,4.983606621708336,4.406719247264253,6.131226489483141,4.799914262780603,3.295836866004329,4.848116364598481,18,1.3862943611198906,2.1972245773362196,7,0.0,0.6931471805599453,5,2,3,1.65,0.1053605156578263,1.0986122886681098
51,83891.0,1,2,812.0,3.6805112044434196,5.384495062789089,3.6635616461296463,5.860786223465865,4.718498871295094,4.406719247264253,2.772588722239781,21,1.6094379124341003,2.0794415416798357,10,0.0,0.0,5,1,24,0.02,0.04652001563489285,0.6931471805599453
57,36065.0,2,3,74.0,2.5902671654458267,2.9444389791664403,2.0794415416798357,3.5553480614894135,2.3978952727983707,1.0986122886681098,1.3862943611198906,6,1.3862943611198906,0.0,3,0.0,0.0,11,8,54,1.25,0.4054651081081644,1.3862943611198906
71,39898.0,1,2,134.0,3.002849741322855,4.248495242049359,2.1972245773362196,3.295836866004329,2.5649493574615367,2.0794415416798357,2.5649493574615367,7,1.3862943611198906,0.0,4,0.0,0.0,10,7,20,1.37,0.2513144282809061,1.0986122886681098
85,51141.0,0,1,157.0,3.0265039322207445,4.976733742420574,0.0,2.0794415416798357,0.0,0.0,1.9459101490553132,8,1.3862943611198906,0.6931471805599453,4,0.0,0.0,8,5,96,0.97,0.11778303565638346,0.6931471805599453
49,56939.0,1,2,561.0,3.585253544268318,5.54907608489522,3.5553480614894135,4.6443908991413725,4.51085950651685,3.4011973816621555,3.912023005428146,16,1.3862943611198906,1.3862943611198906,10,0.0,0.0,6,3,19,0.78,0.11778303565638346,1.0986122886681098
74,80872.0,0,1,1325.0,4.312289438627073,6.182084906716632,4.290459441148391,6.322565239927284,4.553876891600541,2.5649493574615367,4.6913478822291435,18,1.6094379124341003,1.6094379124341003,10,0.0,0.0,5,1,60,0.13,0.054067221270275766,0.6931471805599453
49,72335.0,0,1,1910.0,4.475268561414147,7.110696122978827,4.406719247264253,6.322565239927284,3.367295829986474,3.091042453358316,0.0,22,2.3978952727983707,1.6094379124341003,8,0.0,0.6931471805599453,18,8,2,1.88,0.04445176257083384,0.6931471805599453
61,61798.0,0,1,463.0,3.461560531389246,5.82600010738045,1.6094379124341003,4.499809670330265,2.4849066497880004,2.1972245773362196,2.6390573296152584,15,1.6094379124341003,1.0986122886681098,9,0.0,0.0,8,4,13,0.6,0.06453852113757118,0.6931471805599453
75,76842.0,0,1,1130.0,4.271444175034904,6.406879986069314,2.3978952727983707,5.846438775057725,4.442651256490317,4.007333185232471,3.4965075614664802,16,0.6931471805599453,2.1972245773362196,7,0.0,0.0,1,0,37,0.16,0.06062462181643484,0.6931471805599453
49,29478.0,1,2,20.0,1.791759469228055,2.1972245773362196,0.0,2.0794415416798357,1.3862943611198906,0.6931471805599453,0.6931471805599453,4,0.6931471805599453,0.0,3,0.0,0.0,7,6,59,0.45,0.22314355131420976,0.6931471805599453
69,46998.0,1,2,377.0,3.4011973816621555,5.153291594497779,3.7376696182833684,4.465908118654584,3.828641396489095,1.9459101490553132,3.332204510175204,13,1.791759469228055,1.3862943611198906,5,0.6931471805599453,0.0,12,7,55,1.68,0.325422400434628,1.791759469228055
35,96843.0,0,1,1149.0,3.774037262454243,6.1070228877422545,4.276666119016055,6.322565239927284,3.713572066704308,2.8903717578961645,2.8903717578961645,27,1.9459101490553132,2.4849066497880004,10,0.6931471805599453,0.6931471805599453,8,2,60,1.18,0.03636764417087485,0.6931471805599453
75,56551.0,2,3,138.0,3.030823593365261,4.219507705176107,1.6094379124341003,3.4965075614664802,2.8903717578961645,1.0986122886681098,2.833213344056216,7,1.0986122886681098,0.6931471805599453,4,0.0,0.0,6,4,48,0.15,0.35667494393873234,1.3862943611198906
60,70053.0,1,2,914.0,3.7071890663092724,6.240275845170769,3.9889840465642745,4.59511985013459,4.406719247264253,4.406719247264253,4.499809670330265,23,2.1972245773362196,1.791759469228055,10,0.0,0.0,13,5,38,0.99,0.12260232209233235,1.3862943611198906
63,71670.0,0,1,1494.5,4.6798137289838575,7.110696122978827,2.833213344056216,4.859812404361672,0.0,0.0,4.848116364598481,14,1.791759469228055,1.3862943611198906,6,1.3862943611198906,0.6931471805599453,11,6,8,0.97,0.06899287148695145,0.6931471805599453
47,44359.0,2,3,45.0,2.1400661634962708,3.044522437723423,0.0,2.70805020110221,2.0794415416798357,1.3862943611198906,0.6931471805599453,6,1.0986122886681098,0.0,4,0.0,0.0,5,3,19,0.03,0.4054651081081644,1.3862943611198906
73,40887.0,2,3,161.0,3.1780538303479458,3.9318256327243257,1.6094379124341003,3.8066624897703196,2.3978952727983707,2.3978952727983707,3.784189633918261,7,1.3862943611198906,0.6931471805599453,3,0.0,0.6931471805599453,12,9,32,1.15,0.35667494393873234,1.3862943611198906
59,48877.0,1,2,144.0,3.0713696877596113,4.634728988229636,0.6931471805599453,2.772588722239781,1.0986122886681098,0.0,3.2188758248682006,7,1.3862943611198906,0.0,4,0.0,0.0,10,7,27,0.48,0.13353139262452263,0.6931471805599453
78,74485.0,0,1,1354.5,4.01060056878914,6.214608098422191,4.406719247264253,6.322565239927284,4.799914262780603,3.912023005428146,3.912023005428146,25,1.9459101490553132,2.0794415416798357,12,0.0,0.0,9,3,58,0.85,0.039220713153281295,0.6931471805599453
53,64474.0,1,2,818.0,3.735285826928092,5.945420608606575,3.58351893845611,5.153291594497779,4.04305126783455,4.406719247264253,4.543294782270004,20,2.1972245773362196,1.0986122886681098,10,0.0,0.0,13,5,59,0.68,0.09531017980432487,1.0986122886681098
62,77226.0,1,2,1130.5,3.7950569436500117,6.448889394146858,3.784189633918261,5.480638923341991,4.799914262780603,4.343805421853684,3.091042453358316,26,1.9459101490553132,2.1972245773362196,12,0.0,0.0,9,3,29,0.33,0.07410797215372189,1.0986122886681098
76,72643.0,0,1,1413.5,4.272142011769433,6.267200548541362,4.394449154672439,6.317164686747284,4.799914262780603,4.406719247264253,3.9889840465642745,20,1.3862943611198906,2.3978952727983707,7,0.6931471805599453,0.6931471805599453,5,2,60,1.33,0.048790164169432,0.6931471805599453
47,85738.0,0,1,1371.0,4.242045918369452,6.81783057145415,3.295836866004329,5.932245187448011,2.8903717578961645,3.295836866004329,2.6390573296152584,20,1.3862943611198906,1.9459101490553132,11,1.0986122886681098,0.0,4,1,41,0.43,0.048790164169432,0.6931471805599453
59,55686.0,1,2,982.0,4.264689927969339,6.513230110912307,0.0,5.298317366548036,3.6375861597263857,3.871201010907891,3.295836866004329,14,1.9459101490553132,1.3862943611198906,5,0.6931471805599453,0.0,10,4,27,1.37,0.13353139262452263,1.0986122886681098
42,39062.0,1,2,44.0,2.4849066497880004,3.1780538303479458,0.0,2.302585092994046,0.0,0.0,2.5649493574615367,4,0.6931471805599453,0.0,3,0.6931471805599453,0.0,5,4,28,0.26,0.22314355131420976,0.6931471805599453
54,34600.0,2,3,318.0,3.3141860046725258,5.298317366548036,3.5263605246161616,4.110873864173311,2.1972245773362196,1.3862943611198906,2.772588722239781,12,1.791759469228055,1.0986122886681098,5,0.0,0.6931471805599453,13,8,8,1.49,0.34830669426821576,1.791759469228055
50,40794.0,1,2,434.0,3.4657359027997265,5.568344503761097,3.1780538303479458,4.30406509320417,1.6094379124341003,3.1780538303479458,3.9318256327243257,14,1.9459101490553132,1.3862943611198906,5,0.0,0.0,13,7,18,1.23,0.13353139262452263,1.0986122886681098
54,54690.0,2,3,198.0,3.1354942159291497,4.718498871295094,2.833213344056216,3.6375861597263857,2.0794415416798357,2.302585092994046,2.9444389791664403,9,1.3862943611198906,0.6931471805599453,5,0.0,0.0,6,3,76,0.64,0.2876820724517809,1.3862943611198906
56,4428.0,1,2,164.5,2.0255131996542803,2.833213344056216,1.6094379124341003,2.5649493574615367,1.0986122886681098,1.6094379124341003,4.848116364598481,25,3.258096538021482,0.0,0,0.0,0.0,26,1,0,0.73,0.0,0.0
62,32632.0,0,1,473.5,3.4207957397307838,4.1588830833596715,4.406719247264253,4.927253685157205,4.799914262780603,2.995732273553991,3.9889840465642745,16,1.6094379124341003,1.6094379124341003,8,0.0,0.0,9,5,32,1.91,0.11778303565638346,1.0986122886681098
57,38236.0,2,3,88.0,2.6079667425452273,4.07753744390572,0.0,2.9444389791664403,1.0986122886681098,0.0,2.3978952727983707,7,1.3862943611198906,0.0,4,0.0,0.0,10,7,2,0.77,0.4519851237430572,1.6094379124341003
46,36781.0,1,2,63.0,2.6100697927420065,3.4011973816621555,0.6931471805599453,2.8903717578961645,0.0,1.3862943611198906,2.6390573296152584,5,1.0986122886681098,0.6931471805599453,2,0.0,0.6931471805599453,10,8,16,0.22,0.18232155679395465,0.6931471805599453
41,31385.0,1,2,27.0,2.302585092994046,1.3862943611198906,1.0986122886681098,2.5649493574615367,0.0,0.6931471805599453,2.302585092994046,3,0.6931471805599453,0.0,2,0.6931471805599453,0.6931471805599453,9,8,56,1.56,0.2876820724517809,0.6931471805599453
41,24570.0,1,2,193.0,3.22386336637924,3.367295829986474,3.5553480614894135,4.143134726391533,2.4849066497880004,2.70805020110221,3.8066624897703196,8,1.6094379124341003,0.0,4,0.0,0.0,13,9,97,1.33,0.3184537311185346,1.3862943611198906
51,25509.0,1,2,101.0,2.8810693652338513,3.713572066704308,1.3862943611198906,3.4339872044851463,2.3978952727983707,2.0794415416798357,2.4849066497880004,6,1.3862943611198906,0.0,3,0.0,0.6931471805599453,12,9,15,1.78,0.4054651081081644,1.3862943611198906
74,94642.0,0,1,1829.5,4.478688714102788,6.779921907472252,4.406719247264253,6.322565239927284,4.672828834461906,4.406719247264253,4.848116364598481,21,1.791759469228055,2.0794415416798357,9,1.0986122886681098,0.0,6,1,35,0.38,0.0,0.0
63,58646.0,1,2,140.0,3.044522437723423,4.143134726391533,0.6931471805599453,3.8066624897703196,1.9459101490553132,1.791759469228055,3.1354942159291497,7,1.0986122886681098,0.6931471805599453,4,0.0,0.0,6,4,3,1.05,0.13353139262452263,0.6931471805599453
50,53201.0,2,3,415.0,3.4223995893127586,5.638354669333745,2.0794415416798357,4.406719247264253,3.044522437723423,0.0,3.332204510175204,14,1.9459101490553132,1.3862943611198906,5,0.0,0.0,13,7,49,1.37,0.4519851237430572,2.1972245773362196
68,21994.0,1,2,22.0,2.120263536200091,2.302585092994046,0.0,1.9459101490553132,1.3862943611198906,0.6931471805599453,1.3862943611198906,3,0.0,0.0,3,0.0,0.0,5,5,4,1.51,0.2876820724517809,0.6931471805599453
47,57113.0,2,3,263.0,3.3068867021909143,5.209486152841421,1.6094379124341003,3.5263605246161616,0.0,1.0986122886681098,3.7612001156935624,10,1.6094379124341003,0.6931471805599453,5,0.0,0.0,11,7,45,1.39,0.4700036292457356,1.9459101490553132
34,51373.0,0,1,393.0,3.6035196051627794,4.430816798843313,1.0986122886681098,4.624972813284271,4.174387269895637,3.295836866004329,4.770684624465665,11,1.3862943611198906,1.791759469228055,3,0.0,0.0,7,4,37,1.02,0.08701137698962977,0.6931471805599453
39,23477.0,1,2,147.0,3.091042453358316,3.6635616461296463,2.772588722239781,4.007333185232471,1.3862943611198906,2.1972245773362196,3.4011973816621555,7,1.3862943611198906,0.0,4,0.0,0.0,11,8,39,0.69,0.35667494393873234,1.3862943611198906
69,58116.0,1,2,443.0,3.485626061278946,5.43372200355424,2.995732273553991,4.875197323201151,1.6094379124341003,2.4849066497880004,3.9512437185814275,14,1.3862943611198906,1.3862943611198906,8,0.0,0.0,5,2,38,0.21,0.13353139262452263,1.0986122886681098
62,72968.0,0,1,1897.5,4.6673622062445395,6.996681488176539,3.6375861597263857,6.322565239927284,4.799914262780603,3.6375861597263857,4.02535169073515,18,1.791759469228055,1.791759469228055,8,0.6931471805599453,0.6931471805599453,8,3,8,0.53,0.054067221270275766,0.6931471805599453
54,39791.0,1,2,174.0,3.1245651453969594,4.454347296253507,2.772588722239781,3.332204510175204,2.6390573296152584,2.6390573296152584,3.091042453358316,8,1.3862943611198906,0.6931471805599453,4,0.0,0.0,10,7,89,1.25,0.22314355131420976,1.0986122886681098
78,91712.0,0,1,1975.0,4.306065093870837,7.110696122978827,3.2188758248682006,6.322565239927284,4.553876891600541,3.4011973816621555,3.8918202981106265,27,2.302585092994046,2.0794415416798357,11,0.6931471805599453,0.6931471805599453,12,3,47,0.7,0.0,0.0
67,94472.0,1,2,1672.0,4.722656881443759,6.925595197110468,3.5263605246161616,6.035481432524756,4.6913478822291435,4.406719247264253,2.833213344056216,15,1.791759469228055,1.791759469228055,5,1.0986122886681098,0.0,10,5,75,0.24,0.06453852113757118,0.6931471805599453
65,13672.0,2,3,25.0,1.9810014688665833,1.9459101490553132,1.0986122886681098,2.302585092994046,1.0986122886681098,0.6931471805599453,1.791759469228055,4,0.6931471805599453,0.0,3,0.0,0.0,9,8,86,1.2,0.4054651081081644,1.0986122886681098
45,96547.0,0,1,789.0,3.6525118099430616,6.1070228877422545,3.091042453358316,4.836281906951478,3.970291913552122,4.406719247264253,4.143134726391533,21,2.0794415416798357,1.9459101490553132,8,1.3862943611198906,0.6931471805599453,9,2,4,0.1,0.0,0.0
50,79205.0,0,1,836.5,4.0389492990005325,6.22455842927536,3.1780538303479458,4.770684624465665,4.799914262780603,3.367295829986474,3.8066624897703196,15,1.9459101490553132,1.791759469228055,4,0.6931471805599453,0.6931471805599453,10,4,73,1.83,0.06453852113757118,0.6931471805599453
50,56559.0,1,2,484.0,3.5045558946493087,5.424950017481403,3.1354942159291497,4.897839799950911,3.7376696182833684,3.4657359027997265,3.4657359027997265,15,1.6094379124341003,1.3862943611198906,8,0.0,0.0,8,4,46,1.51,0.18232155679395465,1.3862943611198906
52,32644.0,1,2,413.0,3.417726683613366,5.480638923341991,1.3862943611198906,4.955827057601261,0.0,2.0794415416798357,3.1780538303479458,14,2.0794415416798357,0.6931471805599453,6,0.6931471805599453,0.0,15,8,38,1.45,0.2513144282809061,1.6094379124341003
45,67506.0,1,2,331.0,3.4369154642642346,4.51085950651685,3.6635616461296463,4.219507705176107,3.5263605246161616,3.6109179126442243,4.219507705176107,11,1.6094379124341003,0.6931471805599453,6,0.0,0.0,7,3,73,0.49,0.08701137698962977,0.6931471805599453
55,24206.0,1,2,25.0,1.9810014688665833,2.0794415416798357,1.0986122886681098,2.1972245773362196,1.3862943611198906,1.0986122886681098,1.3862943611198906,4,0.6931471805599453,0.0,3,0.0,0.0,7,6,66,1.31,0.22314355131420976,0.6931471805599453
58,28420.0,1,2,13.0,1.6739764335716716,1.6094379124341003,1.0986122886681098,1.791759469228055,1.0986122886681098,0.0,0.0,3,0.6931471805599453,0.0,2,0.0,0.0,7,6,36,0.51,0.2876820724517809,0.6931471805599453
55,22979.0,1,2,115.0,2.8581108956779433,2.833213344056216,2.8903717578961645,2.995732273553991,3.044522437723423,3.091042453358316,3.1354942159291497,7,1.3862943611198906,1.0986122886681098,2,0.0,0.6931471805599453,11,8,29,1.81,0.35667494393873234,1.3862943611198906
59,33279.0,0,1,16.0,1.8458266904983307,2.3978952727983707,1.3862943611198906,1.3862943611198906,0.0,0.0,0.0,3,0.0,0.0,3,0.0,0.0,3,3,29,0.05,0.2876820724517809,0.6931471805599453
53,46423.0,2,3,92.0,2.793208009442517,4.23410650459726,0.0,2.833213344056216,0.0,0.0,2.1972245773362196,6,1.0986122886681098,0.0,4,0.0,0.0,9,7,6,0.78,0.4054651081081644,1.3862943611198906
48,30368.0,1,2,52.0,2.4336133554004498,3.58351893845611,0.0,2.6390573296152584,1.0986122886681098,0.0,1.0986122886681098,5,1.0986122886681098,0.0,3,0.0,0.0,10,8,97,0.64,0.33647223662121295,1.0986122886681098
55,63684.0,1,2,1364.5,4.237362069057025,6.3561076606958915,4.394449154672439,6.061456918928017,4.799914262780603,4.406719247264253,4.394449154672439,20,2.1972245773362196,1.6094379124341003,8,0.0,0.0,13,5,61,1.59,0.1397619423751587,1.3862943611198906
61,41638.0,1,2,441.0,3.553147840579811,5.755742213586912,0.0,3.4657359027997265,1.6094379124341003,0.0,4.5217885770490405,13,1.791759469228055,1.791759469228055,3,0.6931471805599453,0.0,13,8,68,1.37,0.26826398659467937,1.6094379124341003
66,68805.0,1,2,283.0,3.285684494540311,5.209486152841421,1.0986122886681098,3.912023005428146,2.8903717578961645,2.6390573296152584,3.044522437723423,11,1.3862943611198906,0.6931471805599453,7,0.0,0.0,5,2,73,0.78,0.08701137698962977,0.6931471805599453
59,65814.0,1,2,747.0,3.646754527813265,6.331501849893691,2.70805020110221,4.736198448394496,2.3978952727983707,2.70805020110221,3.58351893845611,20,2.1972245773362196,1.0986122886681098,10,0.0,0.0,13,5,90,0.33,0.1397619423751587,1.3862943611198906
67,71964.0,0,1,1434.5,4.507074881321677,6.376726947898627,3.9512437185814275,6.322565239927284,4.799914262780603,3.5553480614894135,4.465908118654584,16,1.791759469228055,1.9459101490553132,5,0.0,0.0,8,3,81,1.11,0.06062462181643484,0.6931471805599453
39,39146.0,1,2,165.0,3.073850052817943,4.553876891600541,0.6931471805599453,3.5263605246161616,2.6390573296152584,2.5649493574615367,2.5649493574615367,8,1.6094379124341003,0.0,4,0.0,0.0,12,8,1,1.37,0.3184537311185346,1.3862943611198906
48,96876.0,0,1,1649.0,4.2862815777154974,6.812345094177479,3.784189633918261,6.322565239927284,3.713572066704308,4.406719247264253,3.091042453358316,23,2.0794415416798357,2.0794415416798357,9,1.3862943611198906,0.6931471805599453,9,2,79,0.9,0.04255961441879593,0.6931471805599453
44,34445.0,0,1,662.5,3.482704218440581,5.43372200355424,4.406719247264253,4.812184355372417,4.799914262780603,4.406719247264253,3.4339872044851463,21,2.4849066497880004,1.0986122886681098,8,0.0,0.0,20,9,92,1.42,0.2513144282809061,1.9459101490553132
67,68281.0,0,1,1624.0,4.229263880121471,6.903747257584598,4.406719247264253,6.035481432524756,3.7612001156935624,3.8918202981106265,3.7376696182833684,24,1.0986122886681098,2.302585092994046,13,0.0,0.6931471805599453,7,5,31,1.89,0.040821994520255124,0.6931471805599453
50,37284.0,2,3,23.0,2.1594842493533726,2.4849066497880004,0.6931471805599453,1.0986122886681098,1.0986122886681098,0.6931471805599453,1.9459101490553132,3,0.0,0.0,3,0.0,0.0,6,6,46,1.25,0.2876820724517809,0.6931471805599453
42,36790.0,0,1,66.0,2.653241964607215,1.3862943611198906,1.3862943611198906,2.70805020110221,2.772588722239781,3.091042453358316,2.3978952727983707,5,1.0986122886681098,0.6931471805599453,2,0.0,0.6931471805599453,11,9,14,1.33,0.18232155679395465,0.6931471805599453
58,27943.0,2,3,37.0,2.128231705849268,2.5649493574615367,0.6931471805599453,2.833213344056216,1.6094379124341003,0.6931471805599453,1.3862943611198906,5,1.0986122886681098,0.0,3,0.0,0.0,10,8,89,1.2,0.4700036292457356,1.3862943611198906
74,22263.0,2,3,21.0,1.8325814637483102,2.8903717578961645,0.0,1.0986122886681098,0.0,0.0,1.0986122886681098,4,0.6931471805599453,0.0,3,0.0,0.0,7,6,31,0.25,0.4054651081081644,1.0986122886681098
53,30261.0,3,4,22.0,2.120263536200091,2.1972245773362196,0.0,1.791759469228055,0.0,1.3862943611198906,1.9459101490553132,3,0.0,0.0,3,0.0,0.0,8,8,75,1.76,0.2876820724517809,0.6931471805599453
47,28587.0,1,2,78.0,2.6390573296152584,3.1354942159291497,1.6094379124341003,2.8903717578961645,2.5649493574615367,2.3978952727983707,2.6390573296152584,6,1.0986122886681098,0.0,4,0.0,0.0,8,6,42,0.38,0.4054651081081644,1.3862943611198906
43,43815.0,1,2,79.0,2.8213788864092133,2.70805020110221,2.3978952727983707,3.4011973816621555,1.6094379124341003,2.0794415416798357,2.772588722239781,5,1.0986122886681098,0.0,3,0.0,0.0,8,6,53,1.23,0.18232155679395465,0.6931471805599453
69,48195.0,2,3,265.0,3.2225055929187794,4.672828834461906,3.332204510175204,4.23410650459726,3.970291913552122,2.0794415416798357,1.791759469228055,11,1.6094379124341003,1.0986122886681098,5,0.0,0.0,10,6,53,0.44,0.4353180712578455,1.9459101490553132
73,77027.0,1,2,1175.0,4.250174503569079,6.710523109452428,4.060443010546419,5.493061443340548,3.828641396489095,0.0,2.4849066497880004,17,2.1972245773362196,1.3862943611198906,6,0.0,0.0,12,4,23,0.39,0.11122563511022437,1.0986122886681098
60,71322.0,1,2,1227.5,3.875598379576866,6.625392368007956,3.784189633918261,5.424950017481403,4.248495242049359,2.3978952727983707,4.848116364598481,26,2.1972245773362196,1.791759469228055,13,0.0,0.0,12,4,57,1.36,0.07410797215372189,1.0986122886681098
46,32765.0,1,2,46.0,2.1594842493533726,2.6390573296152584,1.3862943611198906,2.8903717578961645,2.0794415416798357,1.3862943611198906,1.3862943611198906,6,1.0986122886681098,0.0,4,0.0,0.0,7,5,49,0.34,0.2876820724517809,1.0986122886681098
60,29672.0,2,3,25.0,2.2335922215070942,2.302585092994046,0.6931471805599453,1.3862943611198906,0.0,1.6094379124341003,2.1972245773362196,3,0.0,0.0,3,0.0,0.0,6,6,6,1.3,0.2876820724517809,0.6931471805599453
72,23272.0,0,1,46.0,2.5257286443082556,2.995732273553991,1.3862943611198906,1.9459101490553132,1.6094379124341003,1.0986122886681098,2.5649493574615367,4,0.6931471805599453,0.0,3,0.0,0.0,5,4,29,0.7,0.22314355131420976,0.6931471805599453
76,49912.0,1,2,874.0,3.7068979596166147,6.255750041753367,2.1972245773362196,5.4116460518550396,3.4965075614664802,3.912023005428146,3.7612001156935624,22,2.3978952727983707,1.791759469228055,7,0.6931471805599453,0.6931471805599453,18,8,5,1.81,0.16705408466316618,1.6094379124341003
40,7500.0,1,2,100.0,2.8716796248840124,1.791759469228055,2.8903717578961645,2.8903717578961645,2.6390573296152584,2.70805020110221,3.5553480614894135,6,1.0986122886681098,0.6931471805599453,3,0.0,0.0,11,9,98,1.91,0.5108256237659907,1.6094379124341003
78,68117.0,1,2,930.0,3.7241206877250526,6.428105272684596,3.8066624897703196,5.375278407684165,0.0,2.8903717578961645,3.6109179126442243,23,2.4849066497880004,2.1972245773362196,4,0.6931471805599453,0.6931471805599453,17,6,80,1.3,0.08338160893905106,1.0986122886681098
70,67225.0,1,2,851.5,3.7744835914060846,5.755742213586912,3.58351893845611,5.777652323222656,3.8501476017100584,2.0794415416798357,4.848116364598481,20,2.0794415416798357,1.0986122886681098,11,0.0,0.0,12,5,4,0.59,0.1397619423751587,1.3862943611198906
49,17649.0,1,2,45.0,2.1400661634962708,2.772588722239781,0.6931471805599453,3.1780538303479458,0.0,1.791759469228055,0.6931471805599453,6,1.3862943611198906,0.0,3,0.0,0.0,11,8,70,0.63,0.4054651081081644,1.3862943611198906
50,55914.0,1,2,1134.5,3.8368683318273855,5.953243334287785,4.110873864173311,5.8998973535824915,4.787491742782046,4.406719247264253,4.848116364598481,25,2.4849066497880004,1.9459101490553132,8,0.0,0.0,18,7,32,1.17,0.1484200051182733,1.6094379124341003
41,40059.0,1,2,395.5,3.6096886561894945,4.709530201312334,3.4011973816621555,4.532599493153256,3.367295829986474,2.3978952727983707,4.848116364598481,11,1.9459101490553132,1.0986122886681098,3,0.6931471805599453,0.0,14,8,82,0.75,0.08701137698962977,0.6931471805599453
75,60905.0,1,2,392.0,3.4389377096450024,5.342334251964811,2.8903717578961645,4.343805421853684,3.6109179126442243,2.8903717578961645,3.6635616461296463,13,1.3862943611198906,1.3862943611198906,7,0.0,0.0,5,2,27,0.56,0.14310084364067333,1.0986122886681098
48,75330.0,2,3,1108.0,3.8137484361598055,6.320768294250582,4.406719247264253,5.552959584921617,4.543294782270004,4.127134385045092,4.127134385045092,25,2.3978952727983707,1.3862943611198906,12,0.0,0.0,16,6,94,1.73,0.1484200051182733,1.6094379124341003
74,60689.0,1,2,630.0,3.58351893845611,5.484796933490655,4.406719247264253,5.37989735354046,4.1588830833596715,1.9459101490553132,3.2188758248682006,18,1.6094379124341003,1.6094379124341003,10,0.0,0.0,7,3,23,1.08,0.20067069546215116,1.6094379124341003
41,38680.0,1,2,79.0,2.8213788864092133,2.4849066497880004,0.0,3.6109179126442243,2.772588722239781,1.791759469228055,2.5649493574615367,5,1.0986122886681098,0.0,3,0.0,0.0,9,7,97,1.25,0.18232155679395465,0.6931471805599453
43,61416.0,0,1,1511.5,4.200465658130641,6.744059186311348,4.406719247264253,5.780743515792329,4.799914262780603,4.127134385045092,4.3694478524670215,23,2.3978952727983707,1.3862943611198906,10,0.6931471805599453,0.0,16,6,25,1.39,0.04255961441879593,0.6931471805599453
34,49767.0,0,1,669.5,3.69839288115181,5.313205979041787,3.871201010907891,5.288267030694535,4.02535169073515,3.7612001156935624,4.848116364598481,17,1.791759469228055,1.6094379124341003,8,0.0,0.0,9,4,92,1.16,0.05715841383994861,0.6931471805599453
55,83273.0,3,4,1269.0,4.216406927497858,6.073044534100405,4.406719247264253,6.322565239927284,2.833213344056216,4.406719247264253,4.634728988229636,19,1.6094379124341003,1.9459101490553132,9,0.0,0.0,11,7,98,1.76,0.42285685082003355,2.3978952727983707
44,29009.0,1,2,44.0,2.2823823856765264,1.9459101490553132,1.9459101490553132,2.772588722239781,2.3978952727983707,1.791759469228055,1.0986122886681098,5,1.0986122886681098,0.0,3,0.0,0.0,8,6,19,0.58,0.33647223662121295,1.0986122886681098
46,45057.0,1,2,50.0,2.3978952727983707,3.6375861597263857,0.0,2.0794415416798357,1.3862943611198906,0.0,1.3862943611198906,5,1.0986122886681098,0.0,3,0.0,0.0,7,5,80,0.57,0.18232155679395465,0.6931471805599453
54,37150.0,1,2,467.0,3.6088367464404,5.123963979403259,3.6375861597263857,4.174387269895637,3.912023005428146,3.5553480614894135,4.762173934797756,13,1.6094379124341003,1.3862943611198906,6,0.0,0.0,11,7,80,1.8,0.4795730802618863,2.1972245773362196
55,43020.0,1,2,223.0,3.2495127943300908,3.828641396489095,2.0794415416798357,4.605170185988092,1.6094379124341003,3.258096538021482,3.784189633918261,9,1.6094379124341003,0.6931471805599453,4,0.0,0.0,10,6,79,0.58,0.2876820724517809,1.3862943611198906
66,53154.0,1,2,158.0,3.0325462466767075,4.867534450455582,0.0,3.091042453358316,0.0,0.6931471805599453,2.0794415416798357,8,1.3862943611198906,0.6931471805599453,4,0.0,0.0,7,4,50,0.05,0.11778303565638346,0.6931471805599453
52,65308.0,0,1,1211.0,3.8254155872402125,6.570882962339584,0.0,5.579729825986222,4.795790545596741,4.394449154672439,3.5553480614894135,27,2.0794415416798357,2.1972245773362196,12,1.0986122886681098,0.0,11,4,60,0.8,0.03636764417087485,0.6931471805599453
55,76467.0,1,2,1405.5,4.771743385813907,6.517671272912275,4.406719247264253,6.056784013228625,4.799914262780603,3.8066624897703196,4.07753744390572,12,1.0986122886681098,1.791759469228055,5,0.0,0.6931471805599453,8,6,44,1.86,0.15415067982725827,1.0986122886681098
78,81044.0,0,1,1191.0,4.055504728905837,6.111467339502679,3.295836866004329,6.284134161070802,4.30406509320417,4.406719247264253,3.295836866004329,21,1.791759469228055,1.9459101490553132,10,0.0,0.0,6,1,0,0.5,0.04652001563489285,0.6931471805599453
74,32871.0,2,3,43.0,2.463853240590168,3.1354942159291497,1.0986122886681098,2.5649493574615367,0.0,1.0986122886681098,1.791759469228055,4,0.6931471805599453,0.0,3,0.0,0.0,5,4,28,1.31,0.22314355131420976,0.6931471805599453
50,55801.0,2,3,527.0,3.587215800337436,5.908082938168931,1.6094379124341003,3.9512437185814275,1.9459101490553132,1.6094379124341003,4.564348191467836,15,2.0794415416798357,1.0986122886681098,6,0.6931471805599453,0.0,14,7,35,0.77,0.33647223662121295,1.9459101490553132
66,76320.0,1,2,932.0,4.286235570032206,6.267200548541362,3.58351893845611,5.3706380281276624,4.248495242049359,3.9889840465642745,3.58351893845611,13,1.9459101490553132,1.3862943611198906,4,0.0,0.0,8,2,49,0.02,0.14310084364067333,1.0986122886681098
70,36927.0,2,3,71.0,2.5520459526256287,3.9512437185814275,0.0,2.833213344056216,0.0,0.0,1.6094379124341003,6,1.3862943611198906,0.0,3,0.0,0.0,11,8,46,0.07,0.2876820724517809,1.0986122886681098
72,48794.0,2,3,54.0,2.6741486494265287,3.258096538021482,0.0,2.4849066497880004,1.3862943611198906,0.0,2.772588722239781,4,0.6931471805599453,0.0,3,0.0,0.0,5,4,97,0.01,0.22314355131420976,0.6931471805599453
60,23478.0,0,1,129.0,3.1135153092103742,3.367295829986474,1.9459101490553132,3.332204510175204,2.5649493574615367,2.8903717578961645,3.6888794541139363,6,1.3862943611198906,0.0,3,0.0,0.0,11,8,51,1.28,0.15415067982725827,0.6931471805599453
52,71128.0,1,2,1537.0,4.175028090167486,6.8658910748834385,4.406719247264253,6.104793232414985,3.044522437723423,0.0,3.4657359027997265,24,1.0986122886681098,2.3978952727983707,12,0.0,0.0,9,7,80,1.73,0.11778303565638346,1.3862943611198906
49,70179.0,1,2,1020.5,3.814841510588106,6.278521424165844,4.406719247264253,5.1298987149230735,4.248495242049359,3.8066624897703196,4.848116364598481,23,2.0794415416798357,1.3862943611198906,13,0.0,0.0,12,5,10,0.94,0.12260232209233235,1.3862943611198906
75,59462.0,1,2,1018.5,3.812923044771877,6.586171654854675,2.8903717578961645,4.969813299576001,0.0,2.1972245773362196,4.848116364598481,23,2.302585092994046,1.0986122886681098,12,0.0,0.0,16,7,29,1.48,0.08338160893905106,1.0986122886681098
56,51381.5,2,3,721.0,3.714926163052037,5.929589143389895,3.7612001156935624,3.8918202981106265,4.553876891600541,4.204692619390966,4.574710978503383,18,1.6094379124341003,2.3978952727983707,4,0.0,0.0,7,3,52,1.11,0.3285040669720361,2.0794415416798357
56,38361.0,1,2,137.0,3.0239031505206873,3.6888794541139363,0.0,4.04305126783455,3.044522437723423,2.1972245773362196,2.70805020110221,7,1.3862943611198906,0.6931471805599453,3,0.0,0.0,10,7,74,0.5,0.35667494393873234,1.3862943611198906
44,51381.5,1,2,47.0,2.1785324443240666,3.1780538303479458,0.0,2.772588722239781,0.0,1.0986122886681098,2.0794415416798357,6,1.3862943611198906,0.0,3,0.0,0.0,9,6,82,1.08,0.2876820724517809,1.0986122886681098
43,70038.0,0,1,1240.5,4.363496634743866,6.376726947898627,4.007333185232471,5.855071922202427,4.276666119016055,4.007333185232471,4.848116364598481,16,1.6094379124341003,1.6094379124341003,8,0.0,0.0,6,2,54,0.68,0.06062462181643484,0.6931471805599453
47,42554.0,2,3,41.0,2.2192034840549946,3.4011973816621555,0.6931471805599453,2.4849066497880004,0.0,0.0,0.0,5,1.0986122886681098,0.0,3,0.0,0.0,6,4,93,1.46,0.33647223662121295,1.0986122886681098
51,67445.0,1,2,1174.0,3.7950729560756544,6.630683385642372,4.394449154672439,5.384495062789089,3.4011973816621555,4.394449154672439,2.4849066497880004,27,2.302585092994046,1.9459101490553132,12,0.0,0.0,15,6,63,1.88,0.16989903679539747,1.791759469228055
74,67046.0,1,2,923.0,4.276666119016055,6.300785794663244,3.58351893845611,4.897839799950911,3.1780538303479458,4.406719247264253,4.68213122712422,13,1.6094379124341003,1.791759469228055,4,0.0,0.0,6,2,92,1.48,0.14310084364067333,1.0986122886681098
77,42192.0,0,1,100.0,2.8716796248840124,3.713572066704308,2.772588722239781,2.772588722239781,2.8903717578961645,1.9459101490553132,2.0794415416798357,6,1.0986122886681098,0.6931471805599453,3,0.0,0.0,6,4,40,0.81,0.15415067982725827,0.6931471805599453
73,77610.0,1,2,1659.0,4.71492104994721,7.110696122978827,3.5263605246161616,5.808142489980444,3.091042453358316,3.5263605246161616,2.833213344056216,15,1.6094379124341003,2.0794415416798357,4,0.0,0.0,11,7,70,1.66,0.12516314295400602,1.0986122886681098
41,31761.0,1,2,98.0,2.70805020110221,2.995732273553991,0.6931471805599453,3.044522437723423,2.833213344056216,2.70805020110221,3.367295829986474,7,1.3862943611198906,0.0,4,0.0,0.0,8,5,96,0.23,0.2513144282809061,1.0986122886681098
46,34350.0,1,2,48.0,2.5649493574615367,2.833213344056216,1.3862943611198906,2.772588722239781,1.0986122886681098,0.6931471805599453,2.4849066497880004,4,0.6931471805599453,0.0,3,0.0,0.0,8,7,81,0.69,0.22314355131420976,0.6931471805599453
76,54591.0,1,2,519.0,3.509678024656225,5.932245187448011,1.6094379124341003,4.553876891600541,2.5649493574615367,2.302585092994046,3.2188758248682006,16,1.9459101490553132,1.0986122886681098,8,0.0,0.0,11,5,63,0.9,0.17185025692665923,1.3862943611198906
69,71866.0,1,2,618.0,3.512330676405723,5.220355825078324,4.406719247264253,5.187385805840755,4.6443908991413725,3.6888794541139363,3.5263605246161616,19,1.9459101490553132,1.3862943611198906,10,0.0,0.0,9,3,85,0.51,0.051293294387550536,0.6931471805599453
56,25293.0,1,2,37.0,2.327277705584417,2.772588722239781,0.0,2.4849066497880004,0.0,1.0986122886681098,2.302585092994046,4,0.6931471805599453,0.6931471805599453,2,0.0,0.0,9,8,51,0.79,0.22314355131420976,0.6931471805599453
38,42000.0,0,1,651.0,3.615412302232064,4.8283137373023015,4.406719247264253,5.5909869805108565,4.454347296253507,4.0943445622221,3.58351893845611,18,1.791759469228055,1.0986122886681098,11,0.0,0.6931471805599453,10,5,23,1.46,0.1053605156578263,1.0986122886681098
42,69520.0,0,1,1415.5,4.273536226007128,6.4425401664681985,4.406719247264253,6.028278520230698,4.799914262780603,4.394449154672439,4.543294782270004,20,2.302585092994046,1.9459101490553132,5,0.0,0.0,14,5,95,0.98,0.048790164169432,0.6931471805599453
55,64713.0,1,2,602.0,3.59489192862838,5.198497031265826,4.110873864173311,5.488937726156687,2.6390573296152584,4.007333185232471,4.007333185232471,17,1.791759469228055,1.791759469228055,7,0.0,0.6931471805599453,9,4,11,0.39,0.11122563511022437,1.0986122886681098
48,27889.0,1,2,26.0,2.0149030205422647,2.70805020110221,0.0,1.6094379124341003,0.0,0.0,2.1972245773362196,4,0.6931471805599453,0.6931471805599453,2,0.0,0.0,7,6,42,0.98,0.22314355131420976,0.6931471805599453
65,22123.0,0,1,102.0,2.8903717578961645,1.3862943611198906,1.3862943611198906,3.2188758248682006,3.5553480614894135,2.0794415416798357,3.4657359027997265,6,1.0986122886681098,0.6931471805599453,3,0.0,0.0,7,5,77,0.26,0.15415067982725827,0.6931471805599453
54,51381.5,2,3,97.0,2.842969519001581,4.276666119016055,0.6931471805599453,2.833213344056216,0.0,0.0,2.302585092994046,6,1.0986122886681098,0.6931471805599453,3,0.0,0.0,10,8,82,1.32,0.5108256237659907,1.6094379124341003
71,51381.5,1,2,207.0,3.1780538303479458,5.087596335232384,0.0,3.1354942159291497,0.0,0.0,3.2188758248682006,9,1.6094379124341003,0.6931471805599453,4,0.0,0.0,10,6,83,1.02,0.20067069546215116,1.0986122886681098
52,27803.0,1,2,176.0,3.2635760037861075,2.1972245773362196,3.295836866004329,3.8501476017100584,3.6635616461296463,2.302585092994046,3.912023005428146,7,1.3862943611198906,0.0,4,0.0,0.0,11,8,40,1.84,0.2513144282809061,1.0986122886681098
70,51381.5,1,2,429.5,3.6052713702560144,5.579729825986222,0.0,3.091042453358316,2.5649493574615367,1.9459101490553132,4.848116364598481,12,1.9459101490553132,0.6931471805599453,5,0.0,0.0,13,7,95,0.7,0.22314355131420976,1.3862943611198906
65,51651.0,1,2,433.0,3.5353695945585275,5.683579767338681,1.9459101490553132,3.1780538303479458,2.6390573296152584,1.9459101490553132,4.532599493153256,13,1.9459101490553132,1.0986122886681098,5,0.0,0.0,14,8,32,1.64,0.26826398659467937,1.6094379124341003
37,68487.0,0,1,1358.0,3.8676025903283575,6.63200177739563,2.5649493574615367,5.955837369464831,3.5263605246161616,4.406719247264253,4.499809670330265,29,2.302585092994046,2.0794415416798357,13,0.0,0.0,13,4,48,1.46,0.033901551675681346,0.6931471805599453
82,51381.5,0,1,1430.5,4.235830345741261,6.278521424165844,4.406719247264253,6.19644412779452,4.799914262780603,4.406719247264253,4.844187086458591,21,1.791759469228055,1.791759469228055,11,0.6931471805599453,0.6931471805599453,6,1,75,0.66,0.04652001563489285,0.6931471805599453
56,56796.0,1,2,1001.0,3.754394061224563,6.48768401848461,3.6635616461296463,5.087596335232384,4.143134726391533,3.871201010907891,3.6375861597263857,24,2.1972245773362196,2.302585092994046,7,0.0,0.0,15,7,24,1.36,0.11778303565638346,1.3862943611198906
33,87000.0,0,1,910.0,3.9987402215096393,5.2832037287379885,3.258096538021482,6.322565239927284,4.219507705176107,2.8903717578961645,3.912023005428146,17,1.6094379124341003,1.9459101490553132,7,0.0,0.0,6,2,61,1.54,0.05715841383994861,0.6931471805599453
66,79823.0,1,2,1518.0,4.248495242049359,6.728628613084702,4.30406509320417,5.942799375126701,4.74493212836325,4.30406509320417,3.784189633918261,22,1.9459101490553132,2.302585092994046,7,0.6931471805599453,0.0,8,2,6,0.25,0.04445176257083384,0.6931471805599453
45,30828.0,1,2,56.0,2.3353749158170367,2.833213344056216,2.4849066497880004,2.772588722239781,1.0986122886681098,0.0,2.5649493574615367,6,0.6931471805599453,0.6931471805599453,4,0.0,0.0,4,3,16,0.73,0.2876820724517809,1.0986122886681098
54,34109.0,1,2,22.0,2.120263536200091,2.302585092994046,0.6931471805599453,1.791759469228055,1.0986122886681098,0.6931471805599453,1.6094379124341003,3,0.0,0.0,3,0.0,0.0,4,4,39,0.64,0.2876820724517809,0.6931471805599453
51,53367.0,2,3,400.0,3.386808644210056,5.438079308923196,2.0794415416798357,4.948759890378168,2.3978952727983707,1.3862943611198906,2.4849066497880004,14,1.791759469228055,0.6931471805599453,8,0.0,0.6931471805599453,12,7,2,0.83,0.4054651081081644,2.0794415416798357
56,22390.0,0,1,26.0,2.268683541318364,0.0,0.6931471805599453,1.6094379124341003,2.772588722239781,0.6931471805599453,1.791759469228055,3,0.6931471805599453,0.0,2,0.0,0.0,8,7,49,0.69,0.2876820724517809,0.6931471805599453
49,71322.0,1,2,350.0,3.4067375620377707,4.804021044733257,3.2188758248682006,4.8283137373023015,3.2188758248682006,2.772588722239781,3.7612001156935624,12,1.6094379124341003,0.6931471805599453,7,0.0,0.0,6,2,31,0.16,0.08004270767353643,0.6931471805599453
32,79244.0,0,1,985.0,3.8692149129362616,6.156978985585555,4.406719247264253,4.836281906951478,4.799914262780603,4.127134385045092,4.848116364598481,21,1.6094379124341003,2.3978952727983707,7,1.0986122886681098,0.6931471805599453,5,1,58,1.52,0.04652001563489285,0.6931471805599453
76,49912.0,1,2,874.0,3.7068979596166147,6.255750041753367,2.1972245773362196,5.4116460518550396,3.4965075614664802,3.912023005428146,3.7612001156935624,22,2.3978952727983707,1.791759469228055,7,0.6931471805599453,0.6931471805599453,18,8,5,1.81,0.16705408466316618,1.6094379124341003
75,48699.0,2,3,40.0,2.3978952727983707,3.295836866004329,0.6931471805599453,2.3978952727983707,1.0986122886681098,0.0,0.6931471805599453,4,0.6931471805599453,0.0,3,0.0,0.0,6,5,90,1.11,0.22314355131420976,0.6931471805599453
50,80144.0,0,1,1075.5,4.1067670822206574,5.484796933490655,4.406719247264253,6.100318952020064,4.799914262780603,4.406719247264253,4.6913478822291435,18,1.3862943611198906,2.0794415416798357,8,0.0,0.0,4,1,47,0.74,0.054067221270275766,0.6931471805599453
69,54252.0,2,3,264.0,3.3105430133940246,5.187385805840755,1.6094379124341003,3.295836866004329,2.1972245773362196,1.6094379124341003,3.8066624897703196,10,1.6094379124341003,0.6931471805599453,5,0.0,0.0,10,6,25,1.09,0.4054651081081644,1.791759469228055
49,81929.0,1,2,1732.5,4.577284982498556,7.110696122978827,4.02535169073515,5.631211781821365,3.912023005428146,0.0,4.848116364598481,18,1.6094379124341003,1.6094379124341003,10,1.0986122886681098,0.6931471805599453,10,6,60,1.75,0.1053605156578263,1.0986122886681098
50,76068.0,1,2,1376.0,5.036230841285219,7.017506142941256,2.5649493574615367,4.859812404361672,3.5263605246161616,2.5649493574615367,4.343805421853684,9,1.0986122886681098,1.3862943611198906,4,1.0986122886681098,0.0,8,6,67,1.58,0.1053605156578263,0.6931471805599453
49,53204.0,2,3,45.0,2.505525936990736,3.4011973816621555,0.0,2.1972245773362196,1.0986122886681098,0.0,1.9459101490553132,4,0.6931471805599453,0.0,3,0.0,0.0,5,4,40,0.28,0.22314355131420976,0.6931471805599453
76,67911.0,1,2,976.0,3.7297014486341915,6.272877006546167,0.0,5.877735781779639,4.1588830833596715,3.367295829986474,0.0,24,1.9459101490553132,2.0794415416798357,11,0.0,0.0,9,3,63,0.1,0.11778303565638346,1.3862943611198906
41,14796.0,1,2,51.0,2.6210388241125804,2.6390573296152584,1.3862943611198906,2.1972245773362196,2.0794415416798357,1.6094379124341003,2.833213344056216,4,0.6931471805599453,0.0,3,0.0,0.6931471805599453,10,9,1,1.78,0.4054651081081644,1.0986122886681098
51,78128.0,1,2,1264.0,4.265804879584451,6.840546529288687,3.2188758248682006,5.442417710521793,2.833213344056216,3.2188758248682006,3.6109179126442243,18,2.1972245773362196,1.6094379124341003,6,1.0986122886681098,0.0,11,3,89,0.36,0.1053605156578263,1.0986122886681098
53,14188.0,0,1,75.0,2.6026896854443837,1.0986122886681098,2.0794415416798357,2.4849066497880004,2.833213344056216,2.5649493574615367,3.332204510175204,6,1.0986122886681098,0.0,4,0.0,0.0,8,6,40,1.33,0.15415067982725827,0.6931471805599453
39,20425.0,1,2,57.0,2.517696472610991,1.6094379124341003,2.5649493574615367,1.791759469228055,1.3862943611198906,2.833213344056216,2.8903717578961645,5,1.0986122886681098,0.0,3,0.0,0.0,9,7,5,1.66,0.33647223662121295,1.0986122886681098
63,58646.0,1,2,140.0,3.044522437723423,4.143134726391533,0.6931471805599453,3.8066624897703196,1.9459101490553132,1.791759469228055,3.1354942159291497,7,1.0986122886681098,0.6931471805599453,4,0.0,0.0,6,4,3,1.05,0.13353139262452263,0.6931471805599453
55,72967.0,1,2,497.0,3.409009921398949,5.0689042022202315,3.58351893845611,5.19295685089021,0.0,0.0,4.836281906951478,17,2.0794415416798357,1.0986122886681098,8,0.6931471805599453,0.6931471805599453,12,5,1,1.54,0.11122563511022437,1.0986122886681098
76,48150.0,1,2,266.0,3.3178157727231046,5.159055299214529,1.0986122886681098,3.6888794541139363,1.3862943611198906,1.0986122886681098,3.871201010907891,10,1.791759469228055,0.6931471805599453,4,0.0,0.0,12,7,24,1.06,0.262364264467491,1.3862943611198906
64,82332.0,0,1,1594.0,4.390738575275903,6.7226297948554485,4.0943445622221,6.322565239927284,3.9512437185814275,4.382026634673881,2.995732273553991,20,1.791759469228055,1.3862943611198906,12,0.6931471805599453,0.6931471805599453,7,2,89,1.78,0.048790164169432,0.6931471805599453
70,58275.0,2,3,615.0,3.6156760500906415,5.247024072160486,2.3978952727983707,5.537334267018537,4.04305126783455,3.784189633918261,4.174387269895637,17,2.1972245773362196,1.0986122886681098,7,0.0,0.0,15,7,48,1.07,0.3022808718729336,1.9459101490553132
44,44953.0,0,1,1021.0,3.8153205525134344,6.591673732008658,2.8903717578961645,4.897839799950911,2.4849066497880004,2.1972245773362196,4.8283137373023015,23,2.0794415416798357,1.3862943611198906,13,0.6931471805599453,0.0,13,6,31,1.52,0.04255961441879593,0.6931471805599453
72,34587.0,2,3,22.0,1.8718021769015913,2.0794415416798357,1.0986122886681098,2.302585092994046,1.0986122886681098,0.0,1.0986122886681098,4,0.6931471805599453,0.0,3,0.0,0.0,5,4,68,0.12,0.4054651081081644,1.0986122886681098
51,43018.0,1,2,133.0,3.142714463902637,3.58351893845611,1.6094379124341003,2.8903717578961645,2.0794415416798357,1.9459101490553132,4.174387269895637,6,1.0986122886681098,1.0986122886681098,2,0.0,0.0,7,5,46,0.66,0.15415067982725827,0.6931471805599453
71,45736.0,1,2,437.0,3.4724100098874198,5.241747015059643,1.3862943611198906,5.198497031265826,3.044522437723423,1.3862943611198906,3.784189633918261,14,2.0794415416798357,0.6931471805599453,6,0.0,0.0,14,7,92,0.93,0.30538164955118186,1.791759469228055
56,66476.0,1,2,1013.0,3.7660333778815818,6.610696044717759,3.367295829986474,5.030437921392435,3.258096538021482,2.302585092994046,4.060443010546419,24,1.9459101490553132,2.1972245773362196,10,0.0,0.0,10,4,80,0.57,0.08004270767353643,1.0986122886681098
44,27733.0,1,2,57.0,2.517696472610991,0.0,2.0794415416798357,1.791759469228055,3.295836866004329,1.0986122886681098,2.8903717578961645,5,1.0986122886681098,0.0,3,0.0,0.0,9,7,16,0.84,0.33647223662121295,1.0986122886681098
73,69805.0,1,2,1038.0,3.749974553473747,6.621405651764134,4.276666119016055,5.1647859739235145,2.6390573296152584,2.3978952727983707,3.044522437723423,25,1.9459101490553132,2.1972245773362196,11,0.0,0.0,8,2,50,0.44,0.07696104113612832,1.0986122886681098
63,72217.0,0,1,1545.5,4.312076672668823,6.705639094860003,3.7612001156935624,6.111467339502679,4.02535169073515,4.04305126783455,4.848116364598481,21,1.3862943611198906,2.3978952727983707,8,0.0,0.0,5,2,93,1.22,0.04652001563489285,0.6931471805599453
54,25818.0,1,2,28.0,2.3353749158170367,1.791759469228055,1.0986122886681098,2.1972245773362196,1.0986122886681098,1.0986122886681098,2.302585092994046,3,0.0,0.6931471805599453,2,0.0,0.0,7,7,51,1.69,0.2876820724517809,0.6931471805599453
49,37509.0,1,2,123.0,2.921624301400269,3.6375861597263857,1.791759469228055,4.04305126783455,2.5649493574615367,2.1972245773362196,1.791759469228055,7,1.3862943611198906,0.0,4,0.0,0.0,10,7,24,1.79,0.2513144282809061,1.0986122886681098
49,25176.0,2,3,13.0,1.6739764335716716,1.6094379124341003,0.0,1.6094379124341003,0.0,0.0,1.791759469228055,3,0.6931471805599453,0.0,2,0.0,0.0,8,7,79,0.88,0.2876820724517809,0.6931471805599453
45,43586.0,1,2,132.0,2.9885637840753785,4.605170185988092,1.0986122886681098,2.4849066497880004,1.6094379124341003,0.0,2.833213344056216,7,1.3862943611198906,0.0,4,0.0,0.0,11,8,26,1.83,0.35667494393873234,1.3862943611198906
69,53230.0,1,2,614.0,3.506031442977736,5.176149732573829,4.290459441148391,4.59511985013459,4.799914262780603,3.091042453358316,4.848116364598481,19,1.791759469228055,1.0986122886681098,12,0.0,0.0,10,5,86,1.9,0.19105523676270922,1.6094379124341003
68,50116.0,2,3,66.0,2.653241964607215,4.007333185232471,0.0,2.3978952727983707,0.0,0.0,1.0986122886681098,5,0.6931471805599453,0.0,4,0.6931471805599453,0.0,6,5,68,0.02,0.33647223662121295,1.0986122886681098
53,84906.0,0,1,1631.0,4.275457659654487,6.905753276311464,2.772588722239781,6.028278520230698,4.605170185988092,3.4339872044851463,4.343805421853684,23,1.791759469228055,1.9459101490553132,12,1.3862943611198906,0.0,7,2,98,0.73,0.04255961441879593,0.6931471805599453
59,61286.0,1,2,608.0,3.6635616461296463,5.877735781779639,0.0,4.68213122712422,2.995732273553991,2.302585092994046,4.770684624465665,16,2.0794415416798357,0.6931471805599453,8,0.0,0.0,12,5,34,0.91,0.11778303565638346,1.0986122886681098
39,82333.0,0,1,1727.0,4.630723260412709,7.110696122978827,0.0,5.886104031450156,3.8501476017100584,4.406719247264253,2.8903717578961645,17,1.6094379124341003,1.3862943611198906,10,0.6931471805599453,0.6931471805599453,6,2,60,1.25,0.05715841383994861,0.6931471805599453
60,65220.0,0,1,1282.0,4.226449499346065,6.792344427470809,4.1588830833596715,5.680172609017068,0.0,3.258096538021482,2.5649493574615367,19,2.1972245773362196,1.6094379124341003,7,0.0,0.6931471805599453,14,6,3,1.82,0.19105523676270922,1.6094379124341003
51,33590.0,3,4,8.0,1.2992829841302609,1.6094379124341003,0.0,1.0986122886681098,0.0,0.0,1.0986122886681098,3,0.6931471805599453,0.0,2,0.0,0.0,8,7,65,0.65,0.2876820724517809,0.6931471805599453
49,30992.0,1,2,43.0,2.463853240590168,2.8903717578961645,0.0,2.70805020110221,2.0794415416798357,1.3862943611198906,1.0986122886681098,4,0.6931471805599453,0.0,3,0.0,0.0,8,7,83,1.19,0.22314355131420976,0.6931471805599453
49,72309.0,0,1,1604.0,4.447592588348151,6.8679744089702925,0.0,6.322565239927284,3.9318256327243257,3.6635616461296463,0.0,19,1.791759469228055,1.9459101490553132,8,0.6931471805599453,0.6931471805599453,8,3,64,1.3,0.051293294387550536,0.6931471805599453
76,117418.0,0,1,8.0,0.0,1.0986122886681098,0.6931471805599453,1.0986122886681098,0.6931471805599453,0.6931471805599453,0.6931471805599453,0,0.0,0.0,0,0.0,0.0,0,0,85,0.83,0.0,0.0
45,16005.0,1,2,103.0,3.0726933146901194,0.6931471805599453,1.3862943611198906,1.0986122886681098,3.044522437723423,3.4339872044851463,3.871201010907891,5,1.0986122886681098,0.6931471805599453,2,0.0,0.0,10,8,69,1.87,0.4700036292457356,1.3862943611198906
68,65487.0,0,1,1054.0,4.334485689904882,5.484796933490655,4.219507705176107,6.2166061010848646,4.799914262780603,0.0,4.848116364598481,14,1.3862943611198906,1.791759469228055,6,0.0,0.0,5,2,48,0.47,0.19415601444095745,1.3862943611198906
60,58692.0,1,2,395.0,3.3746578264275433,5.71042701737487,2.4849066497880004,4.127134385045092,1.6094379124341003,2.0794415416798357,2.4849066497880004,14,2.1972245773362196,1.0986122886681098,4,0.0,0.0,15,7,21,0.23,0.06899287148695145,0.6931471805599453
56,40590.0,2,3,258.0,3.288401887516811,5.043425116919247,0.0,3.9318256327243257,1.9459101490553132,2.4849066497880004,3.6375861597263857,10,1.3862943611198906,1.6094379124341003,3,0.6931471805599453,0.0,9,6,30,0.74,0.4054651081081644,1.791759469228055
55,20587.0,1,2,25.0,1.9810014688665833,1.0986122886681098,1.3862943611198906,1.9459101490553132,1.6094379124341003,0.6931471805599453,2.302585092994046,4,0.6931471805599453,0.6931471805599453,2,0.0,0.0,8,7,39,0.13,0.22314355131420976,0.6931471805599453
71,62637.0,1,2,185.0,3.0706335817271087,4.653960350157523,2.5649493574615367,3.8918202981106265,1.6094379124341003,2.5649493574615367,1.791759469228055,9,1.0986122886681098,1.0986122886681098,5,0.0,0.0,4,2,76,0.33,0.1053605156578263,0.6931471805599453
59,29435.0,2,3,180.0,3.2851984677992734,4.2626798770413155,1.3862943611198906,3.6375861597263857,1.6094379124341003,1.0986122886681098,4.174387269895637,7,1.3862943611198906,1.0986122886681098,2,0.0,0.6931471805599453,12,9,11,1.89,0.4519851237430572,1.6094379124341003
51,19346.0,1,2,22.0,1.8718021769015913,1.0986122886681098,0.0,2.302585092994046,1.3862943611198906,1.9459101490553132,1.0986122886681098,4,0.6931471805599453,0.0,3,0.0,0.0,9,8,26,0.41,0.22314355131420976,0.6931471805599453
54,35788.0,2,3,44.0,2.2823823856765264,3.1780538303479458,1.0986122886681098,2.4849066497880004,1.3862943611198906,0.6931471805599453,1.6094379124341003,5,1.0986122886681098,0.0,3,0.0,0.0,8,6,34,0.43,0.33647223662121295,1.0986122886681098
57,36997.0,2,3,94.0,2.6692103677859462,3.784189633918261,1.6094379124341003,2.5649493574615367,2.1972245773362196,0.0,3.332204510175204,7,1.0986122886681098,0.6931471805599453,4,0.0,0.0,7,5,72,1.4,0.538996500732687,1.791759469228055
68,23539.0,0,1,81.0,2.6741486494265287,1.6094379124341003,3.2188758248682006,2.4849066497880004,2.833213344056216,0.6931471805599453,3.258096538021482,6,1.0986122886681098,0.0,4,0.0,0.0,8,6,13,0.33,0.15415067982725827,0.6931471805599453
52,65333.0,1,2,798.0,3.6635616461296463,6.484635235635252,2.0794415416798357,4.532599493153256,0.0,2.772588722239781,3.4339872044851463,21,2.302585092994046,1.6094379124341003,8,1.0986122886681098,0.0,15,6,58,0.45,0.2876820724517809,2.0794415416798357
68,78499.0,0,1,1334.0,4.318968498706745,6.816735880594968,4.290459441148391,5.14166355650266,3.871201010907891,3.6109179126442243,4.584967478670572,18,2.4849066497880004,1.3862943611198906,4,0.6931471805599453,0.6931471805599453,15,4,12,0.6,0.054067221270275766,0.6931471805599453
54,29732.0,1,2,38.0,2.3513752571634776,3.258096538021482,0.0,2.1972245773362196,0.0,0.6931471805599453,1.6094379124341003,4,1.0986122886681098,0.0,2,0.0,0.0,11,9,23,0.26,0.22314355131420976,0.6931471805599453
65,41275.0,3,4,61.0,2.2735975561207935,3.2188758248682006,1.6094379124341003,3.1354942159291497,0.0,1.0986122886681098,2.302585092994046,7,1.3862943611198906,0.6931471805599453,3,0.0,0.0,8,5,33,0.27,0.4519851237430572,1.6094379124341003
52,63516.0,2,3,300.0,3.258096538021482,4.955827057601261,2.4849066497880004,4.74493212836325,2.772588722239781,2.70805020110221,1.791759469228055,12,1.6094379124341003,0.6931471805599453,7,0.0,0.0,9,5,30,0.98,0.2876820724517809,1.6094379124341003
63,42769.0,1,2,88.0,2.751535313041949,4.276666119016055,0.0,2.6390573296152584,1.3862943611198906,0.6931471805599453,0.0,6,0.6931471805599453,0.6931471805599453,4,0.0,0.0,5,4,15,0.71,0.2876820724517809,1.0986122886681098
67,49572.0,2,3,54.0,2.468099531471619,3.58351893845611,0.6931471805599453,2.833213344056216,0.0,0.6931471805599453,0.6931471805599453,5,1.0986122886681098,0.0,3,0.0,0.0,9,7,25,0.54,0.33647223662121295,1.0986122886681098
53,69209.0,0,1,1379.0,4.600157644164547,6.208590026096629,3.4965075614664802,6.322565239927284,4.799914262780603,3.8918202981106265,4.848116364598481,14,1.791759469228055,1.3862943611198906,6,0.6931471805599453,0.0,9,4,4,1.78,0.13353139262452263,1.0986122886681098
49,17148.0,1,2,68.0,2.371577964480997,2.302585092994046,2.302585092994046,2.4849066497880004,2.6390573296152584,2.3978952727983707,2.833213344056216,7,1.3862943611198906,0.6931471805599453,3,0.0,0.0,11,8,80,0.42,0.4519851237430572,1.6094379124341003
56,40590.0,2,3,258.0,3.288401887516811,5.043425116919247,0.0,3.9318256327243257,1.9459101490553132,2.4849066497880004,3.6375861597263857,10,1.3862943611198906,1.6094379124341003,3,0.6931471805599453,0.0,9,6,30,0.74,0.4054651081081644,1.791759469228055
49,30560.0,1,2,31.0,2.169053700369523,2.302585092994046,0.6931471805599453,1.791759469228055,1.6094379124341003,1.791759469228055,2.0794415416798357,4,0.6931471805599453,0.0,3,0.0,0.0,8,7,6,1.0,0.22314355131420976,0.6931471805599453
42,32146.0,1,2,66.0,2.4849066497880004,3.295836866004329,1.3862943611198906,3.1780538303479458,1.6094379124341003,2.0794415416798357,1.3862943611198906,6,1.0986122886681098,0.0,4,0.0,0.0,8,6,16,0.13,0.2876820724517809,1.0986122886681098
61,41713.0,2,3,174.0,3.1245651453969594,4.356708826689592,2.1972245773362196,3.8066624897703196,2.3978952727983707,2.3978952727983707,3.258096538021482,8,1.3862943611198906,0.6931471805599453,4,0.0,0.0,9,6,57,0.17,0.4855078157817008,1.791759469228055
50,34176.0,1,2,28.0,2.0794415416798357,2.4849066497880004,1.0986122886681098,2.0794415416798357,1.6094379124341003,1.0986122886681098,1.0986122886681098,4,0.6931471805599453,0.0,3,0.0,0.0,4,3,9,0.43,0.22314355131420976,0.6931471805599453
70,58482.0,1,2,731.0,3.6256733782101436,6.3578422665081,2.0794415416798357,4.7535901911063645,2.995732273553991,2.0794415416798357,2.0794415416798357,20,2.0794415416798357,1.6094379124341003,9,0.6931471805599453,0.0,13,6,59,0.3,0.09531017980432487,1.0986122886681098
60,59686.0,1,2,274.0,3.25459390747028,4.499809670330265,2.772588722239781,4.499809670330265,3.5553480614894135,3.7612001156935624,1.791759469228055,11,1.6094379124341003,0.6931471805599453,6,0.0,0.0,8,4,78,0.42,0.08701137698962977,0.6931471805599453
61,60896.0,1,2,1674.5,4.301417643503702,6.921658184151129,3.4339872044851463,5.991464547107982,4.110873864173311,3.8501476017100584,4.848116364598481,23,2.302585092994046,2.3978952727983707,4,0.0,0.6931471805599453,15,6,90,1.71,0.12260232209233235,1.3862943611198906
45,62994.0,1,2,312.0,3.295836866004329,5.41610040220442,2.5649493574615367,3.8918202981106265,1.6094379124341003,2.5649493574615367,2.5649493574615367,12,1.9459101490553132,1.0986122886681098,4,0.0,0.0,12,6,74,0.32,0.08004270767353643,0.6931471805599453
68,47320.0,1,2,414.0,3.420065865966538,5.303304908059076,2.995732273553991,4.718498871295094,3.9318256327243257,2.772588722239781,2.995732273553991,14,1.791759469228055,0.6931471805599453,8,0.0,0.0,11,6,10,0.91,0.35667494393873234,1.9459101490553132
76,74859.0,0,1,1473.5,4.219173424711687,6.3473892096560105,4.30406509320417,6.322565239927284,4.799914262780603,4.406719247264253,4.30406509320417,22,1.9459101490553132,1.791759469228055,11,0.6931471805599453,0.0,9,3,63,1.07,0.04445176257083384,0.6931471805599453
33,15253.0,1,2,29.0,2.1102132003465894,0.6931471805599453,1.3862943611198906,1.3862943611198906,2.1972245773362196,0.6931471805599453,2.6390573296152584,4,0.6931471805599453,0.0,3,0.0,0.0,8,7,13,0.67,0.4054651081081644,1.0986122886681098
51,31560.0,1,2,94.0,2.8134107167600364,4.143134726391533,0.6931471805599453,3.044522437723423,1.6094379124341003,0.0,2.0794415416798357,6,1.0986122886681098,0.6931471805599453,3,0.0,0.0,10,8,98,1.01,0.2876820724517809,1.0986122886681098
71,72071.0,1,2,1228.0,4.293677464842592,6.2766434893416445,4.248495242049359,5.707110264748875,4.799914262780603,4.406719247264253,4.848116364598481,17,1.791759469228055,1.6094379124341003,8,0.0,0.0,7,2,4,1.37,0.1625189294977749,1.3862943611198906
35,91172.0,0,1,830.0,4.099095164980699,5.093750200806762,3.367295829986474,6.322565239927284,0.0,3.367295829986474,4.04305126783455,14,1.6094379124341003,1.3862943611198906,7,1.6094379124341003,0.6931471805599453,7,3,94,1.26,0.0,0.0
41,90000.0,0,1,1190.5,4.263094041470512,6.516193076042964,4.406719247264253,4.897839799950911,4.553876891600541,4.406719247264253,4.848116364598481,17,1.6094379124341003,2.1972245773362196,5,1.3862943611198906,0.0,5,1,91,0.51,0.05715841383994861,0.6931471805599453
44,41967.0,2,3,54.0,2.6741486494265287,3.1780538303479458,1.6094379124341003,2.3978952727983707,0.0,1.0986122886681098,2.772588722239781,4,0.6931471805599453,0.0,3,0.0,0.0,5,4,66,0.6,0.22314355131420976,0.6931471805599453
60,69263.0,1,2,568.0,3.5383985031756406,6.20050917404269,1.791759469228055,3.4965075614664802,2.6390573296152584,1.791759469228055,3.091042453358316,17,2.302585092994046,0.6931471805599453,7,0.6931471805599453,0.0,15,6,14,0.32,0.05715841383994861,0.6931471805599453
55,65706.0,0,1,1196.5,3.850556683327545,6.823286122355687,2.3978952727983707,4.867534450455582,2.6390573296152584,0.0,4.848116364598481,26,2.4849066497880004,1.3862943611198906,12,1.3862943611198906,0.6931471805599453,18,7,77,1.0,0.03774032798284703,0.6931471805599453
50,60934.0,1,2,715.5,3.557386798179262,5.41610040220442,4.406719247264253,5.049856007249537,4.799914262780603,4.406719247264253,4.007333185232471,21,1.9459101490553132,1.6094379124341003,11,0.0,0.0,10,4,41,0.45,0.09097177820572669,1.0986122886681098
74,71965.0,1,2,1091.5,4.368995670682242,6.35088571671474,2.995732273553991,5.659482215759621,3.9318256327243257,3.6635616461296463,4.848116364598481,14,1.9459101490553132,1.3862943611198906,5,0.0,0.0,9,3,21,0.92,0.19415601444095745,1.3862943611198906
70,65210.0,1,2,731.0,3.6256733782101436,6.440946540632921,0.0,4.2626798770413155,0.0,2.0794415416798357,3.367295829986474,20,2.302585092994046,1.3862943611198906,8,1.0986122886681098,0.0,15,6,25,0.3,0.09531017980432487,1.0986122886681098
50,79174.0,0,1,1957.0,4.697951919439058,6.980075940561763,3.6375861597263857,6.251903883165888,4.799914262780603,4.406719247264253,4.848116364598481,18,1.791759469228055,1.9459101490553132,7,1.0986122886681098,0.6931471805599453,7,2,2,1.46,0.054067221270275766,0.6931471805599453
58,81380.0,0,1,1656.5,4.649486069762602,6.60934924316738,4.23410650459726,6.322565239927284,4.799914262780603,4.23410650459726,4.6443908991413725,16,1.6094379124341003,1.0986122886681098,10,0.0,0.0,6,2,51,1.52,0.06062462181643484,0.6931471805599453
52,48432.0,1,2,424.0,3.4431615807611875,5.777652323222656,1.3862943611198906,3.9318256327243257,1.6094379124341003,1.3862943611198906,3.7612001156935624,14,2.0794415416798357,0.6931471805599453,6,0.0,0.0,15,8,3,1.69,0.30538164955118186,1.791759469228055
54,52914.0,1,2,474.5,3.624340932976365,5.541263545158426,2.3978952727983707,3.8066624897703196,3.4339872044851463,2.3978952727983707,4.848116364598481,13,2.0794415416798357,1.3862943611198906,3,0.6931471805599453,0.0,14,7,32,1.47,0.14310084364067333,1.0986122886681098
70,38946.0,1,2,257.0,3.2846635654062037,4.762173934797756,1.9459101490553132,4.418840607796598,1.9459101490553132,1.9459101490553132,3.7376696182833684,10,1.3862943611198906,0.6931471805599453,6,0.0,0.0,8,5,84,0.68,0.18232155679395465,1.0986122886681098
51,26067.0,1,2,56.0,2.3353749158170367,3.1354942159291497,1.0986122886681098,2.9444389791664403,0.0,1.0986122886681098,2.5649493574615367,6,1.3862943611198906,0.0,3,0.0,0.0,11,8,49,0.65,0.4054651081081644,1.3862943611198906
53,44325.0,1,2,542.0,3.492936129098883,6.248042874508429,0.0,3.091042453358316,0.0,0.0,1.791759469228055,17,2.1972245773362196,1.0986122886681098,7,0.6931471805599453,0.0,16,8,69,1.31,0.2113090936672069,1.6094379124341003
61,42523.0,0,1,125.0,3.0834378539730967,2.70805020110221,3.6109179126442243,2.4849066497880004,1.3862943611198906,3.295836866004329,3.58351893845611,6,0.6931471805599453,0.6931471805599453,4,0.0,0.0,3,2,96,0.18,0.15415067982725827,0.6931471805599453
47,26487.0,1,2,69.0,2.5257286443082556,1.0986122886681098,2.1972245773362196,2.3978952727983707,2.5649493574615367,2.70805020110221,3.1780538303479458,6,1.0986122886681098,0.6931471805599453,3,0.0,0.0,7,5,23,1.11,0.4054651081081644,1.3862943611198906
68,53233.0,1,2,40.0,2.3978952727983707,3.367295829986474,0.0,2.302585092994046,1.3862943611198906,0.0,0.0,4,0.6931471805599453,0.0,3,0.0,0.0,5,4,18,0.28,0.22314355131420976,0.6931471805599453
65,67716.0,1,2,955.0,3.7084778121825646,6.274762021241939,4.406719247264253,5.384495062789089,4.143134726391533,2.302585092994046,4.04305126783455,24,2.0794415416798357,1.6094379124341003,13,0.6931471805599453,0.0,12,5,8,1.46,0.15415067982725827,1.6094379124341003
53,76234.0,1,2,897.5,3.73278759068606,6.253828811575473,3.9318256327243257,5.123963979403259,4.799914262780603,0.0,3.7376696182833684,22,2.1972245773362196,1.3862943611198906,11,0.6931471805599453,0.0,11,3,21,0.39,0.04445176257083384,0.6931471805599453
69,84117.0,0,1,1373.0,4.105872067393168,6.416732282512326,4.343805421853684,6.322565239927284,4.0943445622221,3.828641396489095,3.295836866004329,23,2.0794415416798357,2.3978952727983707,6,0.6931471805599453,0.0,9,2,60,0.13,0.04255961441879593,0.6931471805599453
68,65487.0,0,1,1054.0,4.334485689904882,5.484796933490655,4.219507705176107,6.2166061010848646,4.799914262780603,0.0,4.848116364598481,14,1.3862943611198906,1.791759469228055,6,0.0,0.0,5,2,48,0.47,0.19415601444095745,1.3862943611198906
53,25224.0,1,2,46.0,2.322387720290225,1.6094379124341003,2.302585092994046,2.5649493574615367,2.4849066497880004,1.0986122886681098,2.1972245773362196,5,0.6931471805599453,0.6931471805599453,3,0.0,0.0,4,3,36,0.29,0.33647223662121295,1.0986122886681098
42,89616.0,0,1,1490.5,4.144786800119347,6.51025834052315,3.871201010907891,6.322565239927284,4.799914262780603,4.406719247264253,2.772588722239781,24,2.0794415416798357,1.791759469228055,12,0.0,0.6931471805599453,9,2,36,1.34,0.040821994520255124,0.6931471805599453
54,40851.0,2,3,59.0,2.7568403652716422,3.1780538303479458,0.6931471805599453,2.0794415416798357,0.0,1.6094379124341003,3.2188758248682006,4,0.6931471805599453,0.6931471805599453,2,0.0,0.0,8,7,63,1.35,0.22314355131420976,0.6931471805599453
78,27469.0,0,1,17.0,1.8971199848858813,2.302585092994046,0.6931471805599453,1.0986122886681098,1.3862943611198906,1.0986122886681098,0.0,3,0.0,0.0,3,0.0,0.0,6,6,2,1.91,0.2876820724517809,0.6931471805599453
68,82347.0,0,1,1430.5,4.104363647587311,6.322565239927284,4.007333185232471,6.322565239927284,4.799914262780603,4.406719247264253,4.1588830833596715,24,2.0794415416798357,2.0794415416798357,10,1.0986122886681098,0.6931471805599453,10,3,38,1.64,0.040821994520255124,0.6931471805599453
68,73803.0,1,2,1480.5,4.317821391326431,6.726233402358747,4.394449154672439,5.8971538676367405,3.970291913552122,3.295836866004329,4.848116364598481,20,2.302585092994046,1.791759469228055,6,0.6931471805599453,0.6931471805599453,15,6,61,1.91,0.09531017980432487,1.0986122886681098
73,8820.0,2,3,35.0,1.9218125974762528,2.5649493574615367,0.0,2.6390573296152584,1.6094379124341003,1.0986122886681098,1.6094379124341003,6,1.3862943611198906,0.0,3,0.0,0.0,11,8,52,1.27,0.5108256237659907,1.6094379124341003
51,43322.0,0,1,141.0,3.0513021247088017,4.04305126783455,2.0794415416798357,3.8918202981106265,2.3978952727983707,1.0986122886681098,2.9444389791664403,7,1.3862943611198906,0.0,4,0.0,0.0,10,7,25,0.19,0.13353139262452263,0.6931471805599453
52,55593.0,1,2,546.0,3.6216707044204863,5.683579767338681,2.1972245773362196,4.8283137373023015,2.4849066497880004,1.6094379124341003,4.672828834461906,15,1.9459101490553132,1.9459101490553132,3,0.6931471805599453,0.0,12,6,63,0.85,0.12516314295400602,1.0986122886681098
71,50501.0,2,3,474.5,3.624340932976365,5.697093486505405,0.0,3.6635616461296463,2.6390573296152584,0.0,4.848116364598481,13,1.791759469228055,1.6094379124341003,4,0.6931471805599453,0.6931471805599453,11,6,10,1.03,0.4307829160924542,2.0794415416798357
50,37085.0,2,3,61.0,2.412933150162911,3.6888794541139363,0.6931471805599453,2.833213344056216,1.0986122886681098,0.0,1.3862943611198906,6,1.3862943611198906,0.0,3,0.0,0.0,11,8,65,0.01,0.5108256237659907,1.6094379124341003
35,16185.0,1,2,106.0,2.9267394020670396,1.791759469228055,2.4849066497880004,2.833213344056216,3.091042453358316,2.1972245773362196,3.828641396489095,6,1.0986122886681098,1.0986122886681098,2,0.0,0.0,10,8,71,0.9,0.2876820724517809,1.0986122886681098
56,57731.0,1,2,704.0,3.4965075614664802,5.58724865840025,3.091042453358316,5.707110264748875,4.189654742026425,2.1972245773362196,3.8066624897703196,22,2.1972245773362196,2.1972245773362196,6,0.0,0.0,14,6,0,1.6,0.16705408466316618,1.6094379124341003
52,48432.0,1,2,424.0,3.4431615807611875,5.777652323222656,1.3862943611198906,3.9318256327243257,1.6094379124341003,1.3862943611198906,3.7612001156935624,14,2.0794415416798357,0.6931471805599453,6,0.0,0.6931471805599453,15,8,3,1.69,0.30538164955118186,1.791759469228055
47,73807.0,1,2,806.0,3.673282257300268,5.905361848054571,4.406719247264253,5.056245805348308,4.276666119016055,4.3694478524670215,4.007333185232471,21,1.791759469228055,1.791759469228055,11,0.0,0.0,7,2,88,1.49,0.09097177820572669,1.0986122886681098
35,18929.0,0,1,85.0,2.8903717578961645,3.4965075614664802,0.0,2.1972245773362196,3.1780538303479458,1.6094379124341003,2.9444389791664403,5,0.6931471805599453,0.0,4,0.0,0.0,7,6,15,1.36,0.18232155679395465,0.6931471805599453
57,35893.0,2,3,199.0,3.1403135023650988,5.0689042022202315,0.0,3.1780538303479458,0.0,0.0,2.9444389791664403,9,1.3862943611198906,0.6931471805599453,5,0.0,0.0,11,8,80,1.7,0.5108256237659907,1.9459101490553132
45,61014.0,1,2,1037.5,4.187284511004463,5.598421958998375,4.406719247264253,6.206575926724928,4.799914262780603,3.784189633918261,3.4011973816621555,16,2.302585092994046,1.3862943611198906,4,0.0,0.0,16,7,17,1.88,0.22314355131420976,1.6094379124341003
71,32144.0,2,3,54.0,2.302585092994046,3.7376696182833684,0.0,2.3978952727983707,0.0,0.0,1.3862943611198906,6,1.0986122886681098,0.6931471805599453,3,0.6931471805599453,0.0,9,7,76,0.27,0.5108256237659907,1.6094379124341003
62,14918.0,1,2,43.0,2.463853240590168,1.3862943611198906,1.3862943611198906,1.3862943611198906,2.772588722239781,1.6094379124341003,2.772588722239781,4,0.6931471805599453,0.0,3,0.0,0.0,7,6,52,1.56,0.22314355131420976,0.6931471805599453
62,45146.0,2,3,53.0,2.6567569067146595,3.5263605246161616,0.0,1.791759469228055,0.0,0.0,2.772588722239781,4,0.6931471805599453,0.6931471805599453,2,0.0,0.0,5,4,28,0.96,0.4054651081081644,1.0986122886681098
70,41769.0,1,2,521.0,3.5134093722690833,5.713732805509369,3.4011973816621555,4.882801922586371,3.4965075614664802,0.0,3.332204510175204,16,2.1972245773362196,0.6931471805599453,7,0.0,0.0,16,8,31,1.37,0.3184537311185346,1.9459101490553132
44,88325.0,0,1,1319.0,4.364222010040375,6.253828811575473,4.276666119016055,6.322565239927284,4.543294782270004,3.332204510175204,3.9889840465642745,17,1.9459101490553132,1.0986122886681098,9,0.0,0.0,8,2,42,0.39,0.05715841383994861,0.6931471805599453
75,38054.0,2,3,45.0,2.302585092994046,3.1780538303479458,1.0986122886681098,2.8903717578961645,1.0986122886681098,0.6931471805599453,0.0,5,1.0986122886681098,0.0,3,0.0,0.0,9,7,24,0.16,0.33647223662121295,1.0986122886681098
30,80617.0,0,1,1360.0,4.33801669367744,6.38856140554563,3.9512437185814275,6.322565239927284,4.290459441148391,4.02535169073515,3.4965075614664802,18,1.6094379124341003,1.9459101490553132,8,0.0,0.0,6,2,42,1.71,0.054067221270275766,0.6931471805599453
49,5305.0,1,2,32.0,3.4965075614664802,2.5649493574615367,1.6094379124341003,2.0794415416798357,0.6931471805599453,1.3862943611198906,1.791759469228055,1,0.6931471805599453,0.0,0,0.0,0.0,14,13,12,0.91,0.0,0.0
71,36807.0,2,3,16.0,1.8458266904983307,1.6094379124341003,1.0986122886681098,1.791759469228055,0.0,0.0,1.791759469228055,3,0.6931471805599453,0.0,2,0.0,0.0,7,6,88,1.52,0.2876820724517809,0.6931471805599453
42,28427.0,1,2,52.0,2.4336133554004498,2.9444389791664403,1.3862943611198906,2.995732273553991,1.3862943611198906,1.3862943611198906,1.9459101490553132,5,1.0986122886681098,0.0,3,0.0,0.0,10,8,67,1.27,0.33647223662121295,1.0986122886681098
77,82032.0,0,1,1048.5,4.1379861074824555,5.808142489980444,4.406719247264253,5.934894195619588,4.799914262780603,4.406719247264253,4.060443010546419,17,1.6094379124341003,1.9459101490553132,7,0.0,0.0,5,1,54,0.23,0.0,0.0
47,22775.0,1,2,15.0,1.791759469228055,1.791759469228055,0.6931471805599453,2.1972245773362196,0.0,0.0,0.6931471805599453,3,0.6931471805599453,0.0,2,0.0,0.0,9,8,40,1.03,0.2876820724517809,0.6931471805599453
40,40101.0,1,2,415.0,3.49417383812026,5.147494476813453,1.3862943611198906,4.867534450455582,3.295836866004329,3.2188758248682006,4.143134726391533,13,1.9459101490553132,0.6931471805599453,6,0.0,0.0,13,7,73,1.71,0.26826398659467937,1.6094379124341003
46,58025.0,1,2,470.0,3.476098689835273,5.602118820879701,3.4657359027997265,4.48863636973214,2.4849066497880004,3.8918202981106265,3.1354942159291497,15,1.3862943611198906,1.0986122886681098,10,0.0,0.0,7,4,81,0.59,0.18232155679395465,1.3862943611198906
43,75777.0,0,1,1438.0,4.289088639014612,6.569481420414296,3.295836866004329,6.289715570908998,4.248495242049359,2.6390573296152584,4.394449154672439,20,1.3862943611198906,1.9459101490553132,11,1.0986122886681098,0.6931471805599453,4,1,12,0.99,0.048790164169432,0.6931471805599453
46,7500.0,1,2,53.0,2.1484344131667874,1.0986122886681098,2.1972245773362196,2.4849066497880004,1.3862943611198906,2.1972245773362196,3.091042453358316,7,1.3862943611198906,1.0986122886681098,2,0.0,0.0,10,7,7,1.14,0.4519851237430572,1.6094379124341003
62,33562.0,3,4,51.0,2.2512917986064953,3.091042453358316,2.5649493574615367,2.5649493574615367,0.0,1.3862943611198906,1.3862943611198906,6,1.0986122886681098,0.0,4,0.0,0.0,6,4,33,0.01,0.4054651081081644,1.3862943611198906
55,57642.0,1,2,679.0,3.603780123595932,6.364750756851911,1.9459101490553132,4.07753744390572,2.1972245773362196,0.0,3.332204510175204,19,2.0794415416798357,1.9459101490553132,6,0.6931471805599453,0.0,11,4,24,0.47,0.1466034741918754,1.3862943611198906
57,58554.0,2,3,586.0,3.6276687230690396,5.910796644040527,3.2188758248682006,4.23410650459726,3.6635616461296463,0.0,4.48863636973214,16,2.1972245773362196,1.0986122886681098,6,0.0,0.0,15,7,55,1.75,0.3184537311185346,1.9459101490553132
46,63777.0,2,3,653.0,3.618397379075517,6.126869184114185,1.791759469228055,4.672828834461906,2.772588722239781,2.8903717578961645,3.9889840465642745,18,2.4849066497880004,0.6931471805599453,6,0.0,0.0,19,8,87,1.26,0.36772478012531734,2.1972245773362196
63,57967.0,1,2,468.0,3.5388867844353418,5.438079308923196,2.0794415416798357,4.927253685157205,1.6094379124341003,0.0,4.5217885770490405,14,1.6094379124341003,1.0986122886681098,8,0.0,0.0,9,5,39,1.32,0.30538164955118186,1.791759469228055
47,51381.5,0,1,628.0,6.444131256700441,3.4965075614664802,1.0986122886681098,6.322565239927284,2.5649493574615367,1.6094379124341003,3.1354942159291497,1,0.0,0.0,1,0.6931471805599453,0.0,0,0,53,1.88,0.0,0.0
53,24434.0,2,3,50.0,2.3978952727983707,1.3862943611198906,1.0986122886681098,2.1972245773362196,3.044522437723423,0.0,2.8903717578961645,5,1.0986122886681098,0.6931471805599453,2,0.0,0.0,9,7,9,0.11,0.33647223662121295,1.0986122886681098
41,11012.0,1,2,84.0,2.70805020110221,3.2188758248682006,1.3862943611198906,3.295836866004329,2.0794415416798357,0.6931471805599453,3.1780538303479458,6,1.3862943611198906,0.6931471805599453,2,0.6931471805599453,0.0,12,9,82,1.29,0.4054651081081644,1.3862943611198906
55,44802.0,0,1,1049.0,3.7602694502006093,6.74993119378857,2.3978952727983707,4.969813299576001,2.6390573296152584,2.3978952727983707,3.044522437723423,25,2.302585092994046,1.6094379124341003,12,0.0,0.0,17,8,71,1.85,0.07696104113612832,1.0986122886681098
39,26816.0,0,1,22.0,2.120263536200091,1.791759469228055,0.6931471805599453,1.9459101490553132,1.3862943611198906,1.6094379124341003,1.3862943611198906,3,0.0,0.0,3,0.0,0.0,4,4,50,1.86,0.2876820724517809,0.6931471805599453
48,117418.0,1,2,62.0,2.2881963555419462,2.302585092994046,2.70805020110221,2.9444389791664403,2.1972245773362196,0.6931471805599453,2.5649493574615367,7,1.3862943611198906,0.6931471805599453,3,0.0,0.0,9,6,23,1.07,0.4519851237430572,1.6094379124341003
51,34421.0,1,2,30.0,2.3978952727983707,1.3862943611198906,1.3862943611198906,2.0794415416798357,1.9459101490553132,1.0986122886681098,2.302585092994046,3,0.6931471805599453,0.0,2,0.0,0.0,8,7,81,0.99,0.2876820724517809,0.6931471805599453
58,61223.0,1,2,1183.5,4.317071360039968,6.565264970035361,3.784189633918261,5.209486152841421,3.7612001156935624,4.406719247264253,4.848116364598481,16,2.302585092994046,1.3862943611198906,4,0.0,0.0,14,5,46,1.04,0.11778303565638346,1.0986122886681098
79,64014.0,3,4,444.0,3.4210000089583352,6.008813185442595,0.0,3.4339872044851463,0.0,0.0,2.1972245773362196,15,2.1972245773362196,1.0986122886681098,5,0.6931471805599453,0.0,15,7,56,0.05,0.38299225225610584,2.0794415416798357
44,56981.0,0,1,1241.0,4.247701276148183,6.812345094177479,3.8918202981106265,5.384495062789089,3.4965075614664802,2.5649493574615367,3.2188758248682006,18,1.0986122886681098,1.3862943611198906,13,0.6931471805599453,0.0,8,6,91,0.42,0.054067221270275766,0.6931471805599453
69,69245.0,1,2,843.0,3.7170503310806327,6.061456918928017,3.4339872044851463,5.3706380281276624,4.394449154672439,3.4339872044851463,4.127134385045092,21,1.9459101490553132,1.791759469228055,10,0.0,0.0,9,3,8,0.43,0.09097177820572669,1.0986122886681098
71,52869.0,2,3,172.0,3.1135153092103742,4.442651256490317,1.3862943611198906,4.127134385045092,1.0986122886681098,0.6931471805599453,3.091042453358316,8,1.3862943611198906,0.6931471805599453,4,0.0,0.6931471805599453,10,7,40,1.7,0.3184537311185346,1.3862943611198906
