Customer_Age,Income,Total_Children,Family_Size,Total_Spending,Average_Spending_per_Purchase,MntWines,MntFruits,MntMeatProducts,MntFishProducts,MntSweetProducts,MntGoldProds,Total_Purchases,NumWebPurchases,NumCatalogPurchases,NumStorePurchases,Total_Campaign_Acceptance,Response,Digital_Engagement,NumWebVisitsMonth,Recency,Customer_Tenure_Years,Deal_Dependency,NumDealsPurchases
68,58138.0,0,1,1551.5,70.52272727272727,635,81,546,120.5,81,88.0,22,8,10,4,0,1,15,7,58,1.82,0.13636363636363635,3
71,46344.0,2,3,27.0,6.75,11,1,6,2.0,1,6.0,4,1,1,2,0,0,6,5,38,0.31,0.5,2
60,71613.0,0,1,776.0,38.8,426,49,127,111.0,21,42.0,20,8,2,10,0,0,12,4,26,0.85,0.05,1
41,26646.0,1,2,53.0,8.833333333333334,11,4,20,10.0,3,5.0,6,2,0,4,0,0,8,6,26,0.38,0.3333333333333333,2
44,58293.0,1,2,422.0,30.142857142857142,173,43,118,46.0,27,15.0,14,5,3,6,0,0,10,5,94,0.44,0.35714285714285715,5
58,62513.0,1,2,716.0,35.8,520,42,98,0.0,42,14.0,20,6,4,10,0,0,12,6,16,0.8,0.1,2
54,55635.0,1,2,590.0,34.705882352941174,235,65,164,50.0,49,27.0,17,7,3,7,0,0,13,6,34,1.62,0.23529411764705882,4
40,33454.0,1,2,169.0,21.125,76,10,56,3.0,1,23.0,8,4,0,4,0,0,12,8,32,1.14,0.25,2
51,30351.0,1,2,46.0,9.2,14,0,24,3.0,3,2.0,5,3,0,2,0,1,12,9,19,1.06,0.2,1
75,5648.0,2,3,49.0,49.0,28,0,6,1.0,1,13.0,1,1,0,0,1,0,21,20,68,0.3,1.0,1
42,51381.5,1,2,19.0,6.333333333333333,5,5,6,0.0,2,1.0,3,1,0,2,0,0,8,7,11,0.62,0.3333333333333333,1
49,7500.0,0,1,61.0,12.2,6,16,11,11.0,1,16.0,5,2,0,3,0,0,10,8,59,1.62,0.2,1
66,63033.0,0,1,966.5,64.43333333333334,194,61,480,120.5,81,30.0,15,3,4,8,0,0,5,2,82,0.62,0.06666666666666667,1
73,59354.0,2,3,310.0,25.833333333333332,233,2,53,3.0,5,14.0,12,6,1,5,0,0,12,6,53,0.62,0.25,3
38,17323.0,0,1,46.0,11.5,3,14,17,6.0,1,5.0,4,1,0,3,0,0,9,8,38,1.72,0.25,1
79,82800.0,0,1,1315.0,52.6,1006,22,115,59.0,68,45.0,25,7,6,12,2,1,10,3,23,1.59,0.04,1
45,41850.0,2,3,96.0,16.0,53,5,19,2.0,13,4.0,6,3,0,3,0,0,11,8,51,1.51,0.5,3
79,37760.0,0,1,287.5,26.136363636363637,84,5,38,120.5,12,28.0,11,4,1,6,0,0,11,7,20,1.83,0.18181818181818182,2
76,76995.0,1,2,1732.5,72.1875,1012,80,498,0.0,16,126.5,24,11,4,9,1,0,16,5,91,1.25,0.08333333333333333,2
40,33812.0,1,2,133.0,22.166666666666668,4,17,19,30.0,24,39.0,6,2,1,3,0,0,8,6,86,1.65,0.3333333333333333,2
43,37040.0,0,1,316.0,28.727272727272727,86,2,73,69.0,38,48.0,11,4,2,5,0,0,12,8,41,1.89,0.09090909090909091,1
46,2447.0,1,2,561.0,20.035714285714285,1,1,556,1.0,1,1.0,28,0,28,0,0,0,1,1,42,1.48,0.5357142857142857,15
76,58607.0,1,2,972.0,69.42857142857143,867,0,86,0.0,0,19.0,14,2,3,9,1,0,10,8,63,1.51,0.21428571428571427,3
71,65324.0,1,2,544.0,32.0,384,0,102,21.0,32,5.0,17,6,2,9,0,0,10,4,0,0.46,0.17647058823529413,3
74,40689.0,1,2,444.0,34.15384615384615,270,3,27,39.0,6,99.0,13,7,1,5,0,0,15,8,69,1.28,0.5384615384615384,7
56,18589.0,0,1,75.0,12.5,6,4,25,15.0,12,13.0,6,2,1,3,0,0,9,7,89,1.49,0.3333333333333333,2
49,53359.0,2,3,257.0,25.7,173,4,30,3.0,6,41.0,10,5,1,4,0,0,12,7,4,1.09,0.4,4
39,51381.5,1,2,219.5,8.12962962962963,5,1,3,3.0,81,126.5,27,27,0,0,0,0,28,1,19,1.35,0.0,0
36,38360.0,1,2,131.0,18.714285714285715,36,2,42,20.0,21,10.0,7,2,1,4,0,0,5,3,26,1.08,0.2857142857142857,2
60,84618.0,0,1,1408.0,56.32,684,81,556,21.0,66,0.0,25,6,9,10,1,0,8,2,96,0.6,0.04,1
36,10979.0,0,1,30.0,5.0,8,4,10,2.0,2,4.0,6,3,0,3,0,0,8,5,34,0.1,0.3333333333333333,2
62,38620.0,0,1,318.0,31.8,112,17,44,34.0,22,89.0,10,2,5,3,0,0,5,3,56,1.13,0.1,1
55,40548.0,1,2,120.0,17.142857142857142,110,0,5,2.0,0,3.0,7,2,1,4,1,0,7,5,31,1.72,0.2857142857142857,2
73,46610.0,2,3,302.0,27.454545454545453,96,12,96,33.0,22,43.0,11,4,1,6,0,1,10,6,8,1.66,0.5454545454545454,6
79,68657.0,0,1,1196.0,70.3529411764706,482,34,471,119.0,68,22.0,17,3,5,9,0,0,10,7,4,1.35,0.058823529411764705,1
74,49389.0,2,3,65.0,13.0,40,0,19,2.0,1,3.0,5,2,0,3,0,0,9,7,55,0.83,0.2,1
55,67353.0,1,2,913.0,39.69565217391305,702,17,151,0.0,8,35.0,23,5,6,12,0,0,7,2,37,0.49,0.21739130434782608,5
49,23718.0,1,2,81.0,13.5,6,3,14,15.0,7,36.0,6,3,1,2,0,0,10,7,76,0.82,0.5,3
52,42429.0,1,2,67.0,13.4,55,0,6,2.0,0,4.0,5,1,1,3,0,0,6,5,99,0.38,0.4,2
82,48948.0,0,1,862.5,39.20454545454545,437,8,206,120.5,49,42.0,22,7,10,5,1,1,13,6,53,1.4,0.09090909090909091,2
45,80011.0,1,2,1298.0,68.3157894736842,421,76,536,82.0,81,102.0,19,8,6,5,0,0,12,4,3,1.17,0.10526315789473684,2
40,20559.0,1,2,53.0,10.6,13,1,29,3.0,0,7.0,5,2,0,3,0,0,10,8,88,1.3,0.4,2
68,21994.0,1,2,22.0,7.333333333333333,9,0,6,3.0,1,3.0,3,0,0,3,0,0,5,5,4,1.51,0.3333333333333333,1
66,51381.5,0,1,186.0,23.25,81,11,50,3.0,2,39.0,8,1,3,4,0,0,3,2,80,0.65,0.125,1
50,7500.0,1,2,31.0,6.2,3,1,10,3.0,2,12.0,5,2,0,3,0,0,7,5,19,0.74,0.6,3
49,79941.0,0,1,747.0,49.8,123,81,266,120.5,30,126.5,15,2,4,9,0,0,3,1,72,0.0,0.06666666666666667,1
29,7500.0,0,1,122.0,17.428571428571427,3,18,14,15.0,22,50.0,7,3,1,3,0,1,12,9,24,1.63,0.42857142857142855,3
57,41728.0,1,2,55.0,13.75,13,6,15,3.0,5,13.0,4,2,0,2,0,0,12,10,92,1.1,0.25,1
74,51381.5,3,4,124.0,17.714285714285715,48,5,48,6.0,10,7.0,7,2,1,4,0,0,8,6,96,0.49,0.42857142857142855,3
71,72550.0,2,3,1319.0,69.42105263157895,826,50,317,50.0,38,38.0,19,5,2,12,0,0,13,8,39,1.64,0.47368421052631576,9
68,65486.0,1,2,507.0,31.6875,245,19,125,37.0,67,14.0,16,4,2,10,0,0,6,2,29,0.13,0.0625,1
61,79143.0,0,1,1383.0,49.392857142857146,650,37,556,27.0,81,32.0,28,6,9,13,0,0,9,3,2,1.88,0.03571428571428571,1
48,35790.0,1,2,72.0,14.4,12,6,20,30.0,1,3.0,5,2,0,3,0,0,9,7,54,1.49,0.4,2
48,82582.0,0,1,1428.0,71.4,510,81,550,120.5,40,126.5,20,4,9,7,2,1,5,1,54,0.06,0.05,1
47,66373.0,2,3,606.0,37.875,328,9,124,12.0,24,109.0,16,4,2,10,0,0,7,3,57,1.05,0.4375,7
70,82384.0,0,1,1795.0,69.03846153846153,984,51,432,120.5,81,126.5,26,3,10,13,1,1,4,1,55,1.61,0.038461538461538464,1
59,70287.0,0,1,1053.5,52.675,295,35,482,120.5,81,40.0,20,5,5,10,0,1,8,3,30,1.24,0.05,1
37,27938.0,1,2,29.0,5.8,13,0,8,2.0,1,5.0,5,1,0,4,0,0,4,3,31,0.17,0.2,1
43,51381.5,1,2,46.0,9.2,11,3,22,2.0,2,6.0,5,2,0,3,0,0,8,6,57,1.03,0.4,2
57,55954.0,1,2,518.0,32.375,447,0,28,0.0,0,43.0,16,8,2,6,0,0,15,7,63,0.32,0.1875,3
43,75777.0,0,1,1438.0,71.9,712,26,538,69.0,13,80.0,20,3,6,11,2,1,4,1,12,0.99,0.05,1
50,66653.0,2,3,612.0,34.0,452,18,102,16.0,18,6.0,18,4,2,12,0,0,7,3,18,1.81,0.2222222222222222,4
73,61823.0,1,2,841.5,42.075,523,7,134,37.0,14,126.5,20,8,2,10,0,0,15,7,26,1.36,0.2,4
74,67680.0,1,2,606.0,33.666666666666664,546,0,48,0.0,6,6.0,18,7,3,8,0,0,12,5,8,1.05,0.05555555555555555,1
77,70666.0,0,1,1035.0,69.0,398,40,367,119.0,81,30.0,15,7,4,4,0,0,11,4,29,0.56,0.06666666666666667,1
54,25721.0,1,2,34.0,8.5,1,3,6,3.0,6,15.0,4,1,1,2,0,1,8,7,75,1.11,0.25,1
58,32474.0,2,3,11.0,3.6666666666666665,10,0,1,0.0,0,0.0,3,1,0,2,0,0,8,7,0,0.13,0.3333333333333333,1
46,88194.0,1,2,1193.5,38.5,688,14,309,120.5,24,38.0,31,11,10,10,2,1,16,5,19,0.28,0.03225806451612903,1
67,69096.0,1,2,652.0,38.35294117647059,247,49,159,7.0,81,109.0,17,5,2,10,0,0,9,4,4,0.75,0.058823529411764705,1
55,74854.0,3,4,1562.0,130.16666666666666,856,59,487,58.0,29,73.0,12,2,5,5,0,0,7,5,90,1.22,0.5833333333333334,7
71,66991.0,0,1,1184.5,65.80555555555556,496,36,460,120.5,60,12.0,18,4,8,6,0,0,7,3,1,1.8,0.16666666666666666,3
52,51381.5,1,2,109.0,18.166666666666668,25,3,43,17.0,4,17.0,6,3,0,3,0,0,11,8,25,1.79,0.5,3
66,65031.0,1,2,837.0,32.19230769230769,258,81,291,84.0,37,86.0,26,10,3,13,0,0,17,7,29,1.28,0.15384615384615385,4
50,60631.0,2,3,661.0,34.78947368421053,565,6,65,0.0,6,19.0,19,9,2,8,1,0,16,7,88,1.23,0.2631578947368421,5
73,28332.0,0,1,65.0,9.285714285714286,14,10,13,4.0,15,9.0,7,2,1,4,0,0,4,2,58,0.16,0.14285714285714285,1
48,40246.0,1,2,13.0,4.333333333333333,2,1,6,2.0,1,1.0,3,1,0,2,0,0,7,6,68,1.52,0.3333333333333333,1
53,75251.0,0,1,1491.0,82.83333333333333,721,81,556,97.0,18,18.0,18,7,6,5,0,1,12,5,34,1.84,0.05555555555555555,1
49,75825.0,0,1,1921.5,87.3409090909091,1032,81,556,120.5,81,51.0,22,5,8,9,1,1,9,4,40,1.71,0.0,0
49,26326.0,0,1,18.0,6.0,1,0,5,0.0,3,9.0,3,0,0,3,0,0,3,3,12,0.82,0.3333333333333333,1
60,56046.0,0,1,692.0,36.421052631578945,577,0,64,0.0,0,51.0,19,10,1,8,1,1,18,8,9,1.49,0.10526315789473684,2
40,29760.0,1,2,165.0,20.625,64,4,68,7.0,5,17.0,8,3,1,4,0,0,11,8,87,1.83,0.5,4
56,26304.0,1,2,16.0,5.333333333333333,4,1,5,2.0,0,4.0,3,1,0,2,0,0,8,7,5,1.02,0.3333333333333333,1
52,23559.0,1,2,79.0,13.166666666666666,25,5,19,7.0,0,23.0,6,3,0,3,0,0,10,7,87,0.99,0.5,3
62,38620.0,0,1,318.0,31.8,112,17,44,34.0,22,89.0,10,2,5,3,0,0,5,3,56,1.13,0.1,1
38,81361.0,0,1,778.0,29.923076923076923,163,23,424,27.0,65,76.0,26,3,10,13,0,0,4,1,18,0.34,0.038461538461538464,1
65,29440.0,2,3,56.0,11.2,17,8,14,10.0,4,3.0,5,1,0,4,0,0,8,7,95,0.88,0.4,2
55,36138.0,2,3,151.0,18.875,130,0,16,0.0,0,5.0,8,3,1,4,1,0,10,7,48,0.95,0.625,5
68,50388.0,1,2,372.0,28.615384615384617,292,6,37,0.0,3,34.0,13,6,1,6,2,1,13,7,3,0.09,0.3076923076923077,4
52,79593.0,0,1,1283.5,71.30555555555556,350,60,556,110.0,81,126.5,18,5,6,7,1,0,7,2,70,0.13,0.05555555555555555,1
58,54178.0,1,2,194.0,21.555555555555557,135,9,39,4.0,0,7.0,9,2,2,5,0,0,4,2,79,0.44,0.1111111111111111,1
68,51381.5,3,4,603.0,35.470588235294116,230,42,192,49.0,37,53.0,17,7,2,8,0,0,16,9,4,1.61,0.7058823529411765,12
68,51381.5,2,3,18.0,6.0,7,0,8,2.0,0,1.0,3,1,0,2,0,0,8,7,45,0.09,0.3333333333333333,1
52,51381.5,0,1,985.0,70.35714285714286,445,37,359,98.0,28,18.0,14,2,4,8,0,0,3,1,87,0.6,0.07142857142857142,1
53,42394.0,1,2,32.0,8.0,15,2,10,0.0,1,4.0,4,1,0,3,0,0,8,7,69,0.27,0.25,1
55,23626.0,1,2,43.0,6.142857142857143,27,2,14,0.0,0,0.0,7,3,1,3,0,0,8,5,84,0.1,0.42857142857142855,3
42,30096.0,1,2,45.0,9.0,5,3,11,12.0,5,9.0,5,2,0,3,0,0,8,6,30,0.1,0.2,1
65,47916.0,1,2,606.0,35.64705882352941,505,0,26,0.0,0,75.0,17,7,4,6,1,0,13,6,72,1.6,0.29411764705882354,5
53,51813.0,2,3,63.0,12.6,51,2,7,0.0,1,2.0,5,2,0,3,0,0,9,7,37,1.22,0.4,2
74,78497.0,0,1,881.5,36.729166666666664,207,26,447,75.0,0,126.5,24,5,7,12,1,0,7,2,44,0.57,0.041666666666666664,1
42,50150.0,0,1,410.0,29.285714285714285,135,46,92,65.0,61,11.0,14,5,2,7,0,0,10,5,32,1.02,0.14285714285714285,2
65,47823.0,1,2,72.0,14.4,53,1,5,2.0,1,10.0,5,2,0,3,0,0,10,8,0,0.93,0.4,2
66,34554.0,1,2,55.0,11.0,41,1,6,2.0,0,5.0,5,2,0,3,0,0,8,6,43,0.25,0.4,2
46,85693.0,1,2,962.5,38.5,386,81,183,120.5,81,111.0,25,9,5,11,0,0,14,5,59,1.19,0.08,2
80,65846.0,0,1,1120.0,74.66666666666667,562,81,276,80.0,40,81.0,15,6,3,6,0,0,10,4,68,1.12,0.06666666666666667,1
66,87195.0,0,1,963.0,50.68421052631579,217,76,556,50.0,26,38.0,19,3,11,5,0,1,4,1,35,0.14,0.05263157894736842,1
46,24594.0,1,2,29.0,7.25,1,3,6,10.0,0,9.0,4,1,0,3,0,0,6,5,94,0.55,0.25,1
61,49096.0,2,3,187.0,20.77777777777778,144,1,32,2.0,1,7.0,9,4,1,4,0,0,11,7,15,0.76,0.4444444444444444,4
56,52413.0,2,3,868.0,39.45454545454545,295,81,271,75.0,81,65.0,22,6,4,12,0,0,12,6,56,1.4,0.18181818181818182,4
47,38557.0,1,2,145.0,20.714285714285715,76,3,31,4.0,4,27.0,7,3,1,3,0,0,10,7,17,1.52,0.2857142857142857,2
65,89058.0,0,1,737.0,56.69230769230769,454,81,106,31.0,22,43.0,13,5,4,4,0,0,7,2,18,1.56,0.07692307692307693,1
46,77298.0,1,2,935.0,40.65217391304348,425,81,292,23.0,35,79.0,23,6,6,11,0,0,9,3,46,0.65,0.043478260869565216,1
34,68126.0,0,1,1712.0,107.0,1224,17,311,23.0,51,86.0,16,7,4,5,1,1,16,9,40,1.63,0.0625,1
62,57288.0,1,2,608.0,35.76470588235294,527,0,21,0.0,0,60.0,17,8,1,8,1,0,14,6,27,0.01,0.17647058823529413,3
34,86037.0,0,1,730.0,30.416666666666668,490,44,125,29.0,20,22.0,24,6,7,11,2,1,9,3,95,1.49,0.041666666666666664,1
45,43974.0,1,2,551.0,34.4375,378,0,101,0.0,0,72.0,16,6,4,6,0,0,13,7,19,1.54,0.3125,5
63,50785.0,2,3,114.0,19.0,64,1,21,0.0,1,27.0,6,2,1,3,0,0,8,6,27,0.8,0.3333333333333333,2
55,90765.0,0,1,1418.5,94.56666666666666,547,81,556,120.5,81,33.0,15,4,6,5,2,0,5,1,25,0.43,0.0,0
47,36550.0,1,2,543.5,36.233333333333334,47,81,94,120.5,81,120.0,15,9,1,5,0,0,18,9,74,1.36,0.3333333333333333,5
58,30753.0,2,3,81.0,16.2,12,5,25,0.0,9,30.0,5,1,1,3,0,0,6,5,85,0.97,0.4,2
56,21918.0,1,2,33.0,6.6,1,6,7,11.0,5,3.0,5,2,0,3,0,0,8,6,37,0.62,0.4,2
72,56129.0,1,2,660.0,36.666666666666664,320,48,133,39.0,72,48.0,18,6,2,10,0,0,10,4,65,1.02,0.2222222222222222,4
58,32557.0,1,2,80.0,13.333333333333334,34,3,29,0.0,4,10.0,6,2,1,3,0,1,7,5,13,0.34,0.5,3
40,19510.0,2,3,30.0,7.5,9,0,7,3.0,4,7.0,4,1,0,3,0,0,8,7,63,0.82,0.5,2
49,30992.0,1,2,43.0,10.75,17,0,14,7.0,3,2.0,4,1,0,3,0,0,8,7,83,1.19,0.25,1
42,101970.0,0,1,1093.5,40.5,722,27,102,44.0,72,126.5,27,6,8,13,3,1,8,2,69,1.3,0.0,0
60,71488.0,0,1,513.5,36.67857142857143,162,33,124,40.0,28,126.5,14,3,4,7,0,0,4,1,87,1.36,0.14285714285714285,2
41,79607.0,0,1,1334.0,88.93333333333334,450,81,556,120.5,0,126.5,15,3,6,6,0,1,4,1,37,1.19,0.06666666666666667,1
72,54348.0,2,3,90.0,15.0,70,0,16,0.0,0,4.0,6,2,0,4,0,0,8,6,51,0.06,0.3333333333333333,2
64,51381.5,1,2,404.0,28.857142857142858,352,0,27,10.0,0,15.0,14,6,1,7,0,0,12,6,23,0.97,0.21428571428571427,3
69,77376.0,2,3,661.0,34.78947368421053,492,19,110,16.0,12,12.0,19,6,3,10,0,0,10,4,72,0.14,0.21052631578947367,4
73,62998.0,1,2,455.0,32.5,120,58,73,65.0,81,58.0,14,5,4,5,0,0,10,5,10,0.74,0.35714285714285715,5
67,61331.0,2,3,632.0,35.111111111111114,534,5,47,0.0,5,41.0,18,11,1,6,0,0,19,8,42,1.3,0.2777777777777778,5
56,73448.0,0,1,696.5,38.69444444444444,236,81,189,23.0,41,126.5,18,7,2,9,0,0,11,4,10,0.38,0.05555555555555555,1
62,51381.5,1,2,725.0,40.27777777777778,231,65,196,38.0,71,124.0,18,6,5,7,0,0,10,4,96,0.88,0.05555555555555555,1
61,41551.0,2,3,279.0,25.363636363636363,220,0,33,3.0,0,23.0,11,5,1,5,0,0,13,8,51,0.87,0.45454545454545453,5
58,62981.0,0,1,1448.0,65.81818181818181,796,14,556,38.0,44,0.0,22,4,5,13,1,0,7,3,21,1.28,0.045454545454545456,1
49,9548.0,1,2,29.0,7.25,0,1,3,10.0,6,9.0,4,1,0,3,0,0,9,8,31,1.89,0.5,2
66,33762.0,3,4,106.0,17.666666666666668,53,1,34,2.0,0,16.0,6,2,2,2,0,0,10,8,61,0.98,0.5,3
52,35860.0,2,3,49.0,12.25,15,0,8,4.0,2,20.0,4,1,1,2,1,1,6,5,37,0.11,0.5,2
60,36921.0,2,3,38.0,7.6,17,1,12,3.0,1,4.0,5,2,0,3,0,0,9,7,74,0.92,0.4,2
33,92859.0,0,1,1712.0,81.52380952380952,962,61,556,52.0,61,20.0,21,5,4,12,0,0,7,2,46,1.69,0.047619047619047616,1
49,65104.0,1,2,1053.0,70.2,738,0,232,13.0,20,50.0,15,3,5,7,0,1,10,7,4,0.62,0.13333333333333333,2
63,86111.0,0,1,1185.0,53.86363636363637,399,28,556,36.0,40,126.0,22,5,7,10,0,0,7,2,73,1.19,0.045454545454545456,1
51,68352.0,1,2,871.0,39.59090909090909,614,16,132,43.0,33,33.0,22,8,5,9,0,0,14,6,47,0.84,0.13636363636363635,3
37,41883.0,1,2,312.0,34.666666666666664,32,34,41,73.0,16,116.0,9,4,2,3,0,0,11,7,13,1.28,0.3333333333333333,3
49,59809.0,2,3,877.0,73.08333333333333,598,16,141,32.0,41,49.0,12,3,3,6,0,0,11,8,36,1.69,0.25,3
50,23957.0,1,2,68.0,13.6,2,1,18,20.0,11,16.0,5,2,0,3,0,1,8,6,47,1.67,0.2,1
44,38547.0,1,2,22.0,7.333333333333333,6,1,10,0.0,1,4.0,3,1,0,2,0,0,9,8,49,0.84,0.3333333333333333,1
52,35688.0,3,4,211.0,23.444444444444443,73,3,90,12.0,1,32.0,9,4,1,4,0,0,12,8,94,1.85,0.7777777777777778,7
59,49605.0,0,1,127.0,18.142857142857142,42,16,29,12.0,20,8.0,7,2,1,4,0,0,5,3,65,0.02,0.14285714285714285,1
72,59354.0,2,3,459.0,30.6,295,21,78,39.0,13,13.0,15,4,4,7,0,0,7,3,59,0.18,0.06666666666666667,1
56,65747.0,1,2,460.0,30.666666666666668,346,17,48,23.0,13,13.0,15,8,1,6,1,0,14,6,96,0.31,0.26666666666666666,4
53,46344.0,1,2,429.0,33.0,233,20,57,8.0,20,91.0,13,7,1,5,0,0,14,7,28,1.54,0.3076923076923077,4
37,34176.0,1,2,89.0,12.714285714285714,5,7,24,19.0,14,20.0,7,3,0,4,0,0,9,6,12,0.13,0.5714285714285714,4
73,61010.0,1,2,1021.0,42.541666666666664,888,0,57,0.0,0,76.0,24,8,5,11,0,0,13,5,57,1.72,0.08333333333333333,2
76,69372.0,0,1,1381.0,69.05,997,26,269,34.0,13,42.0,20,10,4,6,2,1,14,4,10,1.36,0.05,1
67,49967.0,1,2,306.0,25.5,212,6,69,4.0,12,3.0,12,6,1,5,0,0,13,7,4,0.97,0.25,3
47,60199.0,3,4,18.0,6.0,8,1,7,2.0,0,0.0,3,0,0,3,0,0,4,4,49,0.79,0.3333333333333333,1
48,55375.0,1,2,162.0,20.25,42,11,57,10.0,28,14.0,8,1,1,6,0,0,3,2,3,0.7,0.125,1
70,80317.0,0,1,1192.5,70.1470588235294,536,11,387,120.5,81,57.0,17,3,4,10,0,0,4,1,64,0.86,0.058823529411764705,1
67,30523.0,3,4,13.0,4.333333333333333,5,0,3,0.0,0,5.0,3,1,0,2,0,0,8,7,0,0.99,0.3333333333333333,1
80,70356.0,0,1,1581.0,63.24,1224,16,249,43.0,16,33.0,25,10,6,9,0,0,16,6,20,1.65,0.08,2
41,23228.0,1,2,121.0,17.285714285714285,53,3,49,7.0,4,5.0,7,3,0,4,0,0,11,8,91,0.48,0.5714285714285714,4
50,74165.0,0,1,1293.0,68.05263157894737,1001,12,240,16.0,12,12.0,19,5,4,10,0,0,7,2,9,1.16,0.05263157894736842,1
52,117418.0,1,2,582.0,26.454545454545453,20,2,556,1.0,2,1.0,22,0,22,0,0,0,0,0,98,0.33,0.6818181818181818,15
59,43482.0,3,4,88.0,14.666666666666666,18,1,32,6.0,3,28.0,6,2,0,4,0,0,8,6,83,0.62,0.5,3
72,62551.0,0,1,407.5,23.970588235294116,125,16,98,120.5,21,27.0,17,6,7,4,1,0,9,3,27,0.61,0.058823529411764705,1
66,52332.0,0,1,259.0,23.545454545454547,212,5,33,7.0,0,2.0,11,3,2,6,1,0,7,4,63,0.84,0.09090909090909091,1
37,66951.0,0,1,983.5,70.25,277,81,305,120.5,76,124.0,14,3,4,7,0,0,4,1,46,0.65,0.07142857142857142,1
68,26091.0,2,3,89.0,14.833333333333334,15,10,19,8.0,17,20.0,6,2,1,3,0,0,7,5,84,0.34,0.5,3
60,33456.0,2,3,36.0,9.0,7,3,10,8.0,1,7.0,4,1,0,3,0,0,8,7,58,0.19,0.5,2
43,28718.0,1,2,57.0,11.4,12,4,6,11.0,8,16.0,5,2,0,3,0,0,10,8,78,0.96,0.4,2
55,50447.0,2,3,148.0,21.142857142857142,85,7,24,2.0,3,27.0,7,3,1,3,0,0,9,6,4,0.19,0.14285714285714285,1
66,53537.0,2,3,93.0,15.5,81,0,6,0.0,0,6.0,6,2,1,3,0,0,7,5,17,0.41,0.3333333333333333,2
58,52074.0,1,2,119.0,19.833333333333332,59,0,12,0.0,0,48.0,6,2,2,2,1,0,6,4,77,0.24,0.16666666666666666,1
50,80427.0,1,2,1835.0,67.96296296296296,1149,71,449,69.0,71,26.0,27,11,8,8,0,0,16,5,56,1.79,0.037037037037037035,1
77,83837.0,0,1,1310.0,54.583333333333336,847,66,119,86.0,81,111.0,24,9,10,5,2,1,13,4,79,1.53,0.041666666666666664,1
55,38853.0,2,3,45.0,9.0,29,0,14,0.0,0,2.0,5,2,0,3,0,0,9,7,90,0.1,0.4,2
66,38285.0,3,4,10.0,3.3333333333333335,2,0,5,2.0,0,1.0,3,0,0,3,0,0,2,2,96,0.01,0.3333333333333333,1
74,78497.0,0,1,881.5,36.729166666666664,207,26,447,75.0,0,126.5,24,5,7,12,1,0,7,2,44,0.57,0.041666666666666664,1
49,51650.0,1,2,191.0,21.22222222222222,152,3,22,2.0,5,7.0,9,4,1,4,0,0,9,5,81,0.13,0.1111111111111111,1
37,16248.0,1,2,57.0,9.5,12,11,10,3.0,12,9.0,6,2,1,3,0,0,8,6,77,0.14,0.5,3
79,66835.0,0,1,1018.5,44.28260869565217,620,26,195,34.0,17,126.5,23,6,4,13,0,0,8,2,21,0.75,0.043478260869565216,1
41,30477.0,1,2,66.0,13.2,47,1,6,0.0,0,12.0,5,1,1,3,0,0,7,6,16,0.43,0.2,1
64,28249.0,0,1,43.0,8.6,1,9,7,2.0,14,10.0,5,2,0,3,0,0,8,6,80,0.04,0.2,1
42,25271.0,1,2,50.0,12.5,10,1,18,10.0,4,7.0,4,1,1,2,0,0,10,9,45,1.56,0.25,1
55,32303.0,1,2,39.0,7.8,35,0,2,0.0,0,2.0,5,1,0,4,0,0,6,5,63,0.31,0.4,2
59,61286.0,1,2,608.0,38.0,356,0,107,19.0,9,117.0,16,7,1,8,0,0,12,5,34,0.91,0.125,2
49,74068.0,0,1,1561.5,67.8913043478261,783,30,537,120.5,76,15.0,23,4,10,9,0,0,6,2,14,1.28,0.043478260869565216,1
61,45759.0,2,3,68.0,13.6,42,1,18,3.0,0,4.0,5,2,0,3,0,0,9,7,13,1.34,0.4,2
47,24882.0,1,2,80.0,20.0,1,4,10,29.0,0,36.0,4,1,1,2,1,0,7,6,52,1.8,0.25,1
36,66973.0,0,1,1223.5,45.31481481481482,466,22,432,120.5,81,102.0,27,8,7,12,0,0,11,3,98,1.12,0.037037037037037035,1
37,38872.0,1,2,91.0,15.166666666666666,23,3,21,3.0,19,22.0,6,3,0,3,0,0,11,8,93,1.08,0.3333333333333333,2
52,51148.0,2,3,315.0,26.25,235,6,45,8.0,9,12.0,12,5,1,6,0,0,11,6,38,1.36,0.3333333333333333,4
48,31353.0,2,3,31.0,7.75,10,0,10,3.0,1,7.0,4,1,1,2,0,0,9,8,24,0.5,0.5,2
45,69661.0,0,1,834.0,37.90909090909091,656,16,106,32.0,16,8.0,22,7,3,12,0,0,10,3,80,0.13,0.045454545454545456,1
71,80067.0,0,1,1251.0,78.1875,519,17,556,27.0,81,51.0,16,4,6,6,1,0,6,2,82,0.77,0.0625,1
71,86718.0,0,1,1116.5,69.78125,344,81,482,50.0,33,126.5,16,5,6,5,0,0,7,2,20,1.45,0.0625,1
52,46854.0,2,3,263.0,29.22222222222222,96,1,79,7.0,1,79.0,9,5,1,3,1,1,13,8,81,0.25,0.6666666666666666,6
73,69142.0,1,2,535.0,33.4375,448,4,34,6.0,4,39.0,16,8,1,7,1,0,13,5,50,0.0,0.1875,3
57,75922.0,0,1,1134.5,66.73529411764706,265,81,553,120.5,23,92.0,17,4,4,9,0,0,5,1,60,0.55,0.058823529411764705,1
47,63693.0,1,2,1144.0,44.0,587,43,337,42.0,81,54.0,26,11,6,9,0,0,17,6,63,0.71,0.11538461538461539,3
48,102160.0,0,1,1145.0,44.03846153846154,763,29,138,76.0,81,58.0,26,7,9,10,3,1,11,4,54,1.65,0.0,0
60,40637.0,2,3,38.0,9.5,22,0,13,0.0,0,3.0,4,1,0,3,0,0,8,7,72,0.95,0.5,2
41,18890.0,0,1,35.0,11.666666666666666,6,4,1,7.0,2,15.0,3,0,1,2,1,1,6,6,5,1.63,0.3333333333333333,1
37,29604.0,1,2,53.0,13.25,7,6,13,7.0,6,14.0,4,1,0,3,1,0,10,9,88,0.56,0.25,1
62,48721.0,2,3,293.0,26.636363636363637,81,18,113,47.0,13,21.0,11,4,2,5,0,0,10,6,50,1.13,0.5454545454545454,6
59,44794.0,1,2,65.0,13.0,54,0,7,0.0,0,4.0,5,2,0,3,0,0,8,6,99,0.06,0.2,1
71,64497.0,1,2,1738.5,72.4375,1170,48,320,42.0,32,126.5,24,11,4,9,1,1,19,8,17,1.8,0.20833333333333334,5
69,46097.0,1,2,241.0,24.1,72,24,68,65.0,4,8.0,10,3,1,6,0,0,7,4,11,1.25,0.5,5
71,77972.0,0,1,1080.0,56.8421052631579,613,22,319,33.0,81,12.0,19,4,6,9,0,0,5,1,18,0.28,0.05263157894736842,1
57,44377.0,2,3,264.0,24.0,224,0,30,0.0,0,10.0,11,5,1,5,0,0,13,8,70,1.73,0.7272727272727273,8
51,46014.0,2,3,541.0,33.8125,410,0,59,19.0,9,44.0,16,7,1,8,0,0,14,7,21,1.43,0.625,10
40,70951.0,0,1,1058.5,66.15625,239,10,554,120.5,81,54.0,16,3,4,9,0,0,4,1,66,1.15,0.0625,1
48,41443.0,1,2,482.0,34.42857142857143,171,7,171,25.0,19,89.0,14,8,1,5,0,0,16,8,79,0.24,0.42857142857142855,6
47,52195.0,3,4,17.0,5.666666666666667,12,0,4,0.0,0,1.0,3,1,0,2,0,0,9,8,2,0.13,0.3333333333333333,1
77,83790.0,0,1,1615.0,67.29166666666667,1076,16,417,42.0,48,16.0,24,8,10,6,2,0,11,3,81,0.62,0.041666666666666664,1
71,44551.0,1,2,285.0,28.5,182,4,33,0.0,0,66.0,10,4,1,5,0,0,11,7,24,0.83,0.2,2
45,69508.0,1,2,1135.0,43.65384615384615,824,32,162,42.0,32,43.0,26,11,4,11,0,0,17,6,48,1.62,0.07692307692307693,2
37,45204.0,1,2,114.0,19.0,30,11,25,29.0,1,18.0,6,1,1,4,0,0,4,3,93,0.22,0.16666666666666666,1
56,72460.0,0,1,1047.0,69.8,377,10,540,80.0,30,10.0,15,3,5,7,0,0,4,1,56,0.62,0.06666666666666667,1
55,77622.0,2,3,714.0,35.7,520,7,154,19.0,0,14.0,20,6,3,11,0,0,9,3,3,0.21,0.1,2
45,30732.0,1,2,185.0,20.555555555555557,155,1,25,0.0,1,3.0,9,4,1,4,0,0,12,8,44,1.48,0.4444444444444444,4
63,63887.0,1,2,1245.0,46.111111111111114,897,23,207,15.0,11,92.0,27,9,6,12,0,0,15,6,38,1.8,0.18518518518518517,5
47,42011.0,1,2,189.0,23.625,131,0,16,2.0,1,39.0,8,3,1,4,0,0,11,8,46,1.26,0.5,4
49,51369.0,1,2,520.5,37.17857142857143,297,7,79,0.0,11,126.5,14,8,2,4,0,0,16,8,84,1.68,0.14285714285714285,2
73,51537.0,1,2,1103.0,73.53333333333333,787,20,204,0.0,0,92.0,15,2,2,11,0,0,10,8,27,1.55,0.2,3
53,79930.0,0,1,1564.0,97.75,792,81,556,67.0,51,17.0,16,3,5,8,0,0,5,2,72,1.89,0.0625,1
39,34320.0,1,2,17.0,5.666666666666667,4,1,9,3.0,0,0.0,3,1,0,2,0,0,9,8,66,0.36,0.3333333333333333,1
59,37070.0,2,3,433.0,30.928571428571427,231,7,137,4.0,15,39.0,14,5,1,8,0,1,12,7,30,1.28,0.6428571428571429,9
63,81975.0,1,2,1471.5,113.1923076923077,983,76,184,120.5,81,27.0,13,6,3,4,1,0,13,7,2,1.48,0.07692307692307693,1
54,38590.0,1,2,22.0,7.333333333333333,3,1,8,4.0,3,3.0,3,1,0,2,0,0,9,8,65,1.12,0.3333333333333333,1
74,15033.0,0,1,19.0,4.75,0,4,5,6.0,0,4.0,4,1,0,3,0,0,4,3,37,0.2,0.25,1
60,62745.0,1,2,1117.0,42.96153846153846,562,21,464,28.0,10,32.0,26,7,8,11,0,0,12,5,89,1.27,0.11538461538461539,3
50,22212.0,1,2,69.0,11.5,5,9,20,6.0,8,21.0,6,2,0,4,0,0,8,6,49,0.55,0.3333333333333333,2
43,23661.0,1,2,23.0,5.75,18,0,4,0.0,0,1.0,4,1,0,3,0,0,8,7,46,0.57,0.25,1
67,79761.0,1,2,605.0,33.611111111111114,415,5,124,15.0,35,11.0,18,5,2,11,0,0,8,3,32,0.73,0.05555555555555555,1
52,7500.0,1,2,57.0,8.142857142857142,5,3,10,12.0,7,20.0,7,3,1,3,0,0,10,7,54,0.51,0.5714285714285714,4
57,73455.0,0,1,1739.5,82.83333333333333,901,61,556,120.5,81,20.0,21,6,5,10,1,0,9,3,98,0.67,0.047619047619047616,1
67,64961.0,1,2,933.0,66.64285714285714,382,81,276,75.0,81,38.0,14,6,4,4,0,0,9,3,97,1.51,0.14285714285714285,2
54,22804.0,1,2,26.0,6.5,14,1,7,2.0,1,1.0,4,2,0,2,0,0,11,9,75,0.91,0.25,1
35,73687.0,0,1,1403.0,66.80952380952381,559,81,503,120.5,13,126.5,21,3,9,9,1,1,5,2,8,0.58,0.047619047619047616,1
67,61074.0,1,2,1076.5,44.854166666666664,789,0,133,0.0,28,126.5,24,11,5,8,0,0,18,7,37,1.86,0.2916666666666667,7
61,31686.0,2,3,17.0,4.25,11,0,5,0.0,0,1.0,4,1,0,3,0,0,7,6,31,0.07,0.5,2
53,80134.0,1,2,1690.0,120.71428571428571,1218,16,272,104.0,0,80.0,14,5,3,6,3,1,11,6,40,1.11,0.14285714285714285,2
72,75027.0,1,2,1377.5,72.5,925,64,179,120.5,12,77.0,19,9,4,6,0,0,14,5,74,1.47,0.10526315789473684,2
37,67546.0,0,1,1786.0,94.0,864,81,556,120.5,38,126.5,19,4,10,5,0,0,7,3,90,1.83,0.05263157894736842,1
56,65176.0,1,2,1431.5,68.16666666666667,960,28,183,120.5,70,70.0,21,9,6,6,0,0,15,6,57,1.66,0.19047619047619047,4
50,31160.0,1,2,64.0,12.8,16,3,25,6.0,1,13.0,5,2,0,3,0,0,10,8,59,0.78,0.4,2
40,29938.0,1,2,26.0,6.5,3,3,7,0.0,2,11.0,4,1,0,3,0,0,7,6,52,0.67,0.5,2
51,102692.0,0,1,932.5,33.30357142857143,168,81,444,32.0,81,126.5,28,6,9,13,4,1,8,2,5,1.23,0.03571428571428571,1
67,26490.0,0,1,210.0,23.333333333333332,45,47,52,21.0,20,25.0,9,3,1,5,0,0,9,6,92,1.77,0.2222222222222222,2
58,75702.0,2,3,1148.0,54.666666666666664,650,28,353,45.0,42,30.0,21,4,6,11,0,0,12,8,77,1.83,0.23809523809523808,5
51,30899.0,1,2,33.0,8.25,24,0,8,0.0,0,1.0,4,1,0,3,0,0,7,6,35,1.71,0.5,2
64,63342.0,1,2,1101.0,68.8125,918,21,118,13.0,10,21.0,16,8,3,5,1,0,14,6,48,1.7,0.1875,3
61,45989.0,1,2,322.0,26.833333333333332,138,33,87,28.0,24,12.0,12,3,2,7,0,0,6,3,97,1.68,0.3333333333333333,4
61,18701.0,2,3,44.0,7.333333333333333,12,4,2,10.0,6,10.0,6,2,0,4,0,0,7,5,95,1.07,0.6666666666666666,4
68,40737.0,3,4,17.0,5.666666666666667,11,0,4,0.0,0,2.0,3,1,0,2,0,0,9,8,24,0.56,0.3333333333333333,1
46,15287.0,1,2,31.0,7.75,1,2,8,4.0,3,13.0,4,1,1,2,1,1,8,7,60,1.72,0.5,2
57,69674.0,2,3,845.0,38.40909090909091,554,41,215,11.0,0,24.0,22,10,2,10,0,0,15,5,46,1.1,0.13636363636363635,3
55,44159.0,1,2,275.0,25.0,167,2,62,24.0,13,7.0,11,4,1,6,0,0,9,5,85,0.03,0.36363636363636365,4
47,37717.0,1,2,25.0,8.333333333333334,9,0,6,4.0,1,5.0,3,1,0,2,0,0,10,9,31,1.6,0.3333333333333333,1
73,43776.0,2,3,275.0,25.0,177,2,71,3.0,2,20.0,11,5,2,4,0,1,13,8,9,1.4,0.5454545454545454,6
59,38179.0,2,3,90.0,12.857142857142858,38,4,22,4.0,2,20.0,7,3,1,3,0,0,10,7,30,1.29,0.5714285714285714,4
62,80124.0,0,1,1290.0,71.66666666666667,483,81,398,120.5,81,126.5,18,3,7,8,1,0,4,1,47,0.01,0.05555555555555555,1
55,38097.0,2,3,184.0,26.285714285714285,77,2,35,0.0,1,69.0,7,3,2,2,1,1,10,7,70,1.7,0.5714285714285714,4
55,72940.0,0,1,871.5,72.625,182,74,298,120.5,81,116.0,12,3,3,6,0,0,4,1,13,1.03,0.08333333333333333,1
55,22070.0,1,2,67.0,11.166666666666666,10,7,19,8.0,2,21.0,6,2,2,2,0,0,8,6,11,0.73,0.3333333333333333,2
72,69267.0,0,1,1615.5,134.625,778,44,499,95.0,73,126.5,12,3,4,5,0,1,10,7,31,1.77,0.16666666666666666,2
42,31788.0,1,2,60.0,8.571428571428571,16,7,23,0.0,8,6.0,7,3,0,4,0,0,8,5,15,0.28,0.42857142857142855,3
50,61905.0,1,2,231.0,23.1,167,0,43,6.0,2,13.0,10,4,2,4,0,0,9,5,2,0.4,0.2,2
65,29315.0,2,3,48.0,8.0,13,2,14,8.0,7,4.0,6,2,0,4,0,0,8,6,55,0.23,0.6666666666666666,4
62,33378.0,2,3,99.0,16.5,33,6,40,3.0,7,10.0,6,2,0,4,0,0,9,7,38,1.39,0.5,3
62,66313.0,1,2,770.0,36.666666666666664,625,7,99,10.0,22,7.0,21,6,3,12,0,0,10,4,86,0.78,0.09523809523809523,2
69,60714.0,0,1,829.5,39.5,216,81,224,101.0,81,126.5,21,7,4,10,0,1,12,5,56,1.45,0.09523809523809523,2
44,77882.0,0,1,702.5,63.86363636363637,68,81,396,120.5,22,15.0,11,3,3,5,0,0,4,1,29,0.16,0.09090909090909091,1
39,69867.0,0,1,876.0,54.75,196,0,512,33.0,81,54.0,16,3,5,8,1,1,4,1,30,1.24,0.0625,1
57,63841.0,1,2,903.5,43.023809523809526,635,15,100,20.0,7,126.5,21,9,3,9,0,0,15,6,64,1.19,0.047619047619047616,1
44,24480.0,1,2,102.0,14.571428571428571,4,19,9,28.0,25,17.0,7,3,0,4,0,0,10,7,46,1.38,0.42857142857142855,3
49,51369.0,1,2,520.5,37.17857142857143,297,7,79,0.0,11,126.5,14,8,2,4,0,0,16,8,84,1.68,0.14285714285714285,2
79,37760.0,0,1,287.5,26.136363636363637,84,5,38,120.5,12,28.0,11,4,1,6,0,0,11,7,20,1.83,0.18181818181818182,2
51,65640.0,1,2,461.0,32.92857142857143,204,7,149,20.0,15,66.0,14,5,1,8,0,0,7,2,74,0.33,0.07142857142857142,1
50,44319.0,2,3,37.0,7.4,26,0,8,0.0,0,3.0,5,2,0,3,0,0,7,5,18,0.2,0.4,2
51,30631.0,1,2,70.0,11.666666666666666,15,6,20,4.0,5,20.0,6,3,1,2,0,0,10,7,75,0.96,0.16666666666666666,1
73,75278.0,0,1,883.5,40.15909090909091,304,81,230,120.5,74,74.0,22,6,3,13,0,0,9,3,17,1.41,0.045454545454545456,1
69,50898.0,2,3,817.5,40.875,285,28,242,55.0,81,126.5,20,6,2,12,0,0,11,5,88,1.47,0.65,13
59,79946.0,0,1,1261.5,60.07142857142857,395,81,556,120.5,81,28.0,21,5,11,5,0,0,8,3,19,0.13,0.047619047619047616,1
76,35416.0,0,1,390.0,30.0,248,3,81,4.0,3,51.0,13,7,1,5,0,0,15,8,62,1.04,0.23076923076923078,3
41,32414.0,0,1,52.0,13.0,20,6,5,0.0,9,12.0,4,1,0,3,1,0,8,7,11,0.99,0.25,1
56,38361.0,1,2,137.0,19.571428571428573,39,0,56,20.0,8,14.0,7,3,1,3,0,0,10,7,74,0.5,0.42857142857142855,3
45,82497.0,0,1,1682.0,93.44444444444444,777,81,556,120.5,21,126.5,18,2,7,9,1,0,6,4,32,1.66,0.05555555555555555,1
54,16626.0,2,3,68.0,11.333333333333334,8,3,22,21.0,1,13.0,6,3,0,3,0,0,12,9,76,0.45,0.5,3
60,29672.0,2,3,25.0,8.333333333333334,9,1,3,0.0,4,8.0,3,0,0,3,0,0,6,6,6,1.3,0.3333333333333333,1
73,55951.0,1,2,1357.0,67.85,1224,0,80,0.0,13,40.0,20,3,6,11,2,0,11,8,62,1.85,0.15,3
37,35388.0,1,2,32.0,8.0,6,4,7,4.0,3,8.0,4,1,0,3,0,0,8,7,20,1.31,0.25,1
39,42386.0,1,2,100.0,16.666666666666668,65,4,16,0.0,4,11.0,6,3,0,3,0,0,11,8,43,1.46,0.16666666666666666,1
43,68627.0,0,1,825.0,75.0,395,15,263,60.0,54,38.0,11,2,3,6,0,0,3,1,45,1.46,0.09090909090909091,1
60,57912.0,1,2,916.0,39.82608695652174,801,0,80,0.0,0,35.0,23,8,3,12,1,0,13,5,34,0.28,0.21739130434782608,5
67,35246.0,2,3,62.0,8.857142857142858,36,0,12,2.0,2,10.0,7,3,1,3,0,0,8,5,53,0.2,0.5714285714285714,4
69,58821.0,1,2,728.0,36.4,513,14,154,19.0,0,28.0,20,9,2,9,0,0,15,6,44,0.71,0.05,1
47,46377.0,1,2,90.0,15.0,37,0,46,4.0,3,0.0,6,2,1,3,0,0,6,4,89,0.33,0.16666666666666666,1
37,39747.0,1,2,273.0,27.3,80,15,93,20.0,13,52.0,10,5,1,4,0,0,13,8,43,0.21,0.3,3
41,23976.0,1,2,66.0,9.428571428571429,14,1,21,2.0,3,25.0,7,3,1,3,0,0,10,7,68,0.5,0.42857142857142855,3
64,80950.0,0,1,982.5,44.65909090909091,525,81,112,120.5,81,63.0,22,6,7,9,1,0,8,2,44,1.25,0.045454545454545456,1
59,27038.0,0,1,107.0,17.833333333333332,1,26,25,17.0,23,15.0,6,3,0,3,0,1,12,9,64,1.78,0.16666666666666666,1
78,77457.0,0,1,1157.0,68.05882352941177,675,11,400,15.0,45,11.0,17,2,5,10,1,0,3,1,85,0.32,0.058823529411764705,1
61,64100.0,1,2,546.0,32.11764705882353,509,0,27,0.0,0,10.0,17,8,3,6,1,0,15,7,93,0.8,0.058823529411764705,1
33,42670.0,0,1,241.0,24.1,154,2,46,20.0,4,15.0,10,4,2,4,0,0,8,4,12,1.17,0.1,1
49,12571.0,1,2,53.0,7.571428571428571,3,5,14,2.0,12,17.0,7,3,1,3,0,0,9,6,86,0.44,0.5714285714285714,4
58,22574.0,3,4,37.0,7.4,25,0,8,2.0,0,2.0,5,2,0,3,0,0,9,7,28,0.67,0.4,2
36,51381.5,0,1,1554.0,67.56521739130434,861,81,461,60.0,30,61.0,23,6,5,12,2,0,9,3,69,1.07,0.043478260869565216,1
49,70893.0,0,1,1503.0,68.31818181818181,768,44,556,77.0,44,14.0,22,6,6,10,0,0,9,3,42,1.39,0.045454545454545456,1
59,54198.0,2,3,235.0,23.5,185,0,28,3.0,2,17.0,10,3,1,6,0,0,7,4,13,0.53,0.6,6
69,28839.0,2,3,32.0,6.4,24,0,7,0.0,0,1.0,5,2,0,3,0,0,7,5,86,0.3,0.4,2
53,40321.0,2,3,102.0,17.0,44,4,21,6.0,0,27.0,6,3,0,3,0,0,10,7,59,0.92,0.3333333333333333,2
40,66503.0,1,2,401.0,30.846153846153847,91,64,128,65.0,3,50.0,13,4,3,6,0,0,7,3,30,1.87,0.15384615384615385,2
74,30833.0,2,3,28.0,7.0,11,0,7,3.0,1,6.0,4,1,0,3,0,0,6,5,33,0.95,0.5,2
55,51381.5,3,4,1052.0,70.13333333333334,738,20,172,52.0,50,20.0,15,2,3,10,2,0,9,7,67,0.85,0.4,6
54,64795.0,1,2,680.0,37.77777777777778,412,5,119,38.0,29,77.0,18,3,3,12,0,0,5,2,23,1.45,0.16666666666666666,3
51,34421.0,1,2,30.0,10.0,3,3,7,6.0,2,9.0,3,1,0,2,0,0,8,7,81,0.99,0.3333333333333333,1
60,47025.0,2,3,20.0,6.666666666666667,16,0,3,0.0,0,1.0,3,1,0,2,0,0,8,7,6,0.38,0.3333333333333333,1
64,64325.0,1,2,1307.0,72.61111111111111,731,60,353,78.0,12,73.0,18,10,3,5,0,0,17,7,41,1.39,0.2777777777777778,5
72,40464.0,1,2,630.0,35.0,424,17,118,7.0,23,41.0,18,8,2,8,0,0,16,8,78,1.46,0.3333333333333333,6
68,62187.0,0,1,1283.0,75.47058823529412,792,0,275,45.0,45,126.0,17,4,8,5,0,0,7,3,49,0.98,0.058823529411764705,1
49,14849.0,1,2,65.0,10.833333333333334,21,2,28,3.0,2,9.0,6,2,0,4,0,0,10,8,39,0.99,0.5,3
41,27255.0,1,2,37.0,9.25,22,1,11,0.0,1,2.0,4,1,0,3,0,0,8,7,3,0.64,0.25,1
75,54432.0,3,4,38.0,9.5,33,0,5,0.0,0,0.0,4,1,0,3,0,0,5,4,37,1.14,0.25,1
39,29999.0,1,2,160.0,20.0,68,7,59,10.0,5,11.0,8,3,1,4,0,0,11,8,22,1.37,0.5,4
42,24072.0,1,2,23.0,7.666666666666667,9,1,6,3.0,0,4.0,3,1,0,2,0,0,9,8,79,1.2,0.3333333333333333,1
36,33996.0,0,1,71.0,14.2,40,2,15,8.0,0,6.0,5,1,1,3,0,0,5,4,46,0.8,0.2,1
69,66334.0,1,2,1161.0,68.29411764705883,909,11,218,0.0,0,23.0,17,9,3,5,0,1,14,5,82,1.24,0.11764705882352941,2
54,35178.0,1,2,59.0,14.75,23,1,13,2.0,2,18.0,4,1,1,2,1,1,8,7,10,1.46,0.25,1
42,22010.0,1,2,33.0,6.6,11,2,9,3.0,0,8.0,5,2,0,3,0,0,10,8,51,1.0,0.4,2
65,62204.0,2,3,903.0,43.0,317,46,247,120.5,46,126.5,21,4,5,12,0,0,7,3,38,1.79,0.047619047619047616,1
57,75693.0,0,1,1354.0,64.47619047619048,797,81,293,72.0,81,30.0,21,11,4,6,3,1,15,4,10,1.56,0.047619047619047616,1
53,30675.0,1,2,62.0,15.5,10,2,16,11.0,2,21.0,4,1,0,3,0,0,9,8,14,1.63,0.25,1
60,83003.0,0,1,1660.0,79.04761904761905,856,61,556,40.0,25,122.0,21,7,6,8,1,1,10,3,18,1.32,0.047619047619047616,1
37,68655.0,0,1,1225.0,61.25,456,19,556,75.0,81,38.0,20,4,5,11,0,0,7,3,95,1.88,0.05,1
39,41411.0,0,1,139.0,19.857142857142858,37,32,38,11.0,3,18.0,7,2,1,4,0,0,8,6,11,0.56,0.14285714285714285,1
56,55212.0,1,2,1182.0,69.52941176470588,1103,0,45,0.0,0,34.0,17,4,2,11,2,0,12,8,65,1.6,0.17647058823529413,3
75,59292.0,1,2,507.0,31.6875,378,14,68,19.0,14,14.0,16,3,5,8,0,0,6,3,71,1.04,0.125,2
52,27190.0,1,2,18.0,6.0,1,6,7,0.0,1,3.0,3,1,0,2,1,1,9,8,13,0.87,0.3333333333333333,1
73,82623.0,0,1,770.0,51.333333333333336,204,34,204,120.5,81,126.5,15,2,9,4,0,0,3,1,58,0.63,0.06666666666666667,1
60,44300.0,2,3,42.0,10.5,30,0,9,0.0,0,3.0,4,1,0,3,0,0,7,6,65,1.02,0.5,2
55,84835.0,0,1,967.5,69.10714285714286,189,81,379,111.0,81,126.5,14,4,4,6,0,1,5,1,0,0.04,0.07142857142857142,1
54,30372.0,2,3,44.0,8.8,15,0,12,7.0,3,7.0,5,2,0,3,0,0,9,7,33,1.51,0.6,3
49,33181.0,1,2,16.0,5.333333333333333,9,0,3,0.0,0,4.0,3,1,0,2,1,0,7,6,90,0.48,0.3333333333333333,1
68,71113.0,1,2,835.0,37.95454545454545,495,33,255,11.0,33,8.0,22,6,7,9,0,0,10,4,95,0.53,0.18181818181818182,4
39,71952.0,1,2,1417.0,70.85,656,80,455,52.0,81,93.0,20,8,4,8,2,0,12,4,93,1.46,0.1,2
59,69759.0,0,1,1029.0,68.6,452,20,514,13.0,30,0.0,15,4,6,5,0,1,7,3,38,0.67,0.2,3
51,72099.0,0,1,1178.0,69.29411764705883,546,81,410,119.0,0,22.0,17,3,4,10,0,0,4,1,18,1.67,0.058823529411764705,1
49,60000.0,1,2,1277.0,67.21052631578948,1048,0,217,0.0,0,12.0,19,11,3,5,0,0,17,6,57,1.52,0.2631578947368421,5
47,38643.0,2,3,49.0,9.8,22,2,14,0.0,1,10.0,5,2,0,3,0,0,9,7,45,0.58,0.4,2
70,50737.0,1,2,99.0,16.5,78,0,11,0.0,0,10.0,6,2,0,4,1,0,8,6,61,1.13,0.16666666666666666,1
56,68462.0,0,1,1394.0,99.57142857142857,561,64,556,84.0,81,48.0,14,3,3,8,0,0,4,1,6,1.54,0.07142857142857142,1
82,65073.0,0,1,900.0,69.23076923076923,629,17,177,69.0,0,8.0,13,5,3,5,0,0,7,2,65,0.86,0.07692307692307693,1
77,46681.0,2,3,425.0,30.357142857142858,269,15,69,15.0,19,38.0,14,4,6,4,0,0,9,5,52,0.72,0.14285714285714285,2
68,78618.0,0,1,1635.5,77.88095238095238,736,81,556,120.5,81,61.0,21,4,7,10,1,0,6,2,87,1.75,0.047619047619047616,1
56,62187.0,1,2,636.0,35.333333333333336,512,0,83,0.0,0,41.0,18,6,2,10,0,0,10,4,38,0.27,0.16666666666666666,3
47,28442.0,2,3,57.0,8.142857142857142,19,3,10,11.0,8,6.0,7,2,1,4,0,0,6,4,53,0.34,0.42857142857142855,3
47,37717.0,1,2,25.0,8.333333333333334,9,0,6,4.0,1,5.0,3,1,0,2,0,0,10,9,31,1.6,0.3333333333333333,1
58,51479.0,2,3,494.0,32.93333333333333,247,8,160,6.0,8,65.0,15,6,3,6,0,0,13,7,67,1.5,0.4666666666666667,7
56,54803.0,1,2,677.5,39.85294117647059,404,0,92,28.0,27,126.5,17,6,2,9,0,0,10,4,65,1.85,0.11764705882352941,2
65,79530.0,0,1,1080.5,43.22,333,0,556,120.5,42,29.0,25,4,10,11,0,0,6,2,64,1.12,0.04,1
49,31615.0,1,2,51.0,10.2,2,3,20,6.0,11,9.0,5,2,0,3,0,0,9,7,82,1.29,0.4,2
63,72025.0,0,1,1743.0,116.2,833,33,549,120.5,81,126.5,15,4,3,8,0,0,7,3,27,1.61,0.06666666666666667,1
50,52614.0,1,2,990.0,70.71428571428571,789,0,142,12.0,9,38.0,14,2,4,8,0,0,10,8,63,1.57,0.14285714285714285,2
41,35684.0,1,2,30.0,7.5,10,4,7,0.0,6,3.0,4,1,0,3,0,0,7,6,66,0.19,0.25,1
50,48178.0,2,3,254.0,25.4,159,4,45,6.0,2,38.0,10,5,1,4,0,0,13,8,69,1.67,0.6,6
55,29548.0,1,2,29.0,7.25,7,1,6,3.0,1,11.0,4,1,1,2,1,0,5,4,52,0.83,0.25,1
59,63810.0,1,2,1371.0,72.15789473684211,977,12,253,16.0,12,101.0,19,4,3,12,1,0,12,8,45,1.63,0.21052631578947367,4
53,38578.0,2,3,73.0,12.166666666666666,38,4,22,3.0,3,3.0,6,3,0,3,0,1,11,8,2,1.02,0.5,3
50,46098.0,2,3,120.0,17.142857142857142,57,0,27,0.0,0,36.0,7,3,2,2,0,0,11,8,86,1.86,0.5714285714285714,4
55,22585.0,0,1,81.0,20.25,3,9,15,13.0,2,39.0,4,1,1,2,1,1,10,9,23,1.28,0.25,1
36,30279.0,1,2,37.0,9.25,10,4,14,4.0,4,1.0,4,1,0,3,0,0,9,8,13,1.49,0.25,1
64,66426.0,1,2,1346.5,74.80555555555556,1043,24,97,32.0,24,126.5,18,3,5,10,0,0,9,6,14,0.74,0.1111111111111111,2
56,30822.0,1,2,51.0,12.75,3,9,13,2.0,12,12.0,4,1,0,3,0,0,8,7,92,1.04,0.25,1
56,33581.0,2,3,17.0,5.666666666666667,11,0,5,0.0,0,1.0,3,1,0,2,0,0,9,8,38,1.47,0.3333333333333333,1
40,19986.0,1,2,22.0,7.333333333333333,3,6,5,0.0,2,6.0,3,0,0,3,0,0,7,7,74,0.62,0.3333333333333333,1
71,27421.0,0,1,324.0,29.454545454545453,43,12,96,78.0,40,55.0,11,4,1,6,0,0,11,7,14,1.54,0.2727272727272727,3
52,35688.0,3,4,211.0,23.444444444444443,73,3,90,12.0,1,32.0,9,4,1,4,0,0,12,8,94,1.85,0.7777777777777778,7
44,36143.0,1,2,19.0,6.333333333333333,12,0,1,0.0,0,6.0,3,0,1,2,0,0,3,3,33,0.25,0.3333333333333333,1
54,10245.0,1,2,41.0,8.2,4,7,7,6.0,4,13.0,5,1,2,2,0,0,6,5,32,1.12,0.6,3
57,43795.0,1,2,492.0,35.142857142857146,314,11,53,4.0,3,107.0,14,7,3,4,1,1,14,7,11,0.7,0.21428571428571427,3
65,63381.0,1,2,972.5,44.20454545454545,571,50,142,33.0,50,126.5,22,4,5,13,0,0,6,2,78,1.73,0.18181818181818182,4
76,38823.0,1,2,114.0,19.0,70,0,11,2.0,8,23.0,6,2,1,3,0,0,8,6,56,1.83,0.16666666666666666,1
57,83664.0,2,3,1173.0,73.3125,866,21,151,28.0,21,86.0,16,2,2,12,0,0,7,5,57,1.14,0.1875,3
46,90300.0,0,1,1402.0,73.78947368421052,594,81,556,33.0,81,57.0,19,5,6,8,1,0,6,1,7,0.48,0.0,0
46,62499.0,1,2,222.0,22.2,140,4,61,0.0,13,4.0,10,3,1,6,0,0,7,4,0,0.55,0.2,2
32,74293.0,0,1,1046.0,69.73333333333333,375,81,335,93.0,81,81.0,15,5,4,6,0,0,7,2,66,0.15,0.06666666666666667,1
79,51012.0,0,1,209.0,23.22222222222222,102,9,63,2.0,9,24.0,9,4,1,4,0,0,10,6,86,1.2,0.1111111111111111,1
57,70777.0,1,2,787.0,39.35,554,35,113,0.0,7,78.0,20,5,3,12,0,0,8,3,80,0.34,0.15,3
34,68682.0,0,1,1598.0,69.47826086956522,919,0,505,99.0,30,45.0,23,4,9,10,0,0,6,2,56,0.73,0.043478260869565216,1
54,43824.0,2,3,186.0,23.25,96,1,42,12.0,3,32.0,8,3,1,4,0,0,11,8,18,1.79,0.5,4
41,15345.0,1,2,47.0,11.75,5,2,16,3.0,2,19.0,4,1,1,2,0,1,9,8,51,1.83,0.5,2
38,23442.0,1,2,27.0,6.75,2,0,6,8.0,6,5.0,4,1,0,3,0,0,8,7,71,1.51,0.25,1
45,14515.0,1,2,96.0,13.714285714285714,6,4,9,6.0,36,35.0,7,2,2,3,0,1,9,7,71,1.63,0.5714285714285714,4
69,31395.0,2,3,64.0,10.666666666666666,23,1,25,0.0,8,7.0,6,2,1,3,0,0,8,6,80,1.27,0.6666666666666666,4
60,75276.0,0,1,999.5,45.43181818181818,610,81,125,120.5,42,21.0,22,9,4,9,0,0,14,5,2,1.75,0.045454545454545456,1
51,42373.0,2,3,163.0,20.375,67,5,61,3.0,8,19.0,8,2,1,5,0,0,7,5,83,0.87,0.625,5
65,30507.0,0,1,343.0,34.3,65,36,74,38.0,20,110.0,10,5,1,4,0,0,12,7,29,1.3,0.1,1
70,55521.0,3,4,446.0,29.733333333333334,416,0,26,0.0,0,4.0,15,6,3,6,1,1,13,7,11,0.68,0.6,9
60,48006.0,2,3,41.0,10.25,23,0,11,3.0,2,2.0,4,1,0,3,0,0,7,6,55,0.05,0.25,1
53,27213.0,1,2,70.0,11.666666666666666,19,3,26,10.0,9,3.0,6,2,0,4,0,1,10,8,19,1.83,0.5,3
54,65808.0,2,3,272.0,24.727272727272727,155,7,80,13.0,7,10.0,11,5,1,5,0,0,11,6,1,0.08,0.2727272727272727,3
51,30351.0,1,2,46.0,9.2,14,0,24,3.0,3,2.0,5,3,0,2,0,0,12,9,19,1.06,0.2,1
62,50437.0,2,3,490.0,30.625,370,9,92,6.0,9,4.0,16,7,1,8,0,0,14,7,28,1.7,0.1875,3
43,23616.0,1,2,79.0,13.166666666666666,4,22,11,3.0,7,32.0,6,3,0,3,0,1,11,8,76,1.61,0.3333333333333333,2
49,53858.0,1,2,846.0,65.07692307692308,407,53,221,58.0,81,26.0,13,4,3,6,0,0,8,4,50,1.63,0.3076923076923077,4
70,66465.0,1,2,1485.0,46.40625,1200,0,204,38.0,29,14.0,32,11,9,12,1,0,17,6,1,1.25,0.09375,3
38,46923.0,1,2,369.0,28.384615384615383,85,44,54,102.0,78,6.0,13,5,1,7,0,0,12,7,90,1.85,0.23076923076923078,3
63,75072.0,1,2,1073.0,63.11764705882353,583,34,309,0.0,22,125.0,17,5,4,8,0,0,8,3,83,1.43,0.11764705882352941,2
82,75865.0,0,1,1171.5,65.08333333333333,483,0,556,120.5,0,12.0,18,3,5,10,0,0,4,1,73,0.25,0.05555555555555555,1
50,19789.0,1,2,78.0,13.0,2,5,9,28.0,6,28.0,6,2,1,3,1,0,7,5,24,0.61,0.5,3
31,80134.0,0,1,1378.0,68.9,966,26,282,52.0,26,26.0,20,2,7,11,4,0,7,5,11,0.37,0.05,1
44,91065.0,0,1,1326.5,53.06,822,81,108,120.5,81,114.0,25,7,9,9,2,1,10,3,33,1.35,0.04,1
54,49505.0,2,3,751.0,37.55,604,0,100,19.0,0,28.0,20,10,2,8,0,0,18,8,4,1.32,0.45,9
52,37401.0,1,2,48.0,9.6,19,3,19,3.0,1,3.0,5,2,0,3,0,0,9,7,14,0.15,0.4,2
42,30096.0,1,2,45.0,9.0,5,3,11,12.0,5,9.0,5,2,0,3,0,0,8,6,30,0.1,0.2,1
43,18492.0,1,2,10.0,3.3333333333333335,2,2,2,2.0,1,1.0,3,1,0,2,0,0,9,8,75,0.07,0.3333333333333333,1
51,82584.0,0,1,1425.0,95.0,1076,68,103,29.0,81,68.0,15,3,4,8,2,1,4,1,26,1.07,0.06666666666666667,1
84,93027.0,0,1,1898.0,86.27272727272727,1224,42,556,55.0,0,21.0,22,7,10,5,1,0,9,2,77,1.21,0.0,0
72,48686.0,3,4,20.0,6.666666666666667,10,0,7,2.0,0,1.0,3,1,0,2,0,0,9,8,8,0.57,0.3333333333333333,1
39,92910.0,0,1,1422.5,54.71153846153846,551,81,556,120.5,81,33.0,26,6,7,13,3,0,7,1,42,0.18,0.038461538461538464,1
36,75433.0,1,2,1188.0,69.88235294117646,800,0,297,0.0,34,57.0,17,2,5,10,2,0,8,6,28,0.23,0.11764705882352941,2
36,10404.0,1,2,43.0,8.6,2,2,11,10.0,6,12.0,5,1,0,4,0,0,6,5,52,0.15,0.4,2
57,61314.0,1,2,871.5,39.61363636363637,378,0,189,97.0,81,126.5,22,5,5,12,0,0,8,3,1,1.18,0.09090909090909091,2
64,84865.0,0,1,1664.0,110.93333333333334,1224,16,349,43.0,16,16.0,15,2,4,9,4,1,6,4,1,1.14,0.06666666666666667,1
36,42387.0,1,2,619.5,38.71875,235,0,235,19.0,4,126.5,16,8,1,7,0,0,16,8,42,1.66,0.3125,5
58,67309.0,2,3,1039.5,43.3125,515,47,181,120.5,81,95.0,24,9,6,9,0,0,16,7,76,1.43,0.625,15
61,75236.0,1,2,1068.0,44.5,438,66,400,12.0,38,114.0,24,8,3,13,0,0,12,4,27,0.59,0.041666666666666664,1
55,30015.0,1,2,57.0,11.4,25,0,22,2.0,3,5.0,5,1,0,4,0,0,6,5,28,0.4,0.4,2
69,50943.0,1,2,46.0,11.5,31,0,7,2.0,0,6.0,4,1,0,3,0,0,6,5,49,1.02,0.25,1
59,67272.0,1,2,733.0,36.65,357,35,271,28.0,28,14.0,20,6,2,12,0,0,11,5,12,0.52,0.15,3
76,51529.0,1,2,467.0,31.133333333333333,400,4,35,6.0,0,22.0,15,9,1,5,0,0,17,8,14,0.81,0.13333333333333333,2
54,32011.0,1,2,122.0,17.428571428571427,99,0,15,2.0,1,5.0,7,2,1,4,0,0,9,7,89,0.85,0.42857142857142855,3
39,7500.0,1,2,36.0,7.2,1,11,5,4.0,6,9.0,5,2,0,3,0,0,10,8,96,1.39,0.4,2
36,28691.0,1,2,34.0,8.5,5,4,13,8.0,0,4.0,4,1,0,3,0,0,9,8,56,0.99,0.25,1
77,56223.0,1,2,156.0,19.5,77,28,31,16.0,0,4.0,8,2,1,5,0,0,6,4,72,0.52,0.25,2
79,18100.0,0,1,14.0,4.666666666666667,3,1,2,4.0,3,1.0,3,0,0,3,0,0,5,5,14,0.9,0.3333333333333333,1
36,30279.0,1,2,37.0,9.25,10,4,14,4.0,4,1.0,4,1,0,3,0,0,9,8,13,1.49,0.25,1
51,20130.0,0,1,34.0,8.5,0,6,3,7.0,6,12.0,4,1,0,3,0,0,9,8,99,0.28,0.25,1
66,23295.0,0,1,20.0,6.666666666666667,0,0,1,2.0,12,5.0,3,1,0,2,0,0,9,8,72,0.96,0.3333333333333333,1
53,42618.0,1,2,192.0,21.333333333333332,76,14,74,13.0,5,10.0,9,5,0,4,0,0,13,8,92,0.72,0.2222222222222222,2
61,81246.0,0,1,1195.0,74.6875,398,81,537,61.0,81,37.0,16,4,5,7,2,0,5,1,87,0.5,0.0625,1
49,24027.0,1,2,48.0,9.6,14,7,11,11.0,0,5.0,5,2,0,3,0,0,10,8,7,1.05,0.4,2
72,55707.0,1,2,428.0,30.571428571428573,208,7,82,30.0,66,35.0,14,3,2,9,0,0,6,3,91,0.52,0.14285714285714285,2
70,57959.0,1,2,868.0,39.45454545454545,430,16,322,43.0,24,33.0,22,4,7,11,0,0,7,3,71,1.16,0.22727272727272727,5
56,56796.0,1,2,1001.0,41.708333333333336,656,38,161,62.0,47,37.0,24,8,9,7,0,0,15,7,24,1.36,0.125,3
54,36230.0,1,2,59.0,9.833333333333334,14,2,30,8.0,2,3.0,6,2,0,4,0,0,7,5,17,0.7,0.16666666666666666,1
45,70829.0,2,3,431.0,30.785714285714285,141,70,106,72.0,19,23.0,14,4,2,8,0,0,7,3,87,0.57,0.14285714285714285,2
49,65991.0,1,2,971.0,40.458333333333336,507,19,364,25.0,47,9.0,24,9,5,10,0,0,16,7,21,1.81,0.125,3
53,38988.0,3,4,348.0,29.0,164,24,103,12.0,3,42.0,12,5,1,6,0,0,13,8,90,1.86,0.5833333333333334,7
59,89572.0,0,1,1451.5,63.108695652173914,606,24,556,120.5,81,64.0,23,7,7,9,2,1,11,4,44,1.79,0.043478260869565216,1
41,42207.0,1,2,265.0,26.5,116,11,72,3.0,17,46.0,10,4,1,5,1,1,10,6,71,1.24,0.4,4
73,50300.0,1,2,270.0,24.545454545454547,143,15,60,24.0,23,5.0,11,2,1,8,0,0,4,2,52,0.1,0.18181818181818182,2
43,66664.0,0,1,1159.5,64.41666666666667,398,81,447,120.5,81,32.0,18,5,7,6,0,0,8,3,78,1.76,0.05555555555555555,1
61,60597.0,1,2,893.0,74.41666666666667,522,0,257,32.0,16,66.0,12,2,2,8,1,1,9,7,2,0.49,0.3333333333333333,4
76,70165.0,0,1,737.5,35.11904761904762,161,0,253,120.5,81,122.0,21,3,7,11,0,0,4,1,60,0.77,0.047619047619047616,1
67,50520.0,1,2,135.0,19.285714285714285,112,0,6,2.0,1,14.0,7,3,1,3,0,0,9,6,25,0.42,0.2857142857142857,2
62,80124.0,0,1,1290.0,71.66666666666667,483,81,398,120.5,81,126.5,18,3,7,8,1,0,4,1,47,0.01,0.05555555555555555,1
50,33183.0,1,2,120.0,17.142857142857142,7,5,39,17.0,15,37.0,7,4,0,3,0,0,11,7,46,0.34,0.2857142857142857,2
56,66582.0,0,1,1288.0,67.78947368421052,789,25,420,16.0,38,0.0,19,2,8,9,0,0,3,1,83,0.32,0.05263157894736842,1
70,75261.0,0,1,1728.0,108.0,1224,17,413,23.0,34,17.0,16,5,6,5,2,1,7,2,17,1.18,0.0625,1
55,31880.0,1,2,15.0,5.0,4,1,5,2.0,0,3.0,3,1,0,2,0,0,9,8,13,1.66,0.3333333333333333,1
74,53790.0,2,3,542.0,31.88235294117647,335,42,127,28.0,5,5.0,17,7,2,8,0,0,13,6,86,0.31,0.17647058823529413,3
54,49269.0,1,2,890.0,40.45454545454545,639,8,166,11.0,8,58.0,22,7,3,12,0,0,14,7,92,1.87,0.13636363636363635,3
50,61456.0,1,2,1277.0,44.03448275862069,563,76,384,84.0,81,89.0,29,6,10,13,0,0,10,4,47,1.26,0.13793103448275862,4
45,37406.0,1,2,17.0,5.666666666666667,2,0,8,2.0,2,3.0,3,1,0,2,0,1,9,8,18,0.72,0.3333333333333333,1
44,56937.0,1,2,906.0,39.391304347826086,746,8,125,11.0,8,8.0,23,8,6,9,1,1,14,6,81,1.9,0.30434782608695654,7
47,38415.0,2,3,44.0,11.0,22,1,13,4.0,0,4.0,4,1,0,3,0,0,8,7,91,1.49,0.5,2
37,20518.0,1,2,25.0,6.25,4,1,6,4.0,1,9.0,4,1,1,2,0,0,6,5,58,0.11,0.25,1
69,62503.0,1,2,973.0,44.22727272727273,478,0,193,110.0,75,117.0,22,8,3,11,0,0,13,5,40,1.36,0.18181818181818182,4
53,41644.0,2,3,31.0,7.75,20,3,4,2.0,0,2.0,4,1,0,3,0,0,4,3,67,0.14,0.5,2
48,55842.0,1,2,518.0,32.375,451,0,39,0.0,4,24.0,16,7,1,8,0,0,12,5,19,0.1,0.0625,1
53,62010.0,1,2,530.0,35.333333333333336,371,22,39,6.0,0,92.0,15,6,2,7,0,0,11,5,93,1.68,0.26666666666666666,4
48,41124.0,1,2,506.0,36.142857142857146,281,7,84,15.0,0,119.0,14,7,3,4,0,0,15,8,41,1.66,0.5,7
52,38961.0,1,2,70.0,14.0,19,7,19,0.0,1,24.0,5,2,1,2,0,0,9,7,60,0.5,0.2,1
53,37760.0,1,2,54.0,10.8,26,3,13,2.0,10,0.0,5,2,0,3,0,0,8,6,54,0.88,0.2,1
51,32233.0,1,2,296.0,29.6,138,15,35,25.0,11,72.0,10,6,2,2,1,1,15,9,26,1.86,0.2,2
50,43057.0,1,2,266.0,24.181818181818183,213,2,44,0.0,2,5.0,11,4,2,5,0,0,9,5,30,0.66,0.36363636363636365,4
65,83151.0,0,1,747.0,41.5,407,28,100,120.0,74,18.0,18,5,9,4,0,0,8,3,93,1.72,0.05555555555555555,1
61,78825.0,0,1,846.5,30.232142857142858,483,74,114,120.5,37,18.0,28,5,10,13,0,1,8,3,35,1.79,0.03571428571428571,1
49,65104.0,1,2,1053.0,70.2,738,0,232,13.0,20,50.0,15,3,5,7,0,0,10,7,4,0.62,0.13333333333333333,2
51,60093.0,1,2,735.0,38.68421052631579,502,12,109,16.0,6,90.0,19,7,2,10,0,0,13,6,92,1.01,0.10526315789473684,2
56,14045.0,1,2,20.0,5.0,11,0,5,2.0,1,1.0,4,1,0,3,0,0,8,7,24,0.42,0.25,1
73,28457.0,0,1,205.0,22.77777777777778,24,1,108,29.0,29,14.0,9,4,1,4,0,0,12,8,96,1.67,0.1111111111111111,1
67,78952.0,1,2,2046.5,107.71052631578948,1170,19,556,99.0,76,126.5,19,2,5,12,0,0,8,6,11,1.76,0.10526315789473684,2
49,46310.0,1,2,309.0,25.75,185,2,88,15.0,5,14.0,12,6,1,5,0,0,14,8,99,1.57,0.16666666666666666,2
70,76005.0,0,1,1602.5,76.30952380952381,983,20,389,120.5,50,40.0,21,3,5,13,1,0,9,6,72,1.35,0.047619047619047616,1
61,58308.0,1,2,896.5,81.5,691,0,69,10.0,0,126.5,11,2,6,3,0,0,10,8,77,1.46,0.36363636363636365,4
81,55614.0,0,1,682.0,35.89473684210526,504,13,131,8.0,0,26.0,19,9,4,6,1,0,16,7,85,0.59,0.05263157894736842,1
63,59432.0,1,2,663.0,34.89473684210526,317,25,265,25.0,19,12.0,19,5,3,11,0,0,10,5,88,1.21,0.15789473684210525,3
47,55563.0,1,2,43.0,8.6,29,1,9,2.0,0,2.0,5,2,0,3,0,0,5,3,22,0.23,0.2,1
54,78642.0,1,2,1644.0,96.70588235294117,1224,0,322,46.0,35,17.0,17,4,9,4,0,0,10,6,83,1.19,0.058823529411764705,1
76,67911.0,1,2,976.0,40.666666666666664,529,0,356,63.0,28,0.0,24,6,7,11,0,0,9,3,63,0.1,0.125,3
81,65275.0,0,1,746.0,37.3,388,14,218,91.0,14,21.0,20,4,3,13,0,0,6,2,9,1.24,0.05,1
75,27203.0,2,3,64.0,16.0,13,2,21,4.0,0,24.0,4,1,1,2,0,0,9,8,92,1.89,0.5,2
64,48330.0,1,2,32.0,8.0,28,0,4,0.0,0,0.0,4,1,0,3,0,0,6,5,2,0.62,0.25,1
35,24279.0,0,1,263.0,32.875,16,36,21,20.0,62,108.0,8,4,1,3,0,0,12,8,6,1.5,0.125,1
40,64355.0,1,2,1418.5,74.65789473684211,1047,0,140,67.0,38,126.5,19,4,3,12,0,0,12,8,66,1.85,0.10526315789473684,2
69,50943.0,1,2,46.0,11.5,31,0,7,2.0,0,6.0,4,1,0,3,0,0,6,5,49,1.02,0.25,1
72,53653.0,0,1,1210.0,46.53846153846154,815,10,239,28.0,10,108.0,26,10,4,12,0,0,16,6,29,1.64,0.07692307692307693,2
49,65665.0,1,2,864.0,37.56521739130435,225,81,387,106.0,36,29.0,23,5,10,8,0,0,8,3,77,0.57,0.043478260869565216,1
36,81217.0,0,1,1131.5,53.88095238095238,493,70,324,120.5,40,84.0,21,3,7,11,0,0,4,1,77,0.94,0.047619047619047616,1
33,34935.0,0,1,137.0,19.571428571428573,34,4,66,3.0,10,20.0,7,2,1,4,0,0,9,7,71,1.02,0.14285714285714285,1
66,61250.0,1,2,673.0,35.421052631578945,382,81,65,60.0,26,59.0,19,5,2,12,0,0,10,5,49,1.53,0.3157894736842105,6
44,39665.0,1,2,216.0,24.0,127,1,56,0.0,1,31.0,9,4,2,3,1,0,11,7,97,1.1,0.3333333333333333,3
46,60152.0,1,2,941.0,42.77272727272727,325,81,300,86.0,58,91.0,22,6,4,12,0,0,9,3,6,1.25,0.045454545454545456,1
61,48920.0,2,3,347.0,26.692307692307693,238,17,68,8.0,10,6.0,13,6,2,5,1,0,13,7,93,0.69,0.23076923076923078,3
66,89120.0,0,1,1865.0,103.61111111111111,1168,81,408,72.0,81,55.0,18,5,6,7,1,0,6,1,78,0.28,0.05555555555555555,1
79,44124.0,1,2,397.0,30.53846153846154,284,0,55,0.0,6,52.0,13,6,2,5,0,0,14,8,62,1.13,0.3076923076923077,4
50,81169.0,0,1,1968.0,93.71428571428571,1224,20,556,80.0,61,27.0,21,5,7,9,0,0,7,2,47,1.21,0.047619047619047616,1
64,36443.0,2,3,138.0,19.714285714285715,65,0,46,4.0,3,20.0,7,3,1,3,0,0,11,8,9,1.4,0.5714285714285714,4
35,26095.0,1,2,42.0,10.5,11,7,9,3.0,1,11.0,4,1,0,3,0,0,8,7,77,1.0,0.25,1
66,71367.0,0,1,777.0,48.5625,227,23,389,42.0,21,75.0,16,4,5,7,0,0,6,2,24,0.85,0.0625,1
81,80184.0,0,1,1735.0,91.3157894736842,1035,81,556,25.0,38,0.0,19,6,3,10,2,0,9,3,19,0.33,0.05263157894736842,1
60,30630.0,2,3,52.0,10.4,27,1,12,2.0,0,10.0,5,2,0,3,0,0,9,7,67,0.42,0.4,2
38,73454.0,0,1,1602.5,133.54166666666666,982,73,351,56.0,14,126.5,12,2,4,6,1,0,7,5,95,0.33,0.08333333333333333,1
34,42691.0,0,1,358.0,29.833333333333332,179,2,64,38.0,17,58.0,12,5,1,6,0,0,10,5,48,0.87,0.08333333333333333,1
72,70503.0,0,1,1572.0,104.8,1224,33,216,0.0,33,66.0,15,2,4,9,2,0,8,6,73,1.74,0.06666666666666667,1
38,25545.0,1,2,210.0,30.0,32,1,64,16.0,12,85.0,7,2,2,3,0,1,8,6,35,1.8,0.42857142857142855,3
39,32880.0,1,2,42.0,10.5,8,4,15,7.0,6,2.0,4,1,0,3,0,0,9,8,76,1.57,0.25,1
67,77863.0,0,1,1291.0,67.94736842105263,881,38,319,16.0,25,12.0,19,4,5,10,0,0,6,2,20,0.59,0.05263157894736842,1
48,50353.0,0,1,442.0,31.571428571428573,141,15,153,67.0,31,35.0,14,4,4,6,0,0,7,3,72,0.06,0.07142857142857142,1
61,61839.0,0,1,1717.5,107.34375,1000,81,379,120.5,17,120.0,16,4,8,4,0,0,12,8,20,1.88,0.0625,1
65,49154.0,2,3,411.0,31.615384615384617,206,10,67,30.0,27,71.0,13,4,1,8,0,0,10,6,69,0.65,0.46153846153846156,6
50,47682.0,1,2,521.0,34.733333333333334,162,61,83,97.0,57,61.0,15,4,3,8,0,0,9,5,80,1.37,0.26666666666666666,4
56,72679.0,1,2,1161.5,72.59375,619,54,260,120.5,54,54.0,16,4,7,5,0,0,5,1,65,0.78,0.0625,1
48,57954.0,2,3,493.0,30.8125,456,4,24,0.0,0,9.0,16,8,2,6,1,0,15,7,52,0.03,0.4375,7
63,65316.0,2,3,260.0,26.0,112,6,92,3.0,9,38.0,10,3,2,5,0,0,7,4,65,1.18,0.2,2
43,28567.0,1,2,46.0,9.2,11,3,22,2.0,2,6.0,5,2,0,3,0,0,8,6,57,1.03,0.4,2
74,47352.0,1,2,319.0,26.583333333333332,172,12,112,8.0,0,15.0,12,6,1,5,0,0,13,7,70,1.22,0.3333333333333333,4
58,44931.0,1,2,96.0,16.0,78,0,11,0.0,0,7.0,6,2,1,3,0,0,7,5,0,0.44,0.16666666666666666,1
58,76982.0,0,1,992.0,66.13333333333334,464,81,292,65.0,60,30.0,15,8,3,4,1,1,12,4,19,0.37,0.06666666666666667,1
73,57247.0,1,2,232.0,23.2,99,4,32,37.0,54,6.0,10,2,1,7,0,0,4,2,50,0.89,0.2,2
44,22944.0,1,2,76.0,12.666666666666666,19,3,19,4.0,5,26.0,6,3,0,3,0,0,10,7,67,0.51,0.5,3
48,25315.0,1,2,54.0,9.0,1,9,8,11.0,3,22.0,6,3,0,3,0,0,11,8,46,0.64,0.5,3
56,43638.0,1,2,201.0,22.333333333333332,63,10,83,7.0,19,19.0,9,4,1,4,0,0,11,7,37,1.89,0.2222222222222222,2
41,42710.0,1,2,406.0,33.833333333333336,252,3,42,4.0,3,102.0,12,4,5,3,0,0,10,6,38,1.58,0.16666666666666666,2
43,84169.0,0,1,1665.0,87.63157894736842,1224,19,403,0.0,19,0.0,19,7,6,6,2,1,10,3,9,0.89,0.05263157894736842,1
49,54058.0,1,2,635.0,35.27777777777778,198,18,252,32.0,81,54.0,18,4,6,8,0,0,7,3,56,1.07,0.1111111111111111,2
35,24683.0,1,2,41.0,6.833333333333333,8,4,10,6.0,7,6.0,6,2,0,4,0,0,7,5,98,0.31,0.3333333333333333,2
61,85620.0,0,1,1205.0,92.6923076923077,416,46,556,60.0,81,46.0,13,3,6,4,0,1,4,1,68,0.47,0.07692307692307693,1
45,47850.0,1,2,134.0,19.142857142857142,42,7,43,20.0,12,10.0,7,3,0,4,0,0,9,6,72,0.57,0.14285714285714285,1
57,19514.0,2,3,69.0,11.5,14,3,21,2.0,1,28.0,6,3,1,2,1,1,11,8,47,0.42,0.6666666666666666,4
52,27159.0,2,3,21.0,5.25,17,0,3,0.0,0,1.0,4,1,0,3,0,0,7,6,33,0.25,0.5,2
62,39548.0,2,3,54.0,10.8,15,4,10,3.0,4,18.0,5,1,1,3,0,0,4,3,87,0.25,0.4,2
36,21474.0,1,2,91.0,15.166666666666666,6,16,24,11.0,0,34.0,6,3,1,2,1,1,10,7,0,0.22,0.3333333333333333,2
54,60504.0,1,2,526.0,32.875,458,0,24,6.0,4,34.0,16,6,2,8,0,0,12,6,73,0.39,0.125,2
62,22419.0,0,1,162.0,23.142857142857142,30,3,47,19.0,21,42.0,7,3,2,2,0,0,11,8,74,1.2,0.14285714285714285,1
76,81698.0,0,1,966.0,40.25,179,28,520,111.0,81,47.0,24,3,8,13,0,1,4,1,4,0.64,0.041666666666666664,1
73,43462.0,2,3,240.0,24.0,90,17,97,15.0,6,15.0,10,4,1,5,0,0,12,8,50,1.79,0.6,6
47,54880.0,1,2,791.0,41.63157894736842,308,81,137,102.0,45,118.0,19,6,2,11,0,0,11,5,57,1.33,0.10526315789473684,2
43,79908.0,0,1,1415.0,78.61111111111111,557,81,556,29.0,81,111.0,18,5,6,7,1,0,7,2,30,1.23,0.05555555555555555,1
55,15315.0,0,1,64.0,10.666666666666666,7,4,13,15.0,8,17.0,6,2,0,4,0,0,7,5,27,0.9,0.3333333333333333,2
66,87771.0,1,2,1689.0,88.89473684210526,1224,38,287,50.0,57,33.0,19,5,10,4,4,1,11,6,61,1.1,0.05263157894736842,1
47,33039.0,1,2,78.0,13.0,30,8,12,8.0,8,12.0,6,2,0,4,0,0,7,5,4,0.8,0.16666666666666666,1
45,81741.0,0,1,1063.0,55.94736842105263,249,81,556,58.0,81,38.0,19,6,6,7,0,0,8,2,75,1.03,0.0,0
54,71499.0,1,2,779.5,32.479166666666664,465,25,132,120.5,0,37.0,24,8,3,13,0,0,12,4,12,1.01,0.08333333333333333,2
55,62466.0,1,2,753.5,35.88095238095238,129,81,259,120.5,81,83.0,21,6,3,12,0,0,10,4,13,0.45,0.23809523809523808,5
62,48799.0,1,2,331.0,27.583333333333332,174,18,81,28.0,6,24.0,12,3,2,7,0,0,6,3,9,0.65,0.25,3
75,52157.0,1,2,265.0,26.5,189,2,29,3.0,2,40.0,10,3,2,5,0,0,7,4,48,0.06,0.2,2
63,66565.0,1,2,1065.0,71.0,747,10,161,65.0,40,42.0,15,4,2,9,0,0,12,8,80,1.56,0.26666666666666666,4
74,29298.0,2,3,11.0,3.6666666666666665,6,0,2,2.0,0,1.0,3,1,0,2,0,0,6,5,60,0.81,0.3333333333333333,1
46,47691.0,1,2,21.0,7.0,14,0,3,0.0,0,4.0,3,1,0,2,0,0,7,6,43,0.98,0.3333333333333333,1
55,38200.0,2,3,17.0,5.666666666666667,12,0,4,0.0,0,1.0,3,1,0,2,0,0,8,7,19,1.56,0.3333333333333333,1
51,44989.0,1,2,369.0,33.54545454545455,98,0,106,49.0,10,106.0,11,5,1,5,0,0,11,6,26,1.79,0.45454545454545453,5
57,38443.0,2,3,38.0,9.5,32,0,5,0.0,0,1.0,4,1,0,3,0,0,8,7,58,0.42,0.5,2
47,38593.0,1,2,177.0,22.125,51,12,49,17.0,24,24.0,8,4,1,3,0,0,12,8,42,0.79,0.375,3
55,64413.0,1,2,279.0,25.363636363636363,200,5,44,0.0,10,20.0,11,5,1,5,0,0,10,5,27,0.91,0.09090909090909091,1
44,36959.0,1,2,62.0,12.4,25,6,25,6.0,0,0.0,5,2,0,3,0,0,10,8,56,0.74,0.4,2
48,61996.0,1,2,1230.0,68.33333333333333,1050,12,144,0.0,0,24.0,18,6,4,8,3,1,11,5,27,1.41,0.16666666666666666,3
57,51287.0,2,3,182.0,22.75,117,0,22,13.0,0,30.0,8,4,1,3,0,0,11,7,10,0.24,0.375,3
55,13260.0,2,3,49.0,8.166666666666666,9,4,17,10.0,2,7.0,6,3,0,3,0,0,11,8,48,0.85,0.6666666666666666,4
59,47472.0,2,3,75.0,12.5,56,0,11,0.0,0,8.0,6,2,0,4,0,0,7,5,39,0.78,0.3333333333333333,2
69,54603.0,2,3,227.0,22.7,145,13,46,17.0,2,4.0,10,4,2,4,0,0,11,7,85,0.97,0.6,6
51,45207.0,2,3,215.0,21.5,203,0,10,0.0,0,2.0,10,3,1,6,1,0,9,6,64,1.63,0.5,5
74,40689.0,1,2,444.0,34.15384615384615,270,3,27,39.0,6,99.0,13,7,1,5,0,0,15,8,69,1.28,0.5384615384615384,7
58,47821.0,2,3,47.0,11.75,9,0,16,6.0,6,10.0,4,1,0,3,0,0,9,8,54,0.69,0.25,1
74,27450.0,0,1,143.0,23.833333333333332,37,12,23,8.0,11,52.0,6,2,1,3,0,0,9,7,57,1.2,0.16666666666666666,1
42,39453.0,1,2,55.0,11.0,46,0,7,0.0,0,2.0,5,2,0,3,0,0,8,6,64,0.24,0.4,2
54,26850.0,2,3,63.0,9.0,31,1,13,7.0,2,9.0,7,2,1,4,0,0,6,4,10,0.2,0.5714285714285714,4
70,79800.0,0,1,1769.5,84.26190476190476,1060,21,530,32.0,0,126.5,21,5,11,5,3,1,8,3,65,1.76,0.047619047619047616,1
64,61794.0,1,2,611.0,33.94444444444444,264,47,188,54.0,47,11.0,18,4,4,10,0,0,6,2,74,0.79,0.1111111111111111,2
70,53863.0,1,2,473.0,31.533333333333335,399,4,30,6.0,4,30.0,15,7,1,7,1,0,14,7,4,0.12,0.2,3
66,24221.0,0,1,55.0,11.0,8,9,9,2.0,5,22.0,5,1,1,3,0,0,5,4,94,0.86,0.2,1
41,39684.0,1,2,81.0,16.2,19,0,35,6.0,4,17.0,5,2,1,2,0,1,9,7,41,1.71,0.4,2
50,92163.0,0,1,1661.0,79.0952380952381,817,81,556,106.0,81,20.0,21,5,11,5,2,1,7,2,25,1.54,0.0,0
60,69882.0,0,1,1257.0,66.15789473684211,292,81,556,120.5,81,126.5,19,3,7,9,0,0,4,1,94,0.63,0.05263157894736842,1
48,33178.0,1,2,49.0,12.25,12,6,2,11.0,2,16.0,4,1,0,3,0,0,5,4,9,0.41,0.25,1
53,59973.0,0,1,382.0,27.285714285714285,130,30,168,20.0,34,0.0,14,3,4,7,0,0,4,1,47,0.8,0.07142857142857142,1
50,17459.0,1,2,69.0,11.5,6,4,16,3.0,10,30.0,6,3,1,2,0,1,10,7,12,0.77,0.5,3
56,23910.0,1,2,67.0,13.4,16,12,18,7.0,1,13.0,5,2,0,3,0,0,9,7,80,1.67,0.2,1
56,42169.0,2,3,30.0,7.5,19,0,9,0.0,0,2.0,4,1,0,3,0,0,9,8,20,0.69,0.5,2
47,26224.0,1,2,63.0,10.5,4,7,15,13.0,9,15.0,6,2,1,3,0,0,8,6,39,1.07,0.5,3
44,31089.0,1,2,79.0,11.285714285714286,31,3,31,2.0,8,4.0,7,3,0,4,0,0,11,8,57,1.86,0.42857142857142855,3
64,30081.0,1,2,42.0,10.5,36,0,2,0.0,0,4.0,4,1,0,3,0,0,8,7,27,1.35,0.25,1
65,62807.0,1,2,819.0,40.95,526,28,135,10.0,21,99.0,20,5,3,12,0,0,10,5,83,1.83,0.15,3
70,72906.0,0,1,1151.0,71.9375,400,32,519,71.0,75,54.0,16,3,4,9,0,0,4,1,79,0.78,0.0625,1
77,61467.0,2,3,594.0,34.94117647058823,410,16,114,0.0,5,49.0,17,5,2,10,0,0,10,5,69,1.55,0.17647058823529413,3
59,49618.0,2,3,129.0,18.428571428571427,80,3,26,4.0,2,14.0,7,3,1,3,0,0,10,7,77,1.42,0.5714285714285714,4
39,21888.0,1,2,213.0,26.625,88,10,46,2.0,3,64.0,8,5,1,2,0,1,15,10,15,1.5,0.5,4
52,42429.0,1,2,67.0,13.4,55,0,6,2.0,0,4.0,5,1,1,3,0,0,6,5,99,0.38,0.4,2
69,26150.0,3,4,28.0,7.0,5,1,13,3.0,5,1.0,4,1,0,3,0,0,8,7,61,1.3,0.25,1
50,30801.0,1,2,45.0,11.25,8,4,5,15.0,2,11.0,4,1,0,3,0,0,8,7,23,1.67,0.5,2
60,81168.0,0,1,1130.5,66.5,410,0,556,120.5,22,22.0,17,6,4,7,1,0,9,3,84,0.15,0.058823529411764705,1
56,26877.0,0,1,268.0,26.8,101,13,76,20.0,18,40.0,10,3,1,6,0,0,9,6,74,0.86,0.2,2
81,45006.0,0,1,266.0,24.181818181818183,162,25,53,16.0,0,10.0,11,3,1,7,0,0,6,3,90,0.95,0.09090909090909091,1
52,18978.0,1,2,37.0,9.25,2,8,1,4.0,7,15.0,4,1,0,3,0,0,9,8,41,1.55,0.25,1
58,22574.0,3,4,37.0,7.4,25,0,8,2.0,0,2.0,5,2,0,3,0,0,9,7,28,0.67,0.4,2
56,48240.0,0,1,872.0,39.63636363636363,389,81,248,64.0,49,41.0,22,6,3,13,0,1,11,5,73,1.63,0.13636363636363635,3
51,45837.0,2,3,373.0,28.692307692307693,215,13,87,17.0,17,24.0,13,6,2,5,0,0,13,7,88,0.93,0.38461538461538464,5
60,35791.0,3,4,35.0,8.75,27,0,5,0.0,0,3.0,4,1,0,3,0,0,9,8,94,1.15,0.5,2
49,117418.0,2,3,107.0,107.0,85,1,16,2.0,1,2.0,1,0,0,1,0,0,1,1,31,1.07,0.0,0
47,54162.0,2,3,42.0,10.5,5,6,10,6.0,5,10.0,4,1,0,3,0,0,5,4,31,1.28,0.25,1
65,30522.0,1,2,326.0,27.166666666666668,179,8,83,19.0,11,26.0,12,1,2,9,0,0,3,2,6,1.86,0.4166666666666667,5
64,54456.0,1,2,404.0,28.857142857142858,352,0,27,10.0,0,15.0,14,6,1,7,0,0,12,6,23,0.97,0.21428571428571427,3
54,31632.0,0,1,95.0,19.0,17,8,12,11.0,15,32.0,5,2,1,2,0,0,9,7,92,0.96,0.2,1
76,72298.0,0,1,939.0,72.23076923076923,625,35,169,58.0,17,35.0,13,4,3,6,2,0,5,1,52,0.3,0.07692307692307693,1
47,36975.0,1,2,33.0,8.25,10,6,11,0.0,4,2.0,4,1,0,3,0,0,8,7,50,0.5,0.25,1
70,72635.0,0,1,981.0,49.05,390,22,323,104.0,35,107.0,20,6,8,6,1,0,9,3,54,1.07,0.05,1
49,13624.0,1,2,36.0,7.2,10,2,15,2.0,1,6.0,5,2,0,3,0,0,8,6,93,1.44,0.4,2
50,84196.0,1,2,1063.0,55.94736842105263,215,63,507,120.5,31,126.5,19,8,4,7,0,0,11,3,56,1.07,0.05263157894736842,1
65,70971.0,1,2,1765.0,65.37037037037037,1001,17,556,93.0,81,17.0,27,11,11,5,0,1,18,7,28,1.77,0.25925925925925924,7
48,34487.0,2,3,103.0,17.166666666666668,19,18,33,24.0,1,8.0,6,3,0,3,0,0,12,9,94,1.81,0.5,3
48,28769.0,1,2,191.0,21.22222222222222,41,5,129,10.0,3,3.0,9,4,1,4,0,0,13,9,76,1.53,0.3333333333333333,3
55,69084.0,1,2,1560.0,67.82608695652173,1181,81,199,39.0,30,30.0,23,7,3,13,0,0,15,8,43,0.61,0.08695652173913043,2
67,65488.0,0,1,963.0,74.07692307692308,603,45,207,36.0,18,54.0,13,3,4,6,0,0,4,1,46,0.04,0.07692307692307693,1
55,62466.0,1,2,753.5,35.88095238095238,129,81,259,120.5,81,83.0,21,6,3,12,0,0,10,4,13,0.45,0.23809523809523808,5
65,32218.0,0,1,93.0,15.5,10,24,15,13.0,1,30.0,6,2,1,3,1,1,9,7,27,0.37,0.16666666666666666,1
52,83917.0,0,1,1294.0,64.7,514,22,556,42.0,81,79.0,20,6,7,7,0,1,9,3,12,1.2,0.05,1
63,46102.0,3,4,16.0,5.333333333333333,14,0,1,0.0,0,1.0,3,1,0,2,0,0,8,7,3,0.3,0.3333333333333333,1
73,84574.0,0,1,1181.5,38.11290322580645,387,20,556,38.0,54,126.5,31,9,11,11,0,0,14,5,72,1.07,0.03225806451612903,1
63,56181.0,1,2,371.0,28.53846153846154,121,81,69,8.0,44,48.0,13,4,2,7,0,0,8,4,6,1.47,0.07692307692307693,1
75,63120.0,1,2,1477.0,70.33333333333333,965,69,279,54.0,41,69.0,21,8,4,9,0,1,15,7,53,1.75,0.23809523809523808,5
54,73691.0,1,2,1179.0,73.6875,707,21,250,85.0,43,73.0,16,6,2,8,1,0,8,2,58,0.64,0.125,2
65,63381.0,1,2,972.5,44.20454545454545,571,50,142,33.0,50,126.5,22,4,5,13,0,0,6,2,78,1.73,0.18181818181818182,4
77,76140.0,0,1,1251.0,62.55,586,66,556,17.0,0,26.0,20,5,9,6,0,0,7,2,57,0.13,0.05,1
66,62859.0,1,2,1299.0,68.36842105263158,1063,81,102,16.0,12,25.0,19,9,4,6,0,0,15,6,37,1.49,0.21052631578947367,4
61,45906.0,1,2,468.5,36.03846153846154,305,3,27,4.0,3,126.5,13,5,4,4,1,0,10,5,20,1.14,0.15384615384615385,2
78,77632.0,0,1,2005.5,167.125,1200,81,556,0.0,42,126.5,12,4,2,6,2,1,6,2,73,1.3,0.08333333333333333,1
54,46463.0,2,3,235.0,23.5,163,2,40,8.0,11,11.0,10,3,1,6,0,0,9,6,56,0.86,0.7,7
55,105471.0,0,1,1462.0,48.733333333333334,1009,81,104,120.5,21,126.5,30,9,8,13,2,1,12,3,36,1.43,0.0,0
55,55282.0,1,2,235.0,23.5,125,6,73,8.0,4,19.0,10,3,1,6,0,0,7,4,9,0.54,0.1,1
48,78710.0,1,2,1092.0,43.68,721,0,152,119.0,50,50.0,25,7,6,12,0,0,11,4,42,0.1,0.12,3
67,66886.0,1,2,579.5,38.63333333333333,315,4,62,41.0,31,126.5,15,7,1,7,0,0,12,5,28,0.78,0.13333333333333333,2
65,98777.0,0,1,1814.5,95.5,1000,19,556,120.5,81,38.0,19,4,6,9,1,0,5,1,23,0.36,0.0,0
40,29103.0,1,2,48.0,12.0,16,0,17,6.0,3,6.0,4,1,0,3,0,0,10,9,38,1.84,0.5,2
51,67445.0,1,2,1174.0,43.48148148148148,757,80,217,29.0,80,11.0,27,9,6,12,0,0,15,6,63,1.88,0.18518518518518517,5
75,50616.0,1,2,67.0,11.166666666666666,30,2,25,0.0,1,9.0,6,1,1,4,0,0,3,2,71,0.21,0.16666666666666666,1
70,49431.0,1,2,365.0,28.076923076923077,219,3,100,26.0,0,17.0,13,7,1,5,0,0,15,8,9,1.9,0.15384615384615385,2
50,117418.0,0,1,6.0,0.0,1,1,1,1.0,1,1.0,0,0,0,0,0,0,0,0,81,0.39,0.0,0
72,61278.0,1,2,165.0,20.625,111,3,28,2.0,6,15.0,8,3,1,4,0,0,9,6,87,0.48,0.25,2
67,26490.0,0,1,210.0,23.333333333333332,45,47,52,21.0,20,25.0,9,3,1,5,0,0,9,6,92,1.77,0.2222222222222222,2
78,73059.0,1,2,1063.0,42.52,410,81,420,0.0,81,71.0,25,9,3,13,0,0,13,4,36,0.83,0.04,1
59,46734.0,3,4,223.0,27.875,100,1,39,6.0,1,76.0,8,3,2,3,1,0,9,6,86,0.69,0.5,4
62,56253.0,1,2,597.0,33.166666666666664,509,0,65,7.0,11,5.0,18,7,2,9,0,0,13,6,83,1.56,0.2222222222222222,4
40,19986.0,1,2,22.0,7.333333333333333,3,6,5,0.0,2,6.0,3,0,0,3,0,0,7,7,74,0.62,0.3333333333333333,1
50,58330.0,1,2,1022.5,44.45652173913044,445,53,213,104.0,81,126.5,23,6,4,13,0,0,10,4,87,0.51,0.043478260869565216,1
45,25965.0,0,1,74.0,14.8,2,2,11,41.0,7,11.0,5,2,0,3,0,0,10,8,29,1.81,0.2,1
69,14661.0,0,1,26.0,6.5,4,1,11,6.0,2,2.0,4,1,0,3,0,0,7,6,88,1.49,0.25,1
66,18690.0,0,1,60.0,15.0,6,1,7,23.0,4,19.0,4,1,1,2,0,0,9,8,77,1.5,0.25,1
51,45068.0,1,2,20.0,6.666666666666667,14,0,3,0.0,0,3.0,3,1,0,2,0,0,8,7,25,1.12,0.3333333333333333,1
38,21063.0,1,2,59.0,11.8,1,10,11,19.0,3,15.0,5,2,0,3,0,0,8,6,34,0.76,0.4,2
57,29187.0,1,2,34.0,8.5,26,0,6,0.0,0,2.0,4,1,0,3,0,0,9,8,43,1.14,0.25,1
54,54690.0,2,3,198.0,22.0,111,16,37,7.0,9,18.0,9,3,1,5,0,0,6,3,76,0.64,0.3333333333333333,3
61,59304.0,1,2,1048.0,41.92,418,61,428,80.0,51,10.0,25,7,8,10,0,0,12,5,81,0.92,0.12,3
63,59247.0,2,3,574.0,35.875,327,9,122,19.0,14,83.0,16,5,2,9,0,0,11,6,87,0.64,0.3125,5
55,66731.0,1,2,911.5,70.11538461538461,371,81,194,58.0,81,126.5,13,4,3,6,0,0,7,3,33,1.79,0.3076923076923077,4
45,77353.0,1,2,650.0,36.111111111111114,275,59,107,69.0,81,59.0,18,6,4,8,0,0,10,4,38,0.53,0.1111111111111111,2
50,52614.0,1,2,990.0,70.71428571428571,789,0,142,12.0,9,38.0,14,2,4,8,0,0,10,8,63,1.57,0.14285714285714285,2
51,26751.0,2,3,11.0,3.6666666666666665,1,1,5,0.0,3,1.0,3,1,0,2,0,0,9,8,26,0.1,0.3333333333333333,1
62,81300.0,1,2,1241.0,68.94444444444444,1004,12,145,32.0,12,36.0,18,10,3,5,1,1,15,5,17,1.66,0.16666666666666666,3
46,70337.0,0,1,576.0,36.0,187,81,149,25.0,43,91.0,16,2,2,12,0,0,3,1,75,0.49,0.0625,1
40,36145.0,1,2,172.0,21.5,56,4,76,17.0,1,18.0,8,4,1,3,1,1,13,9,13,1.03,0.5,4
45,65295.0,0,1,635.0,33.421052631578945,365,32,117,34.0,81,6.0,19,3,3,13,0,0,5,2,19,0.51,0.05263157894736842,1
62,68118.0,1,2,900.5,42.88095238095238,595,23,123,10.0,23,126.5,21,8,9,4,0,0,14,6,51,0.7,0.09523809523809523,2
58,68743.0,0,1,1913.5,65.98275862068965,1132,81,384,120.5,81,115.0,29,11,5,13,0,0,18,7,81,1.83,0.034482758620689655,1
43,41039.0,0,1,408.5,29.178571428571427,34,11,137,120.5,61,45.0,14,8,1,5,0,0,16,8,32,0.93,0.07142857142857142,1
70,38946.0,1,2,257.0,25.7,116,6,82,6.0,6,41.0,10,3,1,6,0,0,8,5,84,0.68,0.2,2
58,65777.0,0,1,1146.0,71.625,565,32,435,28.0,32,54.0,16,2,8,6,0,0,3,1,87,0.53,0.0625,1
49,66476.0,1,2,689.0,38.27777777777778,372,18,126,47.0,48,78.0,18,5,2,11,0,0,9,4,99,1.31,0.1111111111111111,2
53,86857.0,0,1,1777.5,84.64285714285714,899,81,556,120.5,81,40.0,21,5,6,10,0,1,7,2,96,1.79,0.047619047619047616,1
43,117418.0,0,1,651.0,22.448275862068964,55,16,556,17.0,3,4.0,29,0,28,1,0,0,0,0,21,1.9,0.5172413793103449,15
36,77845.0,0,1,1346.0,67.3,760,40,480,0.0,40,26.0,20,3,5,12,2,0,4,1,40,0.12,0.05,1
56,69476.0,0,1,1036.0,74.0,260,81,556,63.0,9,67.0,14,4,6,4,0,0,6,2,3,0.74,0.07142857142857142,1
65,50611.0,1,2,493.0,30.8125,459,0,24,6.0,0,4.0,16,4,5,7,1,1,10,6,98,1.73,0.375,6
55,61209.0,0,1,957.0,79.75,466,0,224,119.0,49,99.0,12,5,3,4,0,0,7,2,73,0.84,0.08333333333333333,1
67,42315.0,1,2,270.0,30.0,67,15,80,17.0,11,80.0,9,1,4,4,0,0,4,3,90,0.96,0.3333333333333333,3
73,13084.0,0,1,29.0,7.25,2,0,7,3.0,7,10.0,4,1,0,3,0,0,7,6,29,0.65,0.25,1
76,47570.0,2,3,121.0,20.166666666666668,67,1,20,0.0,2,31.0,6,2,2,2,0,1,9,7,3,1.08,0.5,3
64,61923.0,2,3,126.0,18.0,92,4,18,3.0,3,6.0,7,2,1,4,0,0,5,3,94,0.93,0.14285714285714285,1
30,34824.0,0,1,23.0,7.666666666666667,4,2,11,2.0,0,4.0,3,1,0,2,0,0,7,6,65,0.26,0.3333333333333333,1
76,26518.0,2,3,57.0,11.4,20,1,28,3.0,3,2.0,5,2,0,3,0,1,10,8,33,1.22,0.6,3
64,45938.0,0,1,634.0,35.22222222222222,273,11,178,62.0,81,29.0,18,8,4,6,0,0,14,6,46,0.65,0.1111111111111111,2
65,78468.0,0,1,1004.0,37.18518518518518,434,22,388,104.0,22,34.0,27,10,7,10,1,0,14,4,29,0.22,0.037037037037037035,1
52,78901.0,1,2,734.0,43.1764705882353,321,11,309,33.0,26,34.0,17,9,3,5,0,0,13,4,99,0.78,0.17647058823529413,3
47,71427.0,2,3,572.0,31.77777777777778,212,81,177,15.0,64,23.0,18,8,2,8,0,0,12,4,26,0.3,0.1111111111111111,2
47,71022.0,1,2,1337.5,74.30555555555556,909,12,278,0.0,12,126.5,18,5,2,11,1,0,13,8,30,0.38,0.16666666666666666,3
37,90247.0,0,1,1621.0,115.78571428571429,1184,32,352,21.0,16,16.0,14,3,4,7,3,1,4,1,27,0.17,0.07142857142857142,1
57,41335.0,1,2,187.0,20.77777777777778,112,19,21,16.0,14,5.0,9,4,1,4,0,0,11,7,24,0.51,0.3333333333333333,3
39,71952.0,1,2,1417.0,70.85,656,80,455,52.0,81,93.0,20,8,4,8,2,0,12,4,93,1.46,0.1,2
55,35682.0,1,2,57.0,11.4,23,0,8,6.0,2,18.0,5,1,1,3,0,0,3,2,34,0.01,0.2,1
74,43185.0,1,2,637.0,35.388888888888886,537,6,42,16.0,6,30.0,18,9,3,6,0,0,17,8,88,1.22,0.1111111111111111,2
77,66375.0,1,2,883.5,80.31818181818181,712,0,45,0.0,0,126.5,11,2,4,5,1,0,9,7,96,0.6,0.2727272727272727,3
54,35178.0,1,2,59.0,14.75,23,1,13,2.0,2,18.0,4,1,1,2,1,1,8,7,10,1.46,0.25,1
39,25252.0,1,2,18.0,6.0,1,3,4,2.0,2,6.0,3,1,0,2,0,0,9,8,26,0.96,0.3333333333333333,1
60,55250.0,1,2,903.0,41.04545454545455,664,58,83,32.0,0,66.0,22,7,5,10,0,0,12,5,49,1.69,0.18181818181818182,4
50,33249.0,1,2,112.0,18.666666666666668,6,10,21,19.0,14,42.0,6,2,1,3,0,0,8,6,11,1.35,0.3333333333333333,2
72,58398.0,0,1,596.0,35.05882352941177,299,5,201,21.0,21,49.0,17,5,4,8,0,0,9,4,44,1.13,0.17647058823529413,3
43,50272.0,1,2,233.0,23.3,99,13,66,43.0,8,4.0,10,4,1,5,0,0,11,7,75,0.89,0.3,3
50,76618.0,0,1,1411.0,141.1,749,40,294,120.5,81,126.5,10,3,2,5,0,0,4,1,64,1.56,0.1,1
65,87305.0,0,1,1095.0,68.4375,345,25,501,63.0,81,80.0,16,5,3,8,1,1,7,2,19,1.76,0.0625,1
47,25851.0,1,2,48.0,9.6,9,4,18,7.0,5,5.0,5,2,0,3,0,0,9,7,45,1.38,0.4,2
55,58710.0,1,2,1096.5,43.86,440,81,368,0.0,81,126.5,25,11,5,9,0,0,17,6,77,1.25,0.24,6
67,45160.0,2,3,21.0,7.0,8,2,5,3.0,0,3.0,3,1,0,2,0,0,8,7,9,0.25,0.3333333333333333,1
60,74806.0,1,2,965.0,68.92857142857143,670,9,249,0.0,28,9.0,14,5,4,5,0,0,9,4,1,1.52,0.14285714285714285,2
71,59111.0,0,1,840.5,42.025,524,0,134,28.0,28,126.5,20,11,1,8,0,0,18,7,90,1.16,0.05,1
41,18988.0,1,2,16.0,4.0,6,0,6,2.0,1,1.0,4,1,0,3,0,0,8,7,43,0.1,0.5,2
60,72190.0,0,1,1562.0,104.13333333333334,597,81,556,120.5,81,126.5,15,5,6,4,0,0,8,3,79,1.37,0.06666666666666667,1
49,7500.0,1,2,71.0,10.142857142857142,7,0,12,13.0,7,32.0,7,4,1,2,1,1,13,9,19,1.91,0.7142857142857143,5
59,44794.0,1,2,65.0,13.0,54,0,7,0.0,0,4.0,5,2,0,3,0,0,8,6,99,0.06,0.2,1
70,80395.0,0,1,1230.0,53.47826086956522,445,25,556,80.0,76,48.0,23,6,5,12,1,0,8,2,62,0.6,0.043478260869565216,1
49,75012.0,0,1,898.0,40.81818181818182,294,81,218,120.5,58,126.5,22,3,8,11,0,0,4,1,41,0.42,0.045454545454545456,1
60,56962.0,3,4,411.0,29.357142857142858,292,3,77,10.0,3,26.0,14,6,3,5,0,0,13,7,60,0.71,0.5,7
34,89891.0,0,1,779.5,31.18,412,22,132,59.0,28,126.5,25,11,6,8,1,0,15,4,17,1.2,0.04,1
76,35946.0,2,3,11.0,3.6666666666666665,8,0,3,0.0,0,0.0,3,0,0,3,0,0,5,5,24,0.75,0.3333333333333333,1
72,53593.0,2,3,480.0,32.0,349,4,78,6.0,0,43.0,15,7,2,6,0,0,15,8,60,1.89,0.5333333333333333,8
47,66373.0,2,3,606.0,37.875,328,9,124,12.0,24,109.0,16,4,2,10,0,0,7,3,57,1.05,0.4375,7
77,45072.0,3,4,284.0,25.818181818181817,144,2,99,7.0,2,30.0,11,6,1,4,0,0,14,8,74,0.7,0.45454545454545453,5
52,89694.0,2,3,1472.0,133.8181818181818,1126,28,211,37.0,28,42.0,11,4,3,4,3,0,9,5,22,0.72,0.2727272727272727,3
76,72025.0,0,1,1616.0,64.64,967,0,556,43.0,50,0.0,25,4,8,13,3,1,6,2,46,0.17,0.04,1
52,67432.0,1,2,1180.0,69.41176470588235,432,79,341,120.5,81,126.5,17,8,5,4,0,0,12,4,69,1.25,0.11764705882352941,2
73,70545.0,1,2,334.0,27.833333333333332,138,39,63,55.0,18,21.0,12,4,1,7,0,0,6,2,29,0.07,0.08333333333333333,1
36,17487.0,1,2,18.0,6.0,0,0,1,7.0,4,6.0,3,1,0,2,0,0,8,7,37,1.28,0.3333333333333333,1
56,62882.0,1,2,1286.0,71.44444444444444,509,81,497,78.0,24,97.0,18,7,5,6,0,0,11,4,26,1.89,0.1111111111111111,2
72,64108.0,1,2,1099.0,42.26923076923077,948,10,86,13.0,21,21.0,26,6,9,11,0,0,11,5,8,1.27,0.15384615384615385,4
69,34941.0,2,3,97.0,16.166666666666668,39,2,25,4.0,3,24.0,6,3,0,3,0,0,11,8,26,1.31,0.3333333333333333,2
75,48767.0,3,4,63.0,10.5,28,1,21,3.0,0,10.0,6,2,1,3,0,0,7,5,79,0.49,0.5,3
47,38702.0,1,2,109.0,15.571428571428571,13,11,24,13.0,8,40.0,7,3,0,4,0,0,9,6,71,0.91,0.2857142857142857,2
61,82224.0,0,1,884.5,44.225,307,26,360,120.5,31,40.0,20,6,9,5,1,0,9,3,83,0.42,0.05,1
73,83844.0,0,1,1509.5,79.44736842105263,901,31,345,75.0,31,126.5,19,4,4,11,1,0,5,1,57,1.13,0.05263157894736842,1
50,17003.0,1,2,38.0,6.333333333333333,2,5,12,4.0,8,7.0,6,2,0,4,0,0,7,5,37,0.55,0.5,3
30,71163.0,0,1,917.5,39.891304347826086,283,17,372,120.5,81,44.0,23,3,8,12,0,0,4,1,30,0.31,0.043478260869565216,1
55,33697.0,1,2,28.0,9.333333333333334,4,3,7,0.0,3,11.0,3,1,0,2,1,0,8,7,34,0.79,0.3333333333333333,1
71,63564.0,0,1,1215.0,45.0,769,80,252,15.0,34,65.0,27,10,10,7,1,1,16,6,0,0.41,0.037037037037037035,1
53,83443.0,0,1,1311.0,62.42857142857143,518,42,556,55.0,56,84.0,21,6,10,5,0,0,8,2,89,0.49,0.047619047619047616,1
67,51518.0,1,2,449.0,29.933333333333334,350,8,66,17.0,4,4.0,15,3,2,10,0,0,6,3,92,0.74,0.13333333333333333,2
50,58330.0,1,2,1022.5,44.45652173913044,445,53,213,104.0,81,126.5,23,6,4,13,0,0,10,4,87,0.51,0.043478260869565216,1
56,80952.0,0,1,1527.0,63.625,778,81,556,41.0,27,44.0,24,8,5,11,3,1,16,8,20,1.33,0.041666666666666664,1
46,75507.0,0,1,1428.0,71.4,709,81,374,104.0,80,80.0,20,8,6,6,0,0,11,3,56,0.16,0.05,1
47,63855.0,0,1,971.0,42.21739130434783,359,35,314,93.0,81,89.0,23,7,3,13,0,0,11,4,28,1.38,0.043478260869565216,1
53,62220.0,1,2,1226.0,68.11111111111111,799,12,375,16.0,12,12.0,18,7,6,5,0,1,13,6,55,1.88,0.2777777777777778,5
61,58512.0,1,2,1145.5,76.36666666666666,895,10,101,13.0,0,126.5,15,3,4,8,0,0,11,8,25,0.77,0.3333333333333333,5
46,40662.0,1,2,92.0,15.333333333333334,40,2,23,0.0,4,23.0,6,2,1,3,0,0,6,4,0,1.29,0.3333333333333333,2
66,38829.0,1,2,99.0,14.142857142857142,76,0,7,0.0,0,16.0,7,3,2,2,0,0,8,5,86,0.23,0.14285714285714285,1
44,35523.0,1,2,66.0,11.0,11,5,22,12.0,5,11.0,6,3,0,3,0,0,10,7,8,0.74,0.3333333333333333,2
58,79146.0,2,3,564.0,33.1764705882353,245,16,223,21.0,43,16.0,17,8,1,8,0,0,14,6,33,0.18,0.11764705882352941,2
37,78285.0,0,1,1346.5,67.325,647,81,391,120.5,67,40.0,20,6,4,10,0,0,9,3,13,0.67,0.05,1
47,31626.0,1,2,86.0,17.2,39,1,9,2.0,1,34.0,5,2,1,2,1,1,9,7,12,1.14,0.2,1
73,75127.0,0,1,732.5,40.69444444444444,203,35,305,46.0,17,126.5,18,2,11,5,0,0,3,1,92,0.1,0.05555555555555555,1
70,48726.0,1,2,242.0,26.88888888888889,138,3,38,4.0,0,59.0,9,3,2,4,0,0,9,6,90,1.17,0.3333333333333333,3
48,74985.0,0,1,1400.5,87.53125,587,51,556,120.5,0,86.0,16,3,6,7,0,0,5,2,8,1.8,0.0625,1
38,67430.0,0,1,1289.5,46.05357142857143,595,81,291,120.5,81,121.0,28,11,5,12,0,0,17,6,6,1.81,0.03571428571428571,1
60,46891.0,1,2,183.0,26.142857142857142,43,12,23,29.0,15,61.0,7,2,1,4,0,0,6,4,91,0.82,0.14285714285714285,1
69,62058.0,1,2,450.0,32.142857142857146,301,7,74,10.0,0,58.0,14,6,1,7,0,0,12,6,52,1.09,0.2857142857142857,4
46,72063.0,1,2,758.0,39.89473684210526,180,32,348,76.0,32,90.0,19,5,2,12,0,0,7,2,3,0.99,0.10526315789473684,2
74,78939.0,0,1,1365.0,71.84210526315789,794,81,243,120.5,0,126.5,19,8,5,6,0,0,11,3,57,0.54,0.05263157894736842,1
60,42720.0,2,3,654.0,38.470588235294116,392,5,91,28.0,26,112.0,17,7,3,7,0,1,15,8,9,1.18,0.47058823529411764,8
53,33622.0,2,3,81.0,13.5,39,1,22,3.0,4,12.0,6,2,0,4,0,0,9,7,22,1.21,0.5,3
68,6835.0,1,2,137.0,137.0,107,2,12,2.0,2,12.0,1,0,0,1,0,0,20,20,76,1.56,0.0,0
72,41452.0,2,3,16.0,5.333333333333333,13,0,3,0.0,0,0.0,3,1,0,2,0,0,8,7,86,1.31,0.3333333333333333,1
60,40760.0,1,2,93.0,15.5,70,0,17,0.0,0,6.0,6,2,1,3,0,0,8,6,64,0.83,0.3333333333333333,2
67,74250.0,0,1,1158.0,68.11764705882354,680,11,392,75.0,0,0.0,17,2,11,4,0,0,3,1,90,0.42,0.058823529411764705,1
70,51124.0,2,3,43.0,10.75,26,1,11,0.0,1,4.0,4,1,0,3,0,0,4,3,79,0.53,0.5,2
54,72258.0,1,2,1372.0,68.6,522,0,522,120.5,81,126.5,20,6,9,5,0,0,8,2,28,0.79,0.1,2
51,71466.0,0,1,1129.0,62.72222222222222,412,12,546,78.0,81,0.0,18,4,4,10,0,0,5,1,86,0.23,0.05555555555555555,1
49,36283.0,2,3,29.0,7.25,6,5,5,8.0,0,5.0,4,1,0,3,0,0,5,4,42,0.21,0.5,2
55,20587.0,1,2,25.0,6.25,2,3,6,4.0,1,9.0,4,1,1,2,0,0,8,7,39,0.13,0.25,1
53,30467.0,1,2,24.0,8.0,1,3,8,2.0,5,5.0,3,1,0,2,0,0,8,7,8,0.28,0.3333333333333333,1
53,31590.0,1,2,38.0,9.5,6,2,15,6.0,6,3.0,4,1,0,3,0,0,9,8,40,1.03,0.25,1
39,20425.0,1,2,57.0,11.4,4,12,5,3.0,16,17.0,5,2,0,3,0,0,9,7,5,1.66,0.4,2
65,17144.0,2,3,47.0,6.714285714285714,18,2,19,0.0,2,6.0,7,3,0,4,0,0,10,7,96,0.37,0.7142857142857143,5
57,42564.0,1,2,741.5,41.19444444444444,324,48,186,39.0,18,126.5,18,6,8,4,1,1,13,7,28,1.49,0.3333333333333333,6
47,43783.0,1,2,616.5,38.53125,327,9,125,25.0,4,126.5,16,7,1,8,1,0,14,7,22,0.08,0.375,6
49,40780.0,1,2,377.0,29.0,229,27,71,13.0,3,34.0,13,7,1,5,0,0,16,9,30,1.8,0.3076923076923077,4
80,62847.0,0,1,1375.0,105.76923076923077,521,81,556,80.0,76,61.0,13,3,6,4,0,0,5,2,45,1.45,0.07692307692307693,1
68,82017.0,0,1,729.0,45.5625,184,23,446,30.0,23,23.0,16,5,4,7,3,1,7,2,58,1.64,0.0625,1
75,16813.0,0,1,50.0,10.0,4,8,11,12.0,2,13.0,5,2,0,3,1,0,9,7,49,0.94,0.2,1
47,51267.0,2,3,270.0,24.545454545454547,183,2,64,7.0,2,12.0,11,3,3,5,0,0,7,4,37,0.67,0.36363636363636365,4
64,46524.0,1,2,177.0,25.285714285714285,31,19,35,26.0,14,52.0,7,1,1,5,0,0,4,3,70,1.23,0.2857142857142857,2
63,45183.0,0,1,315.0,26.25,219,3,60,12.0,9,12.0,12,4,1,7,1,0,11,7,33,1.44,0.08333333333333333,1
71,70421.0,1,2,767.0,38.35,479,28,136,75.0,14,35.0,20,10,3,7,0,0,16,6,98,0.0,0.15,3
60,60161.0,1,2,1020.5,44.369565217391305,584,44,212,46.0,8,126.5,23,11,4,8,0,0,19,8,17,1.68,0.13043478260869565,3
52,73926.0,0,1,1480.5,64.3695652173913,627,81,556,120.5,81,15.0,23,6,5,12,0,0,9,3,54,1.33,0.043478260869565216,1
57,19329.0,1,2,60.0,8.571428571428571,24,1,16,12.0,2,5.0,7,4,0,3,0,0,12,8,39,0.54,0.42857142857142855,3
55,61872.0,1,2,573.0,33.705882352941174,330,5,159,36.0,27,16.0,17,4,4,9,0,0,8,4,81,0.54,0.23529411764705882,4
69,46984.0,2,3,41.0,10.25,19,1,10,2.0,1,8.0,4,1,0,3,0,0,6,5,71,1.26,0.25,1
74,34838.0,2,3,170.0,24.285714285714285,28,23,29,29.0,14,47.0,7,2,1,4,0,0,8,6,62,1.44,0.42857142857142855,3
81,82716.0,0,1,1033.0,38.25925925925926,606,81,228,15.0,81,22.0,27,6,8,13,0,0,8,2,8,0.65,0.037037037037037035,1
67,48192.0,0,1,1493.5,67.88636363636364,1039,43,204,120.5,58,29.0,22,2,8,12,3,1,10,8,76,1.23,0.13636363636363635,3
49,49681.0,2,3,458.0,30.533333333333335,411,0,26,0.0,0,21.0,15,7,1,7,0,0,14,7,66,0.65,0.4,6
54,56850.0,1,2,63.0,12.6,34,1,19,2.0,7,0.0,5,1,1,3,0,0,3,2,83,0.27,0.2,1
68,55267.0,1,2,405.0,31.153846153846153,161,28,136,32.0,3,45.0,13,3,4,6,0,0,6,3,28,0.69,0.3076923076923077,4
53,59666.0,2,3,1020.5,78.5,623,53,178,23.0,17,126.5,13,3,2,8,1,0,11,8,87,1.27,0.5384615384615384,7
53,72504.0,1,2,1395.5,69.775,604,26,470,120.5,81,94.0,20,5,9,6,0,0,7,2,43,1.23,0.1,2
44,26872.0,0,1,72.0,18.0,3,10,8,3.0,16,32.0,4,1,1,2,0,0,7,6,0,0.7,0.25,1
53,21359.0,1,2,48.0,9.6,12,2,17,6.0,1,10.0,5,2,0,3,0,1,10,8,1,1.19,0.4,2
50,73170.0,0,1,633.0,42.2,184,81,256,50.0,30,32.0,15,5,4,6,0,0,7,2,1,0.08,0.06666666666666667,1
70,52750.0,1,2,860.0,40.95238095238095,393,0,239,90.0,69,69.0,21,5,7,9,0,0,9,4,72,1.4,0.2857142857142857,6
39,91820.0,0,1,1226.0,55.72727272727273,410,73,556,76.0,81,30.0,22,5,5,12,0,0,6,1,72,0.6,0.0,0
55,65968.0,1,2,495.0,30.9375,376,9,83,19.0,4,4.0,16,5,4,7,0,0,8,3,12,0.13,0.125,2
49,30772.0,2,3,20.0,6.666666666666667,7,2,4,2.0,1,4.0,3,1,0,2,0,0,7,6,89,0.3,0.3333333333333333,1
71,22507.0,0,1,494.0,30.875,68,0,226,51.0,81,68.0,16,10,2,4,0,0,19,9,67,1.59,0.1875,3
53,65685.0,1,2,769.0,38.45,642,14,49,0.0,7,57.0,20,9,2,9,0,0,14,5,54,0.25,0.05,1
47,25804.0,1,2,55.0,11.0,8,7,9,13.0,6,12.0,5,2,0,3,0,0,10,8,34,0.82,0.4,2
45,76412.0,0,1,1560.0,91.76470588235294,840,53,556,23.0,71,17.0,17,5,4,8,2,1,8,3,15,1.15,0.058823529411764705,1
53,22063.0,1,2,55.0,11.0,7,10,13,3.0,11,11.0,5,2,0,3,0,0,9,7,43,0.89,0.4,2
64,57091.0,0,1,577.0,33.94117647058823,464,5,64,7.0,0,37.0,17,7,3,7,1,1,12,5,0,0.04,0.058823529411764705,1
62,22419.0,0,1,162.0,23.142857142857142,30,3,47,19.0,21,42.0,7,3,2,2,0,0,11,8,74,1.2,0.14285714285714285,1
66,87771.0,1,2,1689.0,88.89473684210526,1224,38,287,50.0,57,33.0,19,5,10,4,4,1,11,6,61,1.1,0.05263157894736842,1
66,78353.0,1,2,1463.0,63.608695652173914,752,81,476,39.0,81,34.0,23,10,2,11,0,0,18,8,51,1.2,0.043478260869565216,1
71,93404.0,3,4,1561.0,111.5,1224,15,287,20.0,0,15.0,14,3,4,7,2,0,8,5,97,1.14,0.21428571428571427,3
63,37859.0,3,4,36.0,9.0,22,1,8,2.0,1,2.0,4,1,0,3,0,0,9,8,75,1.46,0.5,2
67,80995.0,1,2,1482.0,70.57142857142857,860,28,409,73.0,56,56.0,21,8,9,4,0,0,12,4,83,1.13,0.047619047619047616,1
41,16529.0,1,2,22.0,5.5,3,0,5,13.0,0,1.0,4,1,0,3,0,0,7,6,23,0.33,0.25,1
49,55412.0,2,3,63.0,12.6,10,5,28,11.0,1,8.0,5,2,0,3,0,0,7,5,65,0.6,0.2,1
33,48789.0,0,1,661.5,38.911764705882355,351,16,156,7.0,5,126.5,17,6,4,7,0,0,12,6,94,1.8,0.058823529411764705,1
58,56575.0,2,3,542.0,31.88235294117647,421,5,90,0.0,16,10.0,17,7,3,7,0,0,12,5,42,1.15,0.17647058823529413,3
45,25130.0,1,2,50.0,10.0,2,5,7,0.0,18,18.0,5,2,0,3,0,0,9,7,10,0.74,0.4,2
58,35441.0,2,3,39.0,9.75,25,1,9,2.0,1,1.0,4,1,0,3,0,0,9,8,94,1.37,0.5,2
69,71391.0,1,2,944.5,41.06521739130435,336,81,274,46.0,81,126.5,23,6,5,12,0,0,9,3,50,1.25,0.21739130434782608,5
53,49494.0,1,2,385.0,32.083333333333336,191,9,97,0.0,6,82.0,12,6,1,5,0,0,13,7,46,1.18,0.16666666666666666,2
45,81702.0,0,1,1354.5,52.09615384615385,563,50,556,28.0,31,126.5,26,7,7,12,0,0,10,3,98,1.76,0.038461538461538464,1
45,45889.0,1,2,46.0,11.5,31,0,6,0.0,1,8.0,4,1,0,3,0,0,7,6,42,0.99,0.25,1
48,56628.0,1,2,716.5,39.80555555555556,479,5,82,7.0,17,126.5,18,7,6,5,1,0,12,5,30,0.27,0.1111111111111111,2
75,34026.0,2,3,76.0,12.666666666666666,18,6,15,12.0,8,17.0,6,2,1,3,0,0,7,5,11,0.9,0.5,3
51,40049.0,1,2,290.0,26.363636363636363,91,65,52,10.0,44,28.0,11,3,2,6,0,0,8,5,61,1.58,0.2727272727272727,3
37,34176.0,1,2,89.0,12.714285714285714,5,7,24,19.0,14,20.0,7,3,0,4,0,0,9,6,12,0.13,0.5714285714285714,4
44,19419.0,1,2,70.0,10.0,2,14,28,16.0,3,7.0,7,4,0,3,0,0,13,9,76,1.63,0.5714285714285714,4
65,82504.0,0,1,1052.5,65.78125,362,50,431,120.5,35,54.0,16,3,6,7,0,0,4,1,2,0.92,0.0625,1
55,81205.0,0,1,1632.5,90.69444444444444,724,74,556,97.0,55,126.5,18,5,6,7,3,1,7,2,43,0.46,0.05555555555555555,1
34,61618.0,0,1,1256.5,73.91176470588235,605,81,399,0.0,45,126.5,17,3,6,8,0,0,6,3,27,1.75,0.11764705882352941,2
69,55284.0,1,2,764.0,38.2,547,7,140,0.0,7,63.0,20,7,5,8,0,0,12,5,60,1.51,0.15,3
62,49980.0,1,2,195.0,21.666666666666668,104,1,54,13.0,9,14.0,9,3,1,5,0,0,8,5,79,0.68,0.2222222222222222,2
45,15072.0,2,3,53.0,7.571428571428571,8,2,15,0.0,10,18.0,7,3,1,3,0,0,8,5,96,1.14,0.5714285714285714,4
51,49166.0,1,2,368.0,33.45454545454545,224,2,25,7.0,0,110.0,11,5,3,3,0,0,11,6,17,1.04,0.18181818181818182,2
71,65324.0,1,2,544.0,32.0,384,0,102,21.0,32,5.0,17,6,2,9,0,0,10,4,0,0.46,0.17647058823529413,3
68,82347.0,0,1,1430.5,59.604166666666664,556,54,556,120.5,81,63.0,24,7,7,10,2,0,10,3,38,1.64,0.041666666666666664,1
59,30843.0,2,3,35.0,8.75,24,0,2,0.0,0,9.0,4,1,1,2,1,0,6,5,43,0.09,0.5,2
51,46374.0,1,2,446.0,29.733333333333334,408,0,21,0.0,0,17.0,15,7,1,7,2,1,15,8,1,0.28,0.2,3
46,60474.0,1,2,905.0,37.708333333333336,265,81,303,120.5,9,126.5,24,10,2,12,0,0,17,7,25,1.24,0.2916666666666667,7
52,38576.0,1,2,41.0,10.25,34,0,7,0.0,0,0.0,4,1,0,3,0,0,8,7,2,0.32,0.25,1
40,55357.0,2,3,727.0,38.26315789473684,374,64,116,84.0,25,64.0,19,6,2,11,0,0,11,5,66,1.36,0.15789473684210525,3
59,37758.0,2,3,40.0,10.0,27,2,10,0.0,0,1.0,4,1,0,3,0,0,9,8,49,1.73,0.5,2
36,85710.0,0,1,1062.0,42.48,600,20,350,29.0,30,33.0,25,6,9,10,1,0,8,2,5,1.15,0.04,1
56,23228.0,1,2,40.0,8.0,13,2,18,6.0,1,0.0,5,2,0,3,0,0,10,8,71,0.42,0.4,2
56,44602.0,2,3,292.0,26.545454545454547,167,2,89,0.0,0,34.0,11,6,1,4,0,0,14,8,35,0.37,0.5454545454545454,6
38,7500.0,0,1,15.0,5.0,0,2,3,4.0,1,5.0,3,0,0,3,0,0,6,6,94,1.47,0.3333333333333333,1
36,38683.0,1,2,341.0,31.0,46,35,69,84.0,41,66.0,11,4,1,6,0,0,11,7,80,1.73,0.5454545454545454,6
50,49514.0,1,2,369.0,33.54545454545455,88,39,78,58.0,13,93.0,11,6,1,4,0,0,13,7,61,0.53,0.18181818181818182,2
52,57906.0,1,2,401.0,28.642857142857142,243,11,119,10.0,3,15.0,14,4,2,8,0,0,8,4,29,1.05,0.21428571428571427,3
59,43456.0,1,2,393.0,28.071428571428573,275,11,68,25.0,7,7.0,14,5,1,8,0,0,10,5,0,1.26,0.21428571428571427,3
39,19485.0,2,3,10.0,3.3333333333333335,6,0,4,0.0,0,0.0,3,1,0,2,0,0,8,7,80,0.76,0.3333333333333333,1
47,53172.0,1,2,486.0,37.38461538461539,121,62,90,68.0,20,125.0,13,2,3,8,0,0,5,3,54,1.15,0.23076923076923078,3
46,30545.0,1,2,69.0,13.8,4,12,15,19.0,7,12.0,5,2,0,3,0,0,9,7,71,1.7,0.4,2
42,70123.0,0,1,1643.0,102.6875,1224,0,396,23.0,0,0.0,16,5,7,4,2,0,8,3,27,0.75,0.0625,1
66,62450.0,1,2,995.0,71.07142857142857,515,47,267,62.0,66,38.0,14,5,5,4,1,0,8,3,61,0.48,0.14285714285714285,2
49,21675.0,1,2,45.0,6.428571428571429,4,0,16,17.0,4,4.0,7,4,0,3,0,0,11,7,55,0.05,0.42857142857142855,3
44,42395.0,2,3,182.0,22.75,48,13,57,24.0,15,25.0,8,3,1,4,0,0,10,7,35,0.24,0.5,4
47,61346.0,1,2,973.5,44.25,562,58,168,43.0,16,126.5,22,5,7,10,0,0,8,3,34,0.73,0.045454545454545456,1
72,80812.0,0,1,1525.5,89.73529411764706,769,22,500,120.5,81,33.0,17,4,8,5,3,0,6,2,95,0.78,0.058823529411764705,1
54,42835.0,2,3,595.0,37.1875,379,4,93,12.0,9,98.0,16,6,6,4,0,0,12,6,64,1.0,0.4375,7
42,39922.0,1,2,156.0,22.285714285714285,29,12,59,19.0,1,36.0,7,3,0,4,0,0,11,8,30,1.37,0.2857142857142857,2
69,86424.0,0,1,1213.0,44.925925925925924,387,68,556,89.0,45,68.0,27,6,9,12,0,0,7,1,12,0.23,0.037037037037037035,1
47,17117.0,1,2,128.0,18.285714285714285,12,23,38,30.0,18,7.0,7,3,1,3,0,0,12,9,96,1.45,0.5714285714285714,4
53,24762.0,1,2,86.0,14.333333333333334,6,10,12,3.0,15,40.0,6,3,1,2,1,1,11,8,16,0.38,0.5,3
50,35797.0,1,2,68.0,13.6,27,1,14,4.0,1,21.0,5,2,0,3,0,0,10,8,16,1.7,0.4,2
50,36627.0,2,3,16.0,5.333333333333333,9,1,5,0.0,0,1.0,3,0,0,3,0,0,5,5,78,0.93,0.3333333333333333,1
44,51111.0,2,3,55.0,11.0,22,0,19,6.0,5,3.0,5,2,0,3,0,0,8,6,83,0.03,0.4,2
53,86857.0,0,1,1777.5,84.64285714285714,899,81,556,120.5,81,40.0,21,5,6,10,0,1,7,2,96,1.79,0.047619047619047616,1
55,82072.0,0,1,1828.0,101.55555555555556,889,55,556,120.5,81,126.5,18,3,2,13,0,0,4,1,67,0.99,0.05555555555555555,1
72,46231.0,3,4,263.0,23.90909090909091,189,2,55,0.0,5,12.0,11,6,1,4,0,0,15,9,87,1.59,0.36363636363636365,4
66,42243.0,2,3,55.0,11.0,48,0,2,0.0,0,5.0,5,2,0,3,0,0,9,7,34,0.55,0.4,2
63,51195.0,2,3,564.0,35.25,230,14,156,82.0,24,58.0,16,9,2,5,0,0,17,8,46,1.24,0.5,8
47,68092.0,0,1,1281.0,71.16666666666667,852,60,207,78.0,36,48.0,18,2,6,10,0,0,7,5,7,0.53,0.1111111111111111,2
52,31814.0,1,2,83.0,16.6,35,3,20,4.0,1,20.0,5,2,0,3,1,0,11,9,73,1.38,0.4,2
60,51390.0,2,3,353.0,29.416666666666668,205,20,47,23.0,2,56.0,12,5,2,5,0,0,10,5,54,1.8,0.5,6
42,76630.0,0,1,954.5,39.770833333333336,255,31,446,40.0,56,126.5,24,3,10,11,0,0,4,1,93,0.45,0.041666666666666664,1
34,26868.0,1,2,14.0,4.666666666666667,0,0,1,8.0,3,2.0,3,1,0,2,0,0,8,7,52,0.16,0.3333333333333333,1
82,48948.0,0,1,862.5,39.20454545454545,437,8,206,120.5,49,42.0,22,7,10,5,1,1,13,6,53,1.4,0.09090909090909091,2
53,55260.0,1,2,1023.5,44.5,825,8,53,11.0,0,126.5,23,8,10,5,0,0,14,6,81,1.54,0.08695652173913043,2
69,64090.0,1,2,788.5,41.5,316,58,161,76.0,51,126.5,19,6,9,4,0,1,11,5,8,0.89,0.05263157894736842,1
67,78331.0,1,2,1453.5,63.19565217391305,756,81,354,120.5,81,61.0,23,10,6,7,0,0,14,4,97,0.43,0.08695652173913043,2
51,37087.0,1,2,401.0,28.642857142857142,194,55,134,15.0,0,3.0,14,4,2,8,0,0,10,6,50,0.88,0.21428571428571427,3
39,21846.0,1,2,84.0,12.0,7,17,18,6.0,10,26.0,7,4,0,3,0,0,12,8,38,0.68,0.5714285714285714,4
67,81320.0,0,1,906.0,53.294117647058826,183,33,493,59.0,81,57.0,17,4,3,10,0,0,6,2,61,1.39,0.058823529411764705,1
55,54137.0,1,2,203.0,22.555555555555557,171,0,11,0.0,1,20.0,9,4,1,4,0,0,10,6,46,0.87,0.2222222222222222,2
58,66825.0,0,1,838.0,55.86666666666667,243,81,405,29.0,40,40.0,15,4,5,6,0,0,6,2,73,0.96,0.06666666666666667,1
52,57100.0,0,1,409.0,34.083333333333336,181,21,69,39.0,3,96.0,12,3,3,6,0,0,6,3,19,0.57,0.08333333333333333,1
56,58917.0,3,4,282.0,25.636363636363637,151,7,89,0.0,7,28.0,11,4,1,6,0,0,9,5,10,1.26,0.45454545454545453,5
48,85072.0,0,1,1224.0,72.0,494,81,391,120.5,11,126.5,17,3,4,10,0,0,3,0,94,0.22,0.058823529411764705,1
64,86429.0,0,1,1132.0,62.888888888888886,464,28,556,29.0,18,37.0,18,7,4,7,1,1,9,2,10,0.6,0.0,0
54,45684.0,1,2,28.0,9.333333333333334,5,1,5,10.0,0,7.0,3,1,0,2,0,0,8,7,37,0.57,0.3333333333333333,1
51,47889.0,1,2,67.0,13.4,29,0,29,0.0,5,4.0,5,2,0,3,0,0,7,5,94,0.48,0.2,1
39,45921.0,0,1,199.0,22.11111111111111,102,9,49,24.0,3,12.0,9,2,1,6,0,0,6,4,23,0.3,0.1111111111111111,1
59,78420.0,0,1,1335.0,63.57142857142857,604,28,556,91.0,28,28.0,21,3,10,8,0,0,4,1,75,1.0,0.047619047619047616,1
33,75114.0,0,1,1253.0,69.61111111111111,571,12,523,63.0,60,24.0,18,3,10,5,0,0,5,2,40,0.64,0.05555555555555555,1
62,52278.0,1,2,1150.5,46.02,953,0,71,0.0,0,126.5,25,10,5,10,0,1,18,8,24,1.42,0.24,6
53,35641.0,1,2,178.0,22.25,63,3,67,8.0,9,28.0,8,3,1,4,0,1,10,7,11,0.96,0.25,2
31,95529.0,0,1,1526.5,89.79411764705883,770,29,556,120.5,27,24.0,17,7,3,7,1,1,10,3,29,1.57,0.058823529411764705,1
71,62820.0,0,1,958.5,73.73076923076923,398,61,265,120.5,61,53.0,13,3,4,6,0,0,4,1,51,1.13,0.07692307692307693,1
65,73113.0,0,1,1001.0,71.5,741,19,154,50.0,9,28.0,14,3,4,7,0,0,5,2,86,0.51,0.07142857142857142,1
43,84169.0,0,1,1665.0,87.63157894736842,1224,19,403,0.0,19,0.0,19,7,6,6,2,1,10,3,9,0.89,0.05263157894736842,1
71,42607.0,1,2,350.0,29.166666666666668,156,29,56,30.0,32,47.0,12,3,2,7,0,0,6,3,30,0.61,0.16666666666666666,2
71,74637.0,0,1,1624.5,67.6875,960,64,464,120.5,0,16.0,24,6,9,9,1,0,9,3,73,1.11,0.041666666666666664,1
70,46015.0,2,3,46.0,11.5,38,0,2,0.0,0,6.0,4,1,0,3,2,0,8,7,25,0.21,0.25,1
32,72354.0,0,1,1073.0,59.611111111111114,315,26,473,120.5,12,126.5,18,2,10,6,0,0,3,1,67,1.2,0.05555555555555555,1
56,39858.0,1,2,95.0,15.833333333333334,15,20,25,2.0,7,26.0,6,2,0,4,0,1,8,6,67,1.43,0.16666666666666666,1
77,34469.0,2,3,62.0,10.333333333333334,19,6,20,0.0,5,12.0,6,1,1,4,0,0,5,4,58,0.15,0.5,3
39,83033.0,1,2,1558.5,62.34,812,81,431,120.5,81,33.0,25,11,4,10,1,0,16,5,82,0.11,0.04,1
46,24401.0,0,1,467.0,35.92307692307692,73,28,217,10.0,24,115.0,13,6,1,6,0,0,14,8,98,1.83,0.23076923076923078,3
47,77583.0,0,1,1019.5,56.638888888888886,372,23,384,120.5,12,108.0,18,4,5,9,1,0,6,2,93,0.38,0.05555555555555555,1
43,74116.0,0,1,1810.0,100.55555555555556,871,81,556,120.5,55,126.5,18,4,4,10,1,0,6,2,53,0.5,0.05555555555555555,1
32,74293.0,0,1,1046.0,69.73333333333333,375,81,335,93.0,81,81.0,15,5,4,6,0,0,7,2,66,0.15,0.06666666666666667,1
49,68397.0,1,2,1416.0,70.8,760,80,466,17.0,13,80.0,20,6,9,5,0,0,9,3,6,0.61,0.05,1
51,79632.0,0,1,1113.0,58.578947368421055,471,0,510,99.0,21,12.0,19,6,4,9,0,0,8,2,42,0.22,0.05263157894736842,1
36,46107.0,1,2,125.0,20.833333333333332,31,9,27,16.0,9,33.0,6,1,1,4,0,0,4,3,78,0.38,0.16666666666666666,1
74,64950.0,1,2,966.0,42.0,819,0,72,12.0,0,63.0,23,11,2,10,1,0,18,7,29,1.88,0.08695652173913043,2
36,25443.0,1,2,32.0,8.0,1,4,3,8.0,9,7.0,4,1,0,3,0,0,9,8,82,1.52,0.25,1
73,75127.0,0,1,732.5,40.69444444444444,203,35,305,46.0,17,126.5,18,2,11,5,0,0,3,1,92,0.1,0.05555555555555555,1
54,32892.0,1,2,46.0,7.666666666666667,26,0,15,2.0,1,2.0,6,3,0,3,0,0,11,8,78,0.1,0.3333333333333333,2
54,71796.0,0,1,913.5,57.09375,354,21,311,120.5,75,32.0,16,9,3,4,0,0,13,4,54,0.68,0.0625,1
55,67536.0,1,2,1800.0,66.66666666666667,1224,0,447,23.0,71,35.0,27,11,5,11,1,0,19,8,45,1.1,0.1111111111111111,3
54,55239.0,1,2,779.0,33.869565217391305,371,17,238,23.0,24,106.0,23,7,5,11,0,0,12,5,59,0.96,0.13043478260869565,3
50,60554.0,1,2,811.0,38.61904761904762,588,7,76,110.0,15,15.0,21,8,4,9,0,0,14,6,8,0.89,0.09523809523809523,2
73,64831.0,2,3,1092.5,78.03571428571429,480,81,249,75.0,81,126.5,14,6,3,5,0,0,12,6,51,1.05,0.5714285714285714,8
63,56067.0,1,2,725.0,40.27777777777778,517,12,54,16.0,6,120.0,18,7,4,7,0,0,12,5,51,0.94,0.1111111111111111,2
42,82025.0,0,1,1120.0,101.81818181818181,267,81,556,48.0,70,98.0,11,3,2,6,1,1,4,1,76,1.09,0.09090909090909091,1
72,94384.0,0,1,1983.0,110.16666666666667,1111,24,556,120.5,45,126.5,18,5,8,5,3,1,7,2,62,1.32,0.0,0
39,14906.0,0,1,66.0,11.0,7,7,14,7.0,16,15.0,6,2,1,3,0,0,9,7,86,1.52,0.5,3
38,51563.0,0,1,1250.0,69.44444444444444,1166,0,48,0.0,0,36.0,18,4,4,10,2,0,12,8,60,1.74,0.05555555555555555,1
43,57937.0,1,2,676.5,39.794117647058826,261,42,144,55.0,48,126.5,17,4,4,9,0,0,7,3,56,0.36,0.17647058823529413,3
46,68274.0,2,3,305.0,27.727272727272727,135,25,51,23.0,25,46.0,11,4,2,5,0,0,7,3,83,0.74,0.18181818181818182,2
48,39771.0,1,2,50.0,10.0,6,2,18,2.0,8,14.0,5,2,0,3,0,0,6,4,92,0.56,0.2,1
50,67893.0,1,2,995.0,71.07142857142857,711,28,142,49.0,18,47.0,14,3,2,9,0,0,11,8,31,1.74,0.14285714285714285,2
46,27922.0,1,2,41.0,8.2,11,0,13,2.0,4,11.0,5,2,0,3,0,0,6,4,80,0.14,0.2,1
49,52190.0,2,3,77.0,12.833333333333334,42,0,17,0.0,0,18.0,6,2,1,3,1,0,7,5,39,0.14,0.5,3
52,44051.0,2,3,171.0,21.375,79,7,58,6.0,3,18.0,8,3,1,4,0,1,9,6,20,1.41,0.5,4
54,42767.0,2,3,131.0,21.833333333333332,20,6,43,19.0,5,38.0,6,3,1,2,0,0,11,8,53,1.13,0.16666666666666666,1
49,46106.0,2,3,54.0,13.5,30,0,8,2.0,0,14.0,4,1,1,2,0,0,7,6,84,0.13,0.25,1
49,16927.0,2,3,53.0,7.571428571428571,20,2,23,3.0,1,4.0,7,3,0,4,0,0,11,8,50,1.38,0.7142857142857143,5
60,59754.0,1,2,397.5,30.576923076923077,115,27,44,4.0,81,126.5,13,5,2,6,0,1,10,5,96,1.57,0.23076923076923078,3
73,53700.0,1,2,694.0,38.55555555555556,263,5,233,69.0,41,83.0,18,5,5,8,0,0,10,5,94,1.86,0.2222222222222222,4
52,59041.0,2,3,96.0,16.0,69,2,15,2.0,2,6.0,6,2,0,4,0,0,7,5,25,0.15,0.3333333333333333,2
68,54237.0,1,2,361.0,30.083333333333332,267,3,30,4.0,0,57.0,12,5,2,5,0,0,11,6,48,1.17,0.3333333333333333,4
58,70647.0,1,2,1033.0,43.041666666666664,561,81,171,25.0,81,114.0,24,4,7,13,0,0,6,2,65,1.77,0.08333333333333333,2
63,52597.0,1,2,578.0,34.0,492,0,37,7.0,0,42.0,17,6,3,8,0,0,11,5,69,0.15,0.17647058823529413,3
56,41021.0,1,2,64.0,12.8,14,7,9,6.0,16,12.0,5,2,0,3,0,1,8,6,12,1.49,0.4,2
50,40233.0,1,2,149.0,18.625,80,4,46,0.0,17,2.0,8,2,1,5,0,0,8,6,84,0.71,0.625,5
45,50183.0,2,3,231.0,23.1,97,12,84,13.0,10,15.0,10,3,1,6,0,0,8,5,47,0.01,0.7,7
66,54753.0,1,2,697.5,38.75,197,81,227,7.0,59,126.5,18,5,2,11,0,0,9,4,87,0.79,0.16666666666666666,3
52,92955.0,0,1,1409.0,64.04545454545455,693,21,556,31.0,24,84.0,22,6,7,9,2,1,8,2,35,0.86,0.045454545454545456,1
52,33471.0,1,2,93.0,13.285714285714286,43,2,27,0.0,9,12.0,7,3,0,4,0,0,10,7,47,1.71,0.42857142857142855,3
51,34596.0,1,2,23.0,7.666666666666667,14,0,2,0.0,0,7.0,3,1,0,2,0,1,9,8,48,1.21,0.3333333333333333,1
45,44010.0,1,2,662.0,36.77777777777778,186,36,234,86.0,72,48.0,18,10,2,6,0,0,19,9,46,1.71,0.3333333333333333,6
37,84219.0,0,1,1086.0,63.88235294117647,434,81,400,45.0,81,45.0,17,3,4,10,0,0,4,1,27,0.4,0.058823529411764705,1
57,40706.0,3,4,81.0,11.571428571428571,59,0,11,4.0,2,5.0,7,3,0,4,0,0,10,7,37,1.45,0.5714285714285714,4
37,15716.0,1,2,92.0,13.142857142857142,16,5,30,8.0,7,26.0,7,3,0,4,0,0,11,8,8,1.63,0.42857142857142855,3
66,59052.0,1,2,491.0,32.733333333333334,230,35,75,63.0,57,31.0,15,7,1,7,0,0,12,5,29,0.61,0.2,3
54,80573.0,0,1,1496.0,65.04347826086956,829,81,430,60.0,81,15.0,23,4,6,13,0,0,6,2,85,1.71,0.043478260869565216,1
63,83715.0,0,1,896.5,38.97826086956522,318,8,407,120.5,35,8.0,23,2,8,13,0,0,2,0,2,0.4,0.043478260869565216,1
66,82576.0,0,1,1862.5,103.47222222222223,1206,55,445,120.5,18,18.0,18,2,4,12,1,0,3,1,66,1.91,0.05555555555555555,1
60,56962.0,3,4,411.0,29.357142857142858,292,3,77,10.0,3,26.0,14,6,3,5,0,0,13,7,60,0.71,0.5,7
73,35704.0,2,3,94.0,15.666666666666666,30,9,12,2.0,11,30.0,6,2,0,4,0,0,6,4,54,0.48,0.5,3
71,53103.0,1,2,1016.5,44.19565217391305,729,17,133,11.0,0,126.5,23,10,6,7,1,0,17,7,70,0.79,0.21739130434782608,5
65,46779.0,2,3,23.0,7.666666666666667,12,1,3,0.0,0,7.0,3,0,1,2,0,0,4,4,55,0.96,0.3333333333333333,1
60,4861.0,0,1,6.0,0.0,2,1,1,1.0,0,1.0,0,0,0,0,0,0,14,14,20,0.02,0.0,0
46,33462.0,1,2,54.0,10.8,22,3,18,0.0,0,11.0,5,2,0,3,0,0,9,7,78,0.89,0.2,1
47,63693.0,1,2,1144.0,44.0,587,43,337,42.0,81,54.0,26,11,6,9,0,0,17,6,63,0.71,0.11538461538461539,3
75,80763.0,0,1,1152.0,52.36363636363637,674,81,108,120.5,42,126.5,22,5,11,6,2,1,8,3,17,0.87,0.045454545454545456,1
51,65352.0,1,2,405.0,28.928571428571427,284,3,84,4.0,7,23.0,14,4,2,8,0,0,8,4,43,0.85,0.14285714285714285,2
47,82170.0,0,1,1801.0,100.05555555555556,1023,81,556,49.0,55,37.0,18,5,6,7,0,0,7,2,13,0.59,0.05555555555555555,1
56,75759.0,0,1,2098.5,83.94,1224,22,556,89.0,81,126.5,25,9,7,9,3,1,14,5,46,0.68,0.04,1
49,79689.0,0,1,1171.5,45.05769230769231,311,26,556,120.5,37,121.0,26,4,9,13,0,0,6,2,65,1.13,0.038461538461538464,1
69,35340.0,2,3,45.0,9.0,27,0,12,0.0,1,5.0,5,2,0,3,0,0,7,5,1,0.0,0.4,2
71,85683.0,0,1,1717.0,107.3125,1224,17,311,45.0,69,51.0,16,2,4,10,4,1,3,1,6,0.27,0.0625,1
53,24884.0,1,2,19.0,6.333333333333333,3,6,7,0.0,0,3.0,3,0,0,3,0,0,7,7,32,1.58,0.3333333333333333,1
44,42021.0,1,2,573.0,33.705882352941174,393,5,136,7.0,5,27.0,17,10,1,6,1,0,19,9,34,1.83,0.29411764705882354,5
36,64449.0,1,2,788.5,39.425,218,63,282,120.5,35,70.0,20,5,3,12,0,0,9,4,70,0.36,0.2,4
71,64587.0,2,3,108.0,18.0,66,0,16,0.0,6,20.0,6,1,1,4,0,0,4,3,49,0.02,0.3333333333333333,2
30,34824.0,0,1,23.0,7.666666666666667,4,2,11,2.0,0,4.0,3,1,0,2,0,0,7,6,65,0.26,0.3333333333333333,1
47,75437.0,0,1,1493.0,67.86363636363636,795,0,545,95.0,58,0.0,22,8,4,10,1,0,14,6,25,0.64,0.045454545454545456,1
68,26091.0,2,3,89.0,14.833333333333334,15,10,19,8.0,17,20.0,6,2,1,3,0,0,7,5,84,0.34,0.5,3
52,52845.0,1,2,926.5,42.11363636363637,384,25,292,120.5,41,64.0,22,8,8,6,1,0,14,6,7,0.88,0.13636363636363635,3
69,46086.0,1,2,343.0,28.583333333333332,244,8,32,7.0,2,50.0,12,3,1,8,0,0,7,4,34,0.65,0.3333333333333333,4
69,78028.0,1,2,528.0,27.789473684210527,158,19,288,25.0,0,38.0,19,6,4,9,2,1,13,7,38,1.8,0.05263157894736842,1
38,95169.0,0,1,1840.0,167.27272727272728,1224,21,449,106.0,20,20.0,11,4,3,4,2,1,5,1,1,0.72,0.09090909090909091,1
44,56337.0,2,3,668.5,39.3235294117647,349,16,144,28.0,5,126.5,17,8,5,4,2,1,16,8,25,1.26,0.29411764705882354,5
38,22434.0,1,2,58.0,11.6,4,12,11,3.0,13,15.0,5,2,0,3,0,0,10,8,25,1.37,0.4,2
71,36930.0,1,2,297.0,27.0,223,2,31,0.0,2,39.0,11,5,2,4,0,0,13,8,50,1.12,0.45454545454545453,5
71,36130.0,1,2,488.0,32.53333333333333,157,43,127,68.0,56,37.0,15,3,8,4,1,1,7,4,46,1.4,0.4,6
72,65569.0,1,2,859.0,40.904761904761905,397,46,288,20.0,38,70.0,21,6,5,10,0,0,9,3,96,1.65,0.09523809523809523,2
73,83844.0,0,1,1509.5,79.44736842105263,901,31,345,75.0,31,126.5,19,4,4,11,1,0,5,1,57,1.13,0.05263157894736842,1
57,19514.0,2,3,69.0,11.5,14,3,21,2.0,1,28.0,6,3,1,2,1,0,11,8,47,0.42,0.6666666666666666,4
62,36736.0,2,3,17.0,5.666666666666667,10,0,3,0.0,0,4.0,3,1,0,2,0,0,7,6,52,1.14,0.3333333333333333,1
46,77568.0,1,2,1948.0,97.4,1224,0,396,120.5,81,126.5,20,10,2,8,3,0,15,5,30,1.84,0.05,1
49,49187.0,1,2,116.0,16.571428571428573,81,1,31,2.0,1,0.0,7,1,1,5,0,0,3,2,63,0.46,0.14285714285714285,1
47,30168.0,1,2,279.0,25.363636363636363,154,20,66,0.0,12,27.0,11,6,1,4,0,0,15,9,51,1.31,0.6363636363636364,7
57,34053.0,1,2,103.0,17.166666666666668,63,0,21,7.0,0,12.0,6,3,0,3,0,0,11,8,14,1.8,0.16666666666666666,1
54,38196.0,2,3,44.0,7.333333333333333,30,0,11,0.0,0,3.0,6,2,0,4,0,0,7,5,20,0.2,0.5,3
74,59412.0,0,1,406.0,29.0,90,67,165,30.0,43,11.0,14,4,2,8,0,0,7,3,56,0.19,0.07142857142857142,1
60,70924.0,0,1,1247.5,65.65789473684211,635,81,254,120.5,81,76.0,19,6,6,7,1,0,9,3,41,0.23,0.05263157894736842,1
56,54165.0,0,1,236.0,23.6,127,4,73,15.0,6,11.0,10,2,1,7,0,0,4,2,72,1.09,0.1,1
52,32300.0,1,2,39.0,9.75,13,3,6,6.0,5,6.0,4,1,0,3,0,0,9,8,1,1.48,0.25,1
49,20180.0,0,1,137.0,19.571428571428573,18,42,24,15.0,20,18.0,7,2,1,4,0,0,9,7,27,1.35,0.14285714285714285,1
52,34961.0,1,2,79.0,11.285714285714286,45,2,26,4.0,1,1.0,7,3,1,3,0,0,10,7,77,0.03,0.42857142857142855,3
51,28440.0,1,2,63.0,12.6,38,1,24,0.0,0,0.0,5,2,0,3,0,0,10,8,87,0.98,0.2,1
72,64504.0,3,4,1314.0,73.0,986,36,168,16.0,0,108.0,18,11,3,4,0,1,18,7,81,1.32,0.3888888888888889,7
59,33564.0,1,2,71.0,14.2,61,0,3,0.0,0,7.0,5,1,1,3,0,0,6,5,51,0.01,0.2,1
47,17345.0,1,2,58.0,11.6,4,9,16,17.0,0,12.0,5,2,1,2,0,0,10,8,79,1.65,0.4,2
58,56320.0,1,2,702.0,39.0,201,53,172,116.0,77,83.0,18,5,4,9,0,0,9,4,11,1.22,0.16666666666666666,3
47,28647.0,1,2,94.0,15.666666666666666,19,8,29,0.0,12,26.0,6,2,2,2,1,1,9,7,54,0.85,0.16666666666666666,1
38,15038.0,1,2,80.0,16.0,4,8,11,19.0,12,26.0,5,2,1,2,0,0,11,9,93,1.41,0.4,2
67,32173.0,1,2,22.0,5.5,18,0,2,0.0,0,2.0,4,1,0,3,0,0,5,4,0,0.91,0.25,1
61,68316.0,1,2,1211.0,44.851851851851855,806,80,161,120.0,11,33.0,27,10,7,10,0,0,16,6,54,1.65,0.18518518518518517,5
54,74538.0,0,1,1236.0,58.857142857142854,380,81,556,110.0,81,28.0,21,8,8,5,1,1,11,3,21,1.0,0.047619047619047616,1
54,91700.0,0,1,1433.5,75.44736842105263,576,81,556,120.5,81,19.0,19,8,6,5,0,1,11,3,58,1.45,0.05263157894736842,1
56,68695.0,0,1,1091.0,72.73333333333333,458,81,356,106.0,50,40.0,15,4,4,7,0,0,6,2,3,0.01,0.06666666666666667,1
48,31056.0,1,2,55.0,13.75,5,10,13,3.0,8,16.0,4,1,0,3,0,0,9,8,99,1.43,0.25,1
52,79593.0,0,1,1283.5,71.30555555555556,350,60,556,110.0,81,126.5,18,5,6,7,1,0,7,2,70,0.13,0.05555555555555555,1
45,28071.0,0,1,313.0,28.454545454545453,39,33,130,41.0,26,44.0,11,5,1,5,0,0,13,8,65,1.83,0.18181818181818182,2
67,37334.0,2,3,62.0,8.857142857142858,26,1,16,2.0,2,15.0,7,3,0,4,0,0,7,4,44,0.34,0.5714285714285714,4
53,46423.0,2,3,92.0,15.333333333333334,68,0,16,0.0,0,8.0,6,2,0,4,0,0,9,7,6,0.78,0.5,3
54,37126.0,1,2,72.0,14.4,45,3,9,4.0,4,7.0,5,1,2,2,1,1,7,6,9,0.25,0.2,1
72,47703.0,1,2,655.0,38.529411764705884,359,0,134,13.0,26,123.0,17,6,3,8,0,0,11,5,95,1.08,0.23529411764705882,4
66,61180.0,1,2,612.5,38.28125,403,24,29,6.0,24,126.5,16,5,5,6,1,0,8,3,70,0.18,0.125,2
71,38998.0,2,3,54.0,10.8,34,1,14,0.0,0,5.0,5,2,0,3,0,0,10,8,92,1.65,0.6,3
34,8028.0,0,1,178.0,178.0,73,18,66,7.0,12,2.0,1,0,1,0,0,0,19,19,62,1.78,15.0,15
63,76081.0,0,1,959.5,73.8076923076923,292,30,415,63.0,33,126.5,13,4,5,4,1,0,6,2,85,0.1,0.07692307692307693,1
39,34728.0,1,2,36.0,9.0,14,0,16,0.0,0,6.0,4,1,1,2,0,1,7,6,2,0.91,0.25,1
60,33168.0,1,2,122.0,17.428571428571427,80,1,37,0.0,1,3.0,7,2,1,4,0,0,9,7,0,1.71,0.42857142857142855,3
59,33585.0,1,2,122.0,20.333333333333332,30,11,33,13.0,6,29.0,6,2,0,4,0,0,6,4,91,0.76,0.16666666666666666,1
65,77037.0,1,2,1060.5,40.78846153846154,463,81,333,120.5,53,10.0,26,7,7,12,0,0,10,3,3,0.71,0.038461538461538464,1
41,35196.0,1,2,436.5,36.375,75,12,141,43.0,39,126.5,12,6,1,5,0,1,14,8,68,1.62,0.5,6
59,44529.0,1,2,691.0,36.36842105263158,538,13,91,17.0,6,26.0,19,6,2,11,1,0,11,5,98,0.98,0.3157894736842105,6
60,70924.0,0,1,1247.5,65.65789473684211,635,81,254,120.5,81,76.0,19,6,6,7,1,0,9,3,41,0.23,0.05263157894736842,1
59,28764.0,2,3,12.0,4.0,8,0,3,0.0,0,1.0,3,1,0,2,1,0,9,8,16,0.07,0.3333333333333333,1
76,69098.0,0,1,2049.0,85.375,1224,22,556,120.5,0,126.5,24,7,8,9,0,0,12,5,82,1.36,0.041666666666666664,1
55,25959.0,2,3,56.0,11.2,4,2,12,7.0,5,26.0,5,1,2,2,0,1,7,6,1,1.37,0.4,2
42,27100.0,1,2,37.0,9.25,12,0,13,2.0,0,10.0,4,1,0,3,0,0,8,7,64,1.23,0.25,1
40,70596.0,0,1,968.0,48.4,347,44,534,17.0,0,26.0,20,3,5,12,0,0,5,2,68,1.73,0.05,1
51,42557.0,1,2,270.0,24.545454545454547,192,5,53,0.0,5,15.0,11,6,1,4,0,0,14,8,98,1.83,0.36363636363636365,4
74,53312.0,0,1,278.0,25.272727272727273,241,0,12,0.0,0,25.0,11,5,1,5,0,0,12,7,32,0.89,0.09090909090909091,1
73,72228.0,0,1,1250.0,59.523809523809526,631,28,491,30.0,14,56.0,21,6,7,8,0,0,9,3,87,1.59,0.047619047619047616,1
38,67605.0,0,1,874.5,54.65625,336,28,282,120.5,54,54.0,16,2,8,6,0,0,3,1,84,1.25,0.0625,1
76,62845.0,2,3,1178.0,69.29411764705883,1099,0,45,0.0,0,34.0,17,3,4,10,1,0,11,8,3,1.74,0.6470588235294118,11
67,65196.0,2,3,1081.5,45.0625,743,19,181,12.0,0,126.5,24,7,6,11,1,0,12,5,34,0.93,0.08333333333333333,2
38,42000.0,0,1,651.0,36.166666666666664,124,81,267,85.0,59,35.0,18,5,2,11,0,1,10,5,23,1.46,0.1111111111111111,2
52,35860.0,2,3,49.0,12.25,15,0,8,4.0,2,20.0,4,1,1,2,1,0,6,5,37,0.11,0.5,2
61,65526.0,1,2,506.0,31.625,397,19,69,12.0,0,9.0,16,4,4,8,0,0,6,2,22,0.22,0.0625,1
64,16860.0,2,3,38.0,7.6,10,4,4,3.0,3,14.0,5,1,1,3,0,0,8,7,19,1.79,0.6,3
33,83528.0,0,1,1458.0,66.27272727272727,530,81,556,120.5,44,126.5,22,4,10,8,2,1,5,1,7,0.16,0.045454545454545456,1
60,64176.0,1,2,1768.5,70.74,1215,33,249,64.0,81,126.5,25,8,9,8,0,0,14,6,52,1.9,0.32,8
69,22304.0,0,1,18.0,6.0,3,2,7,0.0,4,2.0,3,1,0,2,0,0,9,8,91,1.9,0.3333333333333333,1
47,67023.0,0,1,906.0,39.391304347826086,444,44,382,11.0,8,17.0,23,3,7,13,0,0,5,2,93,0.32,0.043478260869565216,1
54,32892.0,1,2,46.0,7.666666666666667,26,0,15,2.0,1,2.0,6,3,0,3,0,0,11,8,78,0.1,0.3333333333333333,2
59,70713.0,1,2,1380.5,72.65789473684211,736,81,279,82.0,76,126.5,19,5,6,8,0,0,8,3,23,1.57,0.3157894736842105,6
70,59925.0,1,2,766.0,38.3,473,21,176,19.0,21,56.0,20,9,2,9,0,0,15,6,83,1.58,0.15,3
72,39722.0,1,2,47.0,9.4,32,0,5,2.0,0,8.0,5,2,0,3,0,0,7,5,92,0.34,0.4,2
67,46610.0,0,1,467.0,35.92307692307692,288,10,30,4.0,10,125.0,13,6,1,6,0,0,12,6,4,0.95,0.07692307692307693,1
64,88347.0,0,1,1962.0,98.1,1050,81,555,77.0,81,118.0,20,4,7,9,1,0,5,1,32,0.99,0.05,1
44,87171.0,0,1,1298.0,54.083333333333336,1001,44,107,58.0,44,44.0,24,6,7,11,2,0,8,2,27,1.16,0.041666666666666664,1
49,26907.0,2,3,22.0,5.5,9,1,7,0.0,3,2.0,4,1,0,3,0,0,8,7,10,0.86,0.5,2
57,50014.0,1,2,396.0,30.46153846153846,234,14,77,19.0,10,42.0,13,4,1,8,0,0,9,5,9,0.43,0.15384615384615385,2
47,41014.0,1,2,20.0,6.666666666666667,7,2,6,2.0,0,3.0,3,1,0,2,0,0,8,7,65,1.19,0.3333333333333333,1
60,66294.0,0,1,929.0,77.41666666666667,251,81,334,65.0,81,117.0,12,4,3,5,0,0,6,2,68,0.28,0.08333333333333333,1
54,36715.0,1,2,357.0,27.46153846153846,172,10,125,21.0,13,16.0,13,7,2,4,0,1,16,9,16,1.61,0.46153846153846156,6
69,79456.0,0,1,1399.0,93.26666666666667,565,42,548,64.0,81,99.0,15,5,6,4,0,1,8,3,12,1.85,0.06666666666666667,1
43,40479.0,1,2,15.0,5.0,5,0,8,2.0,0,0.0,3,0,0,3,0,0,4,4,95,0.87,0.3333333333333333,1
55,75345.0,0,1,1794.5,94.44736842105263,918,57,556,99.0,38,126.5,19,5,8,6,1,1,8,3,16,1.4,0.05263157894736842,1
48,54233.0,1,2,965.5,43.88636363636363,652,8,158,21.0,0,126.5,22,11,6,5,0,0,19,8,46,1.4,0.18181818181818182,4
55,24163.0,2,3,17.0,4.25,4,1,7,2.0,1,2.0,4,1,0,3,0,0,5,4,3,0.71,0.5,2
67,84460.0,0,1,523.0,23.772727272727273,152,27,103,106.0,54,81.0,22,9,9,4,4,1,14,5,80,1.48,0.0,0
42,43776.0,1,2,23.0,7.666666666666667,8,0,9,2.0,1,3.0,3,1,0,2,0,0,7,6,77,0.16,0.3333333333333333,1
67,71691.0,0,1,1023.5,63.96875,336,81,411,120.5,32,43.0,16,4,7,5,0,1,6,2,0,0.28,0.0625,1
52,85844.0,0,1,1657.0,87.21052631578948,938,19,556,25.0,81,38.0,19,6,6,7,1,0,8,2,62,0.08,0.05263157894736842,1
51,39190.0,1,2,133.0,19.0,68,8,18,19.0,8,12.0,7,2,1,4,0,0,7,5,91,0.18,0.2857142857142857,2
66,71367.0,0,1,777.0,48.5625,227,23,389,42.0,21,75.0,16,4,5,7,0,0,6,2,24,0.85,0.0625,1
53,38578.0,2,3,73.0,12.166666666666666,38,4,22,3.0,3,3.0,6,3,0,3,0,0,11,8,2,1.02,0.5,3
60,57236.0,2,3,121.0,17.285714285714285,105,0,9,2.0,1,4.0,7,2,1,4,0,0,5,3,22,0.3,0.42857142857142855,3
46,61825.0,1,2,424.0,30.285714285714285,162,50,100,55.0,30,27.0,14,4,2,8,0,0,8,4,56,0.89,0.07142857142857142,1
67,79803.0,1,2,868.0,72.33333333333333,574,8,216,21.0,16,33.0,12,4,3,5,0,0,5,1,54,0.07,0.08333333333333333,1
39,80910.0,0,1,756.0,54.0,160,80,369,67.0,39,41.0,14,3,3,8,0,0,4,1,71,1.66,0.07142857142857142,1
43,27590.0,1,2,12.0,4.0,6,0,5,0.0,0,1.0,3,1,0,2,0,0,8,7,38,1.18,0.3333333333333333,1
46,56775.0,1,2,937.0,40.73913043478261,614,35,160,58.0,35,35.0,23,5,8,10,0,0,10,5,62,1.49,0.08695652173913043,2
50,83829.0,0,1,1636.5,96.26470588235294,897,81,430,120.5,81,27.0,17,4,7,6,3,1,5,1,78,0.72,0.0,0
46,54210.0,1,2,367.0,30.583333333333332,70,54,109,80.0,9,45.0,12,4,1,7,0,0,9,5,18,1.11,0.16666666666666666,2
39,38508.0,1,2,443.0,31.642857142857142,120,19,206,25.0,19,54.0,14,7,2,5,0,0,15,8,95,0.91,0.42857142857142855,6
55,53187.0,1,2,267.0,24.272727272727273,211,2,30,7.0,7,10.0,11,4,1,6,0,0,9,5,66,0.67,0.18181818181818182,2
53,30023.0,1,2,61.0,12.2,11,0,16,7.0,6,21.0,5,2,0,3,0,0,10,8,28,0.27,0.2,1
65,76045.0,0,1,1311.0,65.55,760,53,400,17.0,81,0.0,20,4,5,11,1,0,6,2,78,0.62,0.05,1
73,50870.0,1,2,63.0,12.6,53,0,8,0.0,0,2.0,5,2,0,3,0,0,7,5,13,0.03,0.2,1
55,15315.0,0,1,64.0,10.666666666666666,7,4,13,15.0,8,17.0,6,2,0,4,0,0,7,5,27,0.9,0.3333333333333333,2
51,65463.0,1,2,562.0,33.05882352941177,391,32,70,21.0,32,16.0,17,6,2,9,1,0,11,5,17,0.41,0.11764705882352941,2
60,66480.0,2,3,312.0,26.0,199,9,57,20.0,21,6.0,12,4,1,7,0,0,8,4,71,0.08,0.5833333333333334,7
71,76773.0,0,1,1156.0,77.06666666666666,516,56,449,86.0,33,16.0,15,2,2,11,0,0,3,1,79,1.34,0.06666666666666667,1
42,81698.0,0,1,1025.0,68.33333333333333,709,45,115,30.0,81,45.0,15,8,2,5,1,1,13,5,1,1.33,0.06666666666666667,1
52,54466.0,2,3,16.0,5.333333333333333,12,0,4,0.0,0,0.0,3,1,0,2,0,0,6,5,78,0.38,0.3333333333333333,1
65,98777.0,0,1,1814.5,95.5,1000,19,556,120.5,81,38.0,19,4,6,9,1,0,5,1,23,0.36,0.0,0
41,16269.0,1,2,44.0,7.333333333333333,19,3,18,3.0,1,0.0,6,3,0,3,0,0,11,8,75,0.83,0.5,3
54,71819.0,1,2,1532.5,139.3181818181818,1224,28,140,0.0,14,126.5,11,3,3,5,2,0,9,6,70,0.84,0.2727272727272727,3
42,33569.0,1,2,63.0,15.75,16,2,18,3.0,0,24.0,4,1,1,2,1,1,9,8,10,0.7,0.25,1
42,36262.0,0,1,399.5,36.31818181818182,88,39,54,64.0,28,126.5,11,3,5,3,1,1,9,6,24,0.77,0.09090909090909091,1
59,22634.0,0,1,96.0,19.2,2,23,11,8.0,6,46.0,5,2,1,2,0,0,10,8,47,1.45,0.2,1
47,47025.0,1,2,635.0,35.27777777777778,508,11,59,23.0,5,29.0,18,11,1,6,0,0,20,9,98,0.79,0.2777777777777778,5
57,70566.0,1,2,757.0,37.85,381,28,215,84.0,28,21.0,20,6,5,9,0,0,9,3,4,0.73,0.1,2
46,31605.0,1,2,125.0,17.857142857142858,74,0,42,2.0,1,6.0,7,2,1,4,0,0,9,7,15,1.6,0.2857142857142857,2
52,52034.0,2,3,332.0,30.181818181818183,146,0,93,7.0,13,73.0,11,4,2,5,0,0,11,7,67,1.12,0.45454545454545453,5
46,48526.0,1,2,135.0,19.285714285714285,23,17,23,43.0,20,9.0,7,2,1,4,0,0,5,3,32,0.51,0.14285714285714285,1
71,46734.0,1,2,330.0,27.5,110,5,137,26.0,23,29.0,12,6,1,5,0,0,13,7,40,1.61,0.16666666666666666,2
63,39552.0,2,3,384.0,29.53846153846154,165,3,147,4.0,24,41.0,13,6,2,5,0,1,14,8,54,1.53,0.5384615384615384,7
59,86358.0,2,3,1722.0,123.0,957,47,494,82.0,47,95.0,14,5,3,6,0,0,13,8,78,1.89,0.2857142857142857,4
48,46931.0,3,4,78.0,15.6,41,0,17,3.0,1,16.0,5,1,1,3,0,0,4,3,94,0.18,0.4,2
40,16581.0,0,1,24.0,8.0,1,3,4,2.0,3,11.0,3,0,0,3,0,0,4,4,51,1.46,0.3333333333333333,1
73,63998.0,0,1,906.0,37.75,176,29,556,0.0,33,112.0,24,7,6,11,0,1,11,4,42,0.52,0.041666666666666664,1
74,67381.0,1,2,957.0,73.61538461538461,815,8,53,11.0,0,70.0,13,2,2,9,1,0,9,7,67,1.45,0.3076923076923077,4
58,25930.0,2,3,15.0,5.0,6,1,2,2.0,0,4.0,3,1,0,2,0,0,8,7,87,0.72,0.3333333333333333,1
47,42693.0,1,2,57.0,14.25,8,4,20,6.0,3,16.0,4,1,0,3,0,0,6,5,29,0.06,0.25,1
49,85606.0,1,2,1549.5,70.43181818181819,717,42,556,120.5,30,84.0,22,6,7,9,1,0,9,3,89,1.63,0.09090909090909091,2
40,72903.0,0,1,1762.0,88.1,1067,81,556,0.0,19,39.0,20,7,5,8,3,1,11,4,74,0.67,0.05,1
51,49669.0,1,2,326.0,27.166666666666668,166,5,107,11.0,8,29.0,12,5,1,6,0,0,11,6,97,0.1,0.16666666666666666,2
57,36778.0,2,3,77.0,12.833333333333334,29,4,34,2.0,4,4.0,6,3,0,3,0,0,12,9,63,1.9,0.5,3
63,85696.0,0,1,1313.0,69.10526315789474,714,76,395,116.0,0,12.0,19,4,6,9,0,1,5,1,88,1.16,0.05263157894736842,1
36,10979.0,0,1,30.0,5.0,8,4,10,2.0,2,4.0,6,3,0,3,0,0,8,5,34,0.1,0.3333333333333333,2
64,49678.0,1,2,315.0,26.25,229,5,56,3.0,2,20.0,12,6,2,4,0,0,13,7,81,1.4,0.16666666666666666,2
72,56129.0,1,2,660.0,36.666666666666664,320,48,133,39.0,72,48.0,18,6,2,10,0,0,10,4,65,1.02,0.2222222222222222,4
36,37155.0,1,2,74.0,12.333333333333334,23,0,26,7.0,15,3.0,6,2,0,4,0,0,7,5,51,1.41,0.16666666666666666,1
47,21282.0,1,2,46.0,9.2,1,5,8,4.0,8,20.0,5,2,1,2,0,0,8,6,76,0.13,0.4,2
63,33419.0,1,2,86.0,14.333333333333334,56,0,12,0.0,0,18.0,6,2,0,4,0,0,9,7,76,0.87,0.3333333333333333,2
80,63285.0,0,1,1052.5,43.854166666666664,508,81,249,50.0,38,126.5,24,6,5,13,0,0,9,3,84,0.65,0.041666666666666664,1
51,21255.0,1,2,61.0,8.714285714285714,29,0,25,2.0,2,3.0,7,2,1,4,0,0,6,4,56,0.44,0.5714285714285714,4
44,42162.0,1,2,145.0,20.714285714285715,46,7,59,2.0,4,27.0,7,3,1,3,1,1,9,6,31,0.61,0.2857142857142857,2
69,54450.0,2,3,684.0,36.0,454,0,171,8.0,19,32.0,19,9,2,8,0,0,17,8,0,1.79,0.631578947368421,12
71,57744.0,1,2,411.0,29.357142857142858,350,3,39,0.0,0,19.0,14,9,1,4,0,0,17,8,91,0.63,0.14285714285714285,2
39,26576.0,1,2,27.0,9.0,10,0,8,0.0,0,9.0,3,1,0,2,1,1,10,9,40,1.71,0.3333333333333333,1
82,57513.0,0,1,1060.0,42.4,735,40,183,52.0,20,30.0,25,9,3,13,0,0,15,6,59,0.98,0.08,2
61,68142.0,1,2,1383.0,65.85714285714286,897,81,196,91.0,81,37.0,21,10,4,7,0,0,16,6,96,1.83,0.14285714285714285,3
46,7500.0,1,2,18.0,6.0,5,2,3,3.0,0,5.0,3,1,0,2,0,0,9,8,61,1.83,0.3333333333333333,1
51,83145.0,0,1,1602.0,64.08,777,35,556,39.0,81,114.0,25,5,9,11,1,1,7,2,14,1.77,0.04,1
65,54197.0,1,2,237.0,23.7,162,6,37,6.0,13,13.0,10,1,3,6,0,0,2,1,16,0.24,0.2,2
62,23091.0,2,3,48.0,8.0,35,0,11,0.0,0,2.0,6,2,1,3,0,0,9,7,98,0.09,0.6666666666666666,4
49,46049.0,2,3,515.0,32.1875,342,9,112,19.0,14,19.0,16,5,2,9,0,1,12,7,11,0.94,0.625,10
51,56715.0,0,1,788.5,56.32142857142857,258,81,239,120.5,81,9.0,14,7,3,4,0,0,11,4,52,1.56,0.07142857142857142,1
64,79410.0,0,1,1367.5,136.75,658,80,483,120.5,13,13.0,10,3,2,5,0,0,4,1,19,0.08,0.1,1
74,57304.0,1,2,1008.5,43.84782608695652,356,80,329,120.5,17,106.0,23,7,6,10,0,0,12,5,61,1.3,0.08695652173913043,2
60,44375.0,1,2,301.0,27.363636363636363,213,5,28,7.0,7,41.0,11,4,1,6,0,0,9,5,73,0.27,0.09090909090909091,1
69,54450.0,2,3,684.0,36.0,454,0,171,8.0,19,32.0,19,9,2,8,0,0,17,8,0,1.79,0.631578947368421,12
60,59594.0,1,2,499.0,31.1875,457,4,29,0.0,0,9.0,16,8,1,7,1,0,15,7,74,1.69,0.0625,1
31,80685.0,0,1,956.0,47.8,241,45,556,34.0,26,54.0,20,6,4,10,0,0,8,2,55,1.85,0.05,1
51,40344.0,1,2,218.0,21.8,210,0,6,0.0,0,2.0,10,4,1,5,0,0,11,7,48,0.71,0.2,2
53,62710.0,1,2,606.0,33.666666666666664,441,35,83,7.0,29,11.0,18,4,2,12,0,0,8,4,53,1.1,0.2222222222222222,4
57,48985.0,1,2,75.0,15.0,19,13,18,10.0,7,8.0,5,1,1,3,0,0,4,3,13,0.98,0.2,1
57,35322.0,3,4,106.0,17.666666666666668,28,9,37,12.0,7,13.0,6,2,0,4,0,0,10,8,34,1.85,0.5,3
77,77142.0,0,1,920.0,57.5,476,75,162,29.0,81,97.0,16,4,4,8,0,0,6,2,54,1.08,0.0625,1
56,81657.0,0,1,1059.5,70.63333333333334,364,40,425,120.5,60,50.0,15,3,4,8,0,0,4,1,69,0.43,0.06666666666666667,1
29,14421.0,0,1,16.0,5.333333333333333,0,0,2,3.0,3,8.0,3,1,0,2,1,0,6,5,81,0.36,0.3333333333333333,1
51,20130.0,0,1,34.0,8.5,0,6,3,7.0,6,12.0,4,1,0,3,0,0,9,8,99,0.28,0.25,1
35,74214.0,0,1,1691.0,112.73333333333333,863,81,547,86.0,81,33.0,15,8,2,5,0,0,13,5,3,1.84,0.06666666666666667,1
68,66726.0,2,3,438.0,31.285714285714285,349,7,35,0.0,0,47.0,14,8,2,4,1,0,15,7,61,0.46,0.21428571428571427,3
46,23724.0,1,2,75.0,15.0,5,23,15,0.0,18,14.0,5,2,0,3,0,0,10,8,65,1.47,0.4,2
65,47353.0,1,2,225.0,22.5,184,2,19,8.0,8,4.0,10,2,2,6,0,0,7,5,93,0.62,0.3,3
73,33444.0,2,3,18.0,6.0,8,0,8,0.0,0,2.0,3,1,0,2,0,0,9,8,24,1.65,0.3333333333333333,1
44,54386.0,1,2,470.0,31.333333333333332,277,21,64,62.0,21,25.0,15,3,2,10,0,0,6,3,8,1.12,0.13333333333333333,2
44,28510.0,2,3,91.0,15.166666666666666,44,5,19,0.0,4,19.0,6,2,0,4,0,0,7,5,72,1.21,0.5,3
34,90638.0,0,1,2064.0,121.41176470588235,1156,81,556,94.0,81,96.0,17,3,4,10,1,0,4,1,29,0.37,0.058823529411764705,1
75,48070.0,1,2,504.0,31.5,373,14,83,6.0,9,19.0,16,8,2,6,0,0,15,7,33,1.46,0.1875,3
68,43140.0,1,2,235.0,23.5,134,8,76,6.0,0,11.0,10,4,1,5,0,0,10,6,68,1.48,0.1,1
64,54959.0,1,2,1232.0,68.44444444444444,1148,0,60,0.0,0,24.0,18,9,5,4,1,1,16,7,55,1.44,0.16666666666666666,3
67,15056.0,2,3,88.0,12.571428571428571,6,12,3,21.0,6,40.0,7,2,2,3,0,0,7,5,76,1.16,0.7142857142857143,5
54,26954.0,1,2,17.0,5.666666666666667,4,1,11,0.0,0,1.0,3,1,0,2,0,0,8,7,17,0.14,0.3333333333333333,1
40,22327.0,1,2,24.0,6.0,5,4,8,2.0,0,5.0,4,1,0,3,0,0,6,5,94,0.91,0.25,1
60,44393.0,2,3,60.0,12.0,24,2,20,2.0,2,10.0,5,1,0,4,0,0,5,4,86,0.85,0.4,2
73,62000.0,1,2,1020.0,40.8,899,0,101,0.0,0,20.0,25,6,6,13,1,0,10,4,25,0.84,0.04,1
63,31497.0,1,2,155.0,19.375,108,1,28,13.0,1,4.0,8,3,1,4,0,0,11,8,22,1.56,0.25,2
51,45894.0,2,3,51.0,12.75,27,2,7,0.0,2,13.0,4,1,0,3,0,0,6,5,15,0.33,0.25,1
55,78579.0,0,1,1716.5,114.43333333333334,816,66,549,120.5,66,99.0,15,5,6,4,0,1,8,3,35,1.52,0.06666666666666667,1
56,67369.0,1,2,1387.0,66.04761904761905,1224,0,70,37.0,14,42.0,21,7,4,10,2,1,11,4,81,1.61,0.19047619047619047,4
65,58401.0,1,2,96.0,19.2,10,0,11,17.0,29,29.0,5,1,2,2,0,0,5,4,55,0.19,0.2,1
73,62307.0,1,2,160.0,20.0,87,13,34,10.0,6,10.0,8,4,0,4,0,0,9,5,94,0.36,0.125,1
56,43641.0,2,3,139.0,19.857142857142858,57,2,51,4.0,2,23.0,7,2,1,4,0,0,8,6,50,1.19,0.42857142857142855,3
57,63841.0,1,2,903.5,43.023809523809526,635,15,100,20.0,7,126.5,21,9,3,9,0,0,15,6,64,1.19,0.047619047619047616,1
60,46891.0,1,2,183.0,26.142857142857142,43,12,23,29.0,15,61.0,7,2,1,4,0,0,6,4,91,0.82,0.14285714285714285,1
56,70091.0,1,2,1161.0,68.29411764705883,964,34,137,15.0,0,11.0,17,5,2,10,1,0,13,8,11,1.25,0.11764705882352941,2
53,78075.0,0,1,988.0,76.0,572,8,259,34.0,35,80.0,13,3,5,5,0,0,4,1,72,0.23,0.07692307692307693,1
64,59184.0,1,2,802.5,33.4375,341,81,113,120.5,81,66.0,24,6,6,12,0,0,11,5,6,1.8,0.125,3
48,54809.0,2,3,174.0,21.75,63,6,57,13.0,13,22.0,8,2,1,5,0,0,6,4,0,0.8,0.5,4
66,58113.0,1,2,735.0,38.68421052631579,221,81,169,102.0,78,84.0,19,9,2,8,0,0,16,7,66,1.42,0.15789473684210525,3
67,51412.0,1,2,195.0,21.666666666666668,140,3,29,4.0,5,14.0,9,3,2,4,0,0,7,4,42,0.49,0.2222222222222222,2
46,15287.0,1,2,31.0,7.75,1,2,8,4.0,3,13.0,4,1,1,2,1,1,8,7,60,1.72,0.5,2
68,66636.0,0,1,951.0,59.4375,291,10,556,84.0,10,0.0,16,3,4,9,0,0,4,1,64,0.87,0.0625,1
69,50965.0,1,2,685.0,36.05263157894737,544,13,85,8.0,6,29.0,19,10,4,5,1,0,18,8,87,1.35,0.15789473684210525,3
60,84618.0,0,1,1408.0,56.32,684,81,556,21.0,66,0.0,25,6,9,10,1,0,8,2,96,0.6,0.04,1
35,18351.0,0,1,43.0,8.6,1,12,9,0.0,14,7.0,5,2,0,3,0,0,9,7,1,0.67,0.2,1
68,40451.0,2,3,49.0,12.25,35,0,4,0.0,0,10.0,4,1,1,2,1,0,6,5,54,0.36,0.25,1
60,36317.0,1,2,133.0,19.0,87,3,25,3.0,2,13.0,7,3,0,4,0,0,10,7,53,1.1,0.2857142857142857,2
68,42213.0,1,2,363.0,27.923076923076923,309,3,24,4.0,3,20.0,13,5,1,7,1,0,12,7,96,0.71,0.15384615384615385,2
70,65748.0,1,2,545.0,34.0625,172,73,93,95.0,78,34.0,16,2,4,10,0,0,3,1,58,1.2,0.125,2
53,77044.0,1,2,1065.0,36.724137931034484,625,38,242,50.0,34,76.0,29,7,11,11,1,0,11,4,12,0.67,0.06896551724137931,2
56,74918.0,0,1,1690.0,84.5,972,59,556,25.0,19,59.0,20,5,9,6,1,0,8,3,78,1.3,0.05,1
53,56721.0,2,3,296.0,29.6,157,6,39,6.0,13,75.0,10,4,1,5,0,0,10,6,64,1.66,0.5,5
50,42160.0,2,3,140.0,20.0,48,9,45,3.0,15,20.0,7,2,1,4,0,1,8,6,26,1.0,0.5714285714285714,4
60,61559.0,1,2,528.0,33.0,279,81,88,32.0,14,34.0,16,4,2,10,0,0,7,3,8,0.95,0.0625,1
62,33629.0,2,3,152.0,19.0,132,0,16,0.0,0,4.0,8,3,1,4,0,0,12,9,49,1.89,0.625,5
34,68682.0,0,1,1598.0,69.47826086956522,919,0,505,99.0,30,45.0,23,4,9,10,0,0,6,2,56,0.73,0.043478260869565216,1
62,34377.0,1,2,114.0,19.0,62,0,22,3.0,1,26.0,6,2,2,2,0,0,9,7,55,1.44,0.3333333333333333,2
39,8940.0,1,2,101.0,14.428571428571429,1,45,3,4.0,6,42.0,7,3,1,3,0,0,11,8,25,1.85,0.42857142857142855,3
52,26228.0,1,2,25.0,8.333333333333334,2,6,4,3.0,1,9.0,3,1,0,2,0,0,9,8,50,0.77,0.3333333333333333,1
68,77297.0,0,1,748.0,35.61904761904762,408,61,109,48.0,81,41.0,21,5,7,9,1,0,9,4,84,1.42,0.047619047619047616,1
44,40211.0,2,3,87.0,17.4,51,1,7,2.0,1,25.0,5,2,1,2,1,0,10,8,30,0.91,0.4,2
67,33438.0,2,3,90.0,12.857142857142858,62,1,16,3.0,2,6.0,7,2,1,4,0,0,7,5,81,0.77,0.5714285714285714,4
66,75032.0,1,2,1215.0,67.5,952,12,180,47.0,12,12.0,18,5,4,9,0,0,8,3,74,1.17,0.1111111111111111,2
70,61284.0,0,1,811.0,38.61904761904762,618,15,106,20.0,7,45.0,21,11,2,8,1,0,17,6,76,0.71,0.047619047619047616,1
39,22518.0,1,2,61.0,12.2,11,7,12,2.0,2,27.0,5,2,1,2,1,1,7,5,36,1.68,0.4,2
50,54730.0,1,2,405.0,31.153846153846153,318,3,17,4.0,7,56.0,13,4,1,8,0,0,8,4,64,0.87,0.38461538461538464,5
70,38452.0,2,3,72.0,12.0,56,0,14,0.0,0,2.0,6,3,0,3,0,0,10,7,62,0.25,0.5,3
54,44421.0,2,3,189.0,21.0,110,5,59,7.0,1,7.0,9,5,0,4,0,0,13,8,53,1.37,0.5555555555555556,5
39,38197.0,1,2,40.0,10.0,23,0,11,2.0,1,3.0,4,1,0,3,0,0,6,5,86,1.0,0.25,1
47,41986.0,1,2,63.0,9.0,27,5,8,8.0,3,12.0,7,3,0,4,0,0,7,4,15,0.38,0.42857142857142855,3
42,28427.0,1,2,52.0,10.4,18,3,19,3.0,3,6.0,5,2,0,3,0,0,10,8,67,1.27,0.4,2
49,37395.0,1,2,39.0,9.75,18,0,9,0.0,1,11.0,4,1,0,3,0,0,7,6,47,0.16,0.25,1
54,64722.0,1,2,739.0,35.19047619047619,303,0,280,60.0,81,15.0,21,8,2,11,0,0,14,6,47,0.09,0.19047619047619047,4
69,55249.0,1,2,130.0,18.571428571428573,97,1,19,2.0,0,11.0,7,2,1,4,0,0,5,3,81,0.2,0.14285714285714285,1
53,84906.0,0,1,1631.0,70.91304347826087,997,15,414,99.0,30,76.0,23,5,6,12,3,0,7,2,98,0.73,0.043478260869565216,1
36,28691.0,1,2,34.0,8.5,5,4,13,8.0,0,4.0,4,1,0,3,0,0,9,8,56,0.99,0.25,1
73,44213.0,2,3,152.0,19.0,95,11,35,0.0,4,7.0,8,2,1,5,0,0,8,6,48,0.58,0.5,4
41,25707.0,1,2,21.0,5.25,1,6,2,3.0,6,3.0,4,1,0,3,0,0,8,7,18,0.44,0.25,1
58,59062.0,3,4,71.0,14.2,46,1,12,3.0,0,9.0,5,2,0,3,0,0,6,4,74,0.74,0.4,2
63,76624.0,1,2,840.0,38.18181818181818,411,81,147,54.0,81,66.0,22,5,10,7,1,0,6,1,68,0.1,0.045454545454545456,1
78,66000.0,0,1,711.0,79.0,244,51,270,101.0,0,45.0,9,1,3,5,0,0,2,1,36,0.19,0.1111111111111111,1
47,27683.0,1,2,351.0,29.25,152,9,121,12.0,12,45.0,12,6,2,4,0,0,14,8,90,1.9,0.3333333333333333,4
54,1730.0,0,1,8.0,0.0,1,1,3,1.0,1,1.0,0,0,0,0,0,0,20,20,65,0.11,0.0,15
33,7500.0,1,2,119.0,17.0,10,17,18,8.0,26,40.0,7,3,2,2,0,0,12,9,63,1.57,0.5714285714285714,4
57,40521.0,2,3,21.0,7.0,12,0,5,0.0,0,4.0,3,0,1,2,0,0,5,5,82,1.23,0.3333333333333333,1
52,20427.0,1,2,10.0,3.3333333333333335,5,0,4,0.0,0,1.0,3,1,0,2,0,0,9,8,63,0.27,0.3333333333333333,1
50,65106.0,1,2,973.0,40.541666666666664,790,19,133,12.0,0,19.0,24,8,3,13,1,0,14,6,55,0.1,0.125,3
60,69969.0,0,1,1536.0,128.0,882,29,514,38.0,29,44.0,12,4,2,6,2,1,7,3,64,0.84,0.08333333333333333,1
73,67433.0,2,3,992.0,41.333333333333336,615,28,259,12.0,48,30.0,24,6,5,13,1,0,10,4,51,0.95,0.16666666666666666,4
58,77766.0,1,2,1529.0,47.78125,1004,59,265,115.0,59,27.0,32,11,10,11,1,1,17,6,97,1.35,0.0625,2
53,74716.0,1,2,746.0,49.733333333333334,133,27,421,13.0,81,71.0,15,7,3,5,0,0,11,4,92,0.79,0.13333333333333333,2
62,68118.0,1,2,900.5,42.88095238095238,595,23,123,10.0,23,126.5,21,8,9,4,0,0,14,6,51,0.7,0.09523809523809523,2
55,55158.0,2,3,418.0,29.857142857142858,293,0,87,4.0,11,23.0,14,7,2,5,0,1,14,7,72,1.91,0.2857142857142857,4
70,62972.0,1,2,521.5,37.25,313,15,47,20.0,0,126.5,14,7,4,3,0,1,13,6,39,1.9,0.14285714285714285,2
50,74190.0,1,2,583.5,34.3235294117647,151,81,86,120.5,81,64.0,17,4,2,11,0,0,6,2,49,0.13,0.11764705882352941,2
49,39356.0,2,3,23.0,7.666666666666667,15,0,2,0.0,0,6.0,3,1,0,2,1,0,7,6,21,0.28,0.3333333333333333,1
56,76653.0,0,1,1682.5,76.47727272727273,736,63,556,120.5,81,126.0,22,4,7,11,2,0,6,2,91,0.87,0.045454545454545456,1
52,35860.0,2,3,49.0,12.25,15,0,8,4.0,2,20.0,4,1,1,2,1,0,6,5,37,0.11,0.5,2
42,90687.0,0,1,1663.0,103.9375,982,17,556,23.0,34,51.0,16,6,2,8,1,1,8,2,98,1.1,0.0625,1
43,73450.0,0,1,1804.0,69.38461538461539,1142,51,415,90.0,69,37.0,26,7,8,11,2,0,10,3,85,0.56,0.038461538461538464,1
65,31454.0,2,3,48.0,9.6,28,0,11,0.0,0,9.0,5,2,0,3,0,0,10,8,40,0.98,0.6,3
73,47139.0,2,3,83.0,16.6,46,0,12,0.0,2,23.0,5,2,1,2,0,1,9,7,2,0.31,0.4,2
50,83829.0,0,1,1636.5,96.26470588235294,897,81,430,120.5,81,27.0,17,4,7,6,3,1,5,1,78,0.72,0.0,0
62,53378.0,2,3,787.5,41.44736842105263,489,6,152,8.0,6,126.5,19,9,4,6,0,1,17,8,41,1.76,0.5263157894736842,10
55,19656.0,1,2,84.0,14.0,25,4,9,6.0,8,32.0,6,2,1,3,0,0,9,7,94,1.39,0.5,3
77,45579.0,1,2,183.0,20.333333333333332,145,1,33,2.0,1,1.0,9,4,1,4,0,0,10,6,10,0.86,0.1111111111111111,1
67,85485.0,0,1,1328.0,73.77777777777777,630,26,556,44.0,18,54.0,18,6,6,6,0,0,8,2,73,0.02,0.05555555555555555,1
81,55956.0,0,1,999.0,71.35714285714286,760,38,104,50.0,9,38.0,14,7,3,4,1,0,11,4,22,0.23,0.14285714285714285,2
62,64191.0,1,2,794.5,37.833333333333336,420,15,186,120.5,38,15.0,21,5,3,13,0,0,8,3,30,1.43,0.14285714285714285,3
53,38808.0,1,2,246.0,24.6,125,17,52,3.0,19,30.0,10,5,1,4,1,1,13,8,21,1.84,0.4,4
59,57183.0,2,3,610.0,35.88235294117647,464,5,64,7.0,0,70.0,17,9,1,7,0,0,17,8,51,1.28,0.47058823529411764,8
57,23748.0,1,2,76.0,12.666666666666666,6,6,29,12.0,15,8.0,6,2,1,3,0,0,10,8,97,1.6,0.5,3
54,66303.0,1,2,1286.0,71.44444444444444,1090,12,96,16.0,12,60.0,18,3,4,11,1,0,11,8,56,1.34,0.2222222222222222,4
50,37368.0,1,2,30.0,10.0,3,2,11,2.0,2,10.0,3,1,0,2,1,0,7,6,4,0.53,0.3333333333333333,1
61,40800.0,3,4,99.0,16.5,24,0,27,8.0,30,10.0,6,3,0,3,0,0,10,7,77,1.49,0.3333333333333333,2
47,71847.0,0,1,1108.5,50.38636363636363,737,21,106,55.0,63,126.5,22,6,7,9,1,0,9,3,95,1.77,0.0,0
50,46149.0,1,2,362.0,27.846153846153847,254,6,71,4.0,0,27.0,13,5,1,7,0,0,10,5,36,0.58,0.38461538461538464,5
42,78687.0,0,1,1756.0,97.55555555555556,817,81,556,120.5,55,126.5,18,4,6,8,1,1,6,2,13,1.89,0.05555555555555555,1
54,49118.0,0,1,1212.0,46.61538461538461,620,54,239,99.0,81,119.0,26,9,7,10,2,1,16,7,90,1.86,0.07692307692307693,2
68,37633.0,2,3,38.0,9.5,13,4,20,0.0,0,1.0,4,1,0,3,0,0,10,9,49,1.77,0.5,2
74,39767.0,0,1,485.0,32.333333333333336,113,61,204,34.0,26,47.0,15,7,1,7,0,0,15,8,18,0.94,0.13333333333333333,2
74,26997.0,0,1,404.0,36.72727272727273,7,23,78,120.5,49,126.5,11,4,2,5,0,0,11,7,89,1.65,0.18181818181818182,2
55,33986.0,1,2,44.0,11.0,16,2,18,2.0,1,5.0,4,1,0,3,0,0,8,7,43,1.29,0.25,1
53,57091.0,1,2,496.0,31.0,462,0,24,6.0,0,4.0,16,9,2,5,1,1,16,7,82,1.6,0.125,2
56,46831.0,2,3,78.0,15.6,22,2,10,6.0,4,34.0,5,1,2,2,0,0,5,4,84,1.06,0.4,2
53,83151.0,0,1,1894.0,86.0909090909091,968,81,556,120.5,42,126.5,22,5,7,10,3,1,7,2,80,1.38,0.045454545454545456,1
54,52531.0,0,1,763.0,40.1578947368421,283,81,151,51.0,72,125.0,19,7,2,10,0,0,13,6,68,1.49,0.10526315789473684,2
69,15759.0,0,1,17.0,5.666666666666667,1,2,5,6.0,0,3.0,3,1,0,2,0,0,8,7,12,0.81,0.3333333333333333,1
54,22804.0,1,2,26.0,6.5,14,1,7,2.0,1,1.0,4,2,0,2,0,0,11,9,75,0.91,0.25,1
52,43050.0,1,2,76.0,12.666666666666666,30,5,24,6.0,3,8.0,6,2,0,4,0,0,7,5,10,0.28,0.3333333333333333,2
48,42997.0,2,3,15.0,5.0,4,0,5,0.0,1,5.0,3,1,0,2,0,0,8,7,91,0.56,0.3333333333333333,1
62,48918.0,2,3,62.0,12.4,52,0,9,0.0,0,1.0,5,1,0,4,0,0,5,4,21,0.21,0.4,2
71,60033.0,1,2,198.0,24.75,62,1,57,19.0,11,48.0,8,2,1,5,0,0,4,2,28,0.25,0.25,2
47,34043.0,1,2,49.0,12.25,20,2,14,3.0,0,10.0,4,2,0,2,0,0,11,9,97,0.68,0.25,1
59,57811.0,1,2,802.0,40.1,545,7,114,37.0,21,78.0,20,7,2,11,1,0,12,5,49,1.01,0.25,5
79,78569.0,0,1,1489.5,106.39285714285714,558,79,556,120.5,81,95.0,14,4,6,4,1,1,5,1,14,0.36,0.07142857142857142,1
47,7500.0,2,3,57.0,9.5,6,5,4,13.0,4,25.0,6,2,1,3,0,0,8,6,5,1.5,0.6666666666666666,4
54,117418.0,1,2,59.0,29.5,39,1,9,2.0,0,8.0,2,1,0,1,0,0,2,1,37,1.07,0.0,0
72,94384.0,0,1,1983.0,110.16666666666667,1111,24,556,120.5,45,126.5,18,5,8,5,3,1,7,2,62,1.32,0.0,0
40,23148.0,0,1,37.0,7.4,4,6,8,6.0,3,10.0,5,2,0,3,0,0,9,7,83,0.36,0.2,1
55,44267.0,2,3,310.0,28.181818181818183,183,5,65,3.0,5,49.0,11,5,2,4,0,0,14,9,48,1.34,0.45454545454545453,5
46,71626.0,0,1,1241.0,68.94444444444444,546,72,376,94.0,81,72.0,18,5,5,8,1,0,8,3,94,1.66,0.05555555555555555,1
59,60894.0,1,2,832.0,39.61904761904762,606,7,155,10.0,0,54.0,21,10,3,8,0,0,17,7,61,1.0,0.23809523809523808,5
49,50200.0,2,3,401.0,30.846153846153847,266,6,51,8.0,6,64.0,13,7,1,5,0,0,15,8,70,1.24,0.46153846153846156,6
60,81051.0,0,1,1501.0,68.22727272727273,1142,29,249,38.0,29,14.0,22,5,5,12,2,0,7,2,43,0.1,0.045454545454545456,1
43,65169.0,0,1,1189.0,44.03703703703704,1074,0,69,0.0,0,46.0,27,10,4,13,4,1,16,6,23,0.45,0.037037037037037035,1
53,59868.0,1,2,1166.5,46.66,771,51,154,54.0,10,126.5,25,11,2,12,0,0,17,6,37,0.94,0.28,7
65,65695.0,1,2,656.0,34.526315789473685,371,32,189,0.0,58,6.0,19,5,4,10,0,0,9,4,50,0.41,0.10526315789473684,2
69,64857.0,0,1,1289.5,58.61363636363637,556,14,556,120.5,0,43.0,22,7,5,10,0,0,11,4,78,1.6,0.045454545454545456,1
60,45143.0,1,2,311.0,25.916666666666668,202,5,74,11.0,5,14.0,12,6,1,5,0,0,13,7,74,0.84,0.25,3
70,74805.0,1,2,658.0,31.333333333333332,209,81,209,41.0,81,37.0,21,4,7,10,0,0,6,2,14,0.64,0.23809523809523808,5
36,59060.0,1,2,274.0,24.90909090909091,35,40,111,36.0,40,12.0,11,3,1,7,0,0,7,4,77,0.46,0.2727272727272727,3
63,27238.0,2,3,57.0,9.5,37,0,17,0.0,0,3.0,6,3,0,3,0,0,12,9,39,1.19,0.5,3
60,47009.0,1,2,448.0,34.46153846153846,171,45,73,59.0,10,90.0,13,3,2,8,0,0,7,4,89,0.74,0.3076923076923077,4
52,46094.0,2,3,44.0,11.0,12,2,20,3.0,2,5.0,4,1,0,3,0,0,8,7,62,0.05,0.25,1
53,40321.0,2,3,102.0,17.0,44,4,21,6.0,0,27.0,6,3,0,3,0,0,10,7,59,0.92,0.3333333333333333,2
41,37235.0,1,2,61.0,15.25,20,2,9,4.0,6,20.0,4,1,1,2,0,0,5,4,68,0.41,0.25,1
65,81843.0,0,1,1626.5,62.55769230769231,779,81,537,34.0,69,126.5,26,5,9,12,0,0,8,3,13,1.19,0.038461538461538464,1
67,46692.0,1,2,397.0,33.083333333333336,170,6,97,24.0,12,88.0,12,6,1,5,0,0,12,6,37,1.06,0.25,3
57,77382.0,1,2,1089.5,45.395833333333336,491,48,231,112.0,81,126.5,24,5,7,12,1,0,6,1,36,0.47,0.08333333333333333,2
48,37774.0,2,3,423.5,35.291666666666664,173,8,107,7.0,2,126.5,12,7,2,3,1,1,16,9,28,1.82,0.3333333333333333,4
51,18393.0,1,2,50.0,8.333333333333334,7,10,13,16.0,0,4.0,6,3,0,3,0,0,11,8,2,0.25,0.3333333333333333,2
63,72828.0,1,2,1599.5,72.70454545454545,1205,0,235,19.0,14,126.5,22,6,3,13,0,0,13,7,17,1.37,0.2727272727272727,6
43,24711.0,0,1,58.0,9.666666666666666,10,7,25,6.0,3,7.0,6,3,0,3,0,0,10,7,86,0.2,0.16666666666666666,1
50,45503.0,1,2,170.0,21.25,97,4,44,6.0,1,18.0,8,3,1,4,0,0,8,5,54,0.76,0.125,1
43,6560.0,0,1,237.5,118.75,67,11,26,4.0,3,126.5,2,1,0,1,0,0,18,17,2,0.54,0.0,0
80,71604.0,0,1,1196.0,74.75,345,53,528,98.0,75,97.0,16,8,3,5,1,1,12,4,3,0.61,0.0625,1
46,27244.0,1,2,101.0,16.833333333333332,6,5,17,3.0,24,46.0,6,2,2,2,0,0,9,7,84,0.31,0.3333333333333333,2
56,48752.0,2,3,316.0,26.333333333333332,73,57,100,71.0,15,0.0,12,6,1,5,0,1,15,9,8,1.54,0.4166666666666667,5
63,71434.0,1,2,1292.0,71.77777777777777,711,36,217,120.5,81,126.5,18,7,4,7,2,0,11,4,4,0.78,0.16666666666666666,3
77,90842.0,0,1,1256.5,48.32692307692308,774,70,118,120.5,81,93.0,26,4,9,13,0,0,5,1,57,0.92,0.038461538461538464,1
47,88097.0,1,2,799.0,42.05263157894737,163,0,480,0.0,81,75.0,19,6,5,8,3,1,15,9,24,1.86,0.05263157894736842,1
50,51948.0,1,2,311.0,28.272727272727273,82,33,54,71.0,30,41.0,11,5,2,4,0,0,10,5,51,0.78,0.18181818181818182,2
43,71853.0,0,1,1085.5,67.84375,358,81,413,120.5,81,32.0,16,2,8,6,0,0,3,1,29,1.14,0.0625,1
42,35876.0,0,1,129.0,18.428571428571427,66,2,40,4.0,3,14.0,7,3,1,3,0,0,9,6,13,0.19,0.14285714285714285,1
73,40049.0,1,2,32.0,8.0,13,6,7,0.0,3,3.0,4,1,0,3,0,0,7,6,23,0.7,0.25,1
43,39660.0,1,2,299.0,27.181818181818183,139,13,78,20.0,13,36.0,11,7,1,3,0,1,16,9,36,1.89,0.2727272727272727,3
63,50127.0,1,2,320.0,26.666666666666668,274,0,21,4.0,6,15.0,12,5,1,6,1,0,11,6,88,0.08,0.08333333333333333,1
48,43263.0,1,2,441.0,33.92307692307692,262,6,61,0.0,10,102.0,13,5,2,6,0,0,10,5,2,1.6,0.23076923076923078,3
76,62845.0,2,3,1178.0,69.29411764705883,1099,0,45,0.0,0,34.0,17,3,4,10,1,1,11,8,3,1.74,0.6470588235294118,11
35,18929.0,0,1,85.0,17.0,32,0,8,23.0,4,18.0,5,1,0,4,0,0,7,6,15,1.36,0.2,1
43,24367.0,1,2,24.0,8.0,2,4,2,0.0,11,5.0,3,1,0,2,0,0,10,9,58,1.28,0.3333333333333333,1
50,33249.0,1,2,112.0,18.666666666666668,6,10,21,19.0,14,42.0,6,2,1,3,0,0,8,6,11,1.35,0.3333333333333333,2
66,26887.0,1,2,30.0,7.5,6,7,4,3.0,4,6.0,4,1,0,3,0,0,7,6,27,1.38,0.25,1
42,50150.0,0,1,410.0,29.285714285714285,135,46,92,65.0,61,11.0,14,5,2,7,0,0,10,5,32,1.02,0.14285714285714285,2
49,62061.0,1,2,800.0,38.095238095238095,641,7,84,0.0,30,38.0,21,10,4,7,1,0,16,6,12,0.83,0.14285714285714285,3
63,85696.0,0,1,1313.0,69.10526315789474,714,76,395,116.0,0,12.0,19,4,6,9,0,1,5,1,88,1.16,0.05263157894736842,1
69,76542.0,0,1,1466.0,66.63636363636364,794,73,556,0.0,29,14.0,22,4,8,10,0,0,6,2,91,1.25,0.045454545454545456,1
32,70515.0,0,1,1183.0,73.9375,420,0,452,120.5,64,126.5,16,6,6,4,0,1,8,2,12,0.69,0.0625,1
38,18227.0,1,2,28.0,9.333333333333334,1,2,7,4.0,3,11.0,3,0,1,2,0,0,8,8,21,1.64,0.3333333333333333,1
60,69139.0,1,2,227.0,22.7,86,12,75,33.0,15,6.0,10,4,1,5,0,0,8,4,23,0.42,0.1,1
43,69109.0,0,1,1551.5,81.65789473684211,823,25,459,120.5,29,95.0,19,6,6,7,1,1,10,4,10,1.63,0.05263157894736842,1
63,69627.0,1,2,730.5,34.785714285714285,231,81,215,120.5,30,53.0,21,8,2,11,0,0,13,5,35,1.28,0.09523809523809523,2
47,38136.0,1,2,103.0,17.166666666666668,8,15,27,0.0,20,33.0,6,3,1,2,1,0,11,8,69,1.19,0.3333333333333333,2
79,62159.0,0,1,634.0,35.22222222222222,182,17,259,77.0,70,29.0,18,6,2,10,0,0,10,4,68,0.17,0.05555555555555555,1
62,80695.0,0,1,1369.5,76.08333333333333,557,81,556,120.5,37,18.0,18,5,8,5,0,0,7,2,85,0.5,0.05555555555555555,1
54,33316.0,2,3,131.0,18.714285714285715,79,1,31,4.0,4,12.0,7,2,1,4,0,0,8,6,34,0.73,0.42857142857142855,3
57,58554.0,2,3,586.0,36.625,368,24,68,38.0,0,88.0,16,8,2,6,0,0,15,7,55,1.75,0.375,6
33,17256.0,1,2,62.0,12.4,6,4,14,8.0,8,22.0,5,2,1,2,1,0,10,8,10,0.6,0.4,2
51,53034.0,2,3,447.0,31.928571428571427,160,15,196,15.0,11,50.0,14,6,1,7,0,0,14,8,30,1.08,0.5714285714285714,8
75,52203.0,0,1,912.0,35.07692307692308,488,21,238,56.0,81,28.0,26,8,7,11,0,0,14,6,36,1.91,0.038461538461538464,1
48,59601.0,1,2,797.0,72.45454545454545,691,7,69,0.0,7,23.0,11,2,2,7,1,0,10,8,14,0.93,0.36363636363636365,4
67,75154.0,1,2,1041.5,69.43333333333334,543,10,205,120.5,81,82.0,15,6,3,6,0,1,9,3,79,1.82,0.06666666666666667,1
49,47025.0,1,2,415.0,29.642857142857142,254,7,108,20.0,0,26.0,14,6,3,5,0,0,12,6,52,0.64,0.21428571428571427,3
52,37971.0,1,2,30.0,7.5,5,4,10,2.0,2,7.0,4,1,0,3,0,0,9,8,97,0.59,0.25,1
57,41335.0,1,2,187.0,20.77777777777778,112,19,21,16.0,14,5.0,9,4,1,4,0,0,11,7,24,0.51,0.3333333333333333,3
67,67267.0,1,2,251.0,25.1,134,11,59,15.0,2,30.0,10,3,2,5,0,0,5,2,0,0.13,0.1,1
50,57338.0,1,2,237.0,23.7,143,6,52,11.0,8,17.0,10,4,1,5,0,0,9,5,96,0.17,0.2,2
65,50523.0,2,3,91.0,15.166666666666666,51,4,24,4.0,7,1.0,6,2,0,4,0,0,8,6,89,0.51,0.3333333333333333,2
60,35791.0,3,4,35.0,8.75,27,0,5,0.0,0,3.0,4,1,0,3,0,0,9,8,94,1.15,0.5,2
65,50611.0,1,2,493.0,30.8125,459,0,24,6.0,0,4.0,16,4,5,7,1,0,10,6,98,1.73,0.375,6
56,56242.0,1,2,971.0,42.21739130434783,689,8,167,11.0,8,88.0,23,8,4,11,0,0,14,6,72,1.32,0.21739130434782608,5
65,48904.0,1,2,371.0,28.53846153846154,283,10,38,0.0,13,27.0,13,7,2,4,0,0,15,8,1,1.57,0.3076923076923077,4
50,56243.0,3,4,396.0,28.285714285714285,347,0,35,4.0,3,7.0,14,4,2,8,0,0,9,5,26,0.5,0.42857142857142855,6
40,21355.0,1,2,68.0,13.6,5,13,14,0.0,5,31.0,5,2,1,2,1,1,8,6,5,0.86,0.4,2
54,57420.0,1,2,322.0,26.833333333333332,280,0,18,0.0,0,24.0,12,5,1,6,1,0,12,7,22,1.01,0.25,3
55,51381.5,1,2,317.0,26.416666666666668,187,5,65,26.0,20,14.0,12,4,2,6,0,0,9,5,39,1.24,0.16666666666666666,2
70,46390.0,1,2,222.0,24.666666666666668,95,14,64,2.0,9,38.0,9,4,2,3,0,0,11,7,56,0.15,0.1111111111111111,1
69,54342.0,2,3,177.0,22.125,84,10,34,11.0,10,28.0,8,3,1,4,0,0,9,6,74,0.99,0.5,4
67,51381.5,2,3,45.0,11.25,19,4,12,2.0,2,6.0,4,1,0,3,0,0,6,5,87,1.82,0.25,1
61,51381.5,2,3,21.0,7.0,5,1,9,2.0,0,4.0,3,1,0,2,0,0,8,7,49,0.46,0.3333333333333333,1
52,20895.0,1,2,45.0,9.0,18,3,17,3.0,0,4.0,5,2,0,3,0,0,11,9,24,1.73,0.2,1
77,92344.0,0,1,1761.0,88.05,992,24,556,51.0,19,119.0,20,5,10,5,2,0,6,1,9,0.45,0.0,0
53,51381.5,1,2,42.0,10.5,25,1,13,0.0,0,3.0,4,1,0,3,0,0,8,7,17,0.33,0.25,1
49,26907.0,2,3,22.0,5.5,9,1,7,0.0,3,2.0,4,1,0,3,0,0,8,7,10,0.86,0.5,2
45,44964.0,2,3,41.0,10.25,19,1,17,2.0,0,2.0,4,1,0,3,0,0,9,8,35,1.53,0.25,1
46,75507.0,0,1,1428.0,71.4,709,81,374,104.0,80,80.0,20,8,6,6,0,0,11,3,56,0.16,0.05,1
53,53761.0,2,3,325.0,29.545454545454547,158,0,76,13.0,7,71.0,11,4,4,3,0,0,9,5,7,0.71,0.5454545454545454,6
52,22682.0,1,2,95.0,13.571428571428571,10,14,29,4.0,2,36.0,7,2,1,4,0,0,6,4,51,0.74,0.42857142857142855,3
53,38887.0,1,2,42.0,10.5,25,1,13,0.0,0,3.0,4,1,0,3,0,0,8,7,17,0.33,0.25,1
50,41658.0,2,3,72.0,18.0,8,4,12,15.0,4,29.0,4,1,1,2,0,0,5,4,30,1.63,0.5,2
53,29791.0,1,2,20.0,4.0,14,0,6,0.0,0,0.0,5,2,0,3,0,0,7,5,21,0.12,0.4,2
69,63915.0,2,3,789.0,37.57142857142857,622,7,115,30.0,0,15.0,21,6,3,12,0,0,11,5,2,0.91,0.09523809523809523,2
51,39996.0,2,3,15.0,5.0,11,0,3,0.0,0,1.0,3,1,0,2,0,0,7,6,85,0.1,0.3333333333333333,1
53,26759.0,1,2,59.0,9.833333333333334,25,3,16,8.0,5,2.0,6,2,1,3,0,0,8,6,65,0.39,0.3333333333333333,2
57,63841.0,1,2,903.5,43.023809523809526,635,15,100,20.0,7,126.5,21,9,3,9,0,0,15,6,64,1.19,0.047619047619047616,1
56,51039.0,2,3,417.0,34.75,100,64,79,65.0,0,109.0,12,6,2,4,0,0,13,7,11,1.55,0.16666666666666666,2
64,60544.0,2,3,289.0,26.272727272727273,201,2,43,3.0,5,35.0,11,5,1,5,0,0,11,6,92,1.84,0.36363636363636365,4
53,65685.0,1,2,769.0,38.45,642,14,49,0.0,7,57.0,20,9,2,9,0,0,14,5,54,0.25,0.05,1
72,37716.0,1,2,188.0,23.5,97,1,41,6.0,2,41.0,8,4,1,3,0,0,11,7,4,0.19,0.25,2
68,36864.0,1,2,354.0,32.18181818181818,204,5,39,17.0,0,89.0,11,5,2,4,0,1,13,8,53,1.88,0.2727272727272727,3
55,44511.0,1,2,727.0,36.35,513,7,133,46.0,14,14.0,20,8,4,8,0,0,16,8,39,1.71,0.3,6
58,36947.0,2,3,146.0,20.857142857142858,88,3,21,4.0,1,29.0,7,3,0,4,0,0,12,9,49,1.89,0.5714285714285714,4
74,47352.0,1,2,319.0,26.583333333333332,172,12,112,8.0,0,15.0,12,6,1,5,0,0,13,7,70,1.22,0.3333333333333333,4
72,67087.0,1,2,784.5,39.225,329,35,222,120.5,35,43.0,20,7,5,8,0,0,11,4,40,0.53,0.1,2
75,57045.0,1,2,454.0,30.266666666666666,296,13,104,11.0,13,17.0,15,4,2,9,0,0,7,3,40,1.8,0.2,3
72,36957.0,2,3,152.0,21.714285714285715,100,2,16,2.0,1,31.0,7,3,2,2,0,1,12,9,43,1.81,0.5714285714285714,4
48,69389.0,1,2,797.0,37.95238095238095,422,7,238,69.0,46,15.0,21,7,2,12,0,0,11,4,17,1.75,0.047619047619047616,1
53,80134.0,1,2,1690.0,120.71428571428571,1218,16,272,104.0,0,80.0,14,5,3,6,3,1,11,6,40,1.11,0.14285714285714285,2
56,43142.0,2,3,20.0,6.666666666666667,5,1,7,2.0,1,4.0,3,1,0,2,0,0,8,7,84,0.36,0.3333333333333333,1
81,80589.0,0,1,1294.5,64.725,507,81,520,120.5,40,26.0,20,5,10,5,1,1,6,1,25,0.43,0.05,1
35,34412.0,1,2,209.0,26.125,52,12,50,4.0,36,55.0,8,5,0,3,0,0,14,9,62,1.37,0.375,3
46,57537.0,1,2,545.0,36.333333333333336,191,56,139,51.0,8,100.0,15,4,3,8,0,0,8,4,83,1.05,0.26666666666666666,4
59,22634.0,0,1,96.0,19.2,2,23,11,8.0,6,46.0,5,2,1,2,0,0,10,8,47,1.45,0.2,1
77,51315.0,0,1,222.0,24.666666666666668,68,28,39,16.0,30,41.0,9,2,2,5,0,0,4,2,45,0.34,0.1111111111111111,1
53,36026.0,3,4,61.0,12.2,20,4,10,6.0,4,17.0,5,2,0,3,0,0,8,6,34,0.29,0.4,2
52,24639.0,2,3,44.0,7.333333333333333,20,3,16,0.0,4,1.0,6,2,0,4,0,0,8,6,3,0.42,0.5,3
53,34578.0,3,4,8.0,2.6666666666666665,7,0,1,0.0,0,0.0,3,1,0,2,0,0,7,6,1,0.22,0.3333333333333333,1
53,65704.0,0,1,606.5,27.568181818181817,279,81,74,38.0,8,126.5,22,2,10,10,0,0,3,1,18,0.71,0.045454545454545456,1
59,63810.0,1,2,1371.0,72.15789473684211,977,12,253,16.0,12,101.0,19,4,3,12,1,0,12,8,45,1.63,0.21052631578947367,4
56,54132.0,1,2,42.0,10.5,30,1,8,0.0,0,3.0,4,1,0,3,0,0,8,7,81,0.36,0.25,1
66,18690.0,0,1,60.0,15.0,6,1,7,23.0,4,19.0,4,1,1,2,0,0,9,8,77,1.5,0.25,1
55,28164.0,1,2,78.0,13.0,3,18,26,11.0,8,12.0,6,2,0,4,0,0,9,7,23,1.15,0.5,3
51,34596.0,1,2,23.0,7.666666666666667,14,0,2,0.0,0,7.0,3,1,0,2,0,0,9,8,48,1.21,0.3333333333333333,1
53,43269.0,1,2,19.0,6.333333333333333,10,1,7,0.0,0,1.0,3,1,0,2,0,0,9,8,61,0.78,0.3333333333333333,1
67,38741.0,2,3,61.0,12.2,7,10,17,8.0,6,13.0,5,2,0,3,0,0,9,7,60,0.25,0.4,2
53,31907.0,0,1,388.5,29.884615384615383,33,81,64,120.5,16,74.0,13,6,1,6,0,0,13,7,75,1.32,0.07692307692307693,1
42,27100.0,1,2,37.0,9.25,12,0,13,2.0,0,10.0,4,1,0,3,0,0,8,7,64,1.23,0.25,1
52,31163.0,1,2,38.0,9.5,2,3,10,11.0,2,10.0,4,1,0,3,0,0,7,6,54,0.37,0.25,1
40,92533.0,0,1,1065.0,48.40909090909091,693,21,118,110.0,81,42.0,22,6,5,11,2,0,8,2,84,0.53,0.045454545454545456,1
52,34853.0,2,3,34.0,6.8,9,3,15,2.0,3,2.0,5,2,0,3,0,0,8,6,75,0.51,0.4,2
58,70844.0,2,3,294.0,24.5,129,26,67,3.0,67,2.0,12,6,1,5,0,0,13,7,16,0.66,0.4166666666666667,5
46,31086.0,2,3,48.0,12.0,16,2,11,3.0,0,16.0,4,1,1,2,1,0,9,8,79,1.15,0.5,2
64,60544.0,2,3,289.0,26.272727272727273,201,2,43,3.0,5,35.0,11,5,1,5,0,0,11,6,92,1.84,0.36363636363636365,4
39,20491.0,0,1,30.0,10.0,5,4,5,4.0,2,10.0,3,0,1,2,0,0,7,7,16,1.42,0.3333333333333333,1
61,42523.0,0,1,125.0,20.833333333333332,14,36,11,3.0,26,35.0,6,1,1,4,0,0,3,2,96,0.18,0.16666666666666666,1
42,39922.0,1,2,156.0,22.285714285714285,29,12,59,19.0,1,36.0,7,3,0,4,0,0,11,8,30,1.37,0.2857142857142857,2
73,33402.0,2,3,70.0,11.666666666666666,26,2,19,10.0,5,8.0,6,2,1,3,0,0,10,8,60,0.95,0.5,3
76,36408.0,2,3,22.0,7.333333333333333,9,1,4,3.0,2,3.0,3,1,0,2,0,0,7,6,11,0.77,0.3333333333333333,1
46,21645.0,1,2,65.0,10.833333333333334,14,0,23,4.0,5,19.0,6,3,0,3,0,1,12,9,75,1.82,0.5,3
77,78427.0,0,1,1820.0,91.0,972,19,556,120.5,26,126.5,20,3,7,10,1,1,6,3,36,1.68,0.15,3
79,82657.0,0,1,1930.5,87.75,966,81,556,120.5,81,126.0,22,7,5,10,2,0,11,4,71,0.75,0.045454545454545456,1
67,51876.0,0,1,310.0,25.833333333333332,99,27,102,28.0,48,6.0,12,2,2,8,0,0,3,1,88,0.7,0.08333333333333333,1
54,78041.0,0,1,1240.0,72.94117647058823,482,35,553,72.0,81,17.0,17,4,4,9,0,0,6,2,93,1.53,0.058823529411764705,1
68,52852.0,1,2,879.0,39.95454545454545,714,8,99,11.0,0,47.0,22,10,7,5,1,0,18,8,93,1.57,0.18181818181818182,4
43,70038.0,0,1,1240.5,77.53125,587,54,348,71.0,54,126.5,16,4,4,8,0,0,6,2,54,0.68,0.0625,1
52,69401.0,1,2,690.0,53.07692307692308,399,27,159,58.0,8,39.0,13,4,4,5,0,0,6,2,41,0.27,0.3076923076923077,4
53,46053.0,1,2,209.0,23.22222222222222,56,10,92,19.0,7,25.0,9,3,2,4,0,0,8,5,46,1.36,0.3333333333333333,3
60,77343.0,0,1,1047.0,65.4375,227,81,556,98.0,54,31.0,16,3,4,9,0,0,4,1,28,0.05,0.0625,1
72,73892.0,0,1,1441.0,65.5,703,81,556,0.0,58,43.0,22,3,11,8,0,1,4,1,40,0.62,0.045454545454545456,1
58,40304.0,1,2,57.0,11.4,37,0,17,0.0,0,3.0,5,2,0,3,0,0,9,7,82,0.74,0.2,1
60,32727.0,0,1,529.0,35.266666666666666,167,13,180,86.0,13,70.0,15,7,3,5,0,0,15,8,38,1.83,0.13333333333333333,2
56,68695.0,0,1,1091.0,72.73333333333333,458,81,356,106.0,50,40.0,15,4,4,7,0,0,6,2,3,0.01,0.06666666666666667,1
54,43300.0,1,2,180.0,22.5,91,3,52,2.0,1,31.0,8,4,0,4,0,1,12,8,87,1.71,0.375,3
53,26290.0,2,3,77.0,12.833333333333334,15,8,16,11.0,5,22.0,6,2,0,4,0,0,8,6,49,1.46,0.6666666666666666,4
55,93790.0,0,1,2063.0,82.52,1224,68,556,89.0,81,45.0,25,6,7,12,3,1,8,2,16,0.38,0.0,0
51,38410.0,0,1,534.0,33.375,153,64,123,116.0,64,14.0,16,5,2,9,0,1,11,6,65,1.79,0.125,2
75,64866.0,1,2,556.0,32.705882352941174,508,5,21,7.0,5,10.0,17,7,3,7,1,0,12,5,9,0.42,0.23529411764705882,4
66,57957.0,1,2,637.0,35.388888888888886,290,59,177,77.0,5,29.0,18,4,6,8,0,0,7,3,24,0.86,0.3888888888888889,7
70,46015.0,2,3,46.0,11.5,38,0,2,0.0,0,6.0,4,1,0,3,2,0,8,7,25,0.21,0.25,1
47,16531.0,1,2,44.0,7.333333333333333,2,13,6,7.0,5,11.0,6,3,0,3,0,0,10,7,43,0.03,0.5,3
39,28072.0,1,2,47.0,11.75,30,0,10,2.0,0,5.0,4,1,0,3,0,0,8,7,10,0.97,0.25,1
62,49476.0,1,2,725.5,40.30555555555556,386,23,95,54.0,41,126.5,18,2,11,5,0,0,4,2,29,1.02,0.2222222222222222,4
72,50725.0,1,2,586.0,34.470588235294116,443,10,75,0.0,10,48.0,17,8,1,8,0,0,16,8,45,1.37,0.23529411764705882,4
73,83844.0,0,1,1509.5,79.44736842105263,901,31,345,75.0,31,126.5,19,4,4,11,1,0,5,1,57,1.13,0.05263157894736842,1
75,41145.0,2,3,13.0,4.333333333333333,9,0,3,0.0,0,1.0,3,0,0,3,0,0,3,3,20,0.39,0.3333333333333333,1
55,67419.0,1,2,1468.0,69.9047619047619,846,81,352,91.0,56,42.0,21,9,4,8,0,0,14,5,29,1.45,0.19047619047619047,4
55,23162.0,2,3,65.0,13.0,8,3,9,19.0,4,22.0,5,1,1,3,0,0,7,6,82,0.52,0.6,3
48,34380.0,1,2,175.0,21.875,72,7,58,13.0,1,24.0,8,4,1,3,0,0,12,8,68,1.16,0.5,4
59,34704.0,1,2,40.0,10.0,29,0,5,0.0,1,5.0,4,1,0,3,0,0,6,5,65,1.17,0.25,1
56,94871.0,2,3,993.0,58.411764705882355,169,24,553,120.5,0,126.5,17,8,5,4,2,1,15,7,99,1.82,0.058823529411764705,1
67,65148.0,1,2,1088.5,57.28947368421053,460,35,422,33.0,12,126.5,19,6,6,7,0,0,10,4,9,1.62,0.10526315789473684,2
71,39898.0,1,2,134.0,19.142857142857142,69,8,26,12.0,7,12.0,7,3,0,4,0,0,10,7,20,1.37,0.2857142857142857,2
69,64857.0,0,1,1289.5,58.61363636363637,556,14,556,120.5,0,43.0,22,7,5,10,0,0,11,4,78,1.6,0.045454545454545456,1
55,59892.0,1,2,87.0,14.5,73,0,13,0.0,1,0.0,6,2,1,3,0,0,5,3,26,0.65,0.16666666666666666,1
38,41020.0,0,1,217.0,24.11111111111111,112,1,54,7.0,7,36.0,9,3,2,4,0,0,6,3,68,0.67,0.1111111111111111,1
64,57072.0,1,2,1034.0,41.36,944,0,60,0.0,0,30.0,25,7,5,13,1,0,12,5,79,0.43,0.08,2
46,60474.0,1,2,905.0,37.708333333333336,265,81,303,120.5,9,126.5,24,10,2,12,0,0,17,7,25,1.24,0.2916666666666667,7
65,62807.0,1,2,819.0,40.95,526,28,135,10.0,21,99.0,20,5,3,12,0,0,10,5,83,1.83,0.15,3
44,19414.0,1,2,32.0,8.0,2,3,12,3.0,5,7.0,4,1,0,3,0,0,9,8,32,0.7,0.25,1
45,19107.0,1,2,46.0,11.5,2,4,9,10.0,5,16.0,4,1,0,3,0,0,8,7,49,0.85,0.5,2
49,75484.0,1,2,953.5,59.59375,378,81,259,120.5,81,34.0,16,7,3,6,0,0,11,4,50,1.91,0.125,2
49,70379.0,1,2,860.0,39.09090909090909,553,25,142,65.0,67,8.0,22,6,3,13,0,0,10,4,84,1.32,0.13636363636363635,3
55,79419.0,0,1,1454.0,103.85714285714286,751,81,556,20.0,15,31.0,14,4,6,4,0,0,6,2,96,0.02,0.07142857142857142,1
79,64014.0,3,4,444.0,29.6,406,0,30,0.0,0,8.0,15,8,2,5,1,0,15,7,56,0.05,0.4666666666666667,7
70,76998.0,1,2,1677.0,62.111111111111114,1224,81,161,69.0,35,107.0,27,11,8,8,1,0,17,6,85,1.46,0.07407407407407407,2
53,49854.0,1,2,380.0,29.23076923076923,123,17,171,39.0,0,30.0,13,6,2,5,0,0,12,6,63,0.63,0.38461538461538464,5
54,60585.0,2,3,736.0,36.8,267,42,309,55.0,42,21.0,20,7,4,9,0,1,12,5,17,1.01,0.5,10
75,42873.0,2,3,269.0,24.454545454545453,209,0,40,3.0,2,15.0,11,6,1,4,0,0,14,8,11,1.43,0.36363636363636365,4
37,87679.0,0,1,2072.0,74.0,1224,81,556,97.0,81,33.0,28,7,11,10,3,1,11,4,62,0.92,0.03571428571428571,1
47,57867.0,1,2,612.0,34.0,344,35,178,15.0,23,17.0,18,7,2,9,0,0,13,6,48,0.74,0.3888888888888889,7
35,35765.0,1,2,75.0,12.5,22,3,30,0.0,5,15.0,6,2,0,4,0,0,8,6,86,0.55,0.3333333333333333,2
66,65492.0,0,1,871.5,36.3125,247,81,295,120.5,81,47.0,24,4,7,13,0,0,6,2,73,0.42,0.08333333333333333,2
48,32952.0,1,2,55.0,11.0,38,0,12,3.0,1,1.0,5,2,0,3,0,0,9,7,36,0.57,0.2,1
56,53374.0,1,2,1064.0,70.93333333333334,896,10,101,13.0,10,34.0,15,4,2,9,1,1,13,9,34,1.87,0.4,6
66,71706.0,1,2,1426.0,67.9047619047619,931,56,253,91.0,81,14.0,21,9,5,7,0,0,14,5,16,1.62,0.19047619047619047,4
37,68487.0,0,1,1358.0,46.827586206896555,758,12,385,33.0,81,89.0,29,9,7,13,0,0,13,4,48,1.46,0.034482758620689655,1
50,53253.0,2,3,436.0,36.333333333333336,216,9,57,20.0,9,125.0,12,4,3,5,0,0,9,5,61,1.38,0.5833333333333334,7
52,31163.0,1,2,38.0,9.5,2,3,10,11.0,2,10.0,4,1,0,3,0,0,7,6,54,0.37,0.25,1
48,42014.0,1,2,436.0,31.142857142857142,244,15,108,4.0,15,50.0,14,7,1,6,0,1,15,8,56,1.86,0.42857142857142855,6
52,54108.0,2,3,747.0,39.31578947368421,539,6,91,8.0,6,97.0,19,8,2,9,0,0,16,8,74,1.65,0.6842105263157895,13
70,49667.0,0,1,1396.0,69.8,1181,26,120,17.0,13,39.0,20,5,10,5,1,1,13,8,35,1.86,0.1,2
51,63206.0,0,1,928.0,71.38461538461539,750,8,125,11.0,8,26.0,13,4,3,6,1,0,6,2,65,0.28,0.07692307692307693,1
53,57136.0,2,3,614.0,36.11764705882353,306,5,109,21.0,81,92.0,17,5,2,10,0,0,11,6,48,0.97,0.5294117647058824,9
50,46772.0,1,2,878.5,36.604166666666664,350,81,189,120.5,81,57.0,24,11,8,5,1,0,19,8,88,1.64,0.25,6
54,78931.0,0,1,756.0,32.869565217391305,331,81,170,58.0,81,35.0,23,2,8,13,0,0,3,1,19,0.68,0.043478260869565216,1
67,53977.0,1,2,907.0,41.22727272727273,620,16,165,0.0,24,82.0,22,5,5,12,0,0,10,5,21,1.06,0.22727272727272727,5
37,84219.0,0,1,1086.0,63.88235294117647,434,81,400,45.0,81,45.0,17,3,4,10,0,0,4,1,27,0.4,0.058823529411764705,1
50,46098.0,2,3,120.0,17.142857142857142,57,0,27,0.0,0,36.0,7,3,2,2,0,0,11,8,86,1.86,0.5714285714285714,4
60,73538.0,1,2,1602.0,69.65217391304348,811,76,428,99.0,81,107.0,23,10,4,9,0,0,17,7,92,1.59,0.13043478260869565,3
39,79529.0,0,1,1301.5,61.976190476190474,423,42,556,73.0,81,126.5,21,4,8,9,0,0,6,2,1,0.17,0.047619047619047616,1
48,20981.0,0,1,73.0,12.166666666666666,2,12,10,6.0,13,30.0,6,3,1,2,0,1,11,8,14,1.16,0.16666666666666666,1
45,51766.0,1,2,275.0,27.5,60,51,87,6.0,20,51.0,10,4,2,4,0,0,9,5,74,0.3,0.2,2
63,55759.0,1,2,854.0,40.666666666666664,675,0,85,10.0,7,77.0,21,10,3,8,0,0,18,8,84,1.58,0.23809523809523808,5
47,33039.0,1,2,78.0,13.0,30,8,12,8.0,8,12.0,6,2,0,4,0,0,7,5,4,0.8,0.16666666666666666,1
53,37787.0,1,2,106.0,17.666666666666668,40,1,40,4.0,3,18.0,6,3,0,3,0,0,11,8,50,0.77,0.16666666666666666,1
55,27242.0,1,2,106.0,21.2,3,17,26,20.0,1,39.0,5,2,0,3,0,1,11,9,2,1.63,0.4,2
42,87188.0,0,1,1725.0,95.83333333333333,910,81,556,49.0,74,55.0,18,10,2,6,0,1,13,3,73,1.07,0.05555555555555555,1
54,69930.0,0,1,1206.0,57.42857142857143,252,81,556,120.5,70,126.5,21,4,5,12,0,0,7,3,21,1.09,0.047619047619047616,1
49,37697.0,1,2,84.0,14.0,34,6,21,11.0,4,8.0,6,2,1,3,0,0,8,6,82,0.39,0.16666666666666666,1
52,37401.0,1,2,48.0,9.6,19,3,19,3.0,1,3.0,5,2,0,3,0,0,9,7,14,0.15,0.4,2
52,3502.0,1,2,5.0,0.0,2,1,1,0.0,0,1.0,0,0,0,0,0,0,14,14,56,1.21,0.0,0
49,58597.0,2,3,733.0,36.65,490,0,184,10.0,28,21.0,20,7,4,9,0,0,14,7,20,1.6,0.6,12
77,82032.0,0,1,1048.5,61.6764705882353,332,81,377,120.5,81,57.0,17,4,6,7,0,0,5,1,54,0.23,0.0,0
67,28087.0,2,3,112.0,18.666666666666668,53,8,17,13.0,0,21.0,6,2,2,2,0,0,9,7,77,1.55,0.5,3
38,74004.0,0,1,1559.0,111.35714285714286,784,48,556,42.0,81,48.0,14,4,6,4,2,1,7,3,5,0.34,0.07142857142857142,1
65,19740.0,1,2,55.0,11.0,7,11,3,10.0,4,20.0,5,1,1,3,0,0,6,5,65,1.26,0.4,2
50,57036.0,1,2,1513.0,68.77272727272727,1171,43,219,19.0,14,47.0,22,6,3,13,1,0,15,9,33,1.55,0.18181818181818182,4
67,53083.0,2,3,271.0,24.636363636363637,215,7,33,3.0,0,13.0,11,5,1,5,1,0,12,7,65,1.12,0.5454545454545454,6
50,69283.0,1,2,904.0,39.30434782608695,674,62,134,0.0,26,8.0,23,7,3,13,0,0,12,5,41,0.04,0.17391304347826086,4
50,46098.0,2,3,120.0,17.142857142857142,57,0,27,0.0,0,36.0,7,3,2,2,0,1,11,8,86,1.86,0.5714285714285714,4
37,23331.0,1,2,103.0,17.166666666666668,5,36,7,0.0,10,45.0,6,3,0,3,0,0,11,8,92,1.82,0.3333333333333333,2
37,23331.0,1,2,269.0,24.454545454545453,104,20,101,24.0,15,5.0,11,5,1,5,0,0,14,9,97,1.73,0.5454545454545454,6
36,9255.0,1,2,22.0,5.5,9,0,7,2.0,0,4.0,4,1,1,2,0,0,9,8,91,0.52,0.25,1
66,67786.0,0,1,1155.0,77.0,431,81,441,80.0,20,102.0,15,3,6,6,0,1,4,1,0,0.56,0.06666666666666667,1
54,71969.0,1,2,1086.0,67.875,1000,0,76,0.0,0,10.0,16,3,4,9,1,0,11,8,59,1.7,0.1875,3
58,59235.0,1,2,1128.0,45.12,448,40,469,80.0,0,91.0,25,11,2,12,0,0,18,7,4,1.46,0.12,3
36,31928.0,1,2,72.0,10.285714285714286,33,4,24,4.0,2,5.0,7,3,0,4,0,0,10,7,5,0.25,0.2857142857142857,2
64,74881.0,2,3,964.0,41.91304347826087,505,72,270,36.0,27,54.0,23,9,2,12,0,0,14,5,48,1.31,0.17391304347826086,4
47,65819.0,0,1,1125.5,59.23684210526316,267,38,556,120.5,81,63.0,19,5,4,10,0,0,8,3,99,1.58,0.05263157894736842,1
72,51411.0,3,4,18.0,6.0,14,0,3,0.0,0,1.0,3,0,0,3,0,0,5,5,81,1.09,0.3333333333333333,1
61,51983.0,1,2,793.0,37.76190476190476,631,0,115,10.0,7,30.0,21,9,2,10,0,0,16,7,95,1.83,0.14285714285714285,3
39,42386.0,1,2,100.0,16.666666666666668,65,4,16,0.0,4,11.0,6,3,0,3,0,0,11,8,43,1.46,0.16666666666666666,1
38,30390.0,0,1,80.0,16.0,10,12,12,25.0,1,20.0,5,2,0,3,0,0,8,6,5,0.82,0.2,1
62,30983.0,0,1,167.0,23.857142857142858,51,4,50,12.0,1,49.0,7,4,0,3,0,1,12,8,50,1.63,0.14285714285714285,1
68,66033.0,1,2,677.0,37.611111111111114,293,35,179,46.0,59,65.0,18,8,3,7,0,0,15,7,76,1.44,0.1111111111111111,2
50,37284.0,2,3,23.0,7.666666666666667,11,1,2,2.0,1,6.0,3,0,0,3,0,0,6,6,46,1.25,0.3333333333333333,1
74,57530.0,1,2,92.0,15.333333333333334,50,1,27,6.0,7,1.0,6,1,1,4,0,0,2,1,68,0.71,0.16666666666666666,1
60,76800.0,0,1,641.0,42.733333333333334,173,26,255,35.0,71,81.0,15,4,4,7,0,0,5,1,33,0.31,0.06666666666666667,1
69,63943.0,1,2,987.0,61.6875,423,81,368,13.0,81,21.0,16,6,4,6,0,0,11,5,50,1.82,0.0625,1
63,76081.0,0,1,959.5,73.8076923076923,292,30,415,63.0,33,126.5,13,4,5,4,1,0,6,2,85,0.1,0.07692307692307693,1
51,67445.0,1,2,1174.0,43.48148148148148,757,80,217,29.0,80,11.0,27,9,6,12,0,0,15,6,63,1.88,0.18518518518518517,5
58,37054.0,2,3,25.0,6.25,12,1,6,0.0,1,5.0,4,1,0,3,0,0,8,7,89,0.79,0.5,2
63,47175.0,2,3,240.0,24.0,167,2,44,6.0,2,19.0,10,4,2,4,1,1,12,8,81,1.67,0.7,7
49,31859.0,1,2,20.0,6.666666666666667,3,1,3,8.0,0,5.0,3,1,0,2,0,0,8,7,77,1.04,0.3333333333333333,1
64,27215.0,3,4,102.0,14.571428571428571,30,5,22,8.0,9,28.0,7,2,1,4,0,0,8,6,50,1.43,0.5714285714285714,4
49,70179.0,1,2,1020.5,44.369565217391305,532,81,168,69.0,44,126.5,23,7,3,13,0,0,12,5,10,0.94,0.13043478260869565,3
42,39922.0,1,2,156.0,22.285714285714285,29,12,59,19.0,1,36.0,7,3,0,4,0,0,11,8,30,1.37,0.2857142857142857,2
49,49681.0,2,3,458.0,30.533333333333335,411,0,26,0.0,0,21.0,15,7,1,7,0,0,14,7,66,0.65,0.4,6
37,24645.0,1,2,17.0,5.666666666666667,5,3,4,4.0,1,0.0,3,1,0,2,0,0,9,8,16,1.66,0.3333333333333333,1
71,79865.0,1,2,669.5,33.475,71,81,278,120.5,81,38.0,20,5,10,5,0,0,6,1,12,0.03,0.05,1
40,44322.0,1,2,92.0,15.333333333333334,46,0,40,3.0,0,3.0,6,3,0,3,0,0,11,8,30,0.04,0.3333333333333333,2
73,47958.0,1,2,407.0,29.071428571428573,268,11,88,15.0,3,22.0,14,6,3,5,0,0,11,5,8,1.44,0.14285714285714285,2
61,63972.0,1,2,1269.0,66.78947368421052,928,63,254,0.0,12,12.0,19,5,4,10,1,0,9,4,93,1.57,0.21052631578947367,4
71,75315.0,1,2,819.5,39.023809523809526,459,15,171,120.5,23,31.0,21,5,4,12,0,0,7,2,14,0.21,0.09523809523809523,2
75,55517.0,2,3,633.0,35.166666666666664,483,0,108,0.0,6,36.0,18,11,1,6,0,1,20,9,53,1.75,0.2777777777777778,5
68,75283.0,3,4,1019.0,72.78571428571429,733,9,180,12.0,19,66.0,14,6,3,5,0,0,10,4,26,1.26,0.7857142857142857,11
79,82800.0,0,1,1315.0,52.6,1006,22,115,59.0,68,45.0,25,7,6,12,2,1,10,3,23,1.59,0.04,1
71,38998.0,2,3,54.0,10.8,34,1,14,0.0,0,5.0,5,2,0,3,0,0,10,8,92,1.65,0.6,3
34,90638.0,0,1,2064.0,121.41176470588235,1156,81,556,94.0,81,96.0,17,3,4,10,1,1,4,1,29,0.37,0.058823529411764705,1
39,27161.0,1,2,52.0,13.0,7,4,23,7.0,0,11.0,4,1,0,3,0,0,8,7,41,0.67,0.25,1
48,42014.0,1,2,436.0,31.142857142857142,244,15,108,4.0,15,50.0,14,7,1,6,0,1,15,8,56,1.86,0.42857142857142855,6
65,38201.0,1,2,268.0,24.363636363636363,233,0,23,0.0,0,12.0,11,5,1,5,0,0,13,8,19,1.25,0.36363636363636365,4
43,45203.0,2,3,147.0,21.0,35,3,67,10.0,8,24.0,7,3,1,3,0,1,9,6,4,0.27,0.14285714285714285,1
78,81574.0,0,1,1770.0,104.11764705882354,1224,0,465,46.0,35,0.0,17,4,5,8,2,0,5,1,89,0.17,0.058823529411764705,1
33,34935.0,0,1,137.0,19.571428571428573,34,4,66,3.0,10,20.0,7,2,1,4,0,0,9,7,71,1.02,0.14285714285714285,1
49,60482.0,1,2,507.0,31.6875,255,43,134,37.0,14,24.0,16,7,2,7,0,0,14,7,81,1.43,0.0625,1
69,34633.0,3,4,15.0,5.0,8,1,5,0.0,0,1.0,3,1,0,2,0,0,7,6,31,0.43,0.3333333333333333,1
78,78093.0,0,1,1022.0,63.875,368,32,556,13.0,43,10.0,16,4,7,5,0,0,5,1,53,0.55,0.0625,1
75,82460.0,0,1,957.0,68.35714285714286,255,47,556,52.0,32,15.0,14,5,3,6,0,0,6,1,78,0.57,0.07142857142857142,1
59,45903.0,1,2,66.0,11.0,33,8,10,2.0,10,3.0,6,2,1,3,0,0,6,4,80,0.18,0.3333333333333333,2
38,81361.0,0,1,778.0,29.923076923076923,163,23,424,27.0,65,76.0,26,3,10,13,0,1,4,1,18,0.34,0.038461538461538464,1
52,35860.0,2,3,49.0,12.25,15,0,8,4.0,2,20.0,4,1,1,2,1,1,6,5,37,0.11,0.5,2
73,40442.0,2,3,169.0,21.125,45,12,52,25.0,22,13.0,8,3,1,4,0,1,10,7,52,1.86,0.5,4
60,61482.0,0,1,299.0,27.181818181818183,48,58,68,16.0,66,43.0,11,3,2,6,0,0,5,2,39,0.01,0.09090909090909091,1
45,34968.0,1,2,221.0,22.1,158,6,45,8.0,2,2.0,10,3,2,5,0,0,10,7,11,1.22,0.7,7
38,75794.0,0,1,1534.0,63.916666666666664,754,81,556,63.0,32,48.0,24,7,5,12,1,0,10,3,33,0.51,0.041666666666666664,1
63,31497.0,1,2,155.0,19.375,108,1,28,13.0,1,4.0,8,3,1,4,0,0,11,8,22,1.56,0.25,2
70,74268.0,0,1,799.0,66.58333333333333,199,66,315,97.0,81,41.0,12,4,3,5,0,0,6,2,83,1.37,0.08333333333333333,1
37,13724.0,1,2,58.0,14.5,2,7,5,2.0,15,27.0,4,2,0,2,1,0,11,9,43,1.83,0.25,1
60,45143.0,1,2,311.0,25.916666666666668,202,5,74,11.0,5,14.0,12,6,1,5,0,0,13,7,74,0.84,0.25,3
58,52569.0,1,2,95.0,15.833333333333334,85,0,3,0.0,0,7.0,6,2,0,4,0,0,5,3,54,0.23,0.16666666666666666,1
52,48432.0,1,2,424.0,30.285714285714285,322,3,50,4.0,3,42.0,14,7,1,6,0,1,15,8,3,1.69,0.35714285714285715,5
65,17144.0,2,3,47.0,6.714285714285714,18,2,19,0.0,2,6.0,7,3,0,4,0,0,10,7,96,0.37,0.7142857142857143,5
41,36108.0,1,2,339.0,28.25,141,8,129,3.0,11,47.0,12,7,1,4,1,0,16,9,68,0.7,0.25,3
54,76445.0,1,2,1364.5,68.225,739,81,309,120.5,80,35.0,20,2,5,13,0,0,8,6,2,1.75,0.05,1
50,36663.0,1,2,35.0,7.0,18,0,6,3.0,3,5.0,5,1,1,3,0,0,3,2,40,0.18,0.2,1
60,53843.0,1,2,562.0,35.125,378,0,88,19.0,4,73.0,16,8,5,3,0,0,15,7,64,1.0,0.25,4
69,90226.0,0,1,2029.5,88.23913043478261,1083,81,556,120.5,81,108.0,23,4,7,12,1,0,6,2,26,1.75,0.043478260869565216,1
70,70638.0,0,1,1334.0,70.21052631578948,1016,12,215,16.0,12,63.0,19,4,5,10,1,0,7,3,69,1.08,0.05263157894736842,1
65,44512.0,2,3,32.0,8.0,23,1,6,0.0,0,2.0,4,1,0,3,0,0,5,4,57,0.83,0.5,2
64,27116.0,2,3,41.0,8.2,12,1,21,2.0,2,3.0,5,2,0,3,0,0,9,7,78,0.33,0.4,2
62,54072.0,2,3,39.0,9.75,35,0,4,0.0,0,0.0,4,2,0,2,0,0,10,8,71,0.92,0.25,1
48,71855.0,1,2,1110.0,52.857142857142854,548,31,422,0.0,81,28.0,21,5,5,11,0,0,8,3,59,1.45,0.19047619047619047,4
35,51250.0,1,2,710.0,37.36842105263158,342,32,230,34.0,32,40.0,19,10,5,4,1,0,19,9,28,1.25,0.2631578947368421,5
52,60432.0,1,2,401.0,28.642857142857142,365,3,15,4.0,3,11.0,14,7,2,5,0,0,13,6,61,0.31,0.35714285714285715,5
61,65526.0,1,2,506.0,31.625,397,19,69,12.0,0,9.0,16,4,4,8,0,0,6,2,22,0.22,0.0625,1
37,68655.0,0,1,1225.0,61.25,456,19,556,75.0,81,38.0,20,4,5,11,0,0,7,3,95,1.88,0.05,1
47,12393.0,0,1,57.0,11.4,5,6,15,11.0,7,13.0,5,2,0,3,0,0,11,9,38,1.57,0.2,1
35,64509.0,0,1,1599.0,88.83333333333333,836,81,556,24.0,25,77.0,18,6,3,9,1,1,10,4,19,0.87,0.05555555555555555,1
50,33955.0,1,2,270.0,24.545454545454547,100,2,128,23.0,7,10.0,11,5,1,5,0,0,13,8,92,0.89,0.36363636363636365,4
48,31353.0,2,3,31.0,7.75,10,0,10,3.0,1,7.0,4,1,1,2,0,1,9,8,24,0.5,0.5,2
41,55434.0,1,2,799.5,38.07142857142857,238,81,215,120.5,69,76.0,21,5,3,13,0,0,9,4,21,0.73,0.14285714285714285,3
42,28359.0,1,2,16.0,5.333333333333333,6,0,5,2.0,1,2.0,3,1,0,2,0,0,8,7,35,0.67,0.3333333333333333,1
38,57100.0,1,2,311.0,25.916666666666668,158,11,99,15.0,11,17.0,12,3,2,7,0,0,6,3,9,0.11,0.16666666666666666,2
60,69139.0,1,2,227.0,22.7,86,12,75,33.0,15,6.0,10,4,1,5,0,0,8,4,23,0.42,0.1,1
69,52973.0,1,2,1079.5,44.979166666666664,856,0,76,12.0,9,126.5,24,9,6,9,0,0,17,8,92,1.64,0.2916666666666667,7
60,51717.0,1,2,122.0,17.428571428571427,98,1,17,0.0,1,5.0,7,3,0,4,1,0,10,7,55,0.86,0.14285714285714285,1
54,18793.0,1,2,77.0,12.833333333333334,4,16,20,0.0,17,20.0,6,2,0,4,0,0,10,8,14,1.46,0.5,3
43,66664.0,0,1,1159.5,64.41666666666667,398,81,447,120.5,81,32.0,18,5,7,6,0,0,8,3,78,1.76,0.05555555555555555,1
66,50664.0,2,3,561.0,37.4,313,8,104,6.0,4,126.0,15,8,1,6,0,0,17,9,64,1.45,0.6,9
62,54414.0,2,3,211.0,23.444444444444443,109,18,16,24.0,26,18.0,9,3,1,5,0,0,7,4,49,1.43,0.4444444444444444,4
73,54549.0,1,2,233.0,23.3,216,2,6,0.0,0,9.0,10,5,1,4,0,0,12,7,8,0.32,0.2,2
54,47111.0,1,2,1061.0,70.73333333333333,595,71,153,120.0,81,41.0,15,3,2,10,0,0,12,9,35,1.8,0.4,6
62,41003.0,0,1,549.0,34.3125,123,81,142,71.0,44,88.0,16,6,2,8,0,0,12,6,11,1.28,0.0625,1
43,19444.0,1,2,54.0,7.714285714285714,16,0,23,3.0,2,10.0,7,4,1,2,0,1,11,7,8,0.35,0.42857142857142855,3
49,36301.0,1,2,78.0,13.0,11,12,35,3.0,5,12.0,6,3,0,3,0,0,10,7,53,0.68,0.16666666666666666,1
78,73059.0,1,2,1063.0,42.52,410,81,420,0.0,81,71.0,25,9,3,13,0,0,13,4,36,0.83,0.04,1
56,42731.0,1,2,244.0,24.4,159,2,51,6.0,2,24.0,10,4,1,5,0,0,9,5,64,0.69,0.3,3
66,52854.0,2,3,116.0,16.571428571428573,105,0,10,0.0,1,0.0,7,2,1,4,0,0,7,5,43,0.27,0.2857142857142857,2
47,22775.0,1,2,15.0,5.0,5,1,8,0.0,0,1.0,3,1,0,2,0,0,9,8,40,1.03,0.3333333333333333,1
77,46681.0,2,3,425.0,30.357142857142858,269,15,69,15.0,19,38.0,14,4,6,4,0,0,9,5,52,0.72,0.14285714285714285,2
70,59821.0,1,2,734.0,36.7,629,0,70,0.0,0,35.0,20,11,2,7,0,0,19,8,11,1.21,0.3,6
71,50002.0,1,2,638.0,37.529411764705884,443,5,71,21.0,16,82.0,17,8,2,7,0,0,15,7,21,1.03,0.11764705882352941,2
80,69755.0,0,1,894.0,42.57142857142857,217,77,373,111.0,23,93.0,21,3,6,12,0,0,4,1,23,0.74,0.047619047619047616,1
56,44078.0,2,3,41.0,8.2,24,1,10,2.0,0,4.0,5,2,0,3,0,0,7,5,17,0.03,0.4,2
49,30560.0,1,2,31.0,7.75,9,1,5,4.0,5,7.0,4,1,0,3,0,0,8,7,6,1.0,0.25,1
56,35924.0,2,3,34.0,8.5,8,0,14,2.0,3,7.0,4,1,0,3,0,0,6,5,56,0.27,0.25,1
61,64140.0,2,3,1426.5,109.73076923076923,1224,0,61,0.0,15,126.5,13,2,5,6,3,1,7,5,71,0.76,0.38461538461538464,5
44,56386.0,2,3,612.0,36.0,230,48,214,13.0,32,75.0,17,9,1,7,0,0,18,9,51,1.67,0.47058823529411764,8
46,24594.0,1,2,29.0,7.25,1,3,6,10.0,0,9.0,4,1,0,3,0,0,6,5,94,0.55,0.25,1
44,75774.0,1,2,685.5,34.275,340,21,134,120.5,14,56.0,20,7,5,8,0,0,11,4,27,0.16,0.05,1
65,39228.0,0,1,20.0,6.666666666666667,7,1,6,0.0,3,3.0,3,0,0,3,0,0,4,4,1,1.14,0.3333333333333333,1
51,58494.0,1,2,396.0,28.285714285714285,298,7,68,4.0,0,19.0,14,6,2,6,0,0,12,6,56,0.54,0.14285714285714285,2
44,58684.0,0,1,813.0,40.65,479,35,179,28.0,7,85.0,20,5,3,12,1,0,7,2,71,0.04,0.05,1
58,57136.0,0,1,1076.5,56.6578947368421,267,81,556,34.0,12,126.5,19,7,5,7,0,1,13,6,18,1.11,0.05263157894736842,1
75,56551.0,2,3,138.0,19.714285714285715,67,4,32,17.0,2,16.0,7,2,1,4,0,0,6,4,48,0.15,0.42857142857142855,3
43,22448.0,1,2,55.0,9.166666666666666,3,1,8,23.0,2,18.0,6,2,1,3,0,0,5,3,86,0.34,0.5,3
64,82014.0,0,1,1429.0,68.04761904761905,980,37,265,35.0,81,31.0,21,3,6,12,0,1,9,6,48,1.86,0.047619047619047616,1
62,34213.0,2,3,117.0,19.5,50,4,28,6.0,3,26.0,6,3,1,2,0,1,12,9,2,1.81,0.5,3
48,117418.0,0,1,561.0,20.035714285714285,1,0,556,2.0,1,1.0,28,0,28,0,0,0,1,1,13,1.17,0.0,0
78,25358.0,1,2,32.0,8.0,19,0,5,0.0,0,8.0,4,1,0,3,0,0,7,6,57,0.94,0.5,2
47,35544.0,1,2,67.0,13.4,30,5,23,4.0,1,4.0,5,2,0,3,0,0,9,7,77,0.31,0.2,1
71,36634.0,1,2,335.0,27.916666666666668,213,9,76,4.0,3,30.0,12,5,2,5,0,0,12,7,0,1.09,0.25,3
71,62670.0,1,2,825.0,39.285714285714285,539,30,92,80.0,46,38.0,21,5,3,13,0,0,8,3,57,0.4,0.047619047619047616,1
53,50334.0,1,2,686.5,40.38235294117647,284,16,160,84.0,16,126.5,17,7,4,6,0,0,13,6,24,0.93,0.35294117647058826,6
44,72066.0,0,1,1778.5,111.15625,1003,34,536,120.5,51,34.0,16,4,6,6,2,1,6,2,55,0.02,0.0625,1
67,50729.0,2,3,496.0,33.06666666666667,239,13,143,45.0,4,52.0,15,6,2,7,0,0,12,6,62,1.16,0.6,9
57,34916.0,2,3,231.0,25.666666666666668,51,23,82,33.0,0,42.0,9,5,1,3,0,0,14,9,89,1.12,0.4444444444444444,4
49,64892.0,1,2,902.0,41.0,527,24,230,32.0,24,65.0,22,6,4,12,0,0,10,4,77,0.08,0.09090909090909091,2
59,43602.0,2,3,68.0,11.333333333333334,19,5,12,10.0,3,19.0,6,3,1,2,0,0,9,6,45,0.47,0.5,3
36,33996.0,0,1,71.0,14.2,40,2,15,8.0,0,6.0,5,1,1,3,0,0,5,4,46,0.8,0.2,1
40,41473.0,1,2,76.0,15.2,21,8,20,15.0,3,9.0,5,2,0,3,0,0,9,7,80,1.03,0.2,1
58,63246.0,2,3,772.0,36.76190476190476,593,30,91,29.0,22,7.0,21,6,3,12,0,0,10,4,60,0.86,0.047619047619047616,1
66,36732.0,2,3,47.0,7.833333333333333,21,5,3,10.0,1,7.0,6,1,1,4,0,0,3,2,71,0.5,0.5,3
55,69084.0,1,2,1560.0,67.82608695652173,1181,81,199,39.0,30,30.0,23,7,3,13,0,0,15,8,43,0.61,0.08695652173913043,2
58,77766.0,1,2,1529.0,47.78125,1004,59,265,115.0,59,27.0,32,11,10,11,1,1,17,6,97,1.35,0.0625,2
40,37929.0,0,1,265.0,24.09090909090909,202,2,46,3.0,2,10.0,11,4,2,5,2,1,11,7,49,0.91,0.18181818181818182,2
74,86610.0,0,1,1250.0,73.52941176470588,446,81,556,33.0,81,53.0,17,5,6,6,0,0,7,2,66,0.81,0.058823529411764705,1
39,80141.0,0,1,1953.0,93.0,1184,81,556,52.0,40,40.0,21,7,4,10,1,1,13,6,20,1.46,0.047619047619047616,1
70,72635.0,0,1,981.0,49.05,390,22,323,104.0,35,107.0,20,6,8,6,1,0,9,3,54,1.07,0.05,1
55,69016.0,1,2,1470.0,49.0,726,53,363,120.5,81,126.5,30,8,9,13,0,0,13,5,61,1.6,0.13333333333333333,4
34,20193.0,0,1,82.0,13.666666666666666,8,8,22,24.0,11,9.0,6,1,1,4,0,0,5,4,18,1.58,0.16666666666666666,1
50,27573.0,1,2,244.0,24.4,50,15,110,39.0,15,15.0,10,5,1,4,0,0,13,8,45,1.26,0.4,4
46,15862.0,1,2,36.0,9.0,1,1,4,11.0,9,10.0,4,1,0,3,0,0,9,8,26,1.0,0.25,1
49,49544.0,1,2,404.0,28.857142857142858,308,0,73,0.0,0,23.0,14,5,1,8,0,0,12,7,0,1.37,0.14285714285714285,2
45,33228.0,1,2,71.0,14.2,22,2,31,7.0,4,5.0,5,2,0,3,0,0,9,7,28,0.43,0.2,1
47,70440.0,0,1,1515.0,68.86363636363636,690,81,499,76.0,81,88.0,22,5,10,7,1,0,8,3,49,0.72,0.045454545454545456,1
54,38232.0,2,3,122.0,17.428571428571427,43,5,28,7.0,6,33.0,7,3,1,3,0,0,8,5,84,0.45,0.5714285714285714,4
70,22554.0,2,3,41.0,6.833333333333333,27,0,10,0.0,0,4.0,6,2,0,4,0,0,7,5,38,1.65,0.6666666666666666,4
42,23536.0,1,2,10.0,3.3333333333333335,6,0,3,0.0,0,1.0,3,0,0,3,0,0,3,3,53,0.07,0.3333333333333333,1
73,49413.0,1,2,304.0,27.636363636363637,205,7,41,3.0,2,46.0,11,4,2,5,0,0,9,5,88,0.68,0.18181818181818182,2
56,42231.0,2,3,37.0,9.25,24,0,8,0.0,1,4.0,4,1,0,3,0,0,6,5,99,0.26,0.25,1
45,78789.0,0,1,1458.0,97.2,667,50,556,21.0,81,83.0,15,4,6,5,0,1,6,2,12,1.89,0.06666666666666667,1
57,56534.0,1,2,815.0,38.80952380952381,691,7,61,10.0,0,46.0,21,10,4,7,2,1,18,8,35,0.93,0.19047619047619047,4
54,58350.0,1,2,1001.0,43.52173913043478,493,26,206,116.0,80,80.0,23,8,3,12,0,0,14,6,5,1.48,0.17391304347826086,4
36,81217.0,0,1,1131.5,53.88095238095238,493,70,324,120.5,40,84.0,21,3,7,11,0,0,4,1,77,0.94,0.047619047619047616,1
74,49090.0,1,2,688.0,38.22222222222222,494,5,82,7.0,0,100.0,18,7,2,9,0,0,14,7,45,0.94,0.16666666666666666,3
38,61787.0,0,1,1319.0,73.27777777777777,621,73,414,78.0,48,85.0,18,8,4,6,0,0,13,5,71,0.98,0.05555555555555555,1
40,18169.0,1,2,21.0,7.0,9,0,5,0.0,0,7.0,3,1,0,2,0,0,9,8,40,1.36,0.3333333333333333,1
44,24336.0,1,2,31.0,10.333333333333334,1,6,2,8.0,2,12.0,3,1,0,2,0,0,8,7,82,1.84,0.3333333333333333,1
35,18222.0,0,1,67.0,13.4,12,4,19,12.0,6,14.0,5,2,0,3,0,0,10,8,70,1.49,0.2,1
73,62335.0,1,2,658.0,34.63157894736842,243,81,217,85.0,6,26.0,19,3,3,13,0,0,5,2,87,1.1,0.10526315789473684,2
54,42033.0,2,3,25.0,8.333333333333334,11,1,4,2.0,0,7.0,3,1,0,2,0,0,8,7,95,1.77,0.3333333333333333,1
42,86580.0,0,1,746.0,67.81818181818181,532,21,127,26.0,20,20.0,11,4,2,5,1,0,5,1,72,1.33,0.0,0
68,41437.0,2,3,32.0,8.0,29,0,2,0.0,0,1.0,4,1,0,3,0,0,8,7,5,1.77,0.25,1
74,73705.0,2,3,1521.5,66.15217391304348,612,81,520,120.5,81,107.0,23,9,6,8,0,0,14,5,86,0.32,0.08695652173913043,2
49,61064.0,1,2,981.5,42.67391304347826,387,81,342,0.0,45,126.5,23,8,4,11,0,0,14,6,80,1.83,0.21739130434782608,5
70,38452.0,2,3,72.0,12.0,56,0,14,0.0,0,2.0,6,3,0,3,0,0,10,7,62,0.25,0.5,3
36,18358.0,1,2,57.0,8.142857142857142,6,8,19,16.0,4,4.0,7,3,0,4,0,0,10,7,49,0.61,0.42857142857142855,3
52,55012.0,1,2,660.0,34.73684210526316,582,0,65,0.0,0,13.0,19,8,2,9,0,0,13,5,85,0.27,0.3157894736842105,6
52,9722.0,1,2,103.0,14.714285714285714,6,17,16,6.0,16,42.0,7,3,1,3,0,1,11,8,7,1.74,0.5714285714285714,4
41,38175.0,1,2,153.0,19.125,70,6,69,2.0,3,3.0,8,3,1,4,0,0,10,7,6,0.76,0.375,3
69,58656.0,1,2,1220.0,43.57142857142857,962,12,194,16.0,24,12.0,28,7,8,13,1,0,13,6,25,1.77,0.14285714285714285,4
60,52117.0,1,2,279.0,25.363636363636363,112,10,107,30.0,0,20.0,11,5,2,4,0,0,12,7,55,1.87,0.18181818181818182,2
47,64813.0,1,2,670.5,35.28947368421053,293,0,124,120.5,81,52.0,19,7,2,10,0,0,12,5,81,0.49,0.05263157894736842,1
52,54222.0,1,2,264.0,24.0,199,12,31,3.0,12,7.0,11,3,3,5,0,0,6,3,98,0.33,0.09090909090909091,1
39,83512.0,0,1,1878.0,89.42857142857143,1060,61,556,80.0,20,101.0,21,4,7,10,4,1,5,1,31,0.03,0.047619047619047616,1
66,77520.0,1,2,1519.0,69.04545454545455,940,44,396,0.0,81,58.0,22,8,7,7,3,1,12,4,30,0.84,0.045454545454545456,1
47,41154.0,1,2,69.0,13.8,44,2,11,2.0,3,7.0,5,1,0,4,0,0,6,5,98,1.22,0.2,1
59,80398.0,0,1,1130.5,45.22,342,51,556,120.5,35,26.0,25,5,8,12,1,0,8,3,92,1.63,0.04,1
33,18746.0,1,2,64.0,10.666666666666666,2,10,11,12.0,9,20.0,6,3,0,3,0,0,9,6,41,0.08,0.3333333333333333,2
41,35196.0,1,2,436.5,36.375,75,12,141,43.0,39,126.5,12,6,1,5,0,0,14,8,68,1.62,0.5,6
69,60230.0,1,2,1067.0,71.13333333333334,520,20,367,39.0,81,40.0,15,6,3,6,0,0,11,5,78,1.11,0.13333333333333333,2
48,22108.0,2,3,31.0,6.2,5,3,9,6.0,2,6.0,5,2,0,3,0,0,9,7,46,0.14,0.4,2
51,44392.0,2,3,211.0,23.444444444444443,87,5,71,7.0,12,29.0,9,4,1,4,0,0,11,7,71,0.81,0.5555555555555556,5
49,55424.0,1,2,877.0,41.76190476190476,462,61,184,10.0,53,107.0,21,7,5,9,1,1,13,6,6,1.59,0.19047619047619047,4
46,17688.0,1,2,11.0,3.6666666666666665,2,2,1,3.0,1,2.0,3,1,0,2,0,0,9,8,82,1.46,0.3333333333333333,1
42,92491.0,0,1,1655.0,68.95833333333333,979,44,556,29.0,25,22.0,24,7,5,12,3,1,10,3,71,1.16,0.041666666666666664,1
34,90273.0,0,1,1646.0,91.44444444444444,704,81,556,120.0,74,111.0,18,5,6,7,3,1,7,2,32,0.54,0.05555555555555555,1
63,82571.0,0,1,1670.0,69.58333333333333,861,31,556,62.0,81,79.0,24,6,5,13,1,0,8,2,28,0.24,0.0,0
43,38513.0,1,2,324.0,27.0,172,3,115,16.0,0,18.0,12,6,1,5,0,1,14,8,20,0.42,0.4166666666666667,5
46,16653.0,1,2,69.0,11.5,5,7,31,15.0,4,7.0,6,2,1,3,0,1,8,6,10,0.2,0.5,3
70,42586.0,2,3,252.0,22.90909090909091,194,2,56,0.0,0,0.0,11,4,1,6,0,1,12,8,7,1.66,0.45454545454545453,5
60,23529.0,1,2,54.0,13.5,9,7,13,3.0,2,20.0,4,1,1,2,0,0,7,6,67,1.47,0.25,1
64,74881.0,2,3,964.0,41.91304347826087,505,72,270,36.0,27,54.0,23,9,2,12,0,0,14,5,48,1.31,0.17391304347826086,4
74,71107.0,1,2,1088.0,41.84615384615385,533,10,217,120.5,81,126.5,26,7,6,13,0,0,11,4,61,1.36,0.07692307692307693,2
61,46910.0,2,3,68.0,13.6,48,0,14,0.0,0,6.0,5,2,0,3,0,0,8,6,36,0.27,0.4,2
66,18690.0,0,1,60.0,15.0,6,1,7,23.0,4,19.0,4,1,1,2,0,0,9,8,77,1.5,0.25,1
70,37244.0,2,3,55.0,13.75,18,2,10,0.0,0,25.0,4,1,1,2,1,0,8,7,90,1.17,0.25,1
59,82427.0,0,1,1364.0,68.2,482,81,509,104.0,81,107.0,20,3,5,12,1,0,4,1,35,0.3,0.05,1
67,75342.0,1,2,510.0,30.0,204,81,97,21.0,81,26.0,17,5,2,10,0,0,9,4,38,1.15,0.058823529411764705,1
71,70044.0,1,2,1471.5,66.88636363636364,1073,0,250,120.5,14,14.0,22,7,10,5,0,0,12,5,46,1.36,0.18181818181818182,4
58,79146.0,2,3,564.0,33.1764705882353,245,16,223,21.0,43,16.0,17,8,1,8,0,0,14,6,33,0.18,0.11764705882352941,2
62,77437.0,0,1,1125.0,51.13636363636363,560,21,442,29.0,44,29.0,22,4,5,13,1,0,5,1,70,0.59,0.045454545454545456,1
66,54984.0,1,2,358.0,27.53846153846154,173,13,131,32.0,3,6.0,13,6,1,6,1,0,13,7,51,0.1,0.3076923076923077,4
54,42403.0,1,2,42.0,10.5,22,1,11,0.0,5,3.0,4,1,0,3,0,0,9,8,18,0.55,0.25,1
61,55761.0,1,2,184.0,23.0,136,1,12,0.0,3,32.0,8,4,1,3,1,0,10,6,97,0.18,0.25,2
42,37292.0,1,2,460.0,32.857142857142854,275,0,86,10.0,23,66.0,14,6,3,5,0,0,14,8,32,1.2,0.35714285714285715,5
80,45576.0,0,1,145.0,20.714285714285715,56,19,29,2.0,14,25.0,7,3,1,3,0,1,11,8,9,0.09,0.14285714285714285,1
78,70321.0,0,1,1116.5,46.520833333333336,303,23,556,82.0,26,126.5,24,6,5,13,0,1,10,4,6,1.45,0.041666666666666664,1
56,58086.0,1,2,792.0,37.714285714285715,708,7,62,0.0,0,15.0,21,11,3,7,0,0,19,8,80,1.44,0.09523809523809523,2
73,81795.0,0,1,1157.0,52.59090909090909,324,81,556,27.0,81,88.0,22,4,11,7,0,0,6,2,74,1.67,0.045454545454545456,1
78,28389.0,0,1,28.0,9.333333333333334,1,5,3,7.0,4,8.0,3,1,0,2,0,0,8,7,49,1.6,0.3333333333333333,1
79,66835.0,0,1,1018.5,44.28260869565217,620,26,195,34.0,17,126.5,23,6,4,13,0,0,8,2,21,0.75,0.043478260869565216,1
56,69901.0,1,2,848.5,42.425,312,21,206,102.0,81,126.5,20,7,3,10,0,0,12,5,95,1.08,0.15,3
76,80360.0,0,1,1957.0,150.53846153846155,1224,81,454,112.0,43,43.0,13,4,4,5,3,0,6,2,56,1.32,0.15384615384615385,2
64,63342.0,1,2,1101.0,68.8125,918,21,118,13.0,10,21.0,16,8,3,5,1,1,14,6,48,1.7,0.1875,3
51,44989.0,1,2,369.0,33.54545454545455,98,0,106,49.0,10,106.0,11,5,1,5,0,0,11,6,26,1.79,0.45454545454545453,5
45,31859.0,1,2,48.0,12.0,3,4,7,15.0,8,11.0,4,1,0,3,0,0,8,7,3,0.33,0.25,1
76,51569.0,1,2,467.0,31.133333333333333,380,0,47,6.0,0,34.0,15,7,1,7,1,1,15,8,39,1.37,0.26666666666666666,4
54,30372.0,2,3,44.0,8.8,15,0,12,7.0,3,7.0,5,2,0,3,0,0,9,7,33,1.51,0.6,3
46,16014.0,2,3,38.0,6.333333333333333,3,9,4,7.0,8,7.0,6,1,1,4,0,0,4,3,42,1.28,0.6666666666666666,4
57,41120.0,2,3,81.0,13.5,24,2,23,0.0,8,24.0,6,2,1,3,0,0,8,6,80,0.64,0.5,3
54,39763.0,1,2,167.0,20.875,80,1,60,4.0,6,16.0,8,5,1,2,0,1,14,9,9,0.9,0.25,2
70,38725.0,2,3,45.0,9.0,31,0,6,2.0,1,5.0,5,1,0,4,0,0,5,4,52,0.14,0.4,2
53,77981.0,1,2,580.0,32.22222222222222,138,81,204,16.0,81,60.0,18,7,4,7,0,0,12,5,78,1.09,0.16666666666666666,3
61,62905.0,1,2,596.0,35.05882352941177,166,75,96,119.0,81,59.0,17,7,2,8,0,0,11,4,68,0.8,0.17647058823529413,3
46,13533.0,1,2,48.0,9.6,12,3,8,8.0,0,17.0,5,2,0,3,0,0,9,7,45,1.3,0.4,2
50,59481.0,1,2,461.0,32.92857142857143,178,3,85,71.0,66,58.0,14,3,3,8,0,0,5,2,47,0.68,0.14285714285714285,2
48,72117.0,1,2,1073.0,42.92,707,20,171,65.0,60,50.0,25,9,7,9,0,0,14,5,34,0.86,0.04,1
39,21955.0,1,2,55.0,9.166666666666666,5,1,7,17.0,14,11.0,6,2,1,3,0,0,8,6,81,0.81,0.3333333333333333,2
69,67131.0,1,2,976.0,42.43478260869565,465,71,250,93.0,35,62.0,23,9,2,12,0,0,15,6,72,1.26,0.13043478260869565,3
45,36802.0,1,2,20.0,5.0,16,1,2,0.0,0,1.0,4,1,0,3,0,0,6,5,23,0.04,0.25,1
43,71853.0,0,1,1085.5,67.84375,358,81,413,120.5,81,32.0,16,2,8,6,0,0,3,1,29,1.14,0.0625,1
64,28249.0,0,1,43.0,8.6,1,9,7,2.0,14,10.0,5,2,0,3,0,0,8,6,80,0.04,0.2,1
50,47808.0,1,2,224.0,28.0,123,1,26,2.0,0,72.0,8,3,2,3,1,0,10,7,30,0.69,0.25,2
51,25509.0,1,2,101.0,16.833333333333332,40,3,30,10.0,7,11.0,6,3,0,3,0,1,12,9,15,1.78,0.5,3
79,51012.0,0,1,209.0,23.22222222222222,102,9,63,2.0,9,24.0,9,4,1,4,0,0,10,6,86,1.2,0.1111111111111111,1
40,70596.0,0,1,968.0,48.4,347,44,534,17.0,0,26.0,20,3,5,12,0,0,5,2,68,1.73,0.05,1
73,85431.0,0,1,1117.5,69.84375,376,53,462,120.5,53,53.0,16,2,7,7,0,0,2,0,54,1.06,0.0625,1
58,42664.0,1,2,24.0,6.0,21,0,3,0.0,0,0.0,4,1,0,3,0,0,7,6,44,0.28,0.25,1
70,42586.0,2,3,252.0,22.90909090909091,194,2,56,0.0,0,0.0,11,4,1,6,0,1,12,8,7,1.66,0.45454545454545453,5
40,29760.0,1,2,165.0,20.625,64,4,68,7.0,5,17.0,8,3,1,4,0,0,11,8,87,1.83,0.5,4
48,28973.0,0,1,269.0,24.454545454545453,206,0,46,3.0,2,12.0,11,5,1,5,0,0,13,8,59,1.71,0.18181818181818182,2
52,39435.0,1,2,102.0,17.0,71,0,18,0.0,0,13.0,6,3,1,2,0,0,10,7,16,0.9,0.16666666666666666,1
41,65370.0,0,1,435.5,24.194444444444443,71,22,112,120.5,81,29.0,18,2,3,13,0,0,3,1,1,0.91,0.05555555555555555,1
46,20194.0,1,2,47.0,9.4,0,4,7,11.0,10,15.0,5,2,0,3,0,0,8,6,64,1.53,0.4,2
49,42473.0,2,3,144.0,20.571428571428573,93,1,21,0.0,4,25.0,7,2,1,4,0,0,7,5,72,0.36,0.42857142857142855,3
57,64590.0,0,1,1281.0,55.69565217391305,920,81,168,36.0,46,30.0,23,9,4,10,0,0,15,6,98,1.71,0.043478260869565216,1
66,71232.0,1,2,917.0,39.869565217391305,653,17,170,34.0,26,17.0,23,11,2,10,0,0,18,7,91,0.58,0.08695652173913043,2
54,34600.0,2,3,318.0,26.5,199,33,60,8.0,3,15.0,12,5,2,5,0,1,13,8,8,1.49,0.4166666666666667,5
58,46904.0,2,3,253.0,25.3,153,4,56,0.0,9,31.0,10,5,1,4,0,0,13,8,20,1.65,0.4,4
52,49094.0,1,2,502.0,33.46666666666667,376,0,38,11.0,8,69.0,15,6,3,6,0,0,12,6,6,1.77,0.3333333333333333,5
42,36075.0,1,2,119.0,19.833333333333332,46,0,30,12.0,1,30.0,6,2,0,4,0,0,8,6,54,0.55,0.16666666666666666,1
46,60839.0,2,3,1077.0,67.3125,600,21,128,120.5,81,126.5,16,2,2,12,0,0,10,8,72,1.83,0.8125,13
46,77298.0,1,2,935.0,40.65217391304348,425,81,292,23.0,35,79.0,23,6,6,11,0,0,9,3,46,0.65,0.043478260869565216,1
75,34026.0,2,3,76.0,12.666666666666666,18,6,15,12.0,8,17.0,6,2,1,3,0,0,7,5,11,0.9,0.5,3
62,48918.0,2,3,62.0,12.4,52,0,9,0.0,0,1.0,5,1,0,4,0,0,5,4,21,0.21,0.4,2
63,82122.0,0,1,1351.5,54.06,734,22,350,120.5,25,100.0,25,3,9,13,1,0,4,1,89,0.87,0.04,1
49,37697.0,1,2,84.0,14.0,34,6,21,11.0,4,8.0,6,2,1,3,0,0,8,6,82,0.39,0.16666666666666666,1
73,34074.0,2,3,255.0,28.333333333333332,135,1,41,10.0,1,67.0,9,3,3,3,1,0,9,6,69,0.96,0.5555555555555556,5
65,28520.0,2,3,43.0,10.75,11,0,10,0.0,2,20.0,4,1,1,2,0,0,7,6,55,1.04,0.25,1
70,62535.0,1,2,398.0,30.615384615384617,163,48,90,0.0,45,52.0,13,3,2,8,0,0,6,3,13,0.74,0.07692307692307693,1
48,36273.0,1,2,76.0,12.666666666666666,29,3,30,3.0,2,9.0,6,3,0,3,0,0,9,6,80,0.2,0.3333333333333333,2
61,63404.0,2,3,902.0,69.38461538461539,734,26,70,11.0,44,17.0,13,6,3,4,1,0,10,4,97,0.06,0.15384615384615385,2
44,75774.0,1,2,685.5,34.275,340,21,134,120.5,14,56.0,20,7,5,8,0,0,11,4,27,0.16,0.05,1
49,78416.0,1,2,1055.0,43.958333333333336,453,38,279,120.5,38,126.5,24,7,7,10,0,0,10,3,99,0.01,0.08333333333333333,2
51,75702.0,1,2,1823.5,65.125,1073,0,556,120.5,37,37.0,28,10,5,13,1,0,16,6,87,1.71,0.03571428571428571,1
74,59385.0,2,3,185.0,23.125,135,0,10,0.0,4,36.0,8,3,1,4,0,0,8,5,85,1.17,0.25,2
59,37070.0,2,3,433.0,30.928571428571427,231,7,137,4.0,15,39.0,14,5,1,8,0,1,12,7,30,1.28,0.6428571428571429,9
74,44689.0,2,3,34.0,8.5,18,0,5,0.0,0,11.0,4,1,1,2,1,0,8,7,82,0.47,0.5,2
67,53977.0,1,2,907.0,41.22727272727273,620,16,165,0.0,24,82.0,22,5,5,12,0,0,10,5,21,1.06,0.22727272727272727,5
59,7144.0,2,3,251.5,10.06,81,4,33,5.0,2,126.5,25,23,1,1,0,0,23,0,92,0.56,0.0,0
61,18701.0,2,3,44.0,7.333333333333333,12,4,2,10.0,6,10.0,6,2,0,4,0,0,7,5,95,1.07,0.6666666666666666,4
69,90369.0,0,1,1059.5,66.21875,292,51,556,120.5,23,17.0,16,4,6,6,0,1,5,1,2,0.17,0.0625,1
51,63159.0,0,1,1762.0,110.125,965,34,556,89.0,81,37.0,16,3,5,8,1,0,6,3,74,1.65,0.0625,1
59,37758.0,2,3,40.0,10.0,27,2,10,0.0,0,1.0,4,1,0,3,0,0,9,8,49,1.73,0.5,2
62,46757.0,1,2,1143.0,76.2,777,30,163,0.0,51,122.0,15,4,4,7,0,0,13,9,71,1.62,0.4,6
56,79734.0,0,1,914.0,70.3076923076923,572,8,232,23.0,62,17.0,13,4,3,6,1,0,5,1,72,0.0,0.07692307692307693,1
33,63207.0,0,1,1317.0,119.72727272727273,438,81,556,91.0,81,70.0,11,2,3,6,1,0,9,7,68,1.44,0.09090909090909091,1
71,72071.0,1,2,1228.0,72.23529411764706,531,69,300,120.5,81,126.5,17,5,4,8,0,0,7,2,4,1.37,0.17647058823529413,3
42,21840.0,1,2,27.0,6.75,17,0,9,0.0,0,1.0,4,1,0,3,0,0,10,9,80,0.94,0.25,1
43,58582.0,1,2,763.0,38.15,402,35,106,101.0,77,42.0,20,9,2,9,1,0,14,5,15,0.75,0.1,2
74,72282.0,0,1,1246.5,59.357142857142854,503,27,419,90.0,81,126.5,21,5,7,9,0,1,12,7,70,0.94,0.047619047619047616,1
69,50387.0,2,3,525.0,32.8125,369,9,87,12.0,14,34.0,16,6,2,8,0,0,11,5,91,0.83,0.1875,3
64,32583.0,2,3,9.0,3.0,5,0,3,0.0,0,1.0,3,1,0,2,0,0,8,7,10,0.04,0.3333333333333333,1
63,62568.0,1,2,953.0,73.3076923076923,362,17,398,80.0,35,61.0,13,5,3,5,1,0,9,4,99,0.23,0.23076923076923078,3
54,44635.0,2,3,68.0,13.6,56,0,9,0.0,0,3.0,5,2,0,3,0,0,9,7,25,0.71,0.4,2
54,33316.0,2,3,131.0,18.714285714285715,79,1,31,4.0,4,12.0,7,2,1,4,0,0,8,6,34,0.73,0.42857142857142855,3
57,63967.0,1,2,843.5,42.175,387,81,141,73.0,35,126.5,20,4,4,12,0,0,6,2,57,0.89,0.15,3
47,52513.0,0,1,936.5,40.71739130434783,367,17,241,104.0,81,126.5,23,9,5,9,0,0,16,7,84,1.82,0.08695652173913043,2
56,25293.0,1,2,37.0,9.25,15,0,11,0.0,2,9.0,4,1,1,2,0,0,9,8,51,0.79,0.25,1
60,54111.0,1,2,388.0,29.846153846153847,267,6,54,8.0,3,50.0,13,5,2,6,0,0,10,5,97,0.84,0.15384615384615385,2
39,78394.0,0,1,1152.0,76.8,298,27,556,120.5,24,126.5,15,4,6,5,0,1,6,2,13,1.37,0.06666666666666667,1
67,80739.0,0,1,1442.0,62.69565217391305,674,81,556,39.0,0,92.0,23,3,11,9,0,0,4,1,92,1.1,0.043478260869565216,1
50,22669.0,1,2,173.0,24.714285714285715,16,14,36,37.0,22,48.0,7,4,1,2,0,1,13,9,30,1.1,0.42857142857142855,3
38,29236.0,1,2,99.0,14.142857142857142,37,4,24,16.0,9,9.0,7,4,0,3,0,0,13,9,30,0.72,0.2857142857142857,2
66,44911.0,1,2,215.0,23.88888888888889,159,0,22,2.0,1,31.0,9,4,1,4,0,0,11,7,11,1.29,0.3333333333333333,3
63,54693.0,1,2,929.0,40.391304347826086,686,17,142,23.0,26,35.0,23,6,4,13,0,0,12,6,72,1.36,0.34782608695652173,8
51,48186.0,1,2,219.0,24.333333333333332,97,3,66,12.0,7,34.0,9,4,1,4,0,0,11,7,39,0.28,0.3333333333333333,3
48,54809.0,2,3,174.0,21.75,63,6,57,13.0,13,22.0,8,2,1,5,0,1,6,4,0,0.8,0.5,4
47,41580.0,2,3,92.0,15.333333333333334,56,5,24,4.0,0,3.0,6,2,1,3,0,0,7,5,15,1.55,0.5,3
55,80336.0,0,1,951.5,39.645833333333336,209,19,456,120.5,81,66.0,24,2,9,13,0,0,3,1,12,0.8,0.041666666666666664,1
68,47743.0,1,2,275.0,25.0,198,2,43,0.0,12,20.0,11,4,1,6,1,0,10,6,56,1.27,0.2727272727272727,3
70,62972.0,1,2,521.5,37.25,313,15,47,20.0,0,126.5,14,7,4,3,0,0,13,6,39,1.9,0.14285714285714285,2
71,57333.0,1,2,1612.5,73.29545454545455,941,14,397,76.0,58,126.5,22,8,5,9,0,1,14,6,55,1.77,0.5,11
43,32313.0,1,2,159.0,19.875,86,4,56,2.0,4,7.0,8,4,0,4,0,0,13,9,60,1.38,0.375,3
72,84953.0,0,1,978.0,57.529411764705884,167,48,556,63.0,72,72.0,17,3,10,4,3,1,5,2,73,1.07,0.058823529411764705,1
57,27071.0,1,2,35.0,7.0,8,3,19,0.0,2,3.0,5,2,0,3,0,0,8,6,90,0.18,0.4,2
68,68148.0,0,1,1042.0,74.42857142857143,389,66,408,37.0,57,85.0,14,4,4,6,0,0,6,2,86,0.83,0.07142857142857142,1
60,65735.0,2,3,395.0,28.214285714285715,239,7,119,4.0,15,11.0,14,6,2,6,0,0,13,7,37,0.56,0.35714285714285715,5
50,86836.0,0,1,557.0,25.318181818181817,179,21,273,0.0,21,63.0,22,6,10,6,3,1,11,5,7,1.79,0.045454545454545456,1
62,4023.0,2,3,9.0,0.0,5,0,1,1.0,1,1.0,0,0,0,0,0,0,19,19,29,0.02,0.0,15
35,30093.0,0,1,69.0,13.8,2,6,28,13.0,4,16.0,5,2,0,3,0,0,9,7,19,0.97,0.2,1
59,57705.0,1,2,486.0,32.4,383,0,53,6.0,4,40.0,15,8,1,6,0,0,14,6,14,0.46,0.2,3
37,25008.0,1,2,34.0,8.5,2,8,8,6.0,1,9.0,4,1,0,3,0,0,9,8,72,0.4,0.5,2
30,83257.0,0,1,1305.0,48.333333333333336,536,27,556,38.0,81,67.0,27,5,10,12,2,1,11,6,56,1.78,0.037037037037037035,1
50,22280.0,1,2,13.0,4.333333333333333,2,1,4,3.0,1,2.0,3,1,0,2,0,0,9,8,85,1.11,0.3333333333333333,1
47,72159.0,0,1,1058.0,52.9,322,53,556,34.0,40,53.0,20,4,6,10,0,0,6,2,62,1.66,0.05,1
64,64260.0,0,1,1226.0,94.3076923076923,539,81,556,20.0,0,30.0,13,4,5,4,0,1,7,3,1,1.46,0.07692307692307693,1
41,82733.0,0,1,1323.0,69.63157894736842,712,50,420,65.0,38,38.0,19,8,4,7,0,1,12,4,28,0.8,0.05263157894736842,1
54,74290.0,1,2,1217.0,43.464285714285715,1121,0,72,0.0,12,12.0,28,10,8,10,2,0,16,6,70,0.88,0.14285714285714285,4
74,58217.0,3,4,103.0,17.166666666666668,68,1,13,3.0,5,13.0,6,2,0,4,0,0,8,6,84,1.61,0.16666666666666666,1
49,21024.0,0,1,84.0,14.0,36,4,18,6.0,2,18.0,6,2,0,4,0,0,9,7,89,0.99,0.16666666666666666,1
53,70116.0,0,1,1489.0,67.68181818181819,707,44,556,95.0,58,29.0,22,2,8,12,0,0,3,1,73,1.42,0.045454545454545456,1
40,54006.0,1,2,581.0,36.3125,174,77,203,6.0,24,97.0,16,8,1,7,0,0,15,7,42,1.78,0.125,2
59,69063.0,1,2,928.0,71.38461538461539,666,35,124,69.0,8,26.0,13,5,3,5,0,0,8,3,16,1.64,0.07692307692307693,1
50,11448.0,0,1,14.0,4.666666666666667,0,0,0,6.0,2,6.0,3,1,0,2,0,0,7,6,16,0.54,0.3333333333333333,1
46,61825.0,1,2,424.0,30.285714285714285,162,50,100,55.0,30,27.0,14,4,2,8,0,0,8,4,56,0.89,0.07142857142857142,1
54,70886.0,1,2,953.0,73.3076923076923,407,70,239,103.0,81,53.0,13,5,4,4,0,0,7,2,65,0.71,0.07692307692307693,1
43,69109.0,0,1,1551.5,81.65789473684211,823,25,459,120.5,29,95.0,19,6,6,7,1,1,10,4,10,1.63,0.05263157894736842,1
52,60208.0,2,3,656.0,36.44444444444444,488,23,71,15.0,0,59.0,18,8,3,7,1,1,15,7,13,1.72,0.6111111111111112,11
57,32889.0,2,3,55.0,9.166666666666666,28,0,13,4.0,2,8.0,6,2,1,3,0,0,7,5,78,0.81,0.5,3
41,34738.0,1,2,20.0,5.0,3,2,10,3.0,0,2.0,4,1,0,3,0,0,7,6,51,0.13,0.25,1
54,30538.0,1,2,367.0,28.23076923076923,284,0,52,8.0,3,20.0,13,9,0,4,0,0,19,10,27,1.74,0.3076923076923077,4
48,82326.0,0,1,1903.0,90.61904761904762,938,81,556,120.5,81,126.5,21,5,10,6,3,1,7,2,30,0.3,0.047619047619047616,1
58,26642.0,1,2,42.0,8.4,13,2,15,2.0,2,8.0,5,2,0,3,0,0,8,6,71,0.33,0.4,2
61,69932.0,1,2,904.5,37.6875,412,81,153,120.5,81,57.0,24,7,6,11,0,0,11,4,97,1.05,0.08333333333333333,2
53,44503.0,2,3,48.0,9.6,31,1,8,0.0,0,8.0,5,2,0,3,0,0,8,6,83,0.2,0.4,2
77,60200.0,1,2,685.0,36.05263157894737,502,19,132,0.0,6,26.0,19,6,2,11,0,0,12,6,3,1.49,0.3157894736842105,6
73,49638.0,1,2,39.0,9.75,18,10,3,3.0,5,0.0,4,1,0,3,0,0,3,2,71,0.19,0.25,1
38,23830.0,0,1,43.0,10.75,1,8,6,4.0,8,16.0,4,1,0,3,0,0,8,7,3,0.39,0.25,1
66,33051.0,0,1,729.5,40.52777777777778,100,71,243,108.0,81,126.5,18,9,1,8,0,1,18,9,15,1.87,0.16666666666666666,3
67,72905.0,0,1,1261.0,66.36842105263158,407,81,445,120.5,81,126.5,19,3,7,9,1,0,4,1,52,0.44,0.05263157894736842,1
74,69702.0,1,2,1039.0,43.291666666666664,664,9,240,50.0,19,57.0,24,7,7,10,0,0,11,4,8,1.36,0.08333333333333333,2
50,70300.0,1,2,1596.0,69.3913043478261,1045,61,338,60.0,46,46.0,23,5,5,13,0,0,13,8,89,0.96,0.13043478260869565,3
41,70643.0,0,1,1740.0,102.3529411764706,1218,81,304,23.0,81,33.0,17,5,8,4,0,1,11,6,66,1.7,0.058823529411764705,1
56,30396.0,1,2,34.0,8.5,15,0,6,0.0,1,12.0,4,1,1,2,1,1,8,7,22,0.16,0.5,2
57,50616.0,1,2,149.0,18.625,128,0,16,0.0,1,4.0,8,4,0,4,0,0,11,7,56,0.2,0.25,2
56,62772.0,1,2,946.0,43.0,581,49,157,43.0,8,108.0,22,5,6,11,1,0,7,2,74,1.11,0.045454545454545456,1
40,30298.0,0,1,28.0,5.6,6,3,12,6.0,1,0.0,5,1,1,3,0,0,4,3,48,0.11,0.2,1
41,52413.0,1,2,450.0,30.0,185,8,133,56.0,56,12.0,15,7,1,7,0,0,14,7,67,1.65,0.13333333333333333,2
68,44155.0,2,3,46.0,11.5,22,1,9,0.0,0,14.0,4,1,1,2,0,0,5,4,24,0.44,0.25,1
54,86979.0,0,1,1402.0,93.46666666666667,584,81,556,65.0,81,35.0,15,5,5,5,1,1,7,2,67,0.64,0.06666666666666667,1
50,76532.0,2,3,763.0,36.333333333333336,355,30,177,90.0,81,30.0,21,9,5,7,0,0,14,5,38,0.8,0.19047619047619047,4
43,42081.0,1,2,382.0,29.384615384615383,175,10,110,54.0,6,27.0,13,6,3,4,1,0,12,6,86,1.34,0.15384615384615385,2
37,67546.0,0,1,1786.0,94.0,864,81,556,120.5,38,126.5,19,4,10,5,0,0,7,3,90,1.83,0.05263157894736842,1
36,88420.0,0,1,1900.5,100.02631578947368,957,81,556,99.0,81,126.5,19,4,7,8,3,0,5,1,87,0.16,0.05263157894736842,1
40,31158.0,1,2,72.0,14.4,25,6,16,20.0,0,5.0,5,2,0,3,0,0,10,8,62,1.42,0.4,2
57,61671.0,1,2,732.0,36.6,641,7,56,0.0,0,28.0,20,10,4,6,2,0,18,8,23,0.07,0.4,8
51,69719.0,0,1,739.5,73.95,273,81,208,120.5,14,43.0,10,2,3,5,0,0,3,1,99,0.09,0.1,1
76,49160.0,1,2,236.0,23.6,122,21,43,25.0,10,15.0,10,3,1,6,0,0,9,6,29,0.69,0.2,2
47,24882.0,1,2,80.0,20.0,1,4,10,29.0,0,36.0,4,1,1,2,1,0,7,6,52,1.8,0.25,1
71,90933.0,0,1,1685.0,120.35714285714286,1020,31,430,62.0,63,79.0,14,4,6,4,1,0,5,1,90,0.25,0.07142857142857142,1
80,113734.0,0,1,96.0,3.5555555555555554,6,2,3,1.0,81,3.0,27,27,0,0,0,0,28,1,9,0.09,0.0,0
75,59292.0,1,2,507.0,31.6875,378,14,68,19.0,14,14.0,16,3,5,8,0,0,6,3,71,1.04,0.125,2
61,45759.0,2,3,68.0,13.6,42,1,18,3.0,0,4.0,5,2,0,3,0,0,9,7,13,1.34,0.4,2
42,22148.0,0,1,49.0,12.25,15,5,14,0.0,4,11.0,4,1,0,3,0,0,8,7,16,0.21,0.25,1
38,73395.0,0,1,397.0,28.357142857142858,272,7,80,20.0,7,11.0,14,4,4,6,0,0,6,2,94,0.28,0.07142857142857142,1
54,29819.0,1,2,39.0,6.5,9,1,24,2.0,1,2.0,6,3,0,3,0,0,9,6,77,0.68,0.5,3
57,45688.0,1,2,306.0,25.5,279,0,18,0.0,0,9.0,12,3,1,8,1,0,7,4,20,0.42,0.16666666666666666,2
71,62820.0,0,1,958.5,73.73076923076923,398,61,265,120.5,61,53.0,13,3,4,6,0,0,4,1,51,1.13,0.07692307692307693,1
54,60491.0,1,2,1028.0,42.833333333333336,637,47,237,12.0,19,76.0,24,6,11,7,0,0,11,5,81,0.81,0.16666666666666666,4
39,33235.0,1,2,70.0,11.666666666666666,45,0,16,2.0,1,6.0,6,3,0,3,0,0,10,7,71,0.39,0.16666666666666666,1
66,35701.0,0,1,46.0,11.5,21,1,9,7.0,3,5.0,4,1,0,3,0,0,7,6,36,1.28,0.25,1
45,31535.0,1,2,51.0,12.75,15,4,13,0.0,0,19.0,4,1,1,2,1,0,8,7,95,0.76,0.25,1
65,92556.0,0,1,1097.5,52.26190476190476,493,81,352,120.5,23,28.0,21,3,5,13,0,0,3,0,32,0.19,0.0,0
55,67384.0,1,2,1452.5,72.625,957,40,175,120.5,53,107.0,20,7,8,5,1,0,12,5,32,1.63,0.1,2
54,80573.0,0,1,1496.0,65.04347826086956,829,81,430,60.0,81,15.0,23,4,6,13,0,0,6,2,85,1.71,0.043478260869565216,1
58,77870.0,1,2,1808.5,120.56666666666666,1017,50,500,65.0,50,126.5,15,5,5,5,2,1,13,8,93,1.85,0.2,3
62,52278.0,1,2,1150.5,46.02,953,0,71,0.0,0,126.5,25,10,5,10,0,0,18,8,24,1.42,0.24,6
57,57107.0,1,2,405.5,25.34375,159,0,120,0.0,0,126.5,16,4,4,8,2,1,12,8,44,1.85,0.4375,7
35,18929.0,0,1,85.0,17.0,32,0,8,23.0,4,18.0,5,1,0,4,0,0,7,6,15,1.36,0.2,1
44,36038.0,1,2,47.0,7.833333333333333,23,0,15,0.0,2,7.0,6,3,0,3,0,0,9,6,82,1.08,0.3333333333333333,2
49,20180.0,0,1,137.0,19.571428571428573,18,42,24,15.0,20,18.0,7,2,1,4,0,0,9,7,27,1.35,0.14285714285714285,1
60,34230.0,2,3,21.0,7.0,15,0,4,0.0,0,2.0,3,1,0,2,0,0,8,7,72,1.51,0.3333333333333333,1
48,31878.0,1,2,70.0,14.0,23,4,5,10.0,5,23.0,5,1,0,4,0,0,4,3,7,0.02,0.2,1
53,70932.0,1,2,634.5,31.725,200,81,100,46.0,81,126.5,20,6,2,12,0,0,9,3,57,0.44,0.1,2
69,91249.0,0,1,1549.0,70.4090909090909,1224,27,119,71.0,81,27.0,22,7,9,6,4,1,11,4,84,1.69,0.0,0
82,77598.0,0,1,1726.5,69.06,1193,33,281,120.5,66,33.0,25,7,5,13,1,0,10,3,53,0.74,0.04,1
66,80982.0,2,3,1135.0,42.03703703703704,505,81,401,104.0,22,22.0,27,11,5,11,0,0,16,5,48,1.47,0.1111111111111111,3
48,22701.0,1,2,24.0,6.0,2,4,9,0.0,4,5.0,4,1,0,3,0,0,6,5,2,0.81,0.25,1
56,55212.0,1,2,1182.0,69.52941176470588,1103,0,45,0.0,0,34.0,17,4,2,11,2,0,12,8,65,1.6,0.17647058823529413,3
55,70617.0,0,1,1083.0,83.3076923076923,353,61,556,40.0,46,27.0,13,3,3,7,0,0,5,2,45,1.02,0.07692307692307693,1
68,64849.0,0,1,1333.0,74.05555555555556,652,48,350,94.0,81,108.0,18,9,3,6,0,1,14,5,42,1.62,0.05555555555555555,1
60,62694.0,2,3,739.0,38.89473684210526,379,6,157,25.0,81,91.0,19,9,3,7,0,0,16,7,29,1.03,0.2631578947368421,5
51,61917.0,2,3,91.0,15.166666666666666,46,4,36,2.0,2,1.0,6,2,0,4,0,0,7,5,83,0.61,0.16666666666666666,1
78,67472.0,1,2,414.0,31.846153846153847,162,31,127,8.0,17,69.0,13,4,2,7,0,0,7,3,93,0.75,0.15384615384615385,2
43,21059.0,1,2,44.0,7.333333333333333,8,3,19,3.0,3,8.0,6,3,0,3,0,0,9,6,40,0.47,0.5,3
57,29543.0,2,3,63.0,10.5,17,3,18,3.0,4,18.0,6,3,1,2,0,0,10,7,47,0.24,0.3333333333333333,2
74,75903.0,1,2,864.5,41.166666666666664,340,81,185,120.5,38,100.0,21,6,6,9,0,0,9,3,50,1.22,0.09523809523809523,2
50,34984.0,2,3,38.0,9.5,8,4,15,3.0,5,3.0,4,1,0,3,0,0,8,7,40,1.81,0.5,2
69,54998.0,1,2,455.0,30.333333333333332,154,22,202,39.0,30,8.0,15,4,2,9,0,1,8,4,3,1.3,0.3333333333333333,5
76,54356.0,1,2,775.0,36.904761904761905,710,15,30,20.0,0,0.0,21,11,2,8,0,1,19,8,62,1.61,0.14285714285714285,3
66,34242.0,1,2,15.0,5.0,8,2,4,0.0,0,1.0,3,0,0,3,0,0,5,5,25,0.27,0.3333333333333333,1
52,25410.0,1,2,38.0,7.6,2,2,4,13.0,13,4.0,5,1,0,4,0,0,5,4,48,0.83,0.2,1
41,73356.0,0,1,1512.0,72.0,1050,14,322,0.0,14,112.0,21,5,11,5,3,1,7,2,56,0.39,0.047619047619047616,1
75,28320.0,1,2,43.0,10.75,19,1,14,3.0,2,4.0,4,1,0,3,0,0,9,8,68,1.45,0.25,1
48,23763.0,1,2,42.0,10.5,22,0,6,6.0,2,6.0,4,1,0,3,0,0,8,7,64,1.89,0.25,1
41,72570.0,0,1,899.0,40.86363636363637,274,81,216,120.5,81,126.5,22,4,6,12,0,0,5,1,67,0.18,0.045454545454545456,1
49,34529.0,1,2,162.0,23.142857142857142,68,6,38,3.0,6,41.0,7,2,2,3,0,0,9,7,94,1.79,0.2857142857142857,2
74,70792.0,0,1,1174.0,69.05882352941177,344,45,556,104.0,11,114.0,17,3,4,10,0,0,6,3,82,1.39,0.11764705882352941,2
43,63211.0,0,1,958.0,53.22222222222222,145,81,459,120.5,26,126.5,18,3,8,7,0,1,5,2,3,1.65,0.1111111111111111,2
51,83891.0,1,2,812.0,38.666666666666664,217,38,350,111.0,81,15.0,21,4,7,10,0,0,5,1,24,0.02,0.047619047619047616,1
57,36065.0,2,3,74.0,12.333333333333334,18,7,34,10.0,2,3.0,6,3,0,3,0,0,11,8,54,1.25,0.5,3
71,39898.0,1,2,134.0,19.142857142857142,69,8,26,12.0,7,12.0,7,3,0,4,0,0,10,7,20,1.37,0.2857142857142857,2
85,51141.0,0,1,157.0,19.625,144,0,7,0.0,0,6.0,8,3,1,4,0,0,8,5,96,0.97,0.125,1
49,56939.0,1,2,561.0,35.0625,256,34,103,90.0,29,49.0,16,3,3,10,0,0,6,3,19,0.78,0.125,2
74,80872.0,0,1,1325.0,73.61111111111111,483,72,556,94.0,12,108.0,18,4,4,10,0,0,5,1,60,0.13,0.05555555555555555,1
49,72335.0,0,1,1910.0,86.81818181818181,1224,81,556,28.0,21,0.0,22,10,4,8,0,1,18,8,2,1.88,0.045454545454545456,1
61,61798.0,0,1,463.0,30.866666666666667,338,4,89,11.0,8,13.0,15,4,2,9,0,0,8,4,13,0.6,0.06666666666666667,1
75,76842.0,0,1,1130.0,70.625,605,10,345,84.0,54,32.0,16,1,8,7,0,0,1,0,37,0.16,0.0625,1
49,29478.0,1,2,20.0,5.0,8,0,7,3.0,1,1.0,4,1,0,3,0,0,7,6,59,0.45,0.25,1
69,46998.0,1,2,377.0,29.0,172,41,86,45.0,6,27.0,13,5,3,5,1,0,12,7,55,1.68,0.38461538461538464,5
35,96843.0,0,1,1149.0,42.55555555555556,448,71,556,40.0,17,17.0,27,6,11,10,1,1,8,2,60,1.18,0.037037037037037035,1
75,56551.0,2,3,138.0,19.714285714285715,67,4,32,17.0,2,16.0,7,2,1,4,0,0,6,4,48,0.15,0.42857142857142855,3
60,70053.0,1,2,914.0,39.73913043478261,512,53,98,81.0,81,89.0,23,8,5,10,0,0,13,5,38,0.99,0.13043478260869565,3
63,71670.0,0,1,1494.5,106.75,1224,16,128,0.0,0,126.5,14,5,3,6,3,1,11,6,8,0.97,0.07142857142857142,1
47,44359.0,2,3,45.0,7.5,20,0,14,7.0,3,1.0,6,2,0,4,0,0,5,3,19,0.03,0.5,3
73,40887.0,2,3,161.0,23.0,50,4,44,10.0,10,43.0,7,3,1,3,0,1,12,9,32,1.15,0.42857142857142855,3
59,48877.0,1,2,144.0,20.571428571428573,102,1,15,2.0,0,24.0,7,3,0,4,0,0,10,7,27,0.48,0.14285714285714285,1
78,74485.0,0,1,1354.5,54.18,499,81,556,120.5,49,49.0,25,6,7,12,0,0,9,3,58,0.85,0.04,1
53,64474.0,1,2,818.0,40.9,381,35,172,56.0,81,93.0,20,8,2,10,0,0,13,5,59,0.68,0.1,2
62,77226.0,1,2,1130.5,43.48076923076923,631,43,239,120.5,76,21.0,26,6,8,12,0,0,9,3,29,0.33,0.07692307692307693,2
76,72643.0,0,1,1413.5,70.675,526,80,553,120.5,81,53.0,20,3,10,7,1,1,5,2,60,1.33,0.05,1
47,85738.0,0,1,1371.0,68.55,913,26,376,17.0,26,13.0,20,3,6,11,2,0,4,1,41,0.43,0.05,1
59,55686.0,1,2,982.0,70.14285714285714,673,0,199,37.0,47,26.0,14,6,3,5,1,0,10,4,27,1.37,0.14285714285714285,2
42,39062.0,1,2,44.0,11.0,23,0,9,0.0,0,12.0,4,1,0,3,1,0,5,4,28,0.26,0.25,1
54,34600.0,2,3,318.0,26.5,199,33,60,8.0,3,15.0,12,5,2,5,0,1,13,8,8,1.49,0.4166666666666667,5
50,40794.0,1,2,434.0,31.0,261,23,73,4.0,23,50.0,14,6,3,5,0,0,13,7,18,1.23,0.14285714285714285,2
54,54690.0,2,3,198.0,22.0,111,16,37,7.0,9,18.0,9,3,1,5,0,0,6,3,76,0.64,0.3333333333333333,3
56,4428.0,1,2,164.5,6.58,16,4,12,2.0,4,126.5,25,25,0,0,0,0,26,1,0,0.73,0.0,0
62,32632.0,0,1,473.5,29.59375,63,81,137,120.5,19,53.0,16,4,4,8,0,0,9,5,32,1.91,0.125,2
57,38236.0,2,3,88.0,12.571428571428571,58,0,18,2.0,0,10.0,7,3,0,4,0,0,10,7,2,0.77,0.5714285714285714,4
46,36781.0,1,2,63.0,12.6,29,1,17,0.0,3,13.0,5,2,1,2,0,1,10,8,16,0.22,0.2,1
41,31385.0,1,2,27.0,9.0,3,2,12,0.0,1,9.0,3,1,0,2,1,1,9,8,56,1.56,0.3333333333333333,1
41,24570.0,1,2,193.0,24.125,28,34,62,11.0,14,44.0,8,4,0,4,0,0,13,9,97,1.33,0.375,3
51,25509.0,1,2,101.0,16.833333333333332,40,3,30,10.0,7,11.0,6,3,0,3,0,1,12,9,15,1.78,0.5,3
74,94642.0,0,1,1829.5,87.11904761904762,879,81,556,106.0,81,126.5,21,5,7,9,2,0,6,1,35,0.38,0.0,0
63,58646.0,1,2,140.0,20.0,62,1,44,6.0,5,22.0,7,2,1,4,0,0,6,4,3,1.05,0.14285714285714285,1
50,53201.0,2,3,415.0,29.642857142857142,280,7,81,20.0,0,27.0,14,6,3,5,0,0,13,7,49,1.37,0.5714285714285714,8
68,21994.0,1,2,22.0,7.333333333333333,9,0,6,3.0,1,3.0,3,0,0,3,0,0,5,5,4,1.51,0.3333333333333333,1
47,57113.0,2,3,263.0,26.3,182,4,33,0.0,2,42.0,10,4,1,5,0,0,11,7,45,1.39,0.6,6
34,51373.0,0,1,393.0,35.72727272727273,83,2,101,64.0,26,117.0,11,3,5,3,0,0,7,4,37,1.02,0.09090909090909091,1
39,23477.0,1,2,147.0,21.0,38,15,54,3.0,8,29.0,7,3,0,4,0,0,11,8,39,0.69,0.42857142857142855,3
69,58116.0,1,2,443.0,31.642857142857142,228,19,130,4.0,11,51.0,14,3,3,8,0,0,5,2,38,0.21,0.14285714285714285,2
62,72968.0,0,1,1897.5,105.41666666666667,1092,37,556,120.5,37,55.0,18,5,5,8,1,1,8,3,8,0.53,0.05555555555555555,1
54,39791.0,1,2,174.0,21.75,85,15,27,13.0,13,21.0,8,3,1,4,0,0,10,7,89,1.25,0.25,2
78,91712.0,0,1,1975.0,73.14814814814815,1224,24,556,94.0,29,48.0,27,9,7,11,1,1,12,3,47,0.7,0.0,0
67,94472.0,1,2,1672.0,111.46666666666667,1017,33,417,108.0,81,16.0,15,5,5,5,2,0,10,5,75,0.24,0.06666666666666667,1
65,13672.0,2,3,25.0,6.25,6,2,9,2.0,1,5.0,4,1,0,3,0,0,9,8,86,1.2,0.5,2
45,96547.0,0,1,789.0,37.57142857142857,448,21,125,52.0,81,62.0,21,7,6,8,3,1,9,2,4,0.1,0.0,0
50,79205.0,0,1,836.5,55.766666666666666,504,23,117,120.5,28,44.0,15,6,5,4,1,1,10,4,73,1.83,0.06666666666666667,1
50,56559.0,1,2,484.0,32.266666666666666,226,22,133,41.0,31,31.0,15,4,3,8,0,0,8,4,46,1.51,0.2,3
52,32644.0,1,2,413.0,29.5,239,3,141,0.0,7,23.0,14,7,1,6,1,0,15,8,38,1.45,0.2857142857142857,4
45,67506.0,1,2,331.0,30.09090909090909,90,38,67,33.0,36,67.0,11,4,1,6,0,0,7,3,73,0.49,0.09090909090909091,1
55,24206.0,1,2,25.0,6.25,7,2,8,3.0,2,3.0,4,1,0,3,0,0,7,6,66,1.31,0.25,1
58,28420.0,1,2,13.0,4.333333333333333,4,2,5,2.0,0,0.0,3,1,0,2,0,0,7,6,36,0.51,0.3333333333333333,1
55,22979.0,1,2,115.0,16.428571428571427,16,17,19,20.0,21,22.0,7,3,2,2,0,1,11,8,29,1.81,0.42857142857142855,3
59,33279.0,0,1,16.0,5.333333333333333,10,3,3,0.0,0,0.0,3,0,0,3,0,0,3,3,29,0.05,0.3333333333333333,1
53,46423.0,2,3,92.0,15.333333333333334,68,0,16,0.0,0,8.0,6,2,0,4,0,0,9,7,6,0.78,0.5,3
48,30368.0,1,2,52.0,10.4,35,0,13,2.0,0,2.0,5,2,0,3,0,0,10,8,97,0.64,0.4,2
55,63684.0,1,2,1364.5,68.225,575,80,428,120.5,81,80.0,20,8,4,8,0,0,13,5,61,1.59,0.15,3
61,41638.0,1,2,441.0,33.92307692307692,315,0,31,4.0,0,91.0,13,5,5,3,1,0,13,8,68,1.37,0.3076923076923077,4
66,68805.0,1,2,283.0,25.727272727272727,182,2,49,17.0,13,20.0,11,3,1,7,0,0,5,2,73,0.78,0.09090909090909091,1
59,65814.0,1,2,747.0,37.35,561,14,113,10.0,14,35.0,20,8,2,10,0,0,13,5,90,0.33,0.15,3
67,71964.0,0,1,1434.5,89.65625,587,51,556,120.5,34,86.0,16,5,6,5,0,0,8,3,81,1.11,0.0625,1
39,39146.0,1,2,165.0,20.625,94,1,33,13.0,12,12.0,8,4,0,4,0,0,12,8,1,1.37,0.375,3
48,96876.0,0,1,1649.0,71.69565217391305,908,43,556,40.0,81,21.0,23,7,7,9,3,1,9,2,79,0.9,0.043478260869565216,1
44,34445.0,0,1,662.5,31.547619047619047,228,81,122,120.5,81,30.0,21,11,2,8,0,0,20,9,92,1.42,0.2857142857142857,6
67,68281.0,0,1,1624.0,67.66666666666667,995,81,417,42.0,48,41.0,24,2,9,13,0,1,7,5,31,1.89,0.041666666666666664,1
50,37284.0,2,3,23.0,7.666666666666667,11,1,2,2.0,1,6.0,3,0,0,3,0,0,6,6,46,1.25,0.3333333333333333,1
42,36790.0,0,1,66.0,13.2,3,3,14,15.0,21,10.0,5,2,1,2,0,1,11,9,14,1.33,0.2,1
58,27943.0,2,3,37.0,7.4,12,1,16,4.0,1,3.0,5,2,0,3,0,0,10,8,89,1.2,0.6,3
74,22263.0,2,3,21.0,5.25,17,0,2,0.0,0,2.0,4,1,0,3,0,0,7,6,31,0.25,0.5,2
53,30261.0,3,4,22.0,7.333333333333333,8,0,5,0.0,3,6.0,3,0,0,3,0,0,8,8,75,1.76,0.3333333333333333,1
47,28587.0,1,2,78.0,13.0,22,4,17,12.0,10,13.0,6,2,0,4,0,0,8,6,42,0.38,0.5,3
43,43815.0,1,2,79.0,15.8,14,10,29,4.0,7,15.0,5,2,0,3,0,0,8,6,53,1.23,0.2,1
69,48195.0,2,3,265.0,24.09090909090909,106,27,68,52.0,7,5.0,11,4,2,5,0,0,10,6,53,0.44,0.5454545454545454,6
73,77027.0,1,2,1175.0,69.11764705882354,820,57,242,45.0,0,11.0,17,8,3,6,0,0,12,4,23,0.39,0.11764705882352941,2
60,71322.0,1,2,1227.5,47.21153846153846,753,43,226,69.0,10,126.5,26,8,5,13,0,0,12,4,57,1.36,0.07692307692307693,2
46,32765.0,1,2,46.0,7.666666666666667,13,3,17,7.0,3,3.0,6,2,0,4,0,0,7,5,49,0.34,0.3333333333333333,2
60,29672.0,2,3,25.0,8.333333333333334,9,1,3,0.0,4,8.0,3,0,0,3,0,0,6,6,6,1.3,0.3333333333333333,1
72,23272.0,0,1,46.0,11.5,19,3,6,4.0,2,12.0,4,1,0,3,0,0,5,4,29,0.7,0.25,1
76,49912.0,1,2,874.0,39.72727272727273,520,8,223,32.0,49,42.0,22,10,5,7,1,1,18,8,5,1.81,0.18181818181818182,4
40,7500.0,1,2,100.0,16.666666666666668,5,17,17,13.0,14,34.0,6,2,1,3,0,0,11,9,98,1.91,0.6666666666666666,4
78,68117.0,1,2,930.0,40.43478260869565,618,44,215,0.0,17,36.0,23,11,8,4,1,1,17,6,80,1.3,0.08695652173913043,2
70,67225.0,1,2,851.5,42.575,315,35,322,46.0,7,126.5,20,7,2,11,0,0,12,5,4,0.59,0.15,3
49,17649.0,1,2,45.0,7.5,15,1,23,0.0,5,1.0,6,3,0,3,0,0,11,8,70,0.63,0.5,3
50,55914.0,1,2,1134.5,45.38,384,60,364,119.0,81,126.5,25,11,6,8,0,0,18,7,32,1.17,0.16,4
41,40059.0,1,2,395.5,35.95454545454545,110,29,92,28.0,10,126.5,11,6,2,3,1,0,14,8,82,0.75,0.09090909090909091,1
75,60905.0,1,2,392.0,30.153846153846153,208,17,76,36.0,17,38.0,13,3,3,7,0,0,5,2,27,0.56,0.15384615384615385,2
48,75330.0,2,3,1108.0,44.32,555,81,257,93.0,61,61.0,25,10,3,12,0,0,16,6,94,1.73,0.16,4
74,60689.0,1,2,630.0,35.0,240,81,216,63.0,6,24.0,18,4,4,10,0,0,7,3,23,1.08,0.2222222222222222,4
41,38680.0,1,2,79.0,15.8,11,0,36,15.0,5,12.0,5,2,0,3,0,0,9,7,97,1.25,0.2,1
43,61416.0,0,1,1511.5,65.71739130434783,848,81,323,120.5,61,78.0,23,10,3,10,1,0,16,6,25,1.39,0.043478260869565216,1
34,49767.0,0,1,669.5,39.38235294117647,202,47,197,55.0,42,126.5,17,5,4,8,0,0,9,4,92,1.16,0.058823529411764705,1
55,83273.0,3,4,1269.0,66.78947368421052,433,81,556,16.0,81,102.0,19,4,6,9,0,0,11,7,98,1.76,0.5263157894736842,10
44,29009.0,1,2,44.0,8.8,6,6,15,10.0,5,2.0,5,2,0,3,0,0,8,6,19,0.58,0.4,2
46,45057.0,1,2,50.0,10.0,37,0,7,3.0,0,3.0,5,2,0,3,0,0,7,5,80,0.57,0.2,1
54,37150.0,1,2,467.0,35.92307692307692,167,37,64,49.0,34,116.0,13,4,3,6,0,0,11,7,80,1.8,0.6153846153846154,8
55,43020.0,1,2,223.0,24.77777777777778,45,7,99,4.0,25,43.0,9,4,1,4,0,0,10,6,79,0.58,0.3333333333333333,3
66,53154.0,1,2,158.0,19.75,129,0,21,0.0,1,7.0,8,3,1,4,0,0,7,4,50,0.05,0.125,1
52,65308.0,0,1,1211.0,44.851851851851855,713,0,264,120.0,80,34.0,27,7,8,12,2,0,11,4,60,0.8,0.037037037037037035,1
55,76467.0,1,2,1405.5,117.125,676,81,426,120.5,44,58.0,12,2,5,5,0,1,8,6,44,1.86,0.16666666666666666,2
78,81044.0,0,1,1191.0,56.714285714285715,450,26,535,73.0,81,26.0,21,5,6,10,0,0,6,1,0,0.5,0.047619047619047616,1
74,32871.0,2,3,43.0,10.75,22,2,12,0.0,2,5.0,4,1,0,3,0,0,5,4,28,1.31,0.25,1
50,55801.0,2,3,527.0,35.13333333333333,367,4,51,6.0,4,95.0,15,7,2,6,1,0,14,7,35,0.77,0.4,6
66,76320.0,1,2,932.0,71.6923076923077,526,35,214,69.0,53,35.0,13,6,3,4,0,0,8,2,49,0.02,0.15384615384615385,2
70,36927.0,2,3,71.0,11.833333333333334,51,0,16,0.0,0,4.0,6,3,0,3,0,0,11,8,46,0.07,0.3333333333333333,2
72,48794.0,2,3,54.0,13.5,25,0,11,3.0,0,15.0,4,1,0,3,0,0,5,4,97,0.01,0.25,1
60,23478.0,0,1,129.0,21.5,28,6,27,12.0,17,39.0,6,3,0,3,0,0,11,8,51,1.28,0.16666666666666666,1
52,71128.0,1,2,1537.0,64.04166666666667,958,81,447,20.0,0,31.0,24,2,10,12,0,0,9,7,80,1.73,0.125,3
49,70179.0,1,2,1020.5,44.369565217391305,532,81,168,69.0,44,126.5,23,7,3,13,0,0,12,5,10,0.94,0.13043478260869565,3
75,59462.0,1,2,1018.5,44.28260869565217,724,17,143,0.0,8,126.5,23,9,2,12,0,0,16,7,29,1.48,0.08695652173913043,2
56,51381.5,2,3,721.0,40.05555555555556,375,42,48,94.0,66,96.0,18,4,10,4,0,0,7,3,52,1.11,0.3888888888888889,7
56,38361.0,1,2,137.0,19.571428571428573,39,0,56,20.0,8,14.0,7,3,1,3,0,0,10,7,74,0.5,0.42857142857142855,3
44,51381.5,1,2,47.0,7.833333333333333,23,0,15,0.0,2,7.0,6,3,0,3,0,0,9,6,82,1.08,0.3333333333333333,2
43,70038.0,0,1,1240.5,77.53125,587,54,348,71.0,54,126.5,16,4,4,8,0,0,6,2,54,0.68,0.0625,1
47,42554.0,2,3,41.0,8.2,29,1,11,0.0,0,0.0,5,2,0,3,0,0,6,4,93,1.46,0.4,2
51,67445.0,1,2,1174.0,43.48148148148148,757,80,217,29.0,80,11.0,27,9,6,12,0,0,15,6,63,1.88,0.18518518518518517,5
74,67046.0,1,2,923.0,71.0,544,35,133,23.0,81,107.0,13,4,5,4,0,0,6,2,92,1.48,0.15384615384615385,2
77,42192.0,0,1,100.0,16.666666666666668,40,15,15,17.0,6,7.0,6,2,1,3,0,0,6,4,40,0.81,0.16666666666666666,1
73,77610.0,1,2,1659.0,110.6,1224,33,332,21.0,33,16.0,15,4,7,4,0,0,11,7,70,1.66,0.13333333333333333,2
41,31761.0,1,2,98.0,14.0,19,1,20,16.0,14,28.0,7,3,0,4,0,0,8,5,96,0.23,0.2857142857142857,2
46,34350.0,1,2,48.0,12.0,16,3,15,2.0,1,11.0,4,1,0,3,0,0,8,7,81,0.69,0.25,1
76,54591.0,1,2,519.0,32.4375,376,4,94,12.0,9,24.0,16,6,2,8,0,0,11,5,63,0.9,0.1875,3
69,71866.0,1,2,618.0,32.526315789473685,184,81,178,103.0,39,33.0,19,6,3,10,0,0,9,3,85,0.51,0.05263157894736842,1
56,25293.0,1,2,37.0,9.25,15,0,11,0.0,2,9.0,4,1,1,2,0,0,9,8,51,0.79,0.25,1
38,42000.0,0,1,651.0,36.166666666666664,124,81,267,85.0,59,35.0,18,5,2,11,0,1,10,5,23,1.46,0.1111111111111111,2
42,69520.0,0,1,1415.5,70.775,627,81,414,120.5,80,93.0,20,9,6,5,0,0,14,5,95,0.98,0.05,1
55,64713.0,1,2,602.0,35.411764705882355,180,60,241,13.0,54,54.0,17,5,5,7,0,1,9,4,11,0.39,0.11764705882352941,2
48,27889.0,1,2,26.0,6.5,14,0,4,0.0,0,8.0,4,1,1,2,0,0,7,6,42,0.98,0.25,1
65,22123.0,0,1,102.0,17.0,3,3,24,34.0,7,31.0,6,2,1,3,0,0,7,5,77,0.26,0.16666666666666666,1
54,51381.5,2,3,97.0,16.166666666666668,71,1,16,0.0,0,9.0,6,2,1,3,0,0,10,8,82,1.32,0.6666666666666666,4
71,51381.5,1,2,207.0,23.0,161,0,22,0.0,0,24.0,9,4,1,4,0,0,10,6,83,1.02,0.2222222222222222,2
52,27803.0,1,2,176.0,25.142857142857142,8,26,46,38.0,9,49.0,7,3,0,4,0,0,11,8,40,1.84,0.2857142857142857,2
70,51381.5,1,2,429.5,35.791666666666664,264,0,21,12.0,6,126.5,12,6,1,5,0,0,13,7,95,0.7,0.25,3
65,51651.0,1,2,433.0,33.30769230769231,293,6,23,13.0,6,92.0,13,6,2,5,0,0,14,8,32,1.64,0.3076923076923077,4
37,68487.0,0,1,1358.0,46.827586206896555,758,12,385,33.0,81,89.0,29,9,7,13,0,0,13,4,48,1.46,0.034482758620689655,1
82,51381.5,0,1,1430.5,68.11904761904762,532,81,490,120.5,81,126.0,21,5,5,11,1,1,6,1,75,0.66,0.047619047619047616,1
56,56796.0,1,2,1001.0,41.708333333333336,656,38,161,62.0,47,37.0,24,8,9,7,0,0,15,7,24,1.36,0.125,3
33,87000.0,0,1,910.0,53.529411764705884,196,25,556,67.0,17,49.0,17,4,6,7,0,0,6,2,61,1.54,0.058823529411764705,1
66,79823.0,1,2,1518.0,69.0,835,73,380,114.0,73,43.0,22,6,9,7,1,0,8,2,6,0.25,0.045454545454545456,1
45,30828.0,1,2,56.0,9.333333333333334,16,11,15,2.0,0,12.0,6,1,1,4,0,0,4,3,16,0.73,0.3333333333333333,2
54,34109.0,1,2,22.0,7.333333333333333,9,1,5,2.0,1,4.0,3,0,0,3,0,0,4,4,39,0.64,0.3333333333333333,1
51,53367.0,2,3,400.0,28.571428571428573,229,7,140,10.0,3,11.0,14,5,1,8,0,1,12,7,2,0.83,0.5,7
56,22390.0,0,1,26.0,8.666666666666666,0,1,4,15.0,1,5.0,3,1,0,2,0,0,8,7,49,0.69,0.3333333333333333,1
49,71322.0,1,2,350.0,29.166666666666668,121,24,124,24.0,15,42.0,12,4,1,7,0,0,6,2,31,0.16,0.08333333333333333,1
32,79244.0,0,1,985.0,46.904761904761905,471,81,125,120.5,61,126.5,21,4,10,7,2,1,5,1,58,1.52,0.047619047619047616,1
76,49912.0,1,2,874.0,39.72727272727273,520,8,223,32.0,49,42.0,22,10,5,7,1,1,18,8,5,1.81,0.18181818181818182,4
75,48699.0,2,3,40.0,10.0,26,1,10,2.0,0,1.0,4,1,0,3,0,0,6,5,90,1.11,0.25,1
50,80144.0,0,1,1075.5,59.75,240,81,445,120.5,81,108.0,18,3,7,8,0,0,4,1,47,0.74,0.05555555555555555,1
69,54252.0,2,3,264.0,26.4,178,4,26,8.0,4,44.0,10,4,1,5,0,0,10,6,25,1.09,0.5,5
49,81929.0,1,2,1732.5,96.25,1224,55,278,49.0,0,126.5,18,4,4,10,2,1,10,6,60,1.75,0.1111111111111111,2
50,76068.0,1,2,1376.0,152.88888888888889,1115,12,128,33.0,12,76.0,9,2,3,4,2,0,8,6,67,1.58,0.1111111111111111,1
49,53204.0,2,3,45.0,11.25,29,0,8,2.0,0,6.0,4,1,0,3,0,0,5,4,40,0.28,0.25,1
76,67911.0,1,2,976.0,40.666666666666664,529,0,356,63.0,28,0.0,24,6,7,11,0,0,9,3,63,0.1,0.125,3
41,14796.0,1,2,51.0,12.75,13,3,8,7.0,4,16.0,4,1,0,3,0,1,10,9,1,1.78,0.5,2
51,78128.0,1,2,1264.0,70.22222222222223,934,24,230,16.0,24,36.0,18,8,4,6,2,0,11,3,89,0.36,0.1111111111111111,2
53,14188.0,0,1,75.0,12.5,2,7,11,16.0,12,27.0,6,2,0,4,0,0,8,6,40,1.33,0.16666666666666666,1
39,20425.0,1,2,57.0,11.4,4,12,5,3.0,16,17.0,5,2,0,3,0,0,9,7,5,1.66,0.4,2
63,58646.0,1,2,140.0,20.0,62,1,44,6.0,5,22.0,7,2,1,4,0,0,6,4,3,1.05,0.14285714285714285,1
55,72967.0,1,2,497.0,29.235294117647058,158,35,179,0.0,0,125.0,17,7,2,8,1,1,12,5,1,1.54,0.11764705882352941,2
76,48150.0,1,2,266.0,26.6,173,2,39,3.0,2,47.0,10,5,1,4,0,0,12,7,24,1.06,0.3,3
64,82332.0,0,1,1594.0,79.7,830,59,556,51.0,79,19.0,20,5,3,12,1,1,7,2,89,1.78,0.05,1
70,58275.0,2,3,615.0,36.1764705882353,189,10,253,56.0,43,64.0,17,8,2,7,0,0,15,7,48,1.07,0.35294117647058826,6
44,44953.0,0,1,1021.0,44.391304347826086,728,17,133,11.0,8,124.0,23,7,3,13,1,0,13,6,31,1.52,0.043478260869565216,1
72,34587.0,2,3,22.0,5.5,7,2,9,2.0,0,2.0,4,1,0,3,0,0,5,4,68,0.12,0.5,2
51,43018.0,1,2,133.0,22.166666666666668,35,4,17,7.0,6,64.0,6,2,2,2,0,0,7,5,46,0.66,0.16666666666666666,1
71,45736.0,1,2,437.0,31.214285714285715,188,3,180,20.0,3,43.0,14,7,1,6,0,0,14,7,92,0.93,0.35714285714285715,5
56,66476.0,1,2,1013.0,42.208333333333336,742,28,152,25.0,9,57.0,24,6,8,10,0,0,10,4,80,0.57,0.08333333333333333,2
44,27733.0,1,2,57.0,11.4,0,7,5,26.0,2,17.0,5,2,0,3,0,0,9,7,16,0.84,0.4,2
73,69805.0,1,2,1038.0,41.52,750,71,174,13.0,10,20.0,25,6,8,11,0,0,8,2,50,0.44,0.08,2
63,72217.0,0,1,1545.5,73.5952380952381,816,42,450,55.0,56,126.5,21,3,10,8,0,0,5,2,93,1.22,0.047619047619047616,1
54,25818.0,1,2,28.0,9.333333333333334,5,2,8,2.0,2,9.0,3,0,1,2,0,0,7,7,51,1.69,0.3333333333333333,1
49,37509.0,1,2,123.0,17.571428571428573,37,5,56,12.0,8,5.0,7,3,0,4,0,0,10,7,24,1.79,0.2857142857142857,2
49,25176.0,2,3,13.0,4.333333333333333,4,0,4,0.0,0,5.0,3,1,0,2,0,0,8,7,79,0.88,0.3333333333333333,1
45,43586.0,1,2,132.0,18.857142857142858,99,2,11,4.0,0,16.0,7,3,0,4,0,0,11,8,26,1.83,0.42857142857142855,3
69,53230.0,1,2,614.0,32.31578947368421,176,72,98,120.5,21,126.5,19,5,2,12,0,0,10,5,86,1.9,0.21052631578947367,4
68,50116.0,2,3,66.0,13.2,54,0,10,0.0,0,2.0,5,1,0,4,1,0,6,5,68,0.02,0.4,2
53,84906.0,0,1,1631.0,70.91304347826087,997,15,414,99.0,30,76.0,23,5,6,12,3,0,7,2,98,0.73,0.043478260869565216,1
59,61286.0,1,2,608.0,38.0,356,0,107,19.0,9,117.0,16,7,1,8,0,0,12,5,34,0.91,0.125,2
39,82333.0,0,1,1727.0,101.58823529411765,1224,0,359,46.0,81,17.0,17,4,3,10,1,1,6,2,60,1.25,0.058823529411764705,1
60,65220.0,0,1,1282.0,67.47368421052632,890,63,292,0.0,25,12.0,19,8,4,7,0,1,14,6,3,1.82,0.21052631578947367,4
51,33590.0,3,4,8.0,2.6666666666666665,4,0,2,0.0,0,2.0,3,1,0,2,0,0,8,7,65,0.65,0.3333333333333333,1
49,30992.0,1,2,43.0,10.75,17,0,14,7.0,3,2.0,4,1,0,3,0,0,8,7,83,1.19,0.25,1
49,72309.0,0,1,1604.0,84.42105263157895,960,0,556,50.0,38,0.0,19,5,6,8,1,1,8,3,64,1.3,0.05263157894736842,1
76,117418.0,0,1,8.0,0.0,2,1,2,1.0,1,1.0,0,0,0,0,0,0,0,0,85,0.83,0.0,0
45,16005.0,1,2,103.0,20.6,1,3,2,20.0,30,47.0,5,2,1,2,0,0,10,8,69,1.87,0.6,3
68,65487.0,0,1,1054.0,75.28571428571429,240,67,500,120.5,0,126.5,14,3,5,6,0,0,5,2,48,0.47,0.21428571428571427,3
60,58692.0,1,2,395.0,28.214285714285715,301,11,61,4.0,7,11.0,14,8,2,4,0,0,15,7,21,0.23,0.07142857142857142,1
56,40590.0,2,3,258.0,25.8,154,0,50,6.0,11,37.0,10,3,4,3,1,0,9,6,30,0.74,0.5,5
55,20587.0,1,2,25.0,6.25,2,3,6,4.0,1,9.0,4,1,1,2,0,0,8,7,39,0.13,0.25,1
71,62637.0,1,2,185.0,20.555555555555557,104,12,48,4.0,12,5.0,9,2,2,5,0,0,4,2,76,0.33,0.1111111111111111,1
59,29435.0,2,3,180.0,25.714285714285715,70,3,37,4.0,2,64.0,7,3,2,2,0,1,12,9,11,1.89,0.5714285714285714,4
51,19346.0,1,2,22.0,5.5,2,0,9,3.0,6,2.0,4,1,0,3,0,0,9,8,26,0.41,0.25,1
54,35788.0,2,3,44.0,8.8,23,2,11,3.0,1,4.0,5,2,0,3,0,0,8,6,34,0.43,0.4,2
57,36997.0,2,3,94.0,13.428571428571429,43,4,12,8.0,0,27.0,7,2,1,4,0,0,7,5,72,1.4,0.7142857142857143,5
68,23539.0,0,1,81.0,13.5,4,24,11,16.0,1,25.0,6,2,0,4,0,0,8,6,13,0.33,0.16666666666666666,1
52,65333.0,1,2,798.0,38.0,654,7,92,0.0,15,30.0,21,9,4,8,2,0,15,6,58,0.45,0.3333333333333333,7
68,78499.0,0,1,1334.0,74.11111111111111,912,72,170,47.0,36,97.0,18,11,3,4,1,1,15,4,12,0.6,0.05555555555555555,1
54,29732.0,1,2,38.0,9.5,25,0,8,0.0,1,4.0,4,2,0,2,0,0,11,9,23,0.26,0.25,1
65,41275.0,3,4,61.0,8.714285714285714,24,4,22,0.0,2,9.0,7,3,1,3,0,0,8,5,33,0.27,0.5714285714285714,4
52,63516.0,2,3,300.0,25.0,141,11,114,15.0,14,5.0,12,4,1,7,0,0,9,5,30,0.98,0.3333333333333333,4
63,42769.0,1,2,88.0,14.666666666666666,71,0,13,3.0,1,0.0,6,1,1,4,0,0,5,4,15,0.71,0.3333333333333333,2
67,49572.0,2,3,54.0,10.8,35,1,16,0.0,1,1.0,5,2,0,3,0,0,9,7,25,0.54,0.4,2
53,69209.0,0,1,1379.0,98.5,496,32,556,120.5,48,126.5,14,5,3,6,1,0,9,4,4,1.78,0.14285714285714285,2
49,17148.0,1,2,68.0,9.714285714285714,9,9,11,13.0,10,16.0,7,3,1,3,0,0,11,8,80,0.42,0.5714285714285714,4
56,40590.0,2,3,258.0,25.8,154,0,50,6.0,11,37.0,10,3,4,3,1,0,9,6,30,0.74,0.5,5
49,30560.0,1,2,31.0,7.75,9,1,5,4.0,5,7.0,4,1,0,3,0,0,8,7,6,1.0,0.25,1
42,32146.0,1,2,66.0,11.0,26,3,23,4.0,7,3.0,6,2,0,4,0,0,8,6,16,0.13,0.3333333333333333,2
61,41713.0,2,3,174.0,21.75,77,8,44,10.0,10,25.0,8,3,1,4,0,0,9,6,57,0.17,0.625,5
50,34176.0,1,2,28.0,7.0,11,2,7,4.0,2,2.0,4,1,0,3,0,0,4,3,9,0.43,0.25,1
70,58482.0,1,2,731.0,36.55,576,7,115,19.0,7,7.0,20,7,4,9,1,0,13,6,59,0.3,0.1,2
60,59686.0,1,2,274.0,24.90909090909091,89,15,89,34.0,42,5.0,11,4,1,6,0,0,8,4,78,0.42,0.09090909090909091,1
61,60896.0,1,2,1674.5,72.80434782608695,1013,30,399,60.0,46,126.5,23,9,10,4,0,1,15,6,90,1.71,0.13043478260869565,3
45,62994.0,1,2,312.0,26.0,224,12,48,4.0,12,12.0,12,6,2,4,0,0,12,6,74,0.32,0.08333333333333333,1
68,47320.0,1,2,414.0,29.571428571428573,200,19,111,50.0,15,19.0,14,5,1,8,0,0,11,6,10,0.91,0.42857142857142855,6
76,74859.0,0,1,1473.5,66.97727272727273,570,73,556,120.5,81,73.0,22,6,5,11,1,0,9,3,63,1.07,0.045454545454545456,1
33,15253.0,1,2,29.0,7.25,1,3,3,8.0,1,13.0,4,1,0,3,0,0,8,7,13,0.67,0.5,2
51,31560.0,1,2,94.0,15.666666666666666,62,1,20,4.0,0,7.0,6,2,1,3,0,0,10,8,98,1.01,0.3333333333333333,2
71,72071.0,1,2,1228.0,72.23529411764706,531,69,300,120.5,81,126.5,17,5,4,8,0,0,7,2,4,1.37,0.17647058823529413,3
35,91172.0,0,1,830.0,59.285714285714285,162,28,556,0.0,28,56.0,14,4,3,7,4,1,7,3,94,1.26,0.0,0
41,90000.0,0,1,1190.5,70.02941176470588,675,81,133,94.0,81,126.5,17,4,8,5,3,0,5,1,91,0.51,0.058823529411764705,1
44,41967.0,2,3,54.0,13.5,23,4,10,0.0,2,15.0,4,1,0,3,0,0,5,4,66,0.6,0.25,1
60,69263.0,1,2,568.0,33.411764705882355,492,5,32,13.0,5,21.0,17,9,1,7,1,0,15,6,14,0.32,0.058823529411764705,1
55,65706.0,0,1,1196.5,46.01923076923077,918,10,129,13.0,0,126.5,26,11,3,12,3,1,18,7,77,1.0,0.038461538461538464,1
50,60934.0,1,2,715.5,34.07142857142857,224,81,155,120.5,81,54.0,21,6,4,11,0,0,10,4,41,0.45,0.09523809523809523,2
74,71965.0,1,2,1091.5,77.96428571428571,572,19,286,50.0,38,126.5,14,6,3,5,0,0,9,3,21,0.92,0.21428571428571427,3
70,65210.0,1,2,731.0,36.55,626,0,70,0.0,7,28.0,20,9,3,8,2,0,15,6,25,0.3,0.1,2
50,79174.0,0,1,1957.0,108.72222222222223,1074,37,518,120.5,81,126.5,18,5,6,7,2,1,7,2,2,1.46,0.05555555555555555,1
58,81380.0,0,1,1656.5,103.53125,741,68,556,120.5,68,103.0,16,4,2,10,0,0,6,2,51,1.52,0.0625,1
52,48432.0,1,2,424.0,30.285714285714285,322,3,50,4.0,3,42.0,14,7,1,6,0,0,15,8,3,1.69,0.35714285714285715,5
54,52914.0,1,2,474.5,36.5,254,10,44,30.0,10,126.5,13,7,3,3,1,0,14,7,32,1.47,0.15384615384615385,2
70,38946.0,1,2,257.0,25.7,116,6,82,6.0,6,41.0,10,3,1,6,0,0,8,5,84,0.68,0.2,2
51,26067.0,1,2,56.0,9.333333333333334,22,2,18,0.0,2,12.0,6,3,0,3,0,0,11,8,49,0.65,0.5,3
53,44325.0,1,2,542.0,31.88235294117647,516,0,21,0.0,0,5.0,17,8,2,7,1,0,16,8,69,1.31,0.23529411764705882,4
61,42523.0,0,1,125.0,20.833333333333332,14,36,11,3.0,26,35.0,6,1,1,4,0,0,3,2,96,0.18,0.16666666666666666,1
47,26487.0,1,2,69.0,11.5,2,8,10,12.0,14,23.0,6,2,1,3,0,0,7,5,23,1.11,0.5,3
68,53233.0,1,2,40.0,10.0,28,0,9,3.0,0,0.0,4,1,0,3,0,0,5,4,18,0.28,0.25,1
65,67716.0,1,2,955.0,39.791666666666664,530,81,217,62.0,9,56.0,24,7,4,13,1,0,12,5,8,1.46,0.16666666666666666,4
53,76234.0,1,2,897.5,40.79545454545455,519,50,167,120.5,0,41.0,22,8,3,11,1,0,11,3,21,0.39,0.045454545454545456,1
69,84117.0,0,1,1373.0,59.69565217391305,611,76,556,59.0,45,26.0,23,7,10,6,1,0,9,2,60,0.13,0.043478260869565216,1
68,65487.0,0,1,1054.0,75.28571428571429,240,67,500,120.5,0,126.5,14,3,5,6,0,0,5,2,48,0.47,0.21428571428571427,3
53,25224.0,1,2,46.0,9.2,4,9,12,11.0,2,8.0,5,1,1,3,0,0,4,3,36,0.29,0.4,2
42,89616.0,0,1,1490.5,62.104166666666664,671,47,556,120.5,81,15.0,24,7,5,12,0,1,9,2,36,1.34,0.041666666666666664,1
54,40851.0,2,3,59.0,14.75,23,1,7,0.0,4,24.0,4,1,1,2,0,0,8,7,63,1.35,0.25,1
78,27469.0,0,1,17.0,5.666666666666667,9,1,2,3.0,2,0.0,3,0,0,3,0,0,6,6,2,1.91,0.3333333333333333,1
68,82347.0,0,1,1430.5,59.604166666666664,556,54,556,120.5,81,63.0,24,7,7,10,2,1,10,3,38,1.64,0.041666666666666664,1
68,73803.0,1,2,1480.5,74.025,833,80,363,52.0,26,126.5,20,9,5,6,1,1,15,6,61,1.91,0.1,2
73,8820.0,2,3,35.0,5.833333333333333,12,0,13,4.0,2,4.0,6,3,0,3,0,0,11,8,52,1.27,0.6666666666666666,4
51,43322.0,0,1,141.0,20.142857142857142,56,7,48,10.0,2,18.0,7,3,0,4,0,0,10,7,25,0.19,0.14285714285714285,1
52,55593.0,1,2,546.0,36.4,293,8,124,11.0,4,106.0,15,6,6,3,1,0,12,6,63,0.85,0.13333333333333333,2
71,50501.0,2,3,474.5,36.5,297,0,38,13.0,0,126.5,13,5,4,4,1,1,11,6,10,1.03,0.5384615384615384,7
50,37085.0,2,3,61.0,10.166666666666666,39,1,16,2.0,0,3.0,6,3,0,3,0,0,11,8,65,0.01,0.6666666666666666,4
35,16185.0,1,2,106.0,17.666666666666668,5,11,16,21.0,8,45.0,6,2,2,2,0,0,10,8,71,0.9,0.3333333333333333,2
56,57731.0,1,2,704.0,32.0,266,21,300,65.0,8,44.0,22,8,8,6,0,0,14,6,0,1.6,0.18181818181818182,4
52,48432.0,1,2,424.0,30.285714285714285,322,3,50,4.0,3,42.0,14,7,1,6,0,1,15,8,3,1.69,0.35714285714285715,5
47,73807.0,1,2,806.0,38.38095238095238,366,81,156,71.0,78,54.0,21,5,5,11,0,0,7,2,88,1.49,0.09523809523809523,2
35,18929.0,0,1,85.0,17.0,32,0,8,23.0,4,18.0,5,1,0,4,0,0,7,6,15,1.36,0.2,1
57,35893.0,2,3,199.0,22.11111111111111,158,0,23,0.0,0,18.0,9,3,1,5,0,0,11,8,80,1.7,0.6666666666666666,6
45,61014.0,1,2,1037.5,64.84375,269,81,495,120.5,43,29.0,16,9,3,4,0,0,16,7,17,1.88,0.25,4
71,32144.0,2,3,54.0,9.0,41,0,10,0.0,0,3.0,6,2,1,3,1,0,9,7,76,0.27,0.6666666666666666,4
62,14918.0,1,2,43.0,10.75,3,3,3,15.0,4,15.0,4,1,0,3,0,0,7,6,52,1.56,0.25,1
62,45146.0,2,3,53.0,13.25,33,0,5,0.0,0,15.0,4,1,1,2,0,0,5,4,28,0.96,0.5,2
70,41769.0,1,2,521.0,32.5625,302,29,131,32.0,0,27.0,16,8,1,7,0,0,16,8,31,1.37,0.375,6
44,88325.0,0,1,1319.0,77.58823529411765,519,71,556,93.0,27,53.0,17,6,2,9,0,0,8,2,42,0.39,0.058823529411764705,1
75,38054.0,2,3,45.0,9.0,23,2,17,2.0,1,0.0,5,2,0,3,0,0,9,7,24,0.16,0.4,2
30,80617.0,0,1,1360.0,75.55555555555556,594,51,556,72.0,55,32.0,18,4,6,8,0,0,6,2,42,1.71,0.05555555555555555,1
49,5305.0,1,2,32.0,32.0,12,4,7,1.0,3,5.0,1,1,0,0,0,0,14,13,12,0.91,0.0,0
71,36807.0,2,3,16.0,5.333333333333333,4,2,5,0.0,0,5.0,3,1,0,2,0,0,7,6,88,1.52,0.3333333333333333,1
42,28427.0,1,2,52.0,10.4,18,3,19,3.0,3,6.0,5,2,0,3,0,0,10,8,67,1.27,0.4,2
77,82032.0,0,1,1048.5,61.6764705882353,332,81,377,120.5,81,57.0,17,4,6,7,0,0,5,1,54,0.23,0.0,0
47,22775.0,1,2,15.0,5.0,5,1,8,0.0,0,1.0,3,1,0,2,0,0,9,8,40,1.03,0.3333333333333333,1
40,40101.0,1,2,415.0,31.923076923076923,171,3,129,26.0,24,62.0,13,6,1,6,0,0,13,7,73,1.71,0.3076923076923077,4
46,58025.0,1,2,470.0,31.333333333333332,270,31,88,11.0,48,22.0,15,3,2,10,0,0,7,4,81,0.59,0.2,3
43,75777.0,0,1,1438.0,71.9,712,26,538,69.0,13,80.0,20,3,6,11,2,1,4,1,12,0.99,0.05,1
46,7500.0,1,2,53.0,7.571428571428571,2,8,11,3.0,8,21.0,7,3,2,2,0,0,10,7,7,1.14,0.5714285714285714,4
62,33562.0,3,4,51.0,8.5,21,12,12,0.0,3,3.0,6,2,0,4,0,0,6,4,33,0.01,0.5,3
55,57642.0,1,2,679.0,35.73684210526316,580,6,58,8.0,0,27.0,19,7,6,6,1,0,11,4,24,0.47,0.15789473684210525,3
57,58554.0,2,3,586.0,36.625,368,24,68,38.0,0,88.0,16,8,2,6,0,0,15,7,55,1.75,0.375,6
46,63777.0,2,3,653.0,36.27777777777778,457,5,106,15.0,17,53.0,18,11,1,6,0,0,19,8,87,1.26,0.4444444444444444,8
63,57967.0,1,2,468.0,33.42857142857143,229,7,137,4.0,0,91.0,14,4,2,8,0,0,9,5,39,1.32,0.35714285714285715,5
47,51381.5,0,1,628.0,628.0,32,2,556,12.0,4,22.0,1,0,0,1,1,0,0,0,53,1.88,0.0,0
53,24434.0,2,3,50.0,10.0,3,2,8,20.0,0,17.0,5,2,1,2,0,0,9,7,9,0.11,0.4,2
41,11012.0,1,2,84.0,14.0,24,3,26,7.0,1,23.0,6,3,1,2,1,0,12,9,82,1.29,0.5,3
55,44802.0,0,1,1049.0,41.96,853,10,143,13.0,10,20.0,25,9,4,12,0,0,17,8,71,1.85,0.08,2
39,26816.0,0,1,22.0,7.333333333333333,5,1,6,3.0,4,3.0,3,0,0,3,0,0,4,4,50,1.86,0.3333333333333333,1
48,117418.0,1,2,62.0,8.857142857142858,9,14,18,8.0,1,12.0,7,3,1,3,0,0,9,6,23,1.07,0.5714285714285714,4
51,34421.0,1,2,30.0,10.0,3,3,7,6.0,2,9.0,3,1,0,2,0,0,8,7,81,0.99,0.3333333333333333,1
58,61223.0,1,2,1183.5,73.96875,709,43,182,42.0,81,126.5,16,9,3,4,0,0,14,5,46,1.04,0.125,2
79,64014.0,3,4,444.0,29.6,406,0,30,0.0,0,8.0,15,8,2,5,1,0,15,7,56,0.05,0.4666666666666667,7
44,56981.0,0,1,1241.0,68.94444444444444,908,48,217,32.0,12,24.0,18,2,3,13,1,0,8,6,91,0.42,0.05555555555555555,1
69,69245.0,1,2,843.0,40.142857142857146,428,30,214,80.0,30,61.0,21,6,5,10,0,0,9,3,8,0.43,0.09523809523809523,2
71,52869.0,2,3,172.0,21.5,84,3,61,2.0,1,21.0,8,3,1,4,0,1,10,7,40,1.7,0.375,3
